user_id,ll_pooled,ll_pers,test_purchases,delta_ll
59,-9.607325117510879,-14.687319241571945,2.0,5.079994124061066
137,-6.0744095185017954,-5.774783782284581,1.0,-0.2996257362172141
267,-2.552412076365918,-2.9999202620151957,0.0,0.44750818564927775
306,-24.86037800538343,-26.63875158266729,6.0,1.7783735772838583
341,-10.485894671060901,-11.778165553171661,2.0,1.2922708821107598
418,-8.154917670451532,-9.471951318181034,2.0,1.3170336477295024
801,-4.623676923894357,-2.088772687414786,0.0,-2.534904236479571
961,-3.017162890465578,-3.911067836615605,0.0,0.8939049461500268
996,-52.42972729944059,-44.55057546920792,17.0,-7.879151830232672
1042,-2.120258881346213,-0.6250334561147853,0.0,-1.4952254252314279
1160,-23.787391937099237,-26.550353115128022,9.0,2.7629611780287853
1267,-5.215387581733562,-6.439775386085863,1.0,1.2243878043523004
1353,-8.286425634409166,-1.7850568292146498,0.0,-6.501368805194517
1378,-7.120893032867082,-7.5379089290637165,1.0,0.4170158961966344
1553,-34.73568729236644,-32.598627536875796,13.0,-2.1370597554906468
1748,-24.48806931787719,-23.877590651471593,7.0,-0.6104786664055979
1881,-2.602804767366448,-1.4885543858120807,0.0,-1.1142503815543674
1887,-19.304561023505006,-17.68887449928371,5.0,-1.6156865242212959
1933,-24.85598658141723,-26.213978311673323,8.0,1.3579917302560922
2209,-9.312625145953739,-8.63400447097368,2.0,-0.6786206749800581
2232,-54.67166969734925,-44.16006410991499,16.0,-10.51160558743426
2249,-6.011769322309105,-5.8609970023514695,1.0,-0.1507723199576354
2293,-20.649635297437456,-16.929521109861703,6.0,-3.720114187575753
2340,-5.955466184680228,-4.969887973140411,1.0,-0.9855782115398171
2596,-20.380146831381534,-22.73923454650528,4.0,2.3590877151237457
2647,-31.494387434438014,-28.638014556680233,9.0,-2.8563728777577815
2740,-6.540901482556638,-4.874564710645547,1.0,-1.6663367719110909
2807,-6.1292255122223205,-8.861711304089756,1.0,2.7324857918674352
2812,-13.046787470431704,-11.9321917419481,3.0,-1.1145957284836037
2873,-3.8044437349147273,-4.2147836948157416,0.0,0.41033995990101424
3001,-131.76074552751925,-124.43414258936586,85.0,-7.3266029381533855
3042,-6.76553686765159,-7.630290971663316,1.0,0.8647541040117259
3325,-12.487745931956683,-14.51324223772237,4.0,2.025496305765687
3367,-13.745334165065634,-15.819124878463025,3.0,2.0737907133973916
3485,-29.149631628776433,-29.520517462429126,9.0,0.370885833652693
3552,-3.1490143665881196,-3.607351978415468,0.0,0.45833761182734856
3631,-2.4254133679064354,-2.3924885456149223,0.0,-0.032924822291513056
3733,-16.106834307301092,-16.68064730925622,4.0,0.5738130019551271
3761,-2.721884176665019,-2.3924885456149223,0.0,-0.3293956310500965
3774,-2.258079622427113,-2.797533821828502,0.0,0.5394541994013893
3883,-8.802946537677535,-8.818588366347269,2.0,0.01564182866973418
3896,-30.64540279014811,-28.165199583359534,8.0,-2.480203206788577
3905,-19.84347838533612,-24.353507360308427,4.0,4.5100289749723075
3952,-31.999792946731958,-27.143442819804175,8.0,-4.856350126927783
3955,-14.595309259203404,-17.42636336177284,4.0,2.8310541025694356
3956,-21.41413165804323,-21.921513250965788,7.0,0.507381592922556
3979,-5.699836249234184,-5.988400958606176,1.0,0.2885647093719923
4073,-24.06981515937462,-22.485901735724973,6.0,-1.5839134236496477
4344,-2.9967773547969583,-2.9999202620151957,0.0,0.0031429072182374007
4453,-6.150256097855348,-5.277973242871076,1.0,-0.872282854984272
4650,-24.771918258608533,-28.56507576878199,7.0,3.793157510173458
4711,-41.37493009275235,-39.259679225078074,17.0,-2.115250867674277
4730,-90.36497008721362,-101.8603591529457,32.0,11.495389065732084
4753,-14.305183235671269,-12.389515549309428,3.0,-1.9156676863618411
4892,-12.389460815626379,-11.669179003334765,3.0,-0.7202818122916135
5010,-45.566374328912886,-40.53520015067958,17.0,-5.031174178233307
5020,-29.20656612909682,-30.2030412718843,10.0,0.9964751427874781
5043,-15.324683909934851,-12.630130779639513,3.0,-2.694553130295338
5120,-6.228371055529695,-6.5210370084587606,1.0,0.29266595292906583
5331,-21.00630921082407,-19.400186661301863,5.0,-1.6061225495222082
5340,-31.481593374953686,-31.696198026658017,11.0,0.21460465170433096
5552,-35.535275246351354,-40.22918530332982,12.0,4.693910056978467
5568,-18.216830222357842,-18.842487025870362,5.0,0.6256568035125198
5761,-9.828367668713899,-10.563628095559405,2.0,0.7352604268455067
5867,-30.406713523492474,-29.168185744729485,7.0,-1.2385277787629896
5887,-5.716977722530247,-5.5060413400389585,1.0,-0.21093638249128865
5912,-39.3965407958532,-34.623289815674035,13.0,-4.773250980179164
5932,-5.92791398768354,-5.133080292239298,1.0,-0.7948336954442414
6321,-13.576264061426127,-12.18815544095702,3.0,-1.3881086204691062
6350,-48.43678587114522,-45.44070525746752,20.0,-2.996080613677698
6411,-2.6812608031159457,-1.177625112814377,0.0,-1.5036356903015686
6442,-17.966796801163056,-17.789061651299,5.0,-0.17773514986405559
6713,-10.82895580729027,-9.684178208595085,2.0,-1.1447775986951854
6977,-2.3976146213723375,-6.644510560416832,0.0,4.246895939044495
7070,-69.79314176797733,-90.04579834976215,30.0,20.25265658178482
7235,-53.147209257064226,-51.08541147911113,23.0,-2.061797777953096
7261,-22.494422441692922,-26.460803480179848,8.0,3.966381038486926
7388,-38.58426584734763,-62.26557720324157,14.0,23.68131135589394
7395,-25.979701857611335,-24.2993948944948,8.0,-1.6803069631165357
7398,-2.132577266299395,-1.7850568292146498,0.0,-0.3475204370847451
7409,-22.674709279217595,-32.32504430941826,8.0,9.650335030200665
7438,-7.613134694279914,-8.424544709914263,2.0,0.8114100156343493
7613,-75.51684160837442,-67.94442790798222,29.0,-7.572413700392204
7733,-16.505226836973254,-15.525234965469908,4.0,-0.979991871503346
7766,-4.988391066896105,-4.639467012541562,1.0,-0.34892405435454243
7802,-22.57066233246679,-21.907898006288804,6.0,-0.6627643261779852
7841,-2.7102918349375025,-0.8739092546142408,0.0,-1.8363825803232616
7900,-16.09076020424705,-15.183423269236169,4.0,-0.907336935010882
7923,-11.842576475925894,-11.57525852492742,3.0,-0.2673179509984731
7949,-6.433623875453183,-5.947624432298755,1.0,-0.48599944315442745
8108,-19.241589044251306,-18.202881711478245,5.0,-1.0387073327730612
8203,-13.119689744291373,-12.661871482582093,3.0,-0.45781826170927964
8344,-41.907190185751965,-36.66600597428199,14.0,-5.241184211469978
8403,-9.470023853774569,-8.723145044920681,2.0,-0.7468788088538876
8585,-11.792699335328384,-14.097597008632615,3.0,2.3048976733042306
8616,-13.666962621844176,-14.871986423197344,4.0,1.2050238013531676
8766,-8.47292116885007,-9.096472978926677,2.0,0.6235518100766075
8863,-5.766597088512388,-4.9791700905721905,1.0,-0.7874269979401971
8866,-5.853151120812021,-5.256974699460587,1.0,-0.5961764213514344
8876,-5.662160984434824,-6.192345448046255,1.0,0.5301844636114303
8902,-39.71082916945151,-33.63076716519201,12.0,-6.080062004259496
9099,-6.905736837388167,-5.483108766235657,1.0,-1.42262807115251
9163,-6.266452805120499,-5.950232496411106,1.0,-0.31622030870939355
9230,-17.460834338768663,-21.913795826609917,5.0,4.452961487841254
9264,-19.015380841260626,-19.347896993863802,4.0,0.33251615260317635
9279,-13.902743083285078,-18.345747078630573,3.0,4.443003995345496
9431,-259.8699290231892,-211.41246637091453,115.0,-48.45746265227464
9434,-13.72643514463715,-14.375018151817365,4.0,0.6485830071802141
9567,-2.0762958215666565,-2.5456903814941145,0.0,0.46939455992745804
9591,-39.375570887964074,-33.832657618951714,9.0,-5.5429132690123595
9772,-6.456584845871638,-6.767960914120288,1.0,0.3113760682486504
10022,-79.521627953153,-78.14242717891167,32.0,-1.3792007742413261
10139,-9.528950973862239,-8.453172919754861,2.0,-1.0757780541073778
10299,-90.62583142628701,-74.20434210149013,29.0,-16.42148932479688
10407,-37.7677143524303,-34.02254617461376,12.0,-3.745168177816545
10415,-6.330393638406694,-5.195797624980317,1.0,-1.1345960134263766
10436,-2.7019676721830352,-2.6962044038150594,0.0,-0.0057632683679758046
10446,-24.146413753161433,-23.357419165582375,6.0,-0.788994587579058
10503,-7.921546830861763,-15.324127925205717,1.0,7.4025810943439545
10542,-2.3543861442620515,-0.5701933964141045,0.0,-1.7841927478479471
10667,-37.92495858574523,-35.821286593075776,15.0,-2.1036719926694545
10714,-5.688658891641512,-5.000463482489423,1.0,-0.6881954091520885
10761,-2.604986521579551,-3.303636120215332,0.0,0.698649598635781
10954,-5.517361455282073,-5.191352690689291,1.0,-0.32600876459278183
11028,-5.514777973422387,-5.0067669990285335,1.0,-0.5080109743938532
11085,-32.68101195953741,-29.688508499733953,9.0,-2.992503459803455
11355,-34.613048278067495,-69.44917249722343,12.0,34.836124219155934
11500,-54.363438080869294,-52.838533672218674,20.0,-1.5249044086506203
11667,-17.376057667133118,-18.765131416278884,5.0,1.3890737491457656
11865,-16.078095982046506,-14.931134795487521,4.0,-1.1469611865589844
11961,-11.256982190680477,-10.203433315416511,2.0,-1.0535488752639655
12020,-6.529482315193388,-5.182648566213634,1.0,-1.346833748979754
12048,-32.13892354433846,-36.11499262130376,11.0,3.9760690769653024
12174,-47.78513872053695,-47.207376428659316,16.0,-0.5777622918776331
12187,-9.81696373781162,-9.541341617596581,2.0,-0.2756221202150382
12192,-4.374428915815288,-1.4813409710145136,0.0,-2.893087944800774
12396,-42.60394001294846,-36.76212388949158,14.0,-5.84181612345688
12435,-21.822384614874267,-23.29852164823383,6.0,1.4761370333595636
12467,-21.43396931700762,-27.78166364900443,6.0,6.347694331996809
12492,-62.120752738829225,-61.926569415446814,18.0,-0.1941833233824113
12505,-2.2516545373702352,-0.8328237676963033,0.0,-1.418830769673932
12519,-64.31078409443926,-60.73480453336989,23.0,-3.575979561069367
12547,-20.360276503514076,-18.904618117636648,6.0,-1.4556583858774275
12905,-8.809253484858727,-10.707244630562826,2.0,1.8979911457040988
13012,-23.076241862673964,-25.786507619656486,7.0,2.7102657569825226
13187,-74.39420000312194,-66.18340134135717,29.0,-8.21079866176477
13403,-57.74806069291284,-53.031037777193845,22.0,-4.717022915718992
13435,-15.792784012394128,-14.97354729927397,4.0,-0.8192367131201568
13442,-6.0840688633687146,-5.186417438041745,1.0,-0.8976514253269698
13495,-9.262323315752262,-8.477461826801866,2.0,-0.784861488950396
13629,-40.737921837374316,-37.37331804402129,14.0,-3.3646037933530266
13731,-17.01664255788468,-16.449016013350224,4.0,-0.5676265445344555
13742,-2.1634521604519286,-3.911067836615605,0.0,1.7476156761636763
13915,-12.679336060773345,-13.90156607132117,3.0,1.2222300105478254
13985,-18.578361786862757,-18.720601625349705,5.0,0.14223983848694743
14049,-11.001649953760076,-9.175106408256267,2.0,-1.8265435455038084
14075,-2.1579781191506493,-2.415779715926769,0.0,0.2578015967761198
14098,-5.781746454038317,-5.555266454612907,1.0,-0.2264799994254103
14166,-44.114725454226836,-41.73039452549757,15.0,-2.3843309287292627
14184,-9.308470275815681,-8.511342217249677,2.0,-0.7971280585660043
14240,-12.62067772768043,-12.538289328102449,3.0,-0.08238839957798128
14263,-15.151717839114227,-15.552168370202752,4.0,0.40045053108852535
14471,-30.281919689463052,-30.530379156932774,10.0,0.24845946746972203
14586,-3.0541882301899297,-1.177625112814377,0.0,-1.8765631173755526
14661,-6.472893035174804,-5.174189674147462,1.0,-1.2987033610273429
14786,-5.684814054628622,-5.113980721041136,1.0,-0.570833333587486
14792,-21.56994204934595,-25.14731232516505,8.0,3.5773702758190993
14816,-20.91180743847453,-25.583737417921366,7.0,4.671929979446837
14823,-21.4243325181999,-22.65930637251522,7.0,1.2349738543153208
14910,-54.013726088172156,-56.368509842921384,11.0,2.354783754749228
14916,-41.85580273534376,-38.89686895681565,13.0,-2.958933778528106
14937,-5.752738795261559,-5.056976328720807,1.0,-0.695762466540752
15111,-26.89651355861979,-27.11197517732222,8.0,0.21546161870242742
15197,-11.266076101733093,-11.84122529430802,3.0,0.5751491925749264
15360,-17.310572339257224,-14.251328793596155,4.0,-3.0592435456610687
15370,-67.82429467817991,-54.52164132582717,22.0,-13.302653352352742
15391,-6.9604290115388,-5.530732784215204,1.0,-1.4296962273235954
15508,-20.495124353473425,-32.859894355605036,6.0,12.36477000213161
15517,-29.52062445749457,-34.11608048304262,8.0,4.595456025548053
15553,-12.3563803914809,-11.907047276765267,3.0,-0.44933311471563364
15580,-29.481091850958766,-29.34554254944216,11.0,-0.13554930151660471
15613,-9.632890175682698,-9.721968357886805,2.0,0.08907818220410668
15625,-75.81592934406254,-74.69861385810773,31.0,-1.117315485954805
15662,-9.869817025698447,-12.431380621022631,2.0,2.561563595324184
15671,-12.143577443633363,-14.436898023357028,3.0,2.293320579723664
15803,-35.08537773404594,-30.98932453436487,11.0,-4.096053199681073
15954,-64.96861307977503,-58.12537937465761,22.0,-6.843233705117413
16051,-68.64935783532627,-59.43916712456497,25.0,-9.210190710761303
16082,-2.159188912975085,-1.4813409710145136,0.0,-0.6778479419605716
16306,-2.295508798523431,-0.8863616841608835,0.0,-1.4091471143625474
16355,-6.879815708275033,-5.133080292239298,1.0,-1.746735416035735
16360,-2.6765265304783807,-2.9999202620151957,0.0,0.32339373153681494
16387,-6.368109982587617,-8.775466025940224,1.0,2.407356043352607
16483,-5.95275398206905,-6.978902668331797,1.0,1.0261486862627471
16492,-10.088043534045122,-10.11552719617462,2.0,0.027483662129498043
16612,-11.737016652125824,-11.579178197462957,3.0,-0.15783845466286728
16907,-10.296256657108179,-10.16899842201474,2.0,-0.12725823509343925
16982,-6.04199035442059,-5.372125809819854,1.0,-0.6698645446007356
17104,-13.612498846737077,-12.709337410008105,3.0,-0.903161436728972
17189,-18.270824328716476,-23.650230479961596,4.0,5.379406151245121
17225,-5.786247057131672,-5.0042138182440565,1.0,-0.7820332388876157
17237,-129.48194898843215,-99.7374829355563,39.0,-29.74446605287585
17415,-12.629203388356713,-12.844174445926582,3.0,0.21497105756986912
17601,-11.609829966724453,-12.53740789796954,3.0,0.9275779312450876
17775,-12.576927099447035,-12.393591135488546,3.0,-0.1833359639584895
17838,-2.6370646756593064,-2.3924885456149223,0.0,-0.24457613004438405
17863,-9.644025335918032,-8.740436560727746,2.0,-0.9035887751902862
17920,-12.913512409364186,-23.40393327332484,2.0,10.490420863960653
17932,-6.437349604435484,-7.9875274753965595,1.0,1.5501778709610754
17991,-22.509019484816402,-21.71605077828469,7.0,-0.7929687065317133
18119,-51.49575212041564,-42.350096079065075,13.0,-9.145656041350563
18187,-16.799527030394316,-15.309123321932631,4.0,-1.4904037084616846
18267,-11.319901989575097,-10.541363552401569,2.0,-0.7785384371735287
18268,-25.48174070713786,-25.601173281427954,8.0,0.11943257429009435
18345,-19.96808920060253,-18.833985930531576,5.0,-1.1341032700709555
18402,-14.041775777396925,-12.337376985854991,3.0,-1.7043987915419336
18519,-14.215406844468628,-12.232208060013074,3.0,-1.9831987844555545
18566,-11.99846078874597,-11.681267254360417,3.0,-0.3171935343855523
18853,-54.09104234507539,-52.562176581930046,18.0,-1.5288657631453404
18929,-2.0992490097055554,-4.2147836948157416,0.0,2.115534685110186
18945,-39.49065397551226,-41.20483326338436,12.0,1.7141792878720992
19029,-23.793264391246964,-29.047306673680204,7.0,5.25404228243324
19200,-34.92137810622956,-31.874611055807897,11.0,-3.046767050421664
19260,-6.925054690647795,-5.010196454677137,1.0,-1.9148582359706579
19277,-16.705517894059493,-14.994362296504672,4.0,-1.7111555975548214
19293,-32.2134970768543,-30.641397287664116,12.0,-1.5720997891901867
19325,-226.466549797529,-335.1331673509709,108.0,108.66661755344188
19532,-50.44447676203657,-46.27692502574474,16.0,-4.167551736291834
19687,-15.412152431589433,-17.806581982551872,5.0,2.394429550962439
19734,-10.987750993716233,-10.874869831347851,2.0,-0.11288116236838164
19792,-5.725143994418567,-4.929054647377197,1.0,-0.7960893470413701
19814,-20.818885576960156,-20.080868829221398,6.0,-0.738016747738758
19905,-7.475074796857801,-8.510386927810512,2.0,1.0353121309527102
20014,-9.603615171186052,-14.575432238263348,3.0,4.971817067077296
20026,-34.10768731571297,-28.396676535755905,7.0,-5.711010779957068
20107,-19.54821121089177,-23.894151080050406,6.0,4.345939869158638
20293,-32.022109951174244,-33.99682963594414,9.0,1.9747196847698945
20416,-12.956047473963977,-14.528400621468371,4.0,1.5723531475043941
20426,-26.456006165150406,-24.307795181591,7.0,-2.148210983559405
20473,-2.461008790371485,-5.4296471276162865,0.0,2.9686383372448018
20569,-2.978719599829631,-1.177625112814377,0.0,-1.801094487015254
20598,-136.70589588083638,-119.35471205888616,58.0,-17.351183821950215
20768,-2.452138843529621,-14.23740701542024,0.0,11.78526817189062
20776,-23.941713726086917,-20.336440831319642,6.0,-3.6052728947672747
20888,-10.977530407010216,-10.2002725185414,2.0,-0.7772578884688155
20971,-49.97917521587505,-44.51333041144796,16.0,-5.465844804427093
20981,-8.84128112864066,-9.031574941394886,2.0,0.19029381275422708
21033,-25.802384250197775,-25.011252369478825,8.0,-0.7911318807189502
21056,-2.0088541164878215,-0.2788113642509729,0.0,-1.7300427522368487
21277,-12.402605504589124,-12.36906266177575,3.0,-0.0335428428133735
21339,-65.38702774820626,-70.29391900085683,15.0,4.906891252650567
21403,-6.908487042072516,-5.083147690892124,1.0,-1.825339351180392
21455,-18.54982944393665,-18.762153206722832,5.0,0.21232376278618403
21600,-36.75072466106332,-31.844268389919037,12.0,-4.906456271144286
21659,-19.833181250278116,-19.065572322286076,6.0,-0.7676089279920397
21720,-26.88324780294367,-27.747425665060803,8.0,0.8641778621171312
21817,-6.106101150801964,-11.866117156610507,1.0,5.760016005808543
21867,-9.580264645077445,-8.967099111149569,2.0,-0.6131655339278765
22023,-43.70153964038748,-42.79495228380413,17.0,-0.9065873565833513
22033,-12.503115615459961,-11.550677573774461,3.0,-0.9524380416855003
22044,-2.414830652948545,-1.177625112814377,0.0,-1.2372055401341677
22072,-30.19789837670992,-28.14481149120515,9.0,-2.0530868855047686
22188,-66.92417598734968,-67.30964390976341,27.0,0.3854679224137243
22226,-59.28542800395729,-68.40878773211944,23.0,9.123359728162143
22235,-12.514701761664933,-15.151983915214347,3.0,2.637282153549414
22348,-2.802805766857821,-0.8739092546142408,0.0,-1.9288965122435802
22349,-10.119889970671892,-9.250781286910403,2.0,-0.869108683761489
22385,-13.976773899978104,-12.742395908073235,3.0,-1.2343779919048696
22399,-13.56712819092061,-13.12871510908697,3.0,-0.43841308183363914
22697,-10.681427371369383,-9.874721977067855,2.0,-0.8067053943015274
23053,-2.4736378249398436,-4.034846149808562,0.0,1.5612083248687183
23067,-5.752843157814864,-5.819708320088983,1.0,0.06686516227411943
23134,-3.888481674742195,-4.518499553015877,0.0,0.6300178782736818
23250,-7.197450494146086,-8.174543201224175,1.0,0.9770927070780893
23558,-22.57247460962277,-22.878146465581814,7.0,0.30567185595904434
23666,-6.113118411958065,-5.00590081011509,1.0,-1.107217601842975
23704,-31.997793190564806,-29.78571747064507,10.0,-2.212075719919735
23867,-40.212242450169036,-41.704358920806854,17.0,1.4921164706378178
23932,-8.679672555158854,-8.554771887628878,2.0,-0.12490066752997642
24045,-10.498180697864647,-8.68906572637555,2.0,-1.8091149714890982
24092,-35.29061586932514,-32.90185211739077,11.0,-2.38876375193437
24289,-3.7118739793325832,-1.4813409710145136,0.0,-2.2305330083180697
24426,-2.3597238183842677,-1.177625112814377,0.0,-1.1820987055698906
24606,-62.570779338958864,-90.5656407256333,21.0,27.994861386674437
24644,-29.83589933580372,-27.134577025170657,9.0,-2.7013223106330635
24828,-3.343663996165714,-8.46680570961765,0.0,5.123141713451936
24912,-17.09849555666667,-17.06295656254096,4.0,-0.03553899412570871
25090,-16.227394890182044,-15.048029177641169,4.0,-1.179365712540875
25122,-41.5927001333695,-40.14667050566923,17.0,-1.4460296277002698
25194,-19.788812724105245,-17.696946703162265,4.0,-2.0918660209429802
25332,-23.938808719997887,-23.53133050854907,8.0,-0.4074782114488187
25346,-5.638978456623511,-5.065435220786979,1.0,-0.5735432358365324
25404,-6.022243542099873,-5.829153032930517,1.0,-0.19309050916935622
25562,-10.288397530827163,-9.931221668363511,2.0,-0.3571758624636523
25637,-52.688179474026356,-49.289265900716806,22.0,-3.3989135733095495
25672,-24.593525111218025,-30.872639534500458,8.0,6.279114423282433
25724,-13.701916040888545,-13.99939979889455,3.0,0.2974837580060061
25772,-39.964721299457494,-41.75603213105647,18.0,1.7913108315989774
25964,-37.8171455648269,-38.81612258281329,15.0,0.998977017986391
26063,-17.15535809384604,-21.440548418309287,4.0,4.285190324463247
26084,-8.157314640763278,-7.996343321799372,1.0,-0.16097131896390682
26101,-16.29901371752051,-15.505869636174761,4.0,-0.7931440813457478
26104,-18.7845668848564,-20.53920848989662,6.0,1.75464160504022
26107,-6.022854217972179,-10.793864197338898,1.0,4.7710099793667196
26211,-16.726813722901998,-16.58102736849069,5.0,-0.14578635441130672
26367,-7.799166903689575,-9.760621311909375,1.0,1.9614544082198
26522,-25.885214613427337,-35.92932069937966,10.0,10.044106085952322
26692,-7.7553526469606195,-4.943277105418085,1.0,-2.8120755415425345
26704,-16.00047060348482,-15.15483569233692,4.0,-0.8456349111479007
26871,-37.920374470081576,-40.38452233209238,11.0,2.4641478620108046
26961,-30.791743419642025,-38.72286883063323,12.0,7.931125410991207
27213,-3.683754378101415,-1.7850568292146498,0.0,-1.8986975488867652
27256,-41.43734044749676,-38.232990702123026,12.0,-3.204349745373733
27326,-6.132353569117678,-6.907870484444855,1.0,0.7755169153271773
27377,-44.94092523436226,-42.38259702303528,16.0,-2.5583282113269803
27379,-21.366676092003004,-23.995883646080575,8.0,2.6292075540775706
27597,-23.53725321288661,-22.967297388370852,8.0,-0.569955824515759
27699,-30.094219663550852,-36.71616102647282,12.0,6.621941362921966
27749,-26.867753191703294,-26.32933338067087,9.0,-0.5384198110324228
27780,-49.21181721671543,-45.320528192722875,20.0,-3.891289023992556
27859,-9.328182752963441,-17.71828274852616,2.0,8.39009999556272
28113,-16.161764075850545,-15.223772693703994,4.0,-0.9379913821465511
28150,-11.583724732527848,-12.08029719528087,3.0,0.49657246275302214
28171,-10.886044669167706,-5.976579852559027,1.0,-4.909464816608679
28196,-7.126437015408604,-4.948185986688612,1.0,-2.178251028719992
28272,-17.87484402511448,-21.7172277180905,6.0,3.842383692976018
28335,-12.88127220811415,-15.301783710490652,4.0,2.4205115023765007
28375,-2.2744092869590924,-2.9172432214727197,0.0,0.6428339345136274
28432,-9.439252183944156,-8.733998597143316,2.0,-0.7052535868008398
28436,-2.1704431433352487,-3.607351978415468,0.0,1.4369088350802195
28489,-14.769878714859363,-15.316894143489584,4.0,0.5470154286302211
28523,-18.569458252627722,-21.9483096765468,5.0,3.378851423919077
28525,-11.659789112227523,-15.322988180151642,3.0,3.6631990679241184
28572,-57.68264910086181,-58.655878291598135,25.0,0.9732291907363262
28582,-9.658378083636808,-9.590306930023576,2.0,-0.06807115361323213
28653,-62.612764869928014,-61.43134129904262,22.0,-1.1814235708853928
28700,-16.500596068321727,-23.889534706604802,6.0,7.388938638283076
28830,-13.627280823195601,-13.33998766322955,3.0,-0.2872931599660511
28876,-24.54898585746175,-23.927962047106693,8.0,-0.6210238103550587
28991,-71.72636076754472,-95.43467859616541,18.0,23.708317828620693
29136,-21.842444356430246,-21.090388114334015,6.0,-0.7520562420962307
29244,-31.89236977270492,-30.17391411234244,11.0,-1.7184556603624799
29253,-13.334811020593845,-10.02692794325416,2.0,-3.3078830773396852
29410,-20.134797397049102,-17.524193513330566,4.0,-2.610603883718536
29468,-18.41772880499353,-17.55821834532251,5.0,-0.8595104596710215
29642,-2.242191261343269,-2.6962044038150594,0.0,0.4540131424717906
29769,-12.736447817162734,-16.902418780574155,3.0,4.1659709634114215
29896,-2.0446244911933245,-1.7850568292146498,0.0,-0.25956766197867465
29989,-29.95870833431717,-33.94687249865725,9.0,3.9881641643400805
30072,-6.241993453647084,-10.740347548619846,1.0,4.498354094972762
30128,-35.185432297056664,-32.41087352329377,12.0,-2.774558773762891
30244,-14.47023626557448,-14.606779569185735,4.0,0.13654330361125488
30370,-5.686007020031367,-4.950047410509845,1.0,-0.7359596095215215
30375,-9.257057464239645,-8.490769005737926,2.0,-0.7662884585017196
30399,-2.009065834717249,-0.8739092546142408,0.0,-1.1351565801030084
30427,-2.0709801795376634,-1.502448762216766,0.0,-0.5685314173208975
30586,-25.725384701460595,-36.05137939319188,12.0,10.325994691731285
30612,-18.41914943791683,-20.309905040484995,6.0,1.8907556025681664
30945,-66.53471909391405,-67.84132140389018,23.0,1.3066023099761281
30954,-2.6491765378712664,-0.8739092546142408,0.0,-1.7752672832570255
31047,-12.054206977359677,-14.306135085969627,3.0,2.2519281086099507
31090,-53.63418227649913,-51.760730200376756,21.0,-1.8734520761223763
31207,-23.075481341492104,-24.48392847555534,7.0,1.4084471340632376
31683,-13.585874964165319,-17.872997611272826,3.0,4.287122647107507
31877,-3.0657781923871714,-2.2899627757125125,0.0,-0.7758154166746589
31890,-66.32556847085789,-53.62036846809394,16.0,-12.705200002763945
31904,-33.9655036707856,-40.66034936773553,10.0,6.694845696949926
31909,-23.36461288921012,-22.68741072301116,6.0,-0.6772021661989633
32022,-62.76094015589233,-77.4927670637429,21.0,14.731826907850575
32091,-48.64695209073789,-48.84549466280303,21.0,0.19854257206513637
32113,-6.680800827921382,-7.951513385099649,1.0,1.2707125571782676
32224,-9.399804481618878,-8.693065721674193,2.0,-0.7067387599446846
32226,-23.200671878261467,-22.82609542442976,7.0,-0.37457645383170757
32235,-22.814045577860302,-23.482862197139465,7.0,0.6688166192791627
32275,-5.714327729977582,-5.077156046426035,1.0,-0.6371716835515473
32319,-5.506288605868576,-4.93068181403096,1.0,-0.5756067918376164
32378,-33.68815178797202,-33.10854305666204,9.0,-0.5796087313099747
32517,-7.0036590000464445,-6.1549022829986,1.0,-0.8487567170478441
32559,-16.7539704959257,-30.61057387891353,6.0,13.856603382987831
32644,-2.2580226776547203,-1.19970354560459,0.0,-1.0583191320501304
32765,-30.72067616472514,-28.458753518851207,8.0,-2.261922645873934
32923,-32.10667324951833,-29.685945211123894,12.0,-2.4207280383944365
32957,-3.471407038697777,-3.607351978415468,0.0,0.13594493971769106
33030,-9.24630390948106,-9.004598091661554,2.0,-0.24170581781950595
33266,-2.6763946687841464,-4.2147836948157416,0.0,1.538389026031595
33285,-17.973851237952044,-18.732751433155464,5.0,0.7589001952034202
33680,-36.24590488335412,-33.82752174264399,11.0,-2.4183831407101337
33688,-35.86482545868082,-36.64313484760492,11.0,0.7783093889241002
33695,-15.461416829769973,-14.334439011154922,4.0,-1.1269778186150514
33787,-2.178314437402596,-2.088772687414786,0.0,-0.08954174998780973
33973,-31.009361835371873,-26.313552243027996,8.0,-4.695809592343878
34067,-14.738136064677356,-14.791965574473835,4.0,0.05382950979647916
34148,-13.005049061496434,-12.52992256926658,3.0,-0.4751264922298546
34231,-2.31885735320901,-1.7850568292146498,0.0,-0.5338005239943602
34238,-13.184077209478907,-12.543027452905225,3.0,-0.6410497565736826
34322,-5.594539157722289,-5.393603718159168,1.0,-0.20093543956312043
34440,-1.540725311985028,-0.9171795736926038,0.0,-0.6235457382924241
34481,-4.450299662877971,-1.4813409710145136,0.0,-2.968958691863458
34585,-12.7411901028944,-11.786988582650721,3.0,-0.9542015202436787
34689,-17.94363564899268,-17.860600733866523,5.0,-0.0830349151261558
34905,-30.215810858210613,-28.163879133106022,9.0,-2.051931725104591
34911,-2.4833996038866872,-1.7850568292146498,0.0,-0.6983427746720374
34962,-19.250898573647127,-25.598045549156122,6.0,6.347146975508995
34976,-25.756993896123767,-32.22902202304542,9.0,6.47202812692165
34979,-16.193975593815253,-15.25304561940855,4.0,-0.9409299744067035
35050,-56.60904397936387,-45.2136924974845,14.0,-11.395351481879366
35066,-13.567522818523434,-12.646877188483868,3.0,-0.9206456300395658
35120,-19.675136173930586,-18.127297688396578,5.0,-1.5478384855340082
35135,-48.32664686675688,-49.91896276929239,17.0,1.5923159025355105
35142,-42.85322913099527,-54.998681669450626,16.0,12.145452538455359
35153,-11.715015428720013,-11.965232107903978,3.0,0.2502166791839642
35162,-15.92161105711725,-17.699867960763523,4.0,1.7782569036462732
35342,-6.037699264130968,-6.314544397807014,1.0,0.276845133676046
35356,-9.245107395819579,-8.546653247096,2.0,-0.6984541487235791
35374,-27.474068773198255,-29.56473274752278,10.0,2.0906639743245243
35419,-12.068257443010332,-12.137366271909087,3.0,0.0691088288987558
35425,-2.032561220069808,-0.8739092546142408,0.0,-1.1586519654555671
35441,-6.5090167291526475,-5.059791560061501,1.0,-1.4492251690911466
35660,-2.2602279991263563,-1.19970354560459,0.0,-1.0605244535217664
35733,-19.393091580814836,-19.440381155894475,5.0,0.04728957507963827
35804,-13.796711100809725,-15.314886297681761,4.0,1.5181751968720363
36019,-2.0171557695167466,-0.894572665053861,0.0,-1.1225831044628856
36199,-12.669285939706484,-11.495840460971307,3.0,-1.173445478735177
36229,-17.62018645555312,-18.660173554619824,5.0,1.0399870990667033
36534,-11.89974958714959,-12.3784661009258,2.0,0.47871651377621127
36554,-18.949929860446716,-17.428787262100208,5.0,-1.5211425983465077
36588,-36.65421002972783,-36.08039136072756,15.0,-0.5738186690002678
36687,-5.7904745870825245,-5.359055045662255,1.0,-0.4314195414202695
36770,-35.47554576211977,-31.543455159184244,12.0,-3.932090602935528
36785,-25.13403905058859,-25.051187241176148,8.0,-0.08285180941244263
36805,-15.271562597325987,-16.2191713090941,4.0,0.9476087117681136
36834,-21.950111812420193,-19.984116316710665,6.0,-1.965995495709528
37131,-19.918855197647442,-20.123381006649165,5.0,0.2045258090017228
37136,-27.20076898257995,-26.684679084825866,10.0,-0.5160898977540853
37289,-6.320696271717593,-7.416685167543845,1.0,1.0959888958262516
37336,-13.757002347637158,-16.782081030138645,3.0,3.025078682501487
37697,-9.520854569204884,-8.539242538657922,2.0,-0.9816120305469624
37708,-21.43859211939205,-23.769438045045185,7.0,2.330845925653133
37746,-5.991810762047889,-5.166806559531404,1.0,-0.8250042025164852
37784,-5.878786536930806,-5.059830501190934,1.0,-0.8189560357398724
37801,-13.538189289706365,-13.004065254186907,3.0,-0.5341240355194579
37819,-15.076185045981964,-15.071589152707759,4.0,-0.004595893274204954
37996,-2.297120969807682,-2.088772687414786,0.0,-0.20834828239289616
38009,-32.78686107643293,-36.32681487271951,11.0,3.539953796286582
38028,-12.92501290744959,-11.914242575748082,3.0,-1.010770331701508
38072,-23.30842226482369,-27.694782285550936,6.0,4.3863600207272455
38106,-15.909310362745527,-16.78740001136485,5.0,0.878089648619321
38175,-29.7467666020245,-39.449160305827284,8.0,9.702393703802784
38206,-72.97574468754887,-61.0602337384003,25.0,-11.915510949148569
38469,-56.95234601851338,-52.33375002920681,25.0,-4.61859598930657
38582,-109.95389581987968,-84.84318735980827,28.0,-25.110708460071407
38594,-29.54313489894394,-31.166071093568416,11.0,1.6229361946244758
38871,-36.64587939013572,-34.40945240001955,12.0,-2.236426990116165
38918,-78.083208160798,-76.02610211441976,41.0,-2.0571060463782374
38919,-13.056302088366989,-12.35863198528398,3.0,-0.6976701030830093
39110,-15.526770369253217,-14.696527844001963,4.0,-0.8302425252512542
39139,-5.590971071412675,-6.679235215518727,1.0,1.088264144106052
39285,-3.6315249857871637,-7.555658135017241,0.0,3.9241331492300775
39329,-53.468998642855865,-57.615730118787724,20.0,4.146731475931858
39385,-5.928548941416226,-5.315150302160157,1.0,-0.6133986392560686
39449,-18.41150144118605,-16.95384687361908,5.0,-1.4576545675669692
39458,-14.754567698320551,-11.531746004668934,2.0,-3.2228216936516176
39488,-2.6259097327038385,-3.911067836615605,0.0,1.2851581039117663
39521,-13.441217660453752,-11.859148385177186,3.0,-1.5820692752765666
39590,-12.375842996684577,-12.737701220650733,3.0,0.36185822396615563
39605,-7.012127128134287,-6.33916508780498,1.0,-0.6729620403293071
39621,-5.62758048864522,-4.936119141656627,1.0,-0.6914613469885937
39678,-3.3306863314471413,-3.303636120215332,0.0,-0.027050211231809396
39809,-12.30075626609431,-20.037295031010565,3.0,7.736538764916254
39826,-16.62657952304967,-17.851844898856836,5.0,1.2252653758071652
39889,-5.775896309832138,-5.458133486708735,1.0,-0.3177628231234033
39935,-23.59308704056538,-22.294440985637976,7.0,-1.2986460549274028
39963,-24.47536377661004,-20.56819124594994,6.0,-3.907172530660098
39965,-9.986955750062052,-9.498241327685568,2.0,-0.4887144223764839
40057,-59.49859686940117,-50.27985716741417,20.0,-9.218739701986998
40104,-37.89201260825679,-37.572911195962014,17.0,-0.31910141229477773
40131,-19.410939971424767,-20.668942621632443,5.0,1.2580026502076755
40167,-5.8166253416940625,-5.047793666435492,1.0,-0.7688316752585704
40402,-7.265130807116337,-5.054977870273966,1.0,-2.2101529368423716
40742,-6.269669951046414,-5.192687955297101,1.0,-1.0769819957493123
40746,-11.871955924481389,-11.604497200361871,3.0,-0.26745872411951765
40777,-15.290735972324953,-15.043449592785612,4.0,-0.24728637953934118
40805,-23.491872202110223,-23.490070726697585,6.0,-0.001801475412637643
40807,-11.767788081457388,-13.979057936426,3.0,2.211269854968613
40884,-15.6214926583143,-14.565870463911443,4.0,-1.0556221944028579
40938,-31.576064825748325,-31.594512357514557,11.0,0.01844753176623115
41016,-19.16342732371468,-18.21109313813075,5.0,-0.9523341855839291
41048,-160.16157222795508,-150.96458246384518,77.0,-9.196989764109901
41098,-49.6170393299861,-46.03163986816981,20.0,-3.585399461816287
41226,-14.619591563868894,-18.670501914658036,4.0,4.050910350789142
41300,-48.84872794651642,-39.37938950732929,12.0,-9.469338439187126
41415,-17.916814265634596,-18.06603983296729,5.0,0.14922556733269587
41474,-6.35160304147362,-6.33916508780498,1.0,-0.012437953668640311
41488,-16.37855847663752,-16.141477378941953,4.0,-0.2370810976955653
41492,-9.524454034253548,-9.069868225138999,2.0,-0.4545858091145494
41543,-39.9739062367111,-42.202636166622185,14.0,2.2287299299110828
41550,-2.0844632697334933,-2.088772687414786,0.0,0.004309417681292782
41830,-15.86608970152072,-14.466496674784622,4.0,-1.3995930267360972
41838,-6.09132270494443,-4.952706857822955,1.0,-1.138615847121475
41860,-66.68213666470761,-73.01860355008715,30.0,6.3364668853795365
41910,-2.19818105534224,-1.56939108788397,0.0,-0.62878996745827
42108,-10.0767000582349,-8.594859117195762,2.0,-1.4818409410391382
42141,-9.20189795680928,-8.969604799727136,2.0,-0.23229315708214315
42190,-11.34244730595815,-12.663956644534931,3.0,1.3215093385767815
42318,-21.419695241107103,-29.64337131314256,6.0,8.223676072035456
42341,-2.889635752217449,-1.177625112814377,0.0,-1.7120106394030719
42456,-9.785013380224617,-8.766473284893761,2.0,-1.0185400953308559
42530,-18.17820472699942,-17.724875622729517,5.0,-0.4533291042699048
42606,-2.204010155975873,-4.518499553015877,0.0,2.314489397040004
42766,-33.3769430067078,-29.69633319827415,11.0,-3.6806098084336476
42979,-13.025585763697222,-11.862824595199841,3.0,-1.162761168497381
43107,-5.3351283531304015,-5.0270082903850035,1.0,-0.30812006274539794
43159,-5.655704463492282,-5.1200989767156875,1.0,-0.5356054867765945
43234,-16.88471224158223,-19.104371097526023,6.0,2.219658855943795
43463,-14.723976448430928,-15.837315743012855,4.0,1.1133392945819267
43498,-8.726850198550034,-8.573615475513144,2.0,-0.15323472303689023
43614,-2.4726431243727447,-2.6962044038150594,0.0,0.22356127944231474
43615,-3.2506931135181616,-4.822215411216014,0.0,1.5715222976978525
43787,-28.696125492017316,-41.34807849250385,9.0,12.651953000486536
43937,-49.25423735321051,-50.24952249609716,19.0,0.9952851428866438
43966,-13.7185557664826,-14.841297986617013,4.0,1.1227422201344126
43969,-2.23438919370937,-6.037078844016559,0.0,3.802689650307189
44016,-68.4070643398069,-65.18568553903954,27.0,-3.2213788007673543
44074,-6.868606694923917,-4.935928541338466,1.0,-1.9326781535854511
44075,-7.318593042777523,-8.400960036722378,1.0,1.0823669939448548
44121,-13.127097081158057,-11.542688024120888,3.0,-1.5844090570371687
44179,-21.974579157993674,-21.88554936778649,7.0,-0.08902979020718504
44264,-2.3325223461122837,-3.607351978415468,0.0,1.2748296323031845
44284,-32.13218206193916,-34.890335098236775,10.0,2.758153036297614
44377,-33.09165920097085,-30.75149896117098,9.0,-2.3401602397998715
44400,-12.914783845900775,-18.201052588457856,3.0,5.2862687425570805
44403,-5.978216008362673,-4.94294944482254,1.0,-1.0352665635401328
44578,-20.83927609845235,-21.688517449355786,5.0,0.8492413509034371
44731,-9.621034146954292,-9.17304450015013,2.0,-0.447989646804162
44825,-27.577143542521632,-35.78918785162278,9.0,8.212044309101145
44840,-2.046242942047087,-3.303636120215332,0.0,1.257393178168245
45002,-5.877001862520613,-4.883537524255688,1.0,-0.9934643382649249
45074,-6.072510472508686,-5.635232740787853,1.0,-0.4372777317208332
45078,-9.33027051525144,-8.632391341079126,2.0,-0.6978791741723143
45242,-37.78183416829133,-36.159275985132304,13.0,-1.622558183159029
45394,-7.141861287439518,-6.309400539000885,1.0,-0.832460748438633
45396,-19.040406474420802,-18.888100844738187,5.0,-0.15230562968261552
45397,-10.335790081410666,-9.646171257219123,2.0,-0.6896188241915429
45414,-5.930853930009418,-5.156719579818233,1.0,-0.7741343501911846
45543,-2.009288706307198,-1.549904355232325,0.0,-0.45938435107487274
45558,-15.470308460132607,-15.241507568640428,4.0,-0.2288008914921793
45591,-55.361896168449896,-63.41317964137205,24.0,8.051283472922151
45853,-6.729044790037221,-5.534448474927775,1.0,-1.1945963151094459
46043,-6.281397273604071,-11.052697457240725,1.0,4.771300183636654
46100,-2.3962487273318787,-1.7850568292146498,0.0,-0.6111918981172288
46174,-2.4814862046261514,-1.4813409710145136,0.0,-1.0001452336116379
46179,-8.080044820847762,-7.682823225910115,2.0,-0.39722159493764764
46331,-2.199927366723173,-3.303636120215332,0.0,1.103708753492159
46446,-8.806002767021937,-9.468761251016861,2.0,0.6627584839949243
46449,-83.29017390618105,-78.62206318921486,34.0,-4.668110716966197
46622,-13.243299991013346,-13.40120780416948,3.0,0.15790781315613422
46672,-9.497996882163312,-9.460050838033649,2.0,-0.03794604412966329
46765,-19.623258888952666,-25.661968408955193,6.0,6.038709520002527
46810,-2.1884803914022135,-0.5701933964141045,0.0,-1.6182869949881091
46926,-12.027630318415476,-11.840071405004203,3.0,-0.18755891341127295
46931,-27.044299736195995,-29.6574899440402,10.0,2.6131902078442053
47008,-2.208082079193924,-0.8739092546142408,0.0,-1.3341728245796831
47043,-2.96817357159004,-2.6225933056837856,0.0,-0.34558026590625435
47083,-11.675360923374994,-8.68286108464714,2.0,-2.992499838727854
47281,-19.742491654187155,-19.0572547516248,6.0,-0.6852369025623553
47408,-5.764405697338769,-5.118830765014903,1.0,-0.645574932323866
47451,-80.05597925025718,-75.16212696682872,27.0,-4.893852283428458
47490,-18.05590279915744,-18.589516223560018,5.0,0.5336134244025779
47543,-5.625275717232074,-6.249444116965957,1.0,0.6241683997338834
47642,-9.233662073797417,-8.478619451984148,2.0,-0.7550426218132689
47689,-17.234999615682394,-24.53616037625678,5.0,7.301160760574387
47699,-9.107975221342203,-9.590940916220065,2.0,0.482965694877862
47790,-9.899990223923837,-9.712211060275793,2.0,-0.18777916364804348
47946,-557.2778433267575,-402.6144251033018,359.0,-154.66341822345572
47954,-9.578871966875688,-8.692349354836466,2.0,-0.8865226120392222
48102,-10.444745897321,-9.698229382998905,2.0,-0.7465165143220958
48108,-13.209901958556827,-11.81069150948935,3.0,-1.3992104490674766
48109,-2.0719437385985713,-1.4813409710145136,0.0,-0.5906027675840577
48179,-6.041401100293644,-5.667313673532655,1.0,-0.3740874267609895
48184,-103.3758275880061,-96.79829683916881,47.0,-6.57753074883729
48193,-10.348937824936055,-9.707383142090446,2.0,-0.6415546828456087
48320,-19.36456721074239,-20.65935142376001,4.0,1.2947842130176213
48348,-15.246145156267971,-14.385102592506492,4.0,-0.8610425637614796
48370,-6.1116744313431255,-4.929945904905384,1.0,-1.181728526437741
48379,-9.175365180184079,-9.014418920903156,2.0,-0.160946259280923
48453,-2.34331047180614,-1.177625112814377,0.0,-1.165685358991763
48580,-30.83965281696492,-28.535993604052326,8.0,-2.3036592129125957
48627,-20.479084548738257,-22.094351960378564,4.0,1.615267411640307
48769,-10.640206284279934,-9.929193666493639,2.0,-0.7110126177862952
48962,-5.910381095816291,-5.154813552584846,1.0,-0.7555675432314448
48979,-16.7446742311303,-18.79137098788283,5.0,2.046696756752528
49083,-3.489852371175532,-1.4813409710145136,0.0,-2.0085114001610185
49104,-29.500157893721276,-28.556669225546845,9.0,-0.9434886681744317
49260,-12.224502310020245,-12.378304256603602,3.0,0.1538019465833571
49325,-17.40380405571693,-16.25334443609459,4.0,-1.150459619622339
49329,-6.895906796204579,-7.61756153636587,1.0,0.7216547401612914
49369,-15.036478739499481,-15.82933245517341,4.0,0.7928537156739281
49383,-35.4807836772659,-36.67913437742967,14.0,1.1983507001637719
49440,-13.08896402783855,-14.08347664967581,3.0,0.9945126218372593
49443,-2.392435532095906,-2.9999202620151957,0.0,0.6074847299192898
49452,-36.01824094802789,-36.389304366251835,14.0,0.3710634182239474
49532,-38.00305881707237,-47.932960235021895,13.0,9.929901417949523
49574,-98.58356540034913,-82.75657545144628,38.0,-15.826989948902849
49833,-3.3806659377657393,-5.733362985816423,0.0,2.3526970480506835
49910,-9.46493510640608,-8.667526967149593,2.0,-0.7974081392564862
49927,-15.309245901186532,-21.980735623919017,5.0,6.671489722732485
49985,-6.094929855050739,-4.9791700905721905,1.0,-1.1157597644785486
49986,-8.569156303494312,-9.37445687619925,2.0,0.8053005727049385
50169,-10.44735330630773,-11.973910865402937,3.0,1.526557559095206
50205,-9.818686237603487,-8.67476506973601,2.0,-1.143921167867477
50223,-3.103754625179092,-1.177625112814377,0.0,-1.9261295123647149
50543,-6.812384801600585,-5.059830501190934,1.0,-1.7525543004096509
50631,-44.93768843006371,-43.415011345478455,17.0,-1.5226770845852542
50638,-6.92170939574104,-7.411985706166946,1.0,0.490276310425906
50694,-17.22835612869365,-17.66958423799837,4.0,0.44122810930472056
50882,-26.728719220702477,-24.65855357376058,8.0,-2.070165646941895
51103,-26.59057387338591,-23.96941696358901,7.0,-2.621156909796902
51116,-13.536506302582659,-12.499691004762912,3.0,-1.0368152978197465
51367,-2.6950186326237326,-2.6962044038150594,0.0,0.0011857711913267899
51443,-13.241946127960144,-13.568634323612363,3.0,0.32668819565221874
51509,-18.427758205980755,-27.487973931818825,5.0,9.06021572583807
51614,-23.34734235247906,-21.773954572561415,7.0,-1.5733877799176454
51622,-2.9160247125207013,-2.9999202620151957,0.0,0.0838955494944944
51673,-5.683866181301306,-5.774783782284581,1.0,0.09091760098327573
51995,-2.2493215322130244,-0.8739092546142408,0.0,-1.3754122775987836
52227,-10.25497372857298,-8.711089832940544,2.0,-1.543883895632435
52268,-28.32551008071916,-34.16464546018183,8.0,5.839135379462672
52417,-5.817101122099697,-5.067357697228144,1.0,-0.7497434248715527
52466,-2.0088593630597016,-2.6962044038150594,0.0,0.6873450407553579
52481,-9.403883353713864,-8.577252777294541,2.0,-0.8266305764193227
52482,-18.238161672863406,-20.646831370390412,6.0,2.4086696975270065
52589,-23.957188809450713,-24.05985051099267,7.0,0.1026617015419582
52602,-26.098231879797574,-27.72424231594982,8.0,1.6260104361522458
52639,-74.67697920944804,-74.864785634392,36.0,0.1878064249439717
52671,-24.159091270090943,-23.666493742245517,7.0,-0.492597527845426
52828,-11.932720911751046,-16.50070401878316,3.0,4.567983107032115
52910,-2.156239590368584,-0.8739092546142408,0.0,-1.2823303357543432
53034,-22.091209220657486,-27.07085738438673,8.0,4.9796481637292445
53091,-3.0883716498803855,-2.2803896766827134,0.0,-0.8079819731976721
53133,-4.49976482612814,-2.3924885456149223,0.0,-2.1072762805132177
53262,-38.04557776495206,-37.03063643157407,13.0,-1.0149413333779904
53307,-22.789103174946764,-25.0542445264353,8.0,2.2651413514885377
53349,-18.913632814701927,-18.576760364629045,5.0,-0.3368724500728817
53461,-38.86897232791424,-49.426670332843464,13.0,10.557698004929222
53466,-5.751894208130078,-5.447972968805105,1.0,-0.30392123932497306
53523,-9.525412430798248,-8.471128698639474,2.0,-1.0542837321587744
53531,-29.851720825833695,-29.4606364612383,10.0,-0.39108436459539675
53742,-14.570881335423586,-14.290267997568407,4.0,-0.28061333785517917
53766,-6.398815404102001,-5.483108766235657,1.0,-0.9157066378663439
53861,-23.518779668651256,-24.866516488909333,8.0,1.3477368202580777
53965,-2.800862649458182,-1.177625112814377,0.0,-1.6232375366438048
54175,-6.3252993843923635,-5.622733163260569,1.0,-0.7025662211317947
54281,-2.0640749058988073,-1.4885543858120807,0.0,-0.5755205200867266
54379,-48.83847028358817,-41.049251562893254,12.0,-7.789218720694919
54431,-24.585412065947953,-26.792457789828187,8.0,2.207045723880235
54607,-6.128852977005397,-5.102455179727965,1.0,-1.0263977972774319
54701,-5.826100557706023,-5.109180763608511,1.0,-0.716919794097512
54903,-23.18797154550068,-21.228099806372935,7.0,-1.9598717391277454
55175,-29.231474215859187,-27.15162136645703,9.0,-2.079852849402158
55184,-14.29894340951063,-15.253494757746994,4.0,0.9545513482363646
55186,-2.279497949842945,-3.303636120215332,0.0,1.024138170372387
55352,-5.881727577059374,-5.274189847854837,1.0,-0.6075377292045374
55590,-5.971543432377632,-4.942347261563224,1.0,-1.0291961708144077
55741,-14.61786774425412,-14.358916843588181,4.0,-0.25895090066593873
55891,-2.062828131243572,-0.8739092546142408,0.0,-1.1889188766293313
55938,-5.721673993173644,-5.656023551288171,1.0,-0.06565044188547287
55963,-42.60546908618315,-40.17724971326657,14.0,-2.4282193729165797
56033,-2.090762338056106,-2.3924885456149223,0.0,0.3017262075588163
56048,-2.098194460471523,-1.7850568292146498,0.0,-0.3131376312568732
56145,-1.2089946676194567,-4.945679021077664,0.0,3.7366843534582075
56264,-8.726089287590884,-9.15091599675578,2.0,0.4248267091648952
56368,-58.70864033786488,-65.81707551126706,13.0,7.108435173402185
56565,-15.075477367363703,-15.09874773165663,4.0,0.023270364292926615
56622,-66.57358469340659,-82.43171945611866,27.0,15.85813476271207
56837,-9.453770575120231,-8.564549922394008,2.0,-0.8892206527262232
56838,-8.98071667825664,-8.552589516898683,2.0,-0.42812716135795625
56962,-12.926940395370247,-11.579160105109395,3.0,-1.347780290260852
56963,-8.15602433685642,-8.780850249877414,2.0,0.6248259130209934
57082,-2.3232817285725034,-1.6592209734569363,0.0,-0.6640607551155671
57186,-10.428744224314459,-8.64454143430805,2.0,-1.7842027900064092
57228,-13.42882852446035,-8.774779783913647,2.0,-4.654048740546703
57298,-12.078098374990079,-14.62369090123632,3.0,2.5455925262462404
57604,-51.15782818470465,-51.230937152627696,19.0,0.07310896792304789
57641,-30.7195829892542,-51.843355289056106,12.0,21.123772299801907
57644,-48.480341798540465,-40.64565995619724,16.0,-7.8346818423432225
57699,-6.300583964163251,-6.035581819786859,1.0,-0.2650021443763917
57768,-17.157862134029713,-17.48334336842817,4.0,0.3254812343984561
57832,-18.3273617412076,-17.93507546862975,5.0,-0.39228627257784865
58040,-17.95008524149775,-17.396990861542093,5.0,-0.553094379955656
58104,-20.12426303080721,-19.934318539563584,6.0,-0.1899444912436259
58249,-23.4543962512185,-20.203079505487302,6.0,-3.2513167457311987
58270,-2.340055202643756,-2.3924885456149223,0.0,0.05243334297116631
58293,-25.69090327096853,-28.282299414841535,8.0,2.5913961438730055
58332,-40.92784564592601,-36.999953542734985,15.0,-3.927892103191027
58374,-100.44823062787731,-80.31410754393491,37.0,-20.1341230839424
58554,-12.915432802764489,-11.609229180865249,3.0,-1.3062036218992397
58576,-26.572457526894137,-25.364728353649067,8.0,-1.2077291732450703
58656,-9.972773271202987,-9.303349814759986,2.0,-0.6694234564430008
58696,-5.584317525275616,-4.970463438294473,1.0,-0.6138540869811431
58884,-57.80093641970734,-50.12551639691023,11.0,-7.6754200227971126
58949,-8.495001517953114,-8.505688901418328,2.0,0.01068738346521414
59015,-53.513559436226124,-53.19016261957792,25.0,-0.32339681664820574
59018,-19.52462697495486,-9.033818496318588,2.0,-10.490808478636271
59292,-6.301119908230017,-10.653569649269214,1.0,4.352449741039196
59410,-9.279326941008502,-9.684208411504864,2.0,0.4048814704963615
59615,-2.3081720636813943,-1.177625112814377,0.0,-1.1305469508670172
59625,-2.156772689704797,-1.7850568292146498,0.0,-0.37171586049014715
59626,-22.505552240856037,-20.5333607838717,6.0,-1.972191456984337
59629,-8.00301380346164,-8.896333024847873,2.0,0.8933192213862338
59651,-1.5186269129045127,-2.673299931714397,0.0,1.1546730188098842
59668,-5.943782793443449,-7.0741441163998715,1.0,1.1303613229564222
59771,-5.816106970555022,-4.987904931177552,1.0,-0.8282020393774694
60182,-5.651238686527003,-5.056976328720807,1.0,-0.5942623578061959
60257,-71.05222647589787,-62.15314388410642,32.0,-8.899082591791448
60325,-19.19405203716214,-21.738438584464166,6.0,2.5443865473020253
60375,-16.897210515423122,-16.375375877218612,4.0,-0.5218346382045098
60719,-41.402460431734106,-40.219353645485995,15.0,-1.1831067862481106
60746,-17.215280988056982,-17.532690160681437,5.0,0.3174091726244548
60785,-5.814436976349867,-4.889669173612671,1.0,-0.9247678027371959
60787,-30.60477440254277,-29.631724063474262,11.0,-0.9730503390685072
60805,-14.718042831225393,-12.885917854496295,3.0,-1.832124976729098
60952,-48.05189942167009,-41.733140613680646,12.0,-6.318758807989447
60976,-6.084351818152427,-5.265420212447787,1.0,-0.8189316057046403
61181,-25.99981667638652,-22.61658772560041,7.0,-3.3832289507861084
61259,-5.320448996625495,-4.901205981178988,1.0,-0.419243015446507
61310,-10.442098576603088,-12.84950344722588,2.0,2.4074048706227913
61358,-9.871996158501801,-9.320945394625445,2.0,-0.551050763876356
61473,-2.079807599519856,-0.8739092546142408,0.0,-1.2058983449056153
61500,-37.18487092391987,-35.27064245238485,12.0,-1.9142284715350186
61641,-16.85007155977468,-17.389699787854177,5.0,0.5396282280794971
61682,-8.902919390632992,-8.617799350297608,2.0,-0.28512004033538396
61743,-12.954117053085549,-11.92048279817775,3.0,-1.033634254907799
61763,-16.406647489612926,-16.591185860628315,4.0,0.18453837101538895
61766,-2.2732927515798425,-8.770521567817786,0.0,6.497228816237944
61885,-5.776606042236485,-6.53724628684771,1.0,0.760640244611225
61906,-15.608547249892148,-22.970894774022252,5.0,7.362347524130104
61912,-3.1204922459926063,-2.6962044038150594,0.0,-0.4242878421775469
61918,-18.51883660237984,-17.407016588218838,5.0,-1.111820014161001
61949,-313.75632855567807,-250.08966041905737,99.0,-63.6666681366207
61980,-6.211321135333814,-5.711579940838039,1.0,-0.49974119449577525
62118,-2.315068525335861,-3.4121298950664296,0.0,1.0970613697305684
62144,-2.6401243327330803,-2.3924885456149223,0.0,-0.24763578711815804
62159,-52.1844745576318,-55.1401068825756,18.0,2.9556323249437995
62166,-43.77161751109282,-42.1056458302905,15.0,-1.665971680802322
62171,-81.23606902494829,-88.64637637647384,45.0,7.410307351525546
62477,-2.3981693600430596,-1.7850568292146498,0.0,-0.6131125308284098
62505,-14.258445601194188,-15.266240845338963,4.0,1.0077952441447753
62593,-10.864956325218833,-14.41683609721441,3.0,3.551879771995578
62625,-3.0653024273223664,-1.4813409710145136,0.0,-1.5839614563078528
63004,-19.006420733594545,-23.597669828715347,6.0,4.591249095120801
63073,-2.0759794167666468,-0.5701933964141045,0.0,-1.5057860203525424
63101,-50.23789357333987,-46.831473711542756,20.0,-3.4064198617971115
63143,-12.66743727426063,-12.175512448604136,3.0,-0.4919248256564934
63169,-2.2668079032851716,-3.443121254594947,0.0,1.1763133513097754
63182,-9.383055509138254,-8.890815995621224,2.0,-0.49223951351702944
63223,-9.333907681542525,-10.247385788877308,2.0,0.9134781073347824
63442,-30.1069567325212,-31.706793010737602,12.0,1.5998362782164008
63509,-9.840976142376586,-8.58430135955055,2.0,-1.2566747828260372
63510,-8.570429093568926,-8.661344690949871,2.0,0.09091559738094546
63659,-18.617498003861478,-17.356122468805236,5.0,-1.2613755350562421
63910,-4.500633646686423,-8.30925159699737,0.0,3.808617950310947
63946,-31.41065537812824,-36.29872635006176,11.0,4.888070971933523
63968,-10.066733877719289,-9.8081061345423,2.0,-0.258627743176989
64007,-12.237831847648199,-16.950779872332678,3.0,4.712948024684479
64015,-21.951627184075495,-20.751353242962544,6.0,-1.2002739411129504
64401,-17.072315743723582,-17.082112910909412,5.0,0.009797167185830347
64432,-18.6932772831393,-19.417436461504376,6.0,0.7241591783650776
64501,-66.25431749544161,-86.80155791346847,25.0,20.54724041802686
64597,-17.75314077868944,-18.150130258808083,5.0,0.3969894801186449
64603,-7.136546054255214,-8.700529239794111,2.0,1.5639831855388975
64604,-8.05183277734644,-8.534760039966221,2.0,0.48292726261978025
64896,-6.047910567336954,-6.476409182699294,1.0,0.42849861536234
64986,-12.989786751470069,-8.575089019678368,2.0,-4.414697731791701
65017,-5.809355965291443,-4.994137141896233,1.0,-0.8152188233952105
65072,-2.2383891525217603,-2.5346967881277576,0.0,0.29630763560599727
65161,-12.715474941017753,-12.542017826332259,3.0,-0.17345711468549396
65186,-49.94401251793831,-48.574577494494136,21.0,-1.3694350234441757
65222,-8.386694832204821,-8.35965784198435,2.0,-0.02703699022047168
65400,-159.02561286084182,-240.743783819592,63.0,81.71817095875019
65423,-9.272967298603616,-8.96386449447145,2.0,-0.3091028041321664
65529,-6.361584116092493,-5.761773945044669,1.0,-0.5998101710478236
65612,-2.3084763184858694,-0.33704417665150244,0.0,-1.971432141834367
65671,-17.508034793656876,-18.77017844524099,5.0,1.2621436515841147
65744,-12.446326868251624,-15.570958649220382,3.0,3.124631780968757
65795,-5.202310317361571,-5.244714015002865,1.0,0.04240369764129426
66030,-15.584939658772534,-15.322482916539467,4.0,-0.26245674223306636
66414,-21.3452247729089,-18.660589229651283,5.0,-2.6846355432576168
66461,-2.318970052132508,-5.733362985816423,0.0,3.414392933683915
66469,-15.896912655667512,-15.938883561583287,4.0,0.04197090591577535
66556,-2.2111072123448543,-1.7850568292146498,0.0,-0.4260503831302045
66557,-48.2031688929132,-47.08283345734234,19.0,-1.1203354355708584
66721,-32.370547010278706,-35.061176762225315,13.0,2.6906297519466094
66749,-17.959284804293635,-16.130129075639083,4.0,-1.829155728654552
66773,-18.200730954348657,-17.613420638669766,4.0,-0.5873103156788915
66842,-15.84218175259548,-18.37218964776305,4.0,2.5300078951675715
66935,-4.560240769749912,-0.5701933964141045,0.0,-3.9900473733358077
66983,-8.8310706639179,-15.441574308725027,2.0,6.610503644807126
67077,-10.08307794184183,-8.859213772813046,2.0,-1.2238641690287846
67101,-13.822413764913161,-14.71100942482677,4.0,0.8885956599136087
67117,-10.001491063255138,-9.335505324026391,2.0,-0.6659857392287467
67277,-86.19984192685001,-72.27324138647042,38.0,-13.926600540379596
67298,-16.208558258728345,-15.145548161214634,4.0,-1.0630100975137111
67546,-2.8500326662201876,-2.3924885456149223,0.0,-0.4575441206052653
67588,-3.2490723870936944,-4.822215411216014,0.0,1.5731430241223197
67614,-1.7750045919824082,-0.6704698557814698,0.0,-1.1045347362009386
67785,-18.854144767438488,-21.76685627231111,7.0,2.9127115048726218
67922,-29.704306639093208,-27.977172284329914,10.0,-1.7271343547632938
68051,-13.81071363836525,-12.733597629708315,3.0,-1.077116008656935
68110,-2.608259208686363,-4.518499553015877,0.0,1.9102403443295137
68241,-10.122530550940901,-11.497011207930143,2.0,1.3744806569892418
68328,-33.17135788854761,-30.745958479737748,11.0,-2.425399408809863
68502,-6.502785885438336,-5.20607333405758,1.0,-1.2967125513807565
68514,-2.4957350873475357,-1.7850568292146498,0.0,-0.7106782581328859
68553,-2.320056842489528,-0.266477538213968,0.0,-2.05357930427556
68715,-9.851375403444413,-8.488707136217643,2.0,-1.3626682672267698
68826,-14.733412695792305,-14.518295611288194,4.0,-0.2151170845041115
68857,-6.2414987668200546,-5.056258660077542,1.0,-1.185240106742513
68896,-18.179171453433653,-18.27432423318965,5.0,0.09515277975599545
68965,-5.572773085733169,-6.083806733016295,1.0,0.5110336472831261
69166,-6.1611814220105305,-7.922445335802343,1.0,1.7612639137918125
69182,-10.150126866454348,-9.260723166517508,2.0,-0.8894036999368407
69279,-81.7477490242776,-67.95289237023678,15.0,-13.794856654040814
69353,-10.007085212412992,-9.19660457255523,2.0,-0.8104806398577615
69462,-14.636845165090177,-12.03280339737364,3.0,-2.604041767716538
69560,-23.691467865490036,-26.32386128251868,7.0,2.632393417028645
69587,-5.782507896600597,-4.976090659835815,1.0,-0.8064172367647817
69662,-17.556068617445014,-17.786171638533773,4.0,0.2301030210887589
69685,-2.7010215806204916,-3.303636120215332,0.0,0.6026145395948403
69726,-48.42079542285676,-39.84278132170253,13.0,-8.578014101154231
69750,-12.415820989444315,-16.68058103511175,4.0,4.264760045667435
69878,-54.7918759445705,-49.14422326995887,15.0,-5.647652674611628
69885,-21.03565745872704,-23.22422412944727,5.0,2.1885666707202276
69989,-20.53134989067396,-20.644678194480132,6.0,0.11332830380617054
70047,-6.0549516671566455,-7.174048077617807,1.0,1.1190964104611618
70222,-7.290739948249629,-5.980161872759677,1.0,-1.3105780754899525
70225,-2.0497863568772563,-3.607351978415468,0.0,1.5575656215382119
70237,-8.05980891506987,-8.544089051465615,2.0,0.4842801363957445
70296,-2.248268125409747,-1.177625112814377,0.0,-1.0706430125953699
70324,-27.858889520210436,-26.03596491120812,7.0,-1.8229246090023175
70413,-6.555753847528655,-10.108154156123653,1.0,3.552400308594998
70518,-38.37922109607141,-36.84767702592589,15.0,-1.5315440701455216
70523,-25.37379885304141,-32.21807306320924,7.0,6.844274210167828
70536,-2.526569707823947,-4.2147836948157416,0.0,1.6882139869917947
70583,-18.275111144906063,-27.702062012877942,5.0,9.426950867971879
70668,-37.798876853597676,-36.61852476075178,10.0,-1.1803520928458937
70692,-19.069955031497912,-25.590330693807136,6.0,6.520375662309224
70755,-15.149746934153562,-22.322248257662327,4.0,7.172501323508765
70832,-15.949850531861145,-17.370726588281993,4.0,1.4208760564208482
70840,-17.464865243702363,-17.966064681213574,5.0,0.501199437511211
70900,-8.794569001438733,-18.199796447463036,3.0,9.405227446024304
71020,-12.376768735042567,-11.970229381671713,3.0,-0.4065393533708548
71103,-2.2629206740109273,-1.4885543858120807,0.0,-0.7743662881988467
71139,-36.454056300320374,-39.07153298501876,9.0,2.6174766846983886
71170,-48.69311220539974,-41.75115476907765,15.0,-6.941957436322092
71172,-15.902133592579952,-17.218186048335802,4.0,1.31605245575585
71285,-45.762051288318915,-45.468740449323604,19.0,-0.2933108389953105
71335,-9.314594548397713,-9.096554190542484,2.0,-0.21804035785522835
71336,-6.505378875699043,-6.883768800835121,1.0,0.3783899251360774
71517,-72.36024688624173,-70.0003359443144,29.0,-2.3599109419273248
71577,-25.76071425792972,-26.915420689384774,8.0,1.154706431455054
71700,-47.5082706367047,-47.58381015856623,21.0,0.07553952186152912
71712,-14.860322653539733,-14.466142811778996,4.0,-0.39417984176073695
71823,-3.5947259316978175,-2.088772687414786,0.0,-1.5059532442830315
71878,-60.096177134817886,-59.36186347059608,26.0,-0.7343136642218084
71990,-17.322170570122744,-19.113696138194882,5.0,1.7915255680721387
72139,-38.05770673154647,-51.262274018753835,15.0,13.204567287207368
72308,-12.861742367870395,-11.953097654919565,3.0,-0.9086447129508297
72376,-2.2913919701794914,-1.7850568292146498,0.0,-0.5063351409648416
72448,-2.3113273674424857,-1.7937491934969505,0.0,-0.5175781739455352
72646,-9.3763760708498,-8.601992839008053,2.0,-0.7743832318417461
72875,-33.67503242504886,-28.954728867478682,10.0,-4.72030355757018
72889,-21.43001337210343,-21.312932599151054,7.0,-0.11708077295237729
72927,-2.13359936117115,-2.6962044038150594,0.0,0.5626050426439093
72972,-44.552831624763456,-43.95044801249321,16.0,-0.6023836122702448
73022,-60.90558765222285,-57.849569172834784,23.0,-3.056018479388065
73039,-46.785794319822124,-51.62093948078082,20.0,4.835145160958696
73068,-5.377451432754427,-5.070527455777451,1.0,-0.30692397697697604
73183,-11.5953533471634,-12.055579628418194,3.0,0.46022628125479415
73194,-16.88752775868423,-17.696316992945643,5.0,0.8087892342614147
73262,-9.676990975668176,-9.50051073484121,2.0,-0.17648024082696523
73264,-10.993364045980018,-10.222834521195805,2.0,-0.7705295247842123
73342,-23.879533094442372,-23.98383804644558,7.0,0.10430495200320777
73427,-18.583540015169415,-16.493866049650702,4.0,-2.0896739655187133
73452,-6.233247547618104,-4.908143861049024,1.0,-1.3251036865690802
73536,-39.905328969144215,-33.943876470367414,12.0,-5.961452498776801
73560,-24.654024490594786,-24.276119091987724,8.0,-0.3779053986070622
73597,-20.10989397713894,-23.425754145533585,7.0,3.3158601683946465
73598,-35.021061082732786,-47.047951972762945,11.0,12.02689089003016
73630,-4.956676834356785,-4.931161438612522,1.0,-0.025515395744263536
73731,-6.111701326260709,-4.943277105418085,1.0,-1.168424220842624
73752,-36.3623679212968,-35.73618783408839,14.0,-0.6261800872084109
73785,-19.184016086237946,-18.32753138022646,5.0,-0.8564847060114857
73842,-25.79304674535461,-23.873308857286702,8.0,-1.9197378880679068
73844,-13.667959941572393,-14.753710316166336,3.0,1.0857503745939425
73978,-6.049011119793461,-5.86632552570359,1.0,-0.18268559408987084
73979,-26.76316528436492,-29.025169978091718,9.0,2.262004693726798
74076,-54.54742265938647,-50.07903836759892,23.0,-4.468384291787551
74128,-2.0648211763649447,-3.911067836615605,0.0,1.8462466602506602
74287,-14.697794176406685,-15.364048564963445,4.0,0.6662543885567604
74360,-12.634021500458159,-13.940720752123285,3.0,1.3066992516651261
74450,-38.608487691430014,-38.98315754824479,14.0,0.3746698568147764
74463,-6.431672525888885,-4.963542117670368,1.0,-1.4681304082185171
74472,-25.899124620463198,-33.191688819233526,10.0,7.292564198770329
74548,-35.36236581869,-39.028602770818274,13.0,3.6662369521282727
74609,-7.070828482689196,-4.909482138346875,1.0,-2.161346344342321
74627,-12.431777486927336,-11.931360185762763,3.0,-0.500417301164573
74651,-18.557145436916063,-17.690868487584858,5.0,-0.8662769493312048
74734,-5.809036266561708,-5.485145461578177,1.0,-0.32389080498353096
74749,-9.572808349907284,-9.851709758209951,2.0,0.2789014083026675
74867,-43.88569411386575,-43.46179436820919,16.0,-0.42389974565656274
74930,-2.4982677690705595,-1.7165085243410745,0.0,-0.781759244729485
74991,-14.417069835922065,-14.347327103411166,4.0,-0.06974273251089969
75026,-12.847597950181123,-11.847698499835193,3.0,-0.9998994503459304
75098,-35.96889635201829,-36.2453590804626,9.0,0.27646272844430797
75117,-21.530070096834898,-21.324387539971656,6.0,-0.20568255686324122
75254,-18.639930386943835,-17.53927659600736,5.0,-1.100653790936473
75268,-8.64184503320719,-9.055665001312498,2.0,0.4138199681053081
75279,-9.360716515651555,-12.533685433495922,2.0,3.1729689178443667
75284,-13.241931183052642,-12.067506667095246,3.0,-1.174424515957396
75292,-9.737477290244042,-9.220233846033544,2.0,-0.5172434442104983
75377,-9.862295088736099,-8.54666564371927,2.0,-1.3156294450168282
75410,-6.282558199746868,-6.316153490701285,1.0,0.033595290954417045
75512,-9.53191670983726,-8.696058298568248,2.0,-0.8358584112690117
75586,-2.0309028500931423,-2.109107146484394,0.0,0.07820429639125148
75588,-2.4038868999405043,-2.1637769369812836,0.0,-0.2401099629592207
75592,-37.00228928479234,-36.00449300050171,12.0,-0.9977962842906294
75706,-4.428542441838723,-1.4813409710145136,0.0,-2.9472014708242096
75774,-36.30958552205726,-33.917410478104095,11.0,-2.3921750439531664
75792,-5.734571994768315,-5.827111771071988,1.0,0.09253977630367327
75824,-74.14077790590525,-84.92317497848218,24.0,10.782397072576927
75866,-5.81053993521785,-5.0621728445162235,1.0,-0.7483670907016267
75896,-8.829478824994734,-9.124527571142895,2.0,0.29504874614816146
75959,-6.818582856573664,-4.973678963678801,1.0,-1.8449038928948625
76038,-2.253957710785348,-3.911067836615605,0.0,1.6571101258302567
76084,-9.790604842865363,-11.225993921638711,2.0,1.4353890787733476
76273,-5.868327491014819,-5.222210932885856,1.0,-0.6461165581289627
76344,-7.990561523686731,-8.647922189252654,2.0,0.657360665565923
76361,-2.548431757201057,-2.088772687414786,0.0,-0.4596590697862708
76451,-20.62840650821919,-18.435105955617093,5.0,-2.1933005526020963
76619,-23.58643097177326,-21.033395333359664,6.0,-2.553035638413597
76785,-21.74050897468888,-21.315754634171682,5.0,-0.42475434051719674
76822,-43.423713976276005,-39.04515190747848,16.0,-4.378562068797528
76848,-20.200971754643977,-21.261133109013247,6.0,1.0601613543692707
76934,-38.796974592035696,-37.12553487822562,15.0,-1.6714397138100736
77009,-2.051065968261433,-2.3924885456149223,0.0,0.34142257735348913
77066,-38.42911091656146,-35.428753118785025,14.0,-3.000357797776438
77287,-21.12945356771314,-22.47863512814791,6.0,1.349181560434772
77318,-27.24648125652468,-23.927282038777072,7.0,-3.3191992177476095
77424,-15.55393003005563,-14.205967931295238,4.0,-1.3479620987603926
77440,-66.51408599449641,-80.20435432010147,28.0,13.69026832560506
77512,-58.171358577004234,-53.025259414461054,25.0,-5.14609916254318
77520,-6.124929780271396,-5.784416673887191,1.0,-0.34051310638420507
77559,-2.1338553150858295,-1.177625112814377,0.0,-0.9562302022714524
77572,-2.563843809324926,-0.27147353087202014,0.0,-2.292370278452906
77637,-47.66100162073317,-52.07149590414155,21.0,4.410494283408383
77640,-2.912642059538067,-7.980837955965876,0.0,5.0681958964278095
77663,-13.505018900681469,-12.648411311541123,3.0,-0.8566075891403457
77710,-9.834890438524413,-9.012398007288885,2.0,-0.8224924312355277
77728,-49.153676659306214,-58.103579737354735,19.0,8.949903078048521
77734,-15.219063795105168,-15.406582877334817,4.0,0.18751908222964886
77828,-32.20902864305993,-32.4390438235065,12.0,0.23001518044657132
77879,-9.777214314959634,-9.953134295286757,2.0,0.17591998032712297
78166,-12.015852701887615,-15.893162881306148,3.0,3.877310179418533
78515,-45.90061409212955,-61.10184784617511,14.0,15.20123375404556
78532,-21.132359512277105,-19.19270037823237,6.0,-1.9396591340447351
78824,-9.665918416457552,-8.7449220301587,2.0,-0.920996386298853
78950,-6.047231179197513,-8.143937258788515,1.0,2.0967060795910024
79136,-46.05542342313112,-41.4695542259955,19.0,-4.585869197135615
79179,-5.786072581866178,-5.023777849036708,1.0,-0.7622947328294698
79203,-2.3006201114613916,-3.607351978415468,0.0,1.3067318669540766
79220,-3.05406717903044,-0.6929322588943292,0.0,-2.361134920136111
79253,-19.346933405229585,-17.736482110289167,5.0,-1.6104512949404182
79295,-3.475853932658675,-2.9999202620151957,0.0,-0.47593367064347936
79297,-19.353181291574085,-17.238820849698747,5.0,-2.1143604418753377
79326,-3.4725529087959313,-1.4813409710145136,0.0,-1.9912119377814177
79430,-2.856145139566244,-6.948226418616968,0.0,4.092081279050724
79457,-6.375888115719247,-4.927231030884438,1.0,-1.4486570848348093
79511,-36.03504036437376,-33.068837094733865,13.0,-2.966203269639891
79612,-6.278702565348558,-5.681401385019014,1.0,-0.597301180329544
79641,-2.9002814597603295,-1.177625112814377,0.0,-1.7226563469459524
79693,-9.249112304289133,-9.682110425671972,2.0,0.43299812138283933
79808,-9.366274693741014,-8.816601496431327,2.0,-0.5496731973096871
79849,-22.03404479084577,-21.09286235392638,6.0,-0.9411824369193873
79890,-2.274926177010478,-1.4813409710145136,0.0,-0.7935852059959645
79922,-2.820148796349181,-1.177625112814377,0.0,-1.6425236835348038
80006,-32.05041188875309,-30.034239441193012,11.0,-2.016172447560077
80071,-58.4516473560805,-67.74119122294321,22.0,9.289543866862715
80101,-8.01883408132677,-8.682721847962753,2.0,0.6638877666359839
80374,-16.540109532928536,-16.071027601637102,4.0,-0.4690819312914343
80427,-2.137554219311211,-0.8739092546142408,0.0,-1.2636449646969703
80647,-60.13777261027582,-49.21465928676272,18.0,-10.9231133235131
80907,-15.66551718628551,-15.78052088714178,4.0,0.11500370085627054
80930,-16.711562093061758,-19.172259750243747,4.0,2.4606976571819885
80949,-49.29979159326821,-56.302324436102225,17.0,7.002532842834015
80959,-10.26556403573412,-9.409204590508375,2.0,-0.8563594452257437
80973,-8.879607756299537,-8.711111502039412,2.0,-0.16849625426012516
81069,-14.747312081785482,-14.381096474245059,4.0,-0.3662156075404237
81174,-12.448387706633481,-12.441120989702107,3.0,-0.007266716931374262
81253,-12.457368540685748,-13.756895381356026,3.0,1.2995268406702785
81374,-5.250436469898697,-8.740708417218599,1.0,3.4902719473199015
81383,-34.7209791564518,-31.87995913880849,9.0,-2.841020017643306
81403,-9.52182737874941,-9.355969170349042,2.0,-0.16585820840036902
81451,-60.84524423860714,-70.09974374428106,25.0,9.25449950567392
81581,-8.52946945588406,-11.423780255487793,2.0,2.8943107996037334
81754,-44.72680015182694,-49.25870529033424,11.0,4.531905138507298
81872,-7.835593279689714,-1.7937491934969505,0.0,-6.041844086192764
81945,-19.46668719068515,-18.99952777439,5.0,-0.46715941629515
82142,-46.664879452465485,-43.360207361453504,18.0,-3.3046720910119802
82175,-16.772162127100422,-21.98948984253805,4.0,5.2173277154376265
82190,-20.961359017578637,-20.21035196117802,6.0,-0.751007056400617
82303,-6.478874583195294,-5.013459349718433,1.0,-1.465415233476861
82330,-38.50687738537441,-37.65370356357756,15.0,-0.853173821796851
82407,-17.277918404405252,-16.71115137723055,4.0,-0.5667670271747021
82519,-5.733829704333425,-4.913466665636709,1.0,-0.8203630386967165
82593,-3.3814089472910274,-2.6962044038150594,0.0,-0.6852045434759679
82627,-25.95677006835852,-24.838770698821214,8.0,-1.117999369537305
82716,-30.68373027559644,-28.175644698632347,9.0,-2.508085576964092
82745,-20.346181026273722,-18.633462199562587,5.0,-1.7127188267111357
82761,-22.75869390094744,-19.53896667750994,6.0,-3.2197272234374985
82887,-19.344479601705434,-18.478078474868397,5.0,-0.8664011268370366
83246,-19.722500042786823,-20.312743770014745,6.0,0.5902437272279215
83427,-48.394925123176016,-58.71612027591105,19.0,10.321195152735037
83506,-25.090030070206897,-25.58837643464081,9.0,0.4983463644339139
83547,-77.68381035485159,-78.21358251128618,41.0,0.5297721564345892
83559,-6.632895446299206,-12.010702294845087,1.0,5.377806848545881
83616,-9.020448094531622,-9.125203459853488,2.0,0.10475536532186602
83905,-41.87940375994172,-44.151903918697634,18.0,2.2725001587559177
83911,-2.417380511091312,-2.3924885456149223,0.0,-0.02489196547638972
83989,-58.88572135828268,-60.10954055187254,16.0,1.2238191935898612
84129,-5.932120222627407,-8.458781566945092,1.0,2.5266613443176853
84163,-25.044630788832546,-33.57610381089691,9.0,8.531473022064365
84215,-11.737206445665352,-12.406217516304926,3.0,0.6690110706395735
84378,-17.05991787108127,-16.65857204045741,5.0,-0.4013458306238604
84408,-2.4368650683655364,-0.8739092546142408,0.0,-1.5629558137512956
84424,-6.641794126810055,-6.953721086992254,1.0,0.31192696018219923
84563,-9.883706290462486,-8.57935780627658,2.0,-1.3043484841859065
84610,-6.0115163732595,-5.1896953510204025,1.0,-0.8218210222390976
84630,-25.591714698865378,-43.305419654330315,8.0,17.713704955464937
84717,-5.8800320308008125,-8.770521567817786,0.0,2.8904895370169736
84782,-22.675612352029066,-21.49118579139417,5.0,-1.184426560634897
84816,-70.79197114448871,-73.40110458601303,23.0,2.609133441524321
84892,-26.134369548721565,-26.65602279390481,8.0,0.521653245183245
84905,-15.51772459622906,-14.757163414565044,4.0,-0.7605611816640163
84980,-3.295709538000399,-2.6962044038150594,0.0,-0.5995051341853395
84997,-41.21497069406228,-39.3092235182644,14.0,-1.9057471757978774
85183,-118.16082245697646,-111.87946255642392,70.0,-6.281359900552545
85338,-43.18930965088358,-40.96420702225333,16.0,-2.225102628630246
85421,-28.01718725842211,-31.00058173737079,10.0,2.983394478948682
85486,-6.021609379966359,-5.102687217992736,1.0,-0.9189221619736223
85542,-9.35427614519382,-8.492599959744172,2.0,-0.8616761854496477
85551,-2.110999223080388,-0.5701933964141045,0.0,-1.5408058266662836
85562,-28.90041604928765,-24.7177559979747,8.0,-4.182660051312951
85730,-51.634322190567104,-56.74660053306448,24.0,5.112278342497376
85748,-5.740212954178271,-5.398485904097844,1.0,-0.3417270500804275
86018,-5.83633313879511,-6.17634932013234,1.0,0.34001618133723
86077,-43.26070020927719,-40.256269844792385,19.0,-3.0044303644848043
86122,-12.495693147104538,-13.087849604385399,3.0,0.5921564572808613
86394,-6.512092309695476,-4.2147836948157416,0.0,-2.297308614879735
86516,-6.706368463308574,-7.466813379081411,1.0,0.7604449157728368
86696,-30.618095433958537,-28.50419499874671,10.0,-2.1139004352118285
86826,-37.54072672328388,-40.06041420865182,11.0,2.519687485367939
86881,-39.80712245121616,-37.37820816707629,15.0,-2.4289142841398714
86897,-17.31606377903155,-20.065514418131105,5.0,2.749450639099557
86903,-2.793202011956554,-0.5701933964141045,0.0,-2.2230086155424496
86932,-32.89308418058255,-31.310980316264416,10.0,-1.5821038643181318
87060,-13.16948707472139,-14.521787667840114,4.0,1.3523005931187235
87244,-9.644694277355269,-9.127548422311342,2.0,-0.5171458550439265
87270,-2.1539953487183108,-1.177625112814377,0.0,-0.9763702359039337
87279,-2.14691805275002,-1.177625112814377,0.0,-0.9692929399356427
87319,-0.5329670040643947,-2.1814255894377763,0.0,1.6484585853733815
87373,-16.280786401180816,-15.805166003925393,4.0,-0.4756203972554225
87485,-2.896502263393522,-3.303636120215332,0.0,0.4071338568218099
87766,-2.744810081474836,-2.492828038294917,0.0,-0.2519820431799191
87936,-9.616712165258676,-9.013291747588951,2.0,-0.6034204176697244
87969,-8.854083187731362,-8.875455588440682,2.0,0.02137240070931945
88180,-29.043136231979318,-28.31892978694381,10.0,-0.7242064450355095
88305,-5.645226460563351,-5.445931706946575,1.0,-0.19929475361677618
88347,-15.869027472781225,-14.397695698810649,3.0,-1.4713317739705758
88366,-21.350530823302055,-11.751768257991564,3.0,-9.59876256531049
88370,-23.314208377205816,-23.994663473332952,8.0,0.6804550961271367
88552,-19.610129982190422,-20.17681283226131,6.0,0.5666828500708867
88633,-6.983389219449876,-4.999871431923965,1.0,-1.9835177875259111
88930,-6.408583857315303,-5.268016611103595,1.0,-1.1405672462117087
89236,-34.510849013949326,-34.33897515957905,13.0,-0.17187385437027558
89239,-19.56906703232796,-18.72947396133201,5.0,-0.8395930709959529
89711,-5.577338005448584,-5.004114209566501,1.0,-0.5732237958820825
89747,-25.5529050427153,-28.80834432540405,9.0,3.2554392826887515
89894,-9.222025033112141,-9.123803760513068,2.0,-0.09822127259907276
90065,-57.60299040598856,-63.2553324091021,25.0,5.652342003113546
90087,-2.231512973025894,-1.4813409710145136,0.0,-0.7501720020113805
90181,-2.0955658750891457,-2.088772687414786,0.0,-0.0067931876743596575
90296,-2.645646162643092,-1.4813409710145136,0.0,-1.1643051916285785
90360,-2.267938429488145,-1.4813409710145136,0.0,-0.7865974584736315
90372,-9.177065245895387,-9.689726945367418,2.0,0.5126616994720319
90446,-6.171232546159154,-4.985729979822641,1.0,-1.1855025663365133
90450,-35.95499919720835,-34.24283896714915,8.0,-1.7121602300592045
90611,-12.64050314195952,-13.683494245114574,3.0,1.0429911031550532
90659,-24.548401717750647,-23.687966664652265,5.0,-0.8604350530983815
91079,-6.539366041214621,-4.974093515690629,1.0,-1.5652725255239925
91169,-24.623489077771026,-24.98870182122076,8.0,0.3652127434497352
91223,-5.669899397259255,-9.138640392409343,1.0,3.468740995150088
91241,-24.77854312484171,-27.89833382348896,8.0,3.1197906986472503
91253,-31.656416365284485,-31.72278116744632,11.0,0.06636480216183571
91350,-2.7006697736486953,-2.3924885456149223,0.0,-0.308181228033773
91358,-5.937127249679674,-5.493934101451262,1.0,-0.4431931482284117
91393,-15.489990020913341,-14.799105578828124,4.0,-0.6908844420852169
91532,-3.364093764662867,-1.177625112814377,0.0,-2.1864686518484895
91843,-39.89368470332789,-34.09989908432251,9.0,-5.793785619005384
91849,-6.492702306909661,-9.762658007251895,1.0,3.2699557003422344
91914,-54.51462900712819,-98.93233679161803,22.0,44.417707784489835
92072,-2.1840265151517944,-3.303636120215332,0.0,1.1196096050635376
92084,-16.204391534895702,-16.480558217308587,4.0,0.2761666824128852
92098,-2.1868221157930003,-0.8986608433753865,0.0,-1.288161272417614
92373,-20.920267648281936,-19.320727528840436,6.0,-1.5995401194414995
92398,-19.341869739064737,-17.97082224073068,5.0,-1.3710474983340575
92479,-17.64570792606294,-18.13601043735453,5.0,0.4903025112915884
92515,-14.037798905119311,-14.957138484670933,4.0,0.9193395795516217
92593,-29.21593333303716,-27.8268242504506,10.0,-1.389109082586561
92665,-27.79980903688236,-25.917779564682277,6.0,-1.882029472200081
92827,-5.780421450118421,-5.864288830361069,1.0,0.08386738024264773
92836,-9.421653205719961,-8.60258396659036,2.0,-0.8190692391296004
92838,-39.54888734822051,-37.80696209750132,17.0,-1.7419252507191914
92912,-9.027930150192004,-16.137242122979366,2.0,7.109311972787362
92930,-6.762361120667909,-6.704003902536593,1.0,-0.05835721813131567
92988,-15.011012405330519,-17.195392001639654,4.0,2.1843795963091353
93009,-43.19217565845192,-41.077673000720154,17.0,-2.1145026577317694
93082,-2.1391295644954256,-1.4813409710145136,0.0,-0.657788593480912
93111,-12.148719640022481,-12.409649452784386,3.0,0.26092981276190486
93236,-26.719012804960048,-26.745539263300532,8.0,0.026526458340484282
93283,-64.02156179164267,-55.053774034608196,29.0,-8.967787757034472
93306,-16.757165377833967,-17.4370011972139,5.0,0.6798358193799316
93311,-20.420536365567873,-30.48162950048275,6.0,10.061093134914877
93361,-3.766875835675752,-0.8739092546142408,0.0,-2.8929665810615113
93362,-2.4340411108629674,-1.177625112814377,0.0,-1.2564159980485903
93367,-99.42588346805255,-93.44717104305579,55.0,-5.978712424996758
93464,-2.2181859613290413,-1.2807539410630089,0.0,-0.9374320202660325
93656,-23.09265541574703,-24.95317035585514,7.0,1.8605149401081107
93662,-23.42866973502555,-20.41788563289706,5.0,-3.01078410212849
94091,-5.966447315781501,-4.93934191878303,1.0,-1.0271053969984711
94163,-9.215406871375313,-9.969284505023944,2.0,0.7538776336486315
94288,-12.797784334603776,-12.316871462909516,3.0,-0.4809128716942599
94316,-6.660951057261091,-5.3362847984532875,1.0,-1.3246662588078033
94341,-2.1224313744414336,-1.3907438826014051,0.0,-0.7316874918400285
94345,-35.643703429110204,-32.38660015163388,11.0,-3.2571032774763253
94414,-97.41416435144578,-124.73330325705311,52.0,27.319138905607332
94486,-3.1053391471631775,-2.088772687414786,0.0,-1.0165664597483914
94755,-8.944316116975143,-9.024415782393731,2.0,0.08009966541858837
95083,-19.729224231740403,-22.46193929438005,4.0,2.7327150626396453
95184,-26.423470731251896,-23.713909336618162,7.0,-2.7095613946337345
95245,-2.1749602959530083,-5.12593126941615,0.0,2.950970973463142
95253,-18.126708480437216,-21.40825627147563,6.0,3.281547791038413
95460,-8.948754878387337,-5.380593880919256,1.0,-3.5681609974680812
95474,-2.158182446147888,-1.4813409710145136,0.0,-0.6768414751333744
95521,-8.894257278401676,-9.406818596925078,2.0,0.5125613185234013
95632,-23.426539581948877,-27.834816268696905,9.0,4.408276686748028
95704,-13.274444274106276,-15.557911473428316,3.0,2.2834671993220397
95806,-19.10666515158011,-22.147246939929776,6.0,3.040581788349666
96042,-11.25942093489341,-11.075887694793249,2.0,-0.1835332401001608
96157,-2.3612939594570954,-5.3844796752885555,0.0,3.02318571583146
96172,-106.38415402344114,-96.55400359858368,37.0,-9.830150424857464
96188,-16.80711084347502,-17.78656393403729,5.0,0.97945309056227
96273,-55.01540250985401,-66.02193448947209,28.0,11.006531979618075
96281,-6.382768378029723,-8.175223830673504,1.0,1.7924554526437815
96291,-2.676420683660426,-1.2054698242894017,0.0,-1.470950859371024
96323,-11.681036380614461,-12.125335367320359,3.0,0.4442989867058973
96327,-67.01478352958667,-55.49106545701725,24.0,-11.523718072569416
96361,-30.38748318807626,-28.881367867184156,10.0,-1.5061153208921034
96388,-17.87520579210057,-18.3094859634872,5.0,0.4342801713866322
96393,-12.808522706276532,-17.05151634675079,4.0,4.242993640474259
96636,-2.2789667713096744,-9.377953284218059,0.0,7.098986512908384
97093,-180.67141997037055,-168.83581000559354,60.0,-11.835609964777007
97191,-29.123327977335546,-27.292284252807665,8.0,-1.8310437245278806
97219,-26.37873252719509,-27.258908428200698,8.0,0.8801759010056074
97319,-9.681161389833237,-10.215132578317665,2.0,0.5339711884844274
97359,-8.809038745603752,-8.557857571704108,2.0,-0.2511811738996439
97406,-58.72860014768157,-57.72083569634773,30.0,-1.0077644513338413
97578,-23.53557345353669,-24.16503976618259,7.0,0.6294663126459028
97603,-14.055499270437766,-15.550836076895024,4.0,1.4953368064572583
97667,-24.261119783136543,-28.10842700176349,7.0,3.8473072186269484
97734,-57.582136639179254,-78.4224090855256,26.0,20.840272446346347
98334,-4.676392719955588,-1.4813409710145136,0.0,-3.195051748941075
98448,-7.358581815817169,-5.359416569465543,1.0,-1.9991652463516267
98577,-13.585892479959858,-12.397823326882328,3.0,-1.1880691530775298
98649,-8.968397810373695,-9.583900464978854,2.0,0.6155026546051587
98711,-58.12519582812229,-56.46485578931858,28.0,-1.6603400388037102
98756,-20.729672917435714,-27.09712487447094,6.0,6.367451957035225
98979,-6.37762095447748,-12.941061149519838,1.0,6.563440195042358
99053,-28.989981340016776,-51.777099268341004,10.0,22.78711792832423
99093,-18.22853375813694,-26.49724652678711,5.0,8.268712768650168
99115,-20.10928439994369,-17.467070986519463,5.0,-2.6422134134242263
99336,-15.661821984137132,-16.156784750125134,4.0,0.49496276598800115
99358,-57.796523073984744,-51.88092694424634,18.0,-5.915596129738404
99493,-9.045990424070842,-8.46039888979331,2.0,-0.5855915342775315
99494,-6.357281902835032,-4.999940528990168,1.0,-1.3573413738448643
99514,-28.65749525022356,-27.927557816447226,10.0,-0.7299374337763318
99576,-9.175520408660544,-12.785633888782037,2.0,3.610113480121493
99581,-6.035713579361756,-5.12597323376819,1.0,-0.9097403455935664
99721,-11.829755069067366,-12.149995012685634,3.0,0.3202399436182688
99981,-22.74405957849095,-20.516128018386834,6.0,-2.2279315601041176
99982,-62.93897071355992,-62.842715327992046,13.0,-0.09625538556787205
100055,-13.778572976000017,-21.895754565349932,3.0,8.117181589349915
100085,-5.778886359217031,-5.9018013096913755,1.0,0.12291495047434431
100333,-9.991774031216748,-9.891035225041422,2.0,-0.10073880617532538
100473,-10.296007101616619,-9.105506752813783,2.0,-1.1905003488028356
100493,-12.341909619964195,-13.158410387096033,3.0,0.8165007671318385
100712,-25.489211064572032,-38.585715771399094,7.0,13.096504706827062
100782,-35.73112456958619,-33.63500606428247,13.0,-2.0961185053037212
100786,-15.956605711838781,-13.74421483324114,3.0,-2.212390878597642
100882,-9.685338367469043,-10.90368512807925,2.0,1.2183467606102063
100897,-3.067538128891565,-0.5701933964141045,0.0,-2.4973447324774605
100942,-13.943021148855138,-14.195521169190886,4.0,0.2525000203357486
100990,-2.2316192537029287,-1.7850568292146498,0.0,-0.4465624244882789
101030,-12.862951087259063,-14.425767879287854,4.0,1.5628167920287908
101032,-9.05071297974479,-10.609885874337564,2.0,1.5591728945927752
101068,-17.934817768793607,-17.515540903528606,5.0,-0.41927686526500096
101241,-197.81148402219634,-149.5213607133894,126.0,-48.290123308806926
101519,-17.35155372937179,-22.003861150751014,5.0,4.6523074213792235
101827,-2.9034339146485486,-1.177625112814377,0.0,-1.7258088018341715
101875,-27.615372007464135,-26.87385904172551,9.0,-0.7415129657386252
101913,-10.37643636356016,-9.652661420768842,2.0,-0.7237749427913176
101926,-2.010105574352151,-1.4813409710145136,0.0,-0.5287646033376374
101931,-16.19729360341281,-20.63604233232344,4.0,4.438748728910632
101942,-9.052631966565716,-8.645093646854939,2.0,-0.4075383197107776
101986,-2.1092213431622535,-1.177625112814377,0.0,-0.9315962303478764
102043,-114.72810957647265,-105.22264472373239,60.0,-9.50546485274026
102107,-7.22050805679619,-6.711570039703235,1.0,-0.5089380170929543
102145,-11.547913704844992,-11.77130091282685,3.0,0.22338720798185818
102188,-15.968071651264035,-19.375606704492114,4.0,3.407535053228079
102473,-3.6163030965119383,-11.744796513976283,0.0,8.128493417464345
102576,-30.02220561845788,-32.3708462944332,8.0,2.3486406759753216
102617,-43.63991886965777,-46.054334755344605,19.0,2.414415885686836
102684,-17.738029911233784,-20.04965193951173,4.0,2.311622028277945
102696,-2.2559008023620417,-1.9014984344226504,0.0,-0.3544023679393913
102721,-0.3832326532685026,-0.2124014655402543,0.0,-0.1708311877282483
102734,-228.2474072481777,-182.0004257117402,190.0,-46.24698153643749
102854,-9.896273823119547,-9.050336139580418,2.0,-0.8459376835391286
102862,-18.148490831750546,-21.94181875808737,5.0,3.793327926336822
102900,-14.78835733022477,-13.470479586909141,3.0,-1.3178777433156288
102997,-85.3264186122892,-86.83501454651397,39.0,1.508595934224772
103012,-47.06587774105853,-46.8099229905088,13.0,-0.2559547505497264
103105,-16.46210886912888,-19.508707277860765,4.0,3.046598408731885
103157,-22.745980377697805,-23.63716983748869,7.0,0.8911894597908834
103184,-12.474126746080316,-12.631097910511787,3.0,0.15697116443147152
103315,-12.240006691810308,-13.201986346377751,3.0,0.9619796545674433
103355,-13.723119646267081,-15.289727215732906,4.0,1.566607569465825
103384,-11.554062238222501,-12.360721732835295,3.0,0.8066594946127932
103410,-7.979462610014056,-6.515840492663344,1.0,-1.4636221173507122
103785,-2.329591030221347,-1.7850568292146498,0.0,-0.5445342010066971
103799,-37.34915968883812,-39.58565551649735,15.0,2.236495827659226
103815,-49.030420487845696,-47.61996739916202,22.0,-1.4104530886836741
103837,-54.931072770817444,-50.320695668446,21.0,-4.610377102371444
104002,-5.918710797245259,-4.937839777792419,1.0,-0.9808710194528398
104011,-21.55293383567988,-22.95335774502406,7.0,1.4004239093441804
104039,-12.27963432819888,-12.252003247367162,3.0,-0.027631080831717725
104058,-2.475654511666282,-1.177625112814377,0.0,-1.2980293988519047
104116,-2.042070102029559,-1.9401128768616465,0.0,-0.10195722516791239
104168,-21.469360031590963,-21.945469073101876,5.0,0.47610904151091304
104191,-14.705608177433799,-14.406041968056831,4.0,-0.29956620937696776
104334,-17.510133800289864,-16.73596154313221,5.0,-0.7741722571576553
104415,-11.6832512180508,-11.744689129945519,3.0,0.0614379118947177
104508,-37.66412364133157,-45.70463090322509,14.0,8.040507261893516
104647,-19.786910360866692,-16.904924848462745,4.0,-2.881985512403947
104716,-34.131902485142334,-40.4535989361382,12.0,6.321696450995866
104754,-18.61635757477277,-16.798386221735797,5.0,-1.8179713530369739
104777,-27.311397860085794,-26.254752235868935,8.0,-1.0566456242168591
104958,-15.985785578381153,-14.799827591137067,4.0,-1.1859579872440857
104974,-6.046578273156161,-5.05233973653297,1.0,-0.9942385366231914
105059,-15.839077406647895,-14.295634971031795,4.0,-1.5434424356161003
105077,-22.67925768437113,-20.699903814745102,6.0,-1.9793538696260278
105161,-52.58854056473483,-67.38193034864425,20.0,14.793389783909419
105175,-21.485397717119604,-25.766035604125086,5.0,4.280637887005483
105330,-36.260595330049654,-35.67081173521347,13.0,-0.5897835948361845
105359,-18.06355314006876,-23.526107480013756,6.0,5.462554339944997
105408,-61.3661153205491,-52.94771754721947,27.0,-8.41839777332963
105459,-9.734528929828363,-8.602800295803466,2.0,-1.1317286340248973
105911,-2.878910641593096,-0.8739092546142408,0.0,-2.005001386978855
105966,-23.76045316761623,-23.372440880038397,8.0,-0.38801228757783335
106186,-25.032411348223807,-31.108245022435693,8.0,6.075833674211886
106205,-2.151724204623692,-4.494647100242669,0.0,2.342922895618977
106336,-22.41934679214419,-19.59471994001809,6.0,-2.824626852126098
106488,-5.747458849101581,-5.107167409447435,1.0,-0.6402914396541464
106582,-2.9094264017849456,-1.7850568292146498,0.0,-1.1243695725702958
106611,-15.966516313529572,-17.128518861005045,4.0,1.1620025474754723
106639,-2.2877717444506036,-1.4813409710145136,0.0,-0.80643077343609
106809,-20.605765384282396,-18.837766565998518,5.0,-1.7679988182838784
106982,-6.2324029441864965,-5.553933834192686,1.0,-0.6784691099938103
107161,-41.75418315075839,-36.14271188746784,12.0,-5.611471263290547
107246,-5.894374969256993,-6.561551381935273,1.0,0.6671764126782804
107307,-28.75508238343788,-27.74725008345503,8.0,-1.0078322999828515
107681,-8.67483258694455,-8.769060954749204,2.0,0.0942283678046536
107695,-22.765467456600106,-22.2528520194904,7.0,-0.5126154371097051
107708,-1.6802696955618748,-1.3417518802079216,0.0,-0.3385178153539532
107732,-2.832630414232627,-1.7850568292146498,0.0,-1.047573585017977
107764,-2.2938886883750396,-1.7850568292146498,0.0,-0.5088318591603898
108056,-13.979798515981983,-12.373412459235501,3.0,-1.6063860567464818
108082,-67.15983994117295,-58.17589480177099,28.0,-8.98394513940196
108089,-8.733699248723212,-9.263451396217786,2.0,0.5297521474945732
108109,-5.848444945856346,-4.878438944484284,1.0,-0.9700060013720622
108228,-16.174515049008072,-19.107790220989205,4.0,2.9332751719811334
108357,-6.173685114719486,-5.677046864698303,1.0,-0.4966382500211832
108531,-78.54841831536491,-70.39902284689545,32.0,-8.149395468469464
108623,-8.567321314762019,-8.940348953953764,2.0,0.3730276391917453
108878,-5.930409346987993,-5.017545018756757,1.0,-0.9128643282312359
108900,-42.88173124050156,-38.71130456018331,17.0,-4.170426680318251
108979,-18.113265395997022,-20.264592411454267,6.0,2.1513270154572446
108982,-17.042748957136595,-16.120835094065328,4.0,-0.9219138630712678
109154,-18.420351016910395,-17.902443646741457,4.0,-0.5179073701689383
109158,-16.793275629827452,-22.938805189827697,4.0,6.145529560000245
109402,-8.592242986337126,-13.269476510192643,2.0,4.6772335238555165
109565,-64.44472497829932,-61.07127664601552,27.0,-3.3734483322838003
109566,-38.70210658460101,-41.20639100785648,13.0,2.50428442325547
109593,-38.434803158479575,-51.1483078371848,18.0,12.713504678705227
109630,-44.00752214181543,-41.88571507035151,16.0,-2.1218070714639197
109646,-5.853187241220862,-5.915628539053188,1.0,0.06244129783232566
109748,-28.85487300146424,-32.10562572029883,10.0,3.2507527188345904
109775,-44.58339524379666,-40.723970651028814,15.0,-3.8594245927678443
109777,-79.4039967738253,-68.57702146269175,45.0,-10.826975311133552
109819,-81.35010339420734,-128.50472072254894,20.0,47.1546173283416
109933,-31.329851140669952,-31.091629944871812,10.0,-0.23822119579813972
109944,-14.2975719025512,-15.095881121073031,4.0,0.7983092185218315
109947,-5.712203261850078,-6.701962640678064,1.0,0.9897593788279861
110015,-19.09874698339852,-17.305413795546713,5.0,-1.7933331878518075
110030,-0.7175865329566922,-0.5837554240150674,0.0,-0.13383110894162475
110059,-2.565374340647481,-2.6962044038150594,0.0,0.13083006316757828
110083,-33.00550052242738,-32.82884466522312,13.0,-0.1766558572042598
110142,-5.551982564774671,-7.055959663249374,1.0,1.503977098474703
110174,-2.296367451604478,-1.177625112814377,0.0,-1.1187423387901008
110187,-21.837076883263663,-21.07698308688799,6.0,-0.7600937963756742
110333,-27.51930322328651,-25.181666286176444,8.0,-2.337636937110066
110513,-28.375837861344383,-28.066134470181247,10.0,-0.3097033911631364
110583,-2.486685908848672,-0.8739092546142408,0.0,-1.612776654234431
110687,-15.598532035402995,-15.121423286764912,4.0,-0.4771087486380825
110713,-27.212951270398527,-26.747518706745133,6.0,-0.465432563653394
110798,-6.206759269646538,-5.0416872355907385,1.0,-1.1650720340557994
110843,-19.251357445015003,-17.418785554981163,5.0,-1.8325718900338401
110882,-35.54632953826634,-24.297889471253242,7.0,-11.2484400670131
110962,-65.5829424556245,-72.80121197699702,29.0,7.21826952137252
111039,-24.137510858848124,-22.361776447350767,6.0,-1.775734411497357
111175,-16.879981249317662,-21.15093696582847,5.0,4.270955716510809
111256,-151.35436753591202,-287.07319731273236,49.0,135.71882977682034
111382,-13.80009522999021,-15.375029289855773,4.0,1.5749340598655621
111389,-6.088422520285521,-9.677455589454636,1.0,3.5890330691691155
111426,-8.183691577956356,-10.85652134085346,2.0,2.672829762897104
111437,-11.060998370524562,-6.308466772841271,1.0,-4.752531597683291
111488,-15.526557626663958,-14.528479259505689,4.0,-0.9980783671582696
111501,-5.958593747994205,-6.071566681060915,1.0,0.11297293306671019
111535,-6.894862028922581,-6.761931535929164,1.0,-0.13293049299341675
111624,-27.499817219556185,-30.164750905839888,9.0,2.664933686283703
111658,-3.3847579897414226,-8.770521567817786,0.0,5.3857635780763635
111731,-27.968147821773226,-26.33139646410273,9.0,-1.6367513576704944
111887,-35.688997537881114,-31.352191153435015,10.0,-4.336806384446099
111902,-3.39603661914918,-2.6962044038150594,0.0,-0.6998322153341205
111913,-14.104816657567296,-12.61236681615145,3.0,-1.492449841415846
111989,-7.7565757972400435,-5.4953488181910375,1.0,-2.261226979049006
112141,-7.118168464195892,-6.499160469783324,1.0,-0.6190079944125682
112264,-12.611617892427512,-17.297027745692183,3.0,4.685409853264671
112423,-2.4286365462663944,-5.037612061386183,0.0,2.608975515119788
112639,-2.8316331118698295,-3.303636120215332,0.0,0.47200300834550246
112716,-219.97160372648958,-219.45400936342782,124.0,-0.517594363061761
112718,-2.0813019656599234,-0.8739092546142408,0.0,-1.2073927110456826
113023,-17.967052058573234,-19.938573728662547,5.0,1.971521670089313
113128,-5.779096757459578,-5.6386208500189126,1.0,-0.14047590744066518
113138,-12.682839867829413,-12.632364279678734,3.0,-0.050475588150678874
113186,-12.963794512384817,-2.9999202620151957,0.0,-9.96387425036962
113387,-25.925442125677016,-28.545819700660786,8.0,2.6203775749837703
113423,-12.205511190312148,-11.52128692601802,3.0,-0.6842242642941283
113470,-13.740712864175931,-15.058208376896609,4.0,1.3174955127206776
113552,-2.1451111488822,-7.555658135017241,0.0,5.410546986135041
113668,-21.369540310190363,-20.33373713553173,6.0,-1.035803174658632
113792,-6.538981428165512,-5.022654685786877,1.0,-1.5163267423786344
113934,-6.9732034912312555,-5.574598846785347,1.0,-1.3986046444459088
113968,-30.330136580443426,-30.808612512369727,9.0,0.478475931926301
114087,-18.709469377438683,-19.726859633079567,5.0,1.0173902556408834
114177,-26.831676845674394,-28.138034412870486,8.0,1.3063575671960912
114218,-5.932684036017732,-5.191352690689291,1.0,-0.7413313453284411
114499,-17.9141139927671,-20.005257909809437,6.0,2.091143917042338
114519,-63.950904867710136,-91.21366193261225,26.0,27.262757064902118
114535,-9.13320534183896,-8.752789269790842,2.0,-0.3804160720481171
114573,-23.535000344033215,-22.222685090768557,7.0,-1.3123152532646571
114621,-34.511569905047075,-33.58048639559667,11.0,-0.9310835094504029
114656,-5.874434788003015,-4.948386772448205,1.0,-0.9260480155548096
114703,-23.413219770746345,-21.357091603299832,6.0,-2.056128167446513
114834,-9.317178150357154,-8.678009618243284,2.0,-0.6391685321138709
114913,-21.20062229892179,-19.409373789670344,5.0,-1.7912485092514459
114984,-96.67888777508617,-88.44466382263373,42.0,-8.234223952452439
115064,-7.77933415737955,-8.705554529276574,2.0,0.9262203718970241
115198,-12.03916828021281,-12.552429540045425,3.0,0.5132612598326158
115217,-24.87078342900191,-21.418206240643286,5.0,-3.4525771883586245
115314,-10.241242628778041,-9.763139172624998,2.0,-0.4781034561530433
115598,-58.0861426708689,-81.8684486479577,22.0,23.782305977088804
115889,-2.192915099936225,-2.6962044038150594,0.0,0.5032893038788346
115898,-47.349595592503846,-48.108202046214934,23.0,0.7586064537110886
115919,-28.010144431929188,-26.297026949359218,8.0,-1.7131174825699702
115994,-76.70837436443864,-68.81258646917296,28.0,-7.895787895265684
116025,-9.143671984529918,-8.597908033607768,2.0,-0.5457639509221508
116226,-2.9637878071772756,-2.6962044038150594,0.0,-0.2675834033622162
116270,-62.84938400838225,-55.5483257077489,26.0,-7.3010583006333505
116288,-5.656533912118505,-5.0243574939059386,1.0,-0.6321764182125662
116291,-5.555625836477574,-6.3101241125101595,1.0,0.7544982760325851
116395,-1.6879940666762816,-0.88012617628071,0.0,-0.8078678903955716
116429,-6.001024860174589,-5.102455179727965,1.0,-0.8985696804466237
116681,-8.211423998332112,-2.9999202620151957,0.0,-5.211503736316916
116844,-22.552004868756505,-17.457683890214888,5.0,-5.094320978541617
116877,-79.89062462566484,-65.998266247497,28.0,-13.892358378167842
116885,-17.372410042673486,-15.892129824322433,4.0,-1.4802802183510533
116923,-48.890276752711344,-50.111385130730376,19.0,1.2211083780190322
117035,-12.52147920005745,-11.66915609859316,3.0,-0.8523231014642914
117052,-7.197196535868297,-5.077156046426035,1.0,-2.120040489442262
117106,-9.173903909234323,-8.704193691870383,2.0,-0.46971021736393936
117208,-16.121943105991942,-21.427433961150527,5.0,5.305490855158585
117213,-24.73137674282675,-43.13843543848422,10.0,18.407058695657472
117244,-5.461969154753615,-5.138953130250507,1.0,-0.32301602450310796
117246,-12.681523541462967,-12.330630580816086,3.0,-0.35089296064688114
117411,-32.036009737909275,-32.69179142872052,11.0,0.6557816908112457
117519,-16.336865519977792,-17.759340772002204,5.0,1.4224752520244124
117597,-12.537085330972692,-12.138863275847251,3.0,-0.39822205512544073
117784,-2.2264079066618194,-1.4813409710145136,0.0,-0.7450669356473059
117785,-2.207152617697431,-2.942730042877013,0.0,0.7355774251795819
117943,-66.70610747045022,-94.46026660939417,26.0,27.754159138943947
117967,-17.043920051563365,-16.70250635967007,5.0,-0.34141369189329396
118041,-10.223167399280873,-11.856980486829466,2.0,1.6338130875485923
118042,-18.86164370881554,-17.915311043057493,5.0,-0.946332665758046
118140,-36.914205447806744,-36.66022169726014,14.0,-0.2539837505466025
118233,-24.342712413532013,-23.250681941726878,7.0,-1.0920304718051348
118397,-4.135957794125996,-1.7850568292146498,0.0,-2.3509009649113466
118461,-51.06309491278071,-60.313481175582346,24.0,9.250386262801634
118491,-15.991006546663405,-18.012799487296718,4.0,2.021792940633313
118660,-12.007310017044368,-16.86464394285618,3.0,4.857333925811812
118678,-14.631205394427038,-14.986119736035956,4.0,0.354914341608918
118723,-5.813632153600471,-4.939191436379763,1.0,-0.8744407172207085
118798,-36.485089442368476,-32.64199984030693,10.0,-3.8430896020615464
118801,-9.791446980353387,-9.25253052555277,2.0,-0.5389164548006171
118941,-24.385655833173264,-26.275040550416275,7.0,1.8893847172430114
119013,-5.891147280859461,-4.980125260226596,1.0,-0.9110220206328652
119214,-13.43781767557943,-12.848950189321801,3.0,-0.5888674862576284
119297,-24.89505204648995,-22.70987161150121,6.0,-2.185180434988741
119503,-33.32611783889563,-39.4395301547109,12.0,6.113412315815275
119510,-34.6220146967027,-33.329312191752365,9.0,-1.2927025049503342
119531,-31.33426941586952,-50.056203399856344,10.0,18.721933983986823
119666,-13.264217457979166,-14.195297125571594,4.0,0.931079667592428
119748,-2.477021626691082,-2.088772687414786,0.0,-0.3882489392762958
120158,-63.86397815640324,-58.31535142371555,30.0,-5.548626732687694
120238,-21.676432907662175,-22.81924551680781,6.0,1.1428126091456363
120255,-12.69166390188018,-12.231870034473452,3.0,-0.45979386740672723
120413,-17.79319541741318,-18.19553858929563,5.0,0.4023431718824497
120491,-5.690701504881902,-6.415224844741269,1.0,0.7245233398593669
120751,-37.12562333994013,-34.25433017256541,11.0,-2.8712931673747164
120757,-17.14758965854863,-17.496039058669666,5.0,0.3484494001210372
120797,-18.653360054488804,-17.194789920889676,5.0,-1.4585701335991281
120850,-6.195132992901968,-6.6209680714009425,1.0,0.4258350784989746
121059,-9.696068207312356,-9.816591689827373,2.0,0.12052348251501677
121132,-23.10510576090677,-22.66657988321259,7.0,-0.43852587769417894
121169,-2.2013993951590822,-1.177625112814377,0.0,-1.0237742823447051
121381,-19.520796395268416,-19.571380088519163,5.0,0.050583693250747075
121448,-12.099568614606426,-13.121068965676695,3.0,1.0215003510702694
121633,-23.817661584744982,-22.314179709358733,7.0,-1.5034818753862496
121784,-18.014349180830084,-17.20880707632908,5.0,-0.8055421045010043
121828,-13.830090811971237,-15.263226819976603,3.0,1.4331360080053663
121916,-36.77974142845328,-38.07586131840337,14.0,1.2961198899500914
122089,-10.4281574339456,-10.06030850819217,2.0,-0.36784892575342987
122109,-16.56399806590725,-19.067436536258615,5.0,2.503438470351366
122131,-15.013613018890842,-15.16557003296571,4.0,0.15195701407486872
122217,-176.6752324940885,-146.5874918097913,109.0,-30.087740684297216
122258,-2.4192597787452614,-4.746409525851019,0.0,2.327149747105757
122399,-18.344318084251952,-17.56773410550985,5.0,-0.7765839787421029
122595,-2.1738091264166775,-0.266477538213968,0.0,-1.9073315882027093
122671,-13.079633318623895,-22.1182005904061,4.0,9.038567271782206
122704,-21.662546231168907,-27.083515424955696,6.0,5.420969193786789
122726,-2.266483334358251,-1.4813409710145136,0.0,-0.7851423633437373
122786,-18.416734417747485,-18.72675582816924,5.0,0.31002141042175424
122813,-24.178305520491353,-22.859558576918797,7.0,-1.318746943572556
122829,-6.404461835070109,-14.782812837369855,1.0,8.378351002299746
122849,-9.369274481553566,-12.248990467409495,2.0,2.8797159858559294
122904,-41.627334097011726,-34.16297993548253,10.0,-7.464354161529194
122906,-75.72931632712505,-83.71953548689861,38.0,7.9902191597735595
122928,-32.40713787014369,-28.941521242812218,9.0,-3.4656166273314746
122954,-8.794619143375659,-8.589121152386085,2.0,-0.20549799098957422
122975,-32.361953246931634,-30.580322457633063,12.0,-1.7816307892985712
123052,-9.168514085181304,-13.989767042480757,2.0,4.821252957299453
123131,-17.046452247525956,-13.760432565553591,3.0,-3.2860196819723644
123147,-46.26021861267505,-42.90376115900579,18.0,-3.3564574536692575
123283,-49.630376474901425,-43.501019916070994,17.0,-6.12935655883043
123456,-17.433798188337924,-16.078952594727753,4.0,-1.3548455936101718
123461,-6.030493174547461,-7.752066967512727,1.0,1.7215737929652661
123582,-2.119164802924092,-2.9999202620151957,0.0,0.8807554590911035
123600,-6.254852726067047,-8.501011138907957,1.0,2.2461584128409102
123602,-14.433765663598031,-13.772410465683947,3.0,-0.6613551979140837
123716,-2.55528321103941,-2.8321990775384047,0.0,0.2769158664989946
123754,-7.225496648080162,-5.481354471039787,1.0,-1.7441421770403744
123761,-2.103552875005876,-1.177625112814377,0.0,-0.9259277621914987
123780,-9.389962351027458,-9.277607516429054,2.0,-0.11235483459840445
124009,-16.20520381544922,-14.969563017128836,4.0,-1.235640798320384
124038,-31.2626744352681,-43.00451000833828,11.0,11.74183557307018
124335,-30.487566768745783,-37.851952701392726,11.0,7.364385932646943
124436,-5.743108254191331,-4.9586264455987346,1.0,-0.7844818085925969
124585,-21.392652932549733,-22.305481919739584,6.0,0.912828987189851
124622,-20.88301796907803,-18.76216613423282,5.0,-2.120851834845208
124710,-18.182139303667547,-17.145419519664802,5.0,-1.0367197840027451
124887,-15.256183621171553,-14.356600941035689,4.0,-0.8995826801358646
125095,-10.021368602395563,-22.08594323597101,2.0,12.064574633575445
125133,-4.8492845137041565,-7.251942276817105,0.0,2.4026577631129484
125228,-2.2027103962102417,-1.3056838252134788,0.0,-0.8970265709967629
125305,-6.881559089873046,-3.607351978415468,0.0,-3.274207111457578
125357,-2.227063144882765,-0.8739092546142408,0.0,-1.3531538902685243
125470,-12.572387949043222,-14.232644449688653,3.0,1.6602565006454313
125730,-5.5852249370925255,-8.212938196703691,1.0,2.6277132596111654
125860,-2.0098687950743903,-2.9999202620151957,0.0,0.9900514669408054
125906,-5.585274858100761,-6.476409182699294,1.0,0.891134324598533
125923,-38.58616527901211,-38.25912663803307,14.0,-0.32703864097904045
126106,-61.00031407600548,-52.66522743041863,23.0,-8.335086645586848
126208,-113.95564872748176,-100.61959244521464,81.0,-13.336056282267123
126224,-9.072983712728144,-9.557076552911886,2.0,0.48409284018374166
126247,-5.617202459257333,-5.947624432298755,1.0,0.33042197304142196
126251,-17.55667059021716,-18.617291450621508,5.0,1.0606208604043488
126281,-2.7979298991478245,-6.340794702216695,0.0,3.5428648030688707
126318,-6.460760643679844,-6.035581819786859,1.0,-0.4251788238929848
126327,-48.70042413625563,-42.18332246597832,14.0,-6.517101670277306
126398,-35.13421803991764,-46.96103621983274,10.0,11.8268181799151
126505,-5.848639829017603,-4.915857433456087,1.0,-0.9327823955615164
126688,-19.170003053888387,-27.298020993179755,6.0,8.128017939291368
126971,-32.243869786636026,-37.512295135316116,8.0,5.26842534868009
127121,-19.768293962232555,-17.38617447178936,4.0,-2.382119490443195
127131,-12.06265010853838,-12.148824808605836,3.0,0.0861747000674562
127231,-12.324765391317852,-12.207605437727455,5.0,-0.11715995359039688
127262,-5.860802071529733,-5.022654685786877,1.0,-0.8381473857428556
127275,-39.36391032887153,-41.305043943468654,18.0,1.9411336145971205
127350,-6.230658665518629,-5.005422309415565,1.0,-1.2252363561030633
127630,-14.043131520655855,-8.733510863677552,2.0,-5.3096206569783035
127666,-5.8630319675907945,-7.714814970306969,1.0,1.8517830027161741
127708,-2.214412171249366,-2.4265793793005894,0.0,0.21216720805122335
127782,-26.498118614502825,-26.536241687943903,7.0,0.03812307344107779
127786,-7.011447807113985,-4.8691273830198805,1.0,-2.1423204240941045
127962,-204.61625347829818,-165.19033020194914,79.0,-39.42592327634904
128071,-16.012960040977802,-16.762293091084192,5.0,0.7493330501063902
128121,-41.016959506734096,-38.13252132924354,14.0,-2.8844381774905585
128717,-11.585890430758758,-11.026529908736439,3.0,-0.5593605220223186
128854,-11.748851036683696,-11.744999763521829,3.0,-0.0038512731618673968
128880,-22.7668706705067,-25.549826715417176,5.0,2.782956044910474
128956,-29.28467157893541,-35.544618626989376,12.0,6.2599470480539665
129242,-14.716013470980329,-14.29241693458766,4.0,-0.4235965363926688
129392,-47.58796443469502,-48.79485011312991,17.0,1.2068856784348938
129449,-2.3677665391760083,-7.251942276817105,0.0,4.884175737641097
129565,-17.34709305407129,-23.07161124167657,5.0,5.72451818760528
129592,-12.862992392111089,-12.377084279604967,3.0,-0.485908112506122
130032,-11.939293017339397,-12.380978903035235,3.0,0.4416858856958381
130047,-27.687409390797388,-26.245506330864533,8.0,-1.441903059932855
130053,-28.49810731673693,-29.657565972351314,8.0,1.159458655614383
130112,-10.85587080813523,-9.71334166988648,2.0,-1.142529138248749
130193,-8.917751606766444,-8.50476303725002,2.0,-0.4129885695164237
130280,-2.2797300038174786,-1.177625112814377,0.0,-1.1021048910031015
130299,-46.061519336820346,-45.81381757747786,19.0,-0.24770175934248329
130340,-20.75643074421245,-20.416182541593898,6.0,-0.3402482026185538
130451,-3.6083591061922,-2.9999202620151957,0.0,-0.6084388441770043
130452,-61.95747436651361,-62.90424926459449,11.0,0.9467748980808821
130486,-27.066665818621253,-34.99877415764448,6.0,7.93210833902323
130506,-20.75618805555498,-19.80228987422551,5.0,-0.9538981813294676
130725,-17.56541200570242,-17.983654891401766,5.0,0.4182428856993461
130813,-5.63619526531134,-5.014170450011537,1.0,-0.6220248152998025
130830,-80.55930398564877,-74.39877820905663,23.0,-6.160525776592138
130845,-38.131707148755,-38.8713357966308,14.0,0.7396286478758043
130895,-13.11224400483891,-12.171703219399163,3.0,-0.9405407854397474
130922,-5.673834993907911,-5.03343449066246,1.0,-0.6404005032454512
130954,-5.813614616621692,-6.17634932013234,1.0,0.3627347035106485
131019,-51.909162315362224,-42.950542824611624,13.0,-8.9586194907506
131045,-16.3234635922065,-15.237134095047615,4.0,-1.0863294971588857
131137,-6.441972666547596,-4.935928541338466,1.0,-1.5060441252091294
131146,-48.060402088132946,-43.78925629294523,16.0,-4.271145795187714
131455,-13.684660251661091,-15.54895041951622,4.0,1.8642901678551294
131497,-2.4072971389388815,-8.770521567817786,0.0,6.363224428878905
131535,-100.66739998833776,-90.52275163113913,35.0,-10.144648357198633
131618,-9.774811679906758,-12.055766342781615,2.0,2.2809546628748567
131660,-10.421992779700945,-2.6962044038150594,0.0,-7.725788375885886
131767,-21.692888827342372,-25.832769921964793,6.0,4.139881094622421
131877,-16.815447798342984,-16.626746334128413,5.0,-0.1887014642145708
131896,-20.074716716663925,-19.35887436953348,6.0,-0.7158423471304438
132027,-4.9260268555329025,-9.321218259928072,0.0,4.395191404395169
132060,-10.258798846516687,-9.263367577024596,2.0,-0.9954312694920908
132096,-43.69963385232859,-39.49187316475405,16.0,-4.207760687574542
132159,-5.90149594912518,-4.980892574626054,1.0,-0.9206033744991258
132183,-2.1597703787874427,-4.822215411216014,0.0,2.6624450324285713
132221,-51.78226357048808,-52.30725397787569,19.0,0.5249904073876124
132255,-3.3970178902878225,-1.4813409710145136,0.0,-1.915676919273309
132257,-18.063994316373577,-16.642633218984,5.0,-1.4213610973895783
132343,-46.37442575577641,-50.69166871745219,20.0,4.317242961675781
132416,-7.894669630854221,-4.936506470905728,1.0,-2.9581631599484925
132489,-59.48544479975208,-74.2061961382421,29.0,14.720751338490025
132634,-42.71084439923034,-39.58002386710832,16.0,-3.1308205321220157
132657,-2.5335149095989573,-0.5701933964141045,0.0,-1.963321513184853
132732,-23.39232518230474,-22.68921116977997,7.0,-0.7031140125247717
132762,-2.3393873000414263,-0.8739092546142408,0.0,-1.4654780454271854
132976,-37.25686276269569,-38.02581215053316,15.0,0.7689493878374734
133017,-20.88110259512349,-30.048442945141918,6.0,9.167340350018428
133027,-8.788953033010117,-8.654839490430483,2.0,-0.13411354257963382
133099,-41.84440171407998,-39.26145636270476,12.0,-2.5829453513752156
133171,-58.54128504588702,-56.80012990317742,22.0,-1.7411551427096015
133211,-5.728398784239655,-5.005369732719546,1.0,-0.7230290515201085
133235,-3.046231771852753,-2.6962044038150594,0.0,-0.3500273680376935
133238,-17.447740765532664,-16.76995498523561,4.0,-0.6777857802970537
133244,-15.25159452249871,-14.417329451524607,4.0,-0.8342650709741033
133370,-9.267937634199068,-9.064559438730274,2.0,-0.20337819546879388
133608,-7.353807503075167,-5.591386518489107,1.0,-1.7624209845860603
133745,-12.20904476756522,-13.938386542127972,3.0,1.7293417745627515
133766,-26.381396193841617,-34.082527201157966,9.0,7.701131007316349
133773,-9.256477426702322,-8.684644658946299,2.0,-0.5718327677560229
133896,-8.732466751346344,-9.32532440047531,2.0,0.5928576491289661
133930,-37.297087003310324,-38.96561513564522,12.0,1.6685281323348988
134256,-2.200245054010368,-1.177625112814377,0.0,-1.0226199411959909
134303,-61.8073936287485,-53.421597642267606,19.0,-8.385795986480893
134377,-50.663978367963,-49.78953874100557,13.0,-0.8744396269574253
134385,-2.337201096357784,-2.9999202620151957,0.0,0.6627191656574118
134391,-2.173950558048341,-1.177625112814377,0.0,-0.9963254452339638
134511,-21.529972907523323,-18.380379269469614,5.0,-3.149593638053709
134646,-15.127690740248013,-17.22386211948518,4.0,2.096171379237166
134826,-12.266230259590703,-12.228360860177734,3.0,-0.037869399412969074
134944,-21.016933215214504,-19.75896499545379,6.0,-1.2579682197607127
134957,-23.000137691068296,-28.42487042779746,7.0,5.424732736729165
134990,-17.67575063420727,-20.000221824967404,5.0,2.3244711907601356
134995,-19.778732711634472,-18.188072230750926,5.0,-1.590660480883546
135178,-227.87884943959781,-247.5073751004657,180.0,19.628525660867894
135308,-12.045085224633963,-11.5847880011501,3.0,-0.46029722348386315
135370,-27.294123384604607,-34.3949360544173,9.0,7.100812669812694
135466,-72.35105914481022,-88.12985741620064,31.0,15.778798271390414
135484,-14.678343815652902,-23.115052779115647,3.0,8.436708963462745
135490,-9.44437193028404,-9.857196621509592,2.0,0.412824691225552
135532,-2.7367378762627315,-1.7850568292146498,0.0,-0.9516810470480817
135545,-5.979375213881886,-5.321622030824074,1.0,-0.657753183057812
135725,-48.34622337566772,-54.428896933958846,15.0,6.082673558291127
135851,-15.541820784165886,-18.489202616595936,4.0,2.9473818324300503
135853,-12.787945897748779,-13.408510954061997,3.0,0.6205650563132181
135862,-5.855149912621041,-5.322678124396068,1.0,-0.5324717882249725
135908,-9.428619930819876,-14.376063815498929,2.0,4.947443884679053
135962,-5.916001945809843,-5.030729674120529,1.0,-0.8852722716893142
136100,-38.415090986671004,-46.61519750865026,19.0,8.200106521979258
136784,-9.150447250675663,-10.139172308193489,2.0,0.9887250575178257
136832,-7.1711868047046945,-5.4160205696484205,1.0,-1.755166235056274
136849,-16.05994953507761,-14.226938249418698,4.0,-1.8330112856589125
137137,-13.824406104710773,-11.49933900810312,3.0,-2.3250670966076523
137145,-20.577807647062205,-21.617415447186023,6.0,1.039607800123818
137155,-25.36463684563533,-23.52133013517831,7.0,-1.8433067104570213
137163,-17.479678320104252,-18.240794034918565,5.0,0.7611157148143128
137179,-99.78538392026273,-98.45067506249829,42.0,-1.33470885776444
137257,-6.181852720986353,-5.609491238851958,1.0,-0.5723614821343954
137330,-23.66248427621647,-24.55308035690919,7.0,0.8905960806927204
137352,-15.622843727357063,-14.297704157403523,4.0,-1.3251395699535404
137366,-46.67820698780329,-42.43526218578147,16.0,-4.242944802021825
137547,-5.542560595901028,-6.026986170788829,1.0,0.48442557488780125
137589,-22.42096354761199,-19.48102245478112,5.0,-2.939941092830871
137741,-39.49222012821769,-85.55983972311013,15.0,46.06761959489244
137755,-17.462165307555743,-21.16293402454125,5.0,3.7007687169855075
137961,-24.925045812834238,-24.502290536743978,8.0,-0.4227552760902604
138035,-2.482275693813847,-3.911067836615605,0.0,1.428792142801758
138157,-13.935101218379605,-12.733834988993745,3.0,-1.20126622938586
138189,-27.612162669041947,-25.93774160242547,8.0,-1.6744210666164783
138237,-24.43424493977884,-26.006601948437776,5.0,1.572357008658937
138391,-3.0714516021837595,-12.718827724419558,0.0,9.647376122235798
138522,-38.615512815641836,-39.66421496115804,10.0,1.0487021455162022
138680,-13.001649859486632,-11.68764635112313,3.0,-1.314003508363502
138703,-13.407137500622817,-13.835257994653338,3.0,0.4281204940305212
138772,-50.711225034653225,-47.26115466334049,19.0,-3.4500703713127336
138795,-45.00135316790942,-55.571348942767976,23.0,10.569995774858555
138843,-23.639687515771996,-20.86759056827174,6.0,-2.7720969475002555
138989,-2.3509452572344776,-1.7850568292146498,0.0,-0.5658884280198277
139091,-16.963066022066112,-17.322730880019883,4.0,0.3596648579537707
139181,-2.6591628236569997,-2.3924885456149223,0.0,-0.26667427804207744
139204,-13.448728401080231,-34.73916080961463,4.0,21.2904324085344
139289,-30.351508360155947,-28.624077548973663,8.0,-1.727430811182284
139327,-21.844713255607033,-21.37780017297358,7.0,-0.46691308263345377
139340,-6.078427412111193,-5.274189847854837,1.0,-0.804237564256356
139410,-30.265896241029587,-26.48702192223232,6.0,-3.7788743187972678
139442,-5.62491650400471,-4.987904931177552,1.0,-0.6370115728271575
139495,-2.2892263367593753,-1.177625112814377,0.0,-1.1116012239449982
139573,-4.9930470635524555,-12.111396008019288,0.0,7.118348944466832
139672,-12.710361074283915,-11.533805593235506,3.0,-1.1765554810484087
139681,-2.243716843856175,-0.5701933964141045,0.0,-1.6735234474420708
139704,-7.67679094752691,-5.90493987742922,1.0,-1.7718510700976902
139902,-18.66338450233645,-15.21498490798413,4.0,-3.4483995943523187
140098,-2.014418992338031,-0.28231682089225363,0.0,-1.7321021714457774
140112,-27.408231398068526,-26.07559957521766,9.0,-1.3326318228508676
140320,-48.94675030159171,-48.88119153348176,23.0,-0.06555876810995187
140416,-6.335170986813689,-5.014170450011537,1.0,-1.3210005368021518
140501,-8.605763067413305,-11.874601021222373,2.0,3.2688379538090686
140630,-2.0770715523819714,-6.948226418616968,0.0,4.871154866234996
140831,-46.002059924111265,-41.194769412926064,18.0,-4.807290511185201
140866,-43.86684891458232,-40.330144386522996,15.0,-3.5367045280593246
140941,-22.192659187314096,-28.42335808355267,5.0,6.230698896238575
140957,-9.418860342217272,-9.361304248740494,2.0,-0.05755609347677826
141086,-3.0749460580005628,-2.3924885456149223,0.0,-0.6824575123856405
141316,-66.11446132757203,-61.423620763168124,22.0,-4.690840564403906
141397,-18.954669760177133,-19.140758496975213,5.0,0.18608873679808013
141453,-19.174274927476667,-18.865747264347142,5.0,-0.3085276631295244
141507,-43.260810606963766,-38.94077849987441,11.0,-4.320032107089354
141602,-34.83456432512441,-39.75394278984336,12.0,4.919378464718946
141606,-39.81556795675515,-38.0048803867975,15.0,-1.8106875699576506
141637,-6.140548907318594,-5.057039197909869,1.0,-1.083509709408725
141978,-3.723335308838446,-4.518499553015877,0.0,0.7951642441774309
142011,-6.660457026723447,-7.6647423975465525,1.0,1.0042853708231059
142184,-8.12060030226603,-9.017377416627275,2.0,0.8967771143612442
142202,-2.175011711847655,-1.177625112814377,0.0,-0.997386599033278
142220,-10.518577288347194,-14.126191112481402,3.0,3.6076138241342086
142237,-15.52470391390521,-14.57943722164941,4.0,-0.9452666922557995
142318,-6.300852219540338,-4.882137220259793,1.0,-1.418714999280545
142394,-9.381880266224245,-8.63551669698976,2.0,-0.7463635692344859
142409,-8.89468681065308,-9.918351417118094,2.0,1.0236646064650134
142435,-27.19982737736425,-24.88334935037854,8.0,-2.3164780269857097
142500,-5.808582479102916,-7.4185884658519745,1.0,1.6100059867490586
142515,-22.257110458103742,-21.82698514761722,7.0,-0.4301253104865239
142561,-35.75717411870223,-57.2583969989204,10.0,21.501222880218165
142654,-6.442732245516044,-5.104997587459201,1.0,-1.337734658056843
142667,-38.90501897747381,-45.24986200783675,20.0,6.344843030362938
142879,-15.256623763160453,-14.455495130336944,4.0,-0.8011286328235094
142887,-13.855700479642127,-12.805057896443557,3.0,-1.0506425831985702
142891,-7.611509156763612,-5.115002849215627,1.0,-2.4965063075479845
142932,-2.176954026971302,-2.7551154038191235,0.0,0.5781613768478215
142970,-15.126213067437057,-16.10270361338867,4.0,0.9764905459516129
142971,-26.262036969622635,-24.94710830980077,8.0,-1.314928659821863
142997,-2.1720621371026017,-3.084886512514975,0.0,0.9128243754123733
143109,-10.689110544635241,-10.440447486183963,2.0,-0.24866305845127812
143227,-5.75772123453868,-6.425751993620252,1.0,0.6680307590815717
143339,-55.868687160750106,-51.83463409088485,23.0,-4.034053069865259
143396,-40.96140720807503,-38.480364439797555,14.0,-2.481042768277476
143698,-22.050738102230138,-20.7549562069942,5.0,-1.2957818952359368
143715,-25.754280350121938,-25.067288547243646,8.0,-0.6869918028782926
143890,-15.129695069891904,-15.460436109623954,4.0,0.33074103973205027
143902,-68.43189372039356,-61.22089849616353,23.0,-7.210995224230032
144025,-15.39960927137163,-15.51733719680702,4.0,0.11772792543538912
144035,-64.94275053341518,-57.20444252466316,29.0,-7.738308008752021
144108,-15.816202885199816,-15.505134364407757,4.0,-0.31106852079205893
144152,-55.37328879812075,-47.59121273219251,18.0,-7.782076065928237
144254,-2.217354494767779,-1.4813409710145136,0.0,-0.7360135237532655
144399,-5.719753949907019,-4.99993240509388,1.0,-0.7198215448131391
144412,-2.1444025493111516,-3.607351978415468,0.0,1.4629494291043166
144454,-6.217627525202222,-5.761773945044669,1.0,-0.4558535801575534
144458,-20.38853532843624,-18.902861759832515,6.0,-1.4856735686037261
144572,-74.11504503544441,-109.03377764713048,28.0,34.91873261168607
144721,-9.025110397511241,-10.760579143594274,2.0,1.7354687460830327
145139,-2.1963825222492335,-0.5701933964141045,0.0,-1.626189125835129
145148,-4.40541595462299,-1.177625112814377,0.0,-3.2277908418086128
145195,-6.4902058810442815,-5.105752692707659,1.0,-1.3844531883366225
145256,-21.114554955534736,-23.34578225140406,7.0,2.2312272958693242
145396,-53.873680891501486,-46.622389476003136,23.0,-7.2512914154983505
145537,-9.654911499743978,-9.470120967759915,2.0,-0.18479053198406348
145588,-65.65595834361663,-56.88231562245704,16.0,-8.77364272115959
145653,-4.64709177263058,-2.3924885456149223,0.0,-2.2546032270156573
145698,-21.474239960379386,-22.86673900466634,7.0,1.3924990442869536
145745,-135.62715020296227,-144.4075063161892,30.0,8.78035611322693
145802,-40.57829808677619,-40.012066267579215,15.0,-0.5662318191969788
145931,-8.195088558453318,-1.4813409710145136,0.0,-6.713747587438804
146045,-2.1353225004131025,-3.1416022316040753,0.0,1.0062797311909728
146141,-12.751823866627022,-11.777516455866806,3.0,-0.9743074107602165
146216,-14.821980379527627,-19.208456751160337,4.0,4.38647637163271
146274,-2.3611581725073365,-2.3924885456149223,0.0,0.031330373107585796
146325,-2.341734639719049,-2.088772687414786,0.0,-0.252961952304263
146380,-9.064311304360624,-8.480951002688139,2.0,-0.5833603016724851
146394,-13.561532121568716,-13.409528282957329,3.0,-0.1520038386113871
146438,-8.118752989133208,-7.980288089310345,2.0,-0.13846489982286325
146441,-12.714356956163531,-14.126379160802134,3.0,1.4120222046386033
146450,-13.052041329960275,-12.597414097347661,3.0,-0.45462723261261395
146510,-15.694944481867733,-17.372746112189773,5.0,1.6778016303220404
146664,-36.95160600334364,-34.89974107381918,13.0,-2.051864929524463
146716,-16.34777194788472,-14.714281704663227,4.0,-1.6334902432214928
146831,-21.961663622116458,-23.9013880943895,8.0,1.939724472273042
146855,-26.708876829321536,-26.93719065719415,9.0,0.2283138278726149
147089,-167.95655293329375,-209.92583939028833,118.0,41.96928645699458
147225,-87.22680143563909,-81.91587949532675,44.0,-5.31092194031234
147230,-13.56806071217058,-12.36006720747947,3.0,-1.2079935046911086
147413,-10.138749313496866,-11.44854301143567,2.0,1.3097936979388027
147436,-12.571251506872796,-11.502961233438299,3.0,-1.0682902734344975
147480,-6.3899316549069,-8.253452570180203,1.0,1.8635209152733028
147704,-39.11739902114493,-44.465758331661235,16.0,5.348359310516308
147729,-5.765768724748538,-5.630136614243573,1.0,-0.13563211050496538
147751,-3.5362190082972575,-2.3924885456149223,0.0,-1.1437304626823352
148123,-65.60359071017788,-60.3753959775988,14.0,-5.228194732579084
148192,-97.43633318293712,-81.61966376545081,41.0,-15.81666941748631
148324,-30.265456358187926,-27.991049562638825,10.0,-2.274406795549101
148434,-14.99518171287052,-16.660956681326606,4.0,1.6657749684560859
148571,-2.237272389484355,-5.1252404826159035,0.0,2.8879680931315486
148674,-15.435914262614203,-13.5851139765499,3.0,-1.8508002860643025
148717,-103.08905094846567,-96.45007475058958,31.0,-6.63897619787609
148778,-23.233270505272085,-25.025096224902658,7.0,1.7918257196305731
148780,-9.91838061342264,-8.646816468314919,2.0,-1.271564145107721
148824,-2.8652897330890696,-1.177625112814377,0.0,-1.6876646202746926
148888,-12.94845686881861,-12.360666779737178,3.0,-0.587790089081432
149034,-16.448410747317524,-22.111835423270094,4.0,5.6634246759525695
149380,-12.615859306877214,-11.749801330574014,3.0,-0.8660579763031997
149435,-28.898203145409894,-26.066533036886828,8.0,-2.831670108523067
149446,-70.2957132088442,-85.60193154404317,18.0,15.306218335198963
149481,-36.550714539214766,-36.78139476967313,14.0,0.23068023045836128
149640,-8.571786479768464,-8.43066468103507,2.0,-0.14112179873339414
149644,-34.43243269166182,-41.5167181454565,9.0,7.084285453794678
149695,-12.924398541304464,-11.664613407260543,3.0,-1.2597851340439217
149771,-170.04883202890096,-149.97646414292186,124.0,-20.072367885979105
149801,-10.222619298284304,-10.621920724088847,2.0,0.3993014258045431
149894,-3.2703708080703584,-1.7850568292146498,0.0,-1.4853139788557086
149976,-6.032136040817392,-4.99993240509388,1.0,-1.032203635723512
150017,-2.205586324073903,-2.9999202620151957,0.0,0.7943339379412926
150117,-38.266517750476446,-40.600639796390965,14.0,2.334122045914519
150284,-2.2813449270646124,-1.8104923012447072,0.0,-0.4708526258199053
150291,-13.257795286471382,-16.79226782786546,3.0,3.534472541394077
150314,-87.31221634540245,-64.95946144686698,26.0,-22.352754898535466
150482,-47.35233562885704,-46.528017303686624,14.0,-0.8243183251704167
150493,-10.701504913084689,-9.145514076921303,2.0,-1.5559908361633852
150575,-14.228675649474486,-14.993175955130932,4.0,0.7645003056564459
150606,-12.182038635506771,-13.190055390828627,3.0,1.0080167553218562
150640,-3.016022411018618,-5.733362985816423,0.0,2.717340574797805
150830,-21.069893978234504,-19.968189600946125,6.0,-1.1017043772883781
150931,-2.00885421635806,-6.644510560416832,0.0,4.635656344058773
150946,-19.49313539561199,-20.851706173062254,5.0,1.3585707774502644
150981,-9.131738759975862,-8.628461132743055,2.0,-0.5032776272328068
151032,-28.81295178367037,-28.587611165650962,10.0,-0.22534061801940908
151362,-56.55943123511315,-52.98291954319664,21.0,-3.576511691916515
151378,-14.667560643627132,-17.1776217546464,4.0,2.510061111019267
151435,-3.170633267433803,-1.7850568292146498,0.0,-1.3855764382191533
151518,-5.930430997573227,-4.860659311920478,1.0,-1.069771685652749
151562,-7.49673462212629,-41.77979599375889,1.0,34.2830613716326
151572,-15.041596854741014,-21.3212082240323,4.0,6.2796113692912865
151597,-2.631969616014709,-4.518499553015877,0.0,1.8865299370011681
151831,-2.088691573851108,-2.098944001181821,0.0,0.010252427330712965
152041,-2.382761353046966,-1.4813409710145136,0.0,-0.9014203820324522
152183,-65.1982894081474,-60.57755054979557,29.0,-4.620738858351835
152275,-21.58441877212634,-18.42205136195775,5.0,-3.162367410168592
152443,-8.304569105125884,-6.563861751401737,1.0,-1.7407073537241464
152613,-9.429862301926185,-9.59359004733949,2.0,0.16372774541330415
152614,-6.571343934270888,-5.196850991484872,1.0,-1.3744929427860155
152761,-50.78230752781065,-50.54434104876945,21.0,-0.23796647904119794
152782,-52.37104469051207,-60.76737143920733,23.0,8.396326748695259
152856,-13.27268533764944,-12.367573955952503,3.0,-0.905111381696937
152876,-9.519480920413102,-9.424591205026,2.0,-0.09488971538710267
152926,-27.094355524105072,-27.131997119105648,9.0,0.037641595000575734
152927,-29.55981649617749,-27.39104081854985,8.0,-2.1687756776276395
153120,-2.174356691924975,-0.266477538213968,0.0,-1.907879153711007
153352,-44.18272112784636,-46.92086230130909,15.0,2.7381411734627363
153427,-11.800956303020639,-11.867448319872048,3.0,0.06649201685140937
153448,-14.008855351357326,-14.812956082401115,4.0,0.8041007310437891
153533,-22.684209704100283,-22.7995566740473,7.0,0.11534696994701577
153539,-2.325465061973988,-1.7850568292146498,0.0,-0.5404082327593382
153745,-89.87846618341351,-68.7353188271783,33.0,-21.143147356235204
153777,-20.97007027501395,-18.507714763791903,5.0,-2.4623555112220465
153790,-16.835382332068537,-18.408563451076233,5.0,1.573181119007696
153956,-37.69663386998068,-62.268268654690075,7.0,24.571634784709396
153995,-2.163950179697442,-1.4715037827166582,0.0,-0.6924463969807839
154032,-40.79016015786305,-41.378484304539924,17.0,0.5883241466768752
154081,-23.423280329047984,-23.16496904410195,5.0,-0.25831128494603206
154091,-45.98002632062448,-43.15351363423887,18.0,-2.8265126863856125
154096,-34.67452821720054,-35.24986078769937,12.0,0.5753325704988299
154112,-49.39978567532036,-52.24390959067301,17.0,2.844123915352654
154174,-19.460337406564364,-17.33115864097415,5.0,-2.129178765590215
154177,-11.502497023026837,-11.527057856833213,3.0,0.02456083380637608
154188,-20.021600004283407,-20.306287744097457,6.0,0.28468773981404993
154208,-45.75010707150756,-57.39032370463732,25.0,11.64021663312976
154218,-24.305293296376398,-22.045451013883625,6.0,-2.259842282492773
154259,-114.13946830335016,-104.80557147311869,70.0,-9.333896830231467
154329,-2.3286040544427626,-1.4813409710145136,0.0,-0.8472630834282491
154403,-18.63668710358844,-17.971344536335533,5.0,-0.6653425672529067
154540,-53.911231057812714,-58.89782457747081,16.0,4.9865935196580935
154696,-9.358819012082654,-9.200907314141281,2.0,-0.1579116979413726
154697,-13.908622525382642,-17.76495011411809,3.0,3.8563275887354482
154705,-21.88435350475748,-21.03594441984231,7.0,-0.848409084915172
154775,-5.885005486463983,-7.054988984136219,1.0,1.169983497672236
154823,-2.4022771702273684,-0.266477538213968,0.0,-2.1357996320134003
154914,-11.562046446090234,-12.064116040998185,3.0,0.502069594907951
154937,-21.03039242609814,-19.478754186511566,5.0,-1.5516382395865733
155048,-23.524257327991506,-23.638856404196645,7.0,0.11459907620513832
155055,-11.006389343057519,-8.75457722425589,2.0,-2.251812118801629
155179,-19.881616797925275,-29.713553926228254,5.0,9.831937128302979
155218,-22.253398596659224,-21.441099389327135,7.0,-0.8122992073320887
155232,-2.1075407497365264,-2.1279335603371594,0.0,0.020392810600633027
155245,-48.52529342495243,-46.588851896138934,19.0,-1.9364415288134964
155262,-80.69695419859926,-69.04932189392927,34.0,-11.647632304669983
155331,-29.594230529004413,-29.952013537554542,10.0,0.357783008550129
155364,-24.76567724134843,-31.133403213882126,8.0,6.3677259725336945
155435,-6.505077569983663,-4.932499085689861,1.0,-1.5725784842938015
155570,-8.600000254044005,-8.457635804890304,2.0,-0.1423644491537015
155708,-6.413487404753899,-5.010387054995299,1.0,-1.4031003497586
155779,-2.1600010355831905,-1.4885543858120807,0.0,-0.6714466497711098
155841,-11.6296749041314,-11.58659076175835,3.0,-0.04308414237305058
155932,-89.38186444454273,-78.06604823240035,35.0,-11.31581621214238
155936,-13.375535484869424,-13.563101125152683,3.0,0.18756564028325862
156007,-20.69109739496965,-20.666202778340818,6.0,-0.0248946166288313
156021,-15.83004963998652,-20.19578725588473,4.0,4.365737615898212
156094,-9.79869730759729,-9.358111589909075,2.0,-0.4405857176882151
156337,-10.693717372330974,-8.469109072557952,2.0,-2.2246082997730223
156376,-3.707258798662583,-0.8739092546142408,0.0,-2.8333495440483425
156381,-2.0426439425644314,-1.7850568292146498,0.0,-0.25758711334978157
156398,-29.99041666979744,-30.71563294599314,11.0,0.7252162761956988
156531,-35.87316286570817,-33.360562658455905,13.0,-2.5126002072522624
156604,-22.019649338407206,-21.715395678608758,6.0,-0.304253659798448
156616,-15.334083891950453,-14.84520328626186,3.0,-0.4888806056885926
156625,-2.935859801146921,-1.7850568292146498,0.0,-1.1508029719322712
156640,-70.08549358793648,-78.1220544840198,16.0,8.036560896083316
156736,-6.968770237166678,-6.388202544036404,1.0,-0.5805676931302743
156983,-9.386781626290984,-9.019449090602864,2.0,-0.36733253568812074
157048,-2.421682561285331,-1.177625112814377,0.0,-1.2440574484709541
157211,-33.355738821031466,-37.09852805947152,14.0,3.7427892384400536
157242,-46.80409088194451,-50.66464408409898,22.0,3.8605532021544704
157333,-34.586340992879244,-32.40538393951183,13.0,-2.1809570533674147
157381,-72.26552931278323,-60.23400567815058,25.0,-12.031523634632649
157427,-30.29793140653049,-30.687527512502953,9.0,0.38959610597246197
157459,-17.11521766551297,-16.701131739406897,4.0,-0.41408592610607187
157489,-12.018172492680122,-11.578182034791801,3.0,-0.4399904578883209
157526,-33.52773728968294,-33.697242467049485,13.0,0.16950517736654547
157587,-12.37672127001589,-11.657024997559189,3.0,-0.7196962724567015
157617,-2.3106084221868235,-2.4473765507577196,0.0,0.13676812857089615
157618,-24.844440296455954,-22.70896291248968,7.0,-2.135477383966272
157682,-9.274994229942758,-9.943307480552207,2.0,0.6683132506094491
157766,-20.455798505252023,-21.209077408703706,6.0,0.7532789034516831
157794,-2.7725203768872086,-4.504148902794921,0.0,1.7316285259077127
157864,-2.311658065404884,-0.7251705942276048,0.0,-1.5864874711772794
157938,-24.021020240061993,-22.244447587298048,7.0,-1.7765726527639458
158027,-6.157547935075444,-5.274189847854837,1.0,-0.883358087220607
158068,-28.88252121095934,-26.313916162846212,7.0,-2.5686050481131275
158388,-25.78277058917175,-26.50218308688495,7.0,0.7194124977132006
158407,-28.19434105924003,-29.719069708076542,8.0,1.5247286488365113
158484,-35.50343976851988,-31.112176369800892,10.0,-4.391263398718991
158544,-30.83707329001511,-32.38269337265937,12.0,1.545620082644259
158558,-23.74200141198872,-22.521255777991726,6.0,-1.2207456339969944
158648,-15.38222241073247,-14.842917030460027,4.0,-0.5393053802724435
158905,-3.2116123707965665,-0.6250334561147853,0.0,-2.5865789146817812
159004,-11.875497174728855,-14.130482546066021,3.0,2.254985371337167
159024,-14.245143604171123,-16.89090847934312,3.0,2.6457648751719987
159041,-33.46564561155122,-31.68791403451948,11.0,-1.7777315770317372
159079,-5.945283901034304,-9.138640392409343,1.0,3.193356491375039
159092,-27.361327014795094,-25.77693865370602,7.0,-1.5843883610890757
159206,-10.065499300321195,-9.358111589909075,2.0,-0.7073877104121191
159245,-47.842649134734025,-40.91934380176236,17.0,-6.923305332971665
159334,-31.027172916029425,-28.99462493311203,10.0,-2.0325479829173965
159367,-3.842337934893736,-1.177625112814377,0.0,-2.664712822079359
159705,-46.79884293318327,-78.83432911799964,19.0,32.03548618481637
159728,-19.65365656871235,-21.793376585414393,7.0,2.139720016702043
159730,-6.436563349213558,-5.5206212455659625,1.0,-0.9159421036475957
159731,-17.897086655144765,-17.477140200988874,5.0,-0.41994645415589105
159758,-12.586704220995076,-18.687876862435573,3.0,6.101172641440497
159780,-2.118554271350376,-2.3924885456149223,0.0,0.2739342742645463
159797,-2.0709021044953873,-3.607351978415468,0.0,1.536449873920081
159816,-20.17108557021357,-20.15333100358856,5.0,-0.017754566625011847
159823,-12.76846327106446,-11.624621916810481,3.0,-1.1438413542539791
159872,-2.773291479776603,-1.5438857056296929,0.0,-1.22940577414691
159884,-11.821964341708382,-11.813893727606454,2.0,-0.008070614101928442
159928,-2.839312182014121,-1.177625112814377,0.0,-1.661687069199744
159962,-6.316769370122902,-11.032109735160942,1.0,4.71534036503804
160056,-14.599154187263371,-17.991501656929653,4.0,3.392347469666282
160063,-19.780933740622217,-20.863966925668677,6.0,1.0830331850464603
160091,-12.444537848183426,-18.413004672594443,2.0,5.968466824411017
160110,-29.205383353987923,-25.45014264768585,8.0,-3.7552407063020716
160348,-14.054665510732502,-12.523604931310269,3.0,-1.531060579422233
160548,-20.46965793379048,-18.88956463592411,5.0,-1.5800932978663695
160728,-40.54064974802018,-35.47705102622372,13.0,-5.06359872179646
160735,-21.757100218962787,-24.037299406356905,7.0,2.2801991873941176
160764,-17.384551312114308,-16.712838288028447,5.0,-0.6717130240858609
160813,-2.2515037966431612,-2.3924885456149223,0.0,0.14098474897176105
161275,-81.8921249513838,-77.10209739457439,31.0,-4.79002755680942
161363,-16.50994848354051,-15.057905769600813,4.0,-1.4520427139396954
161443,-12.617298790906448,-13.830560273050164,3.0,1.2132614821437162
161563,-4.605600521636136,-1.4813409710145136,0.0,-3.1242595506216224
161673,-13.170768943784338,-12.00962657386302,3.0,-1.1611423699213184
161708,-10.015221445609958,-9.658776790543207,2.0,-0.3564446550667508
161799,-5.955590539535791,-5.665559378336784,1.0,-0.29003116119900696
161827,-13.81073421827372,-13.870634057291099,3.0,0.05989983901737972
161869,-13.731348151384134,-13.745763929532764,3.0,0.014415778148629599
161897,-24.657745446234053,-23.31808337654037,7.0,-1.3396620696936843
162145,-24.942397336971418,-24.97115069348482,7.0,0.02875335651340194
162192,-9.967845087583488,-8.785604912935566,2.0,-1.1822401746479212
162243,-15.268964314049843,-9.01270918463387,2.0,-6.2562551294159725
162329,-16.670828178251725,-18.121546774132327,4.0,1.450718595880602
162468,-5.388321456357766,-1.177625112814377,0.0,-4.210696343543389
162666,-13.291855538253255,-13.04844956881153,3.0,-0.2434059694417261
162693,-10.495994151813266,-9.568586191139818,2.0,-0.9274079606734471
162831,-2.224688105092414,-0.7193434114444289,0.0,-1.5053446936479848
162885,-5.520215537121239,-5.072498752081576,1.0,-0.4477167850396633
162915,-12.907951942828248,-12.321170395553168,3.0,-0.5867815472750806
163004,-2.453453418222809,-0.266477538213968,0.0,-2.186975880008841
163024,-18.490063635070744,-18.268928609059294,4.0,-0.2211350260114493
163092,-5.596886955440381,-4.948832623984218,1.0,-0.6480543314561622
163175,-5.980166012726074,-5.445931706946575,1.0,-0.5342343057794992
163187,-82.2879896012358,-101.51147444291672,41.0,19.22348484168093
163201,-52.993855449972386,-51.10202007723021,24.0,-1.8918353727421788
163279,-6.054933588828801,-5.427323931355463,1.0,-0.6276096574733376
163331,-46.30925207897509,-37.585890830105086,11.0,-8.723361248870006
163343,-2.202493925700616,-1.177625112814377,0.0,-1.024868812886239
163452,-12.633756595315003,-11.533508855195349,3.0,-1.100247740119654
163505,-21.385065480118328,-20.31636511157878,6.0,-1.0687003685395489
163593,-22.339772032493173,-23.523750202897933,6.0,1.1839781704047603
163626,-21.317209626407504,-19.887364232137564,6.0,-1.4298453942699396
163763,-6.0247364350091,-6.030606226755594,1.0,0.0058697917464947125
163818,-8.346531462086686,-8.431982944144032,2.0,0.08545148205734598
163861,-30.47668330893983,-30.487406310454293,10.0,0.010723001514463704
163942,-101.60959084139611,-121.91084359502652,40.0,20.301252753630408
164069,-23.658000169929178,-21.687094876535543,6.0,-1.9709052933936348
164127,-36.748519335585016,-34.232025065914826,11.0,-2.51649426967019
164217,-2.3829693847091846,-2.9999202620151957,0.0,0.6169508773060111
164315,-2.0167286725297693,-1.177625112814377,0.0,-0.8391035597153922
164364,-19.979746106378066,-19.41557412007303,6.0,-0.5641719863050376
164417,-13.83413238241182,-12.36345285181138,3.0,-1.4706795306004405
164503,-37.874076355086565,-35.84299281604975,14.0,-2.031083539036814
164694,-36.372016083642784,-37.76658580358837,13.0,1.3945697199455864
164914,-3.266906328103944,-2.6962044038150594,0.0,-0.5707019242888847
165018,-11.75347983563665,-13.30839433995463,3.0,1.5549145043179795
165051,-7.391172494983907,-5.001617419588248,1.0,-2.389555075395659
165122,-65.90243140796525,-73.07533427811336,29.0,7.172902870148107
165145,-27.900473104662677,-24.025474285551947,6.0,-3.874998819110729
165209,-2.8080483074300426,-1.4813409710145136,0.0,-1.326707336415529
165238,-10.037599978892931,-7.536306110064709,1.0,-2.5012938688282222
165259,-9.670675703300972,-9.438870280127357,2.0,-0.23180542317361486
165329,-9.954458043200708,-8.691111005539904,2.0,-1.2633470376608038
165341,-13.976777735343855,-18.474331113995866,4.0,4.497553378652011
165344,-20.678636128489355,-26.923977935598842,4.0,6.245341807109487
165366,-20.401117223806736,-19.845160508908112,6.0,-0.555956714898624
165529,-3.0142968764569806,-4.518499553015877,0.0,1.5042026765588963
165598,-20.720724510128665,-19.100259820872417,6.0,-1.6204646892562486
165609,-10.075481356240598,-9.273387483772563,2.0,-0.8020938724680349
165621,-26.35581909093045,-23.5949738133625,8.0,-2.760845277567949
165633,-5.877722221485433,-6.51869466513347,1.0,0.6409724436480371
165667,-9.418450350512058,-8.734522021812472,2.0,-0.6839283286995865
165716,-7.69846025489216,-10.093844114843392,2.0,2.3953838599512327
165755,-49.04319279317665,-66.58057822845282,17.0,17.53738543527617
166049,-32.74043446656902,-34.35409060958994,11.0,1.6136561430209184
166196,-2.340484120554247,-0.8739092546142408,0.0,-1.4665748659400062
166401,-6.229051812726317,-6.878287020409722,1.0,0.6492352076834056
166466,-19.11184996933498,-20.632730854206216,5.0,1.5208808848712358
166477,-19.603794893729162,-21.059175013571185,6.0,1.4553801198420224
166676,-17.64427093637128,-25.11113528335245,6.0,7.466864346981168
166713,-2.8271456120011655,-4.2147836948157416,0.0,1.387638082814576
166771,-10.211984785468214,-9.21865619528925,2.0,-0.9933285901789635
166858,-20.97584342421041,-22.55478374353312,6.0,1.5789403193227116
166868,-35.08987763303657,-39.62148343358857,12.0,4.531605800552001
166981,-18.268665806300447,-18.5929390948992,5.0,0.3242732885987536
167018,-60.316684234442405,-51.57587950220201,27.0,-8.740804732240399
167137,-2.7223850141398227,-0.5640867128317534,0.0,-2.1582983013080694
167173,-40.04731418121753,-37.838992438169846,16.0,-2.2083217430476836
167340,-8.840859443577008,-8.725789974955767,2.0,-0.11506946862124146
167437,-35.962174071019994,-31.784858598666208,8.0,-4.177315472353786
167479,-10.159604293481584,-9.285262807099873,2.0,-0.8743414863817112
167484,-6.175968518118044,-5.384468114757993,1.0,-0.7915004033600503
167488,-24.39277534940161,-22.643696677179296,7.0,-1.7490786722223142
167659,-12.938288314752775,-12.46784893168842,3.0,-0.4704393830643543
167689,-12.112841700714814,-12.179375450629168,3.0,0.06653374991435435
167779,-9.59319571019368,-8.934117968505108,2.0,-0.6590777416885718
167785,-29.177234207538845,-27.042159810957237,9.0,-2.135074396581608
167871,-24.561266447760996,-22.921745698033206,6.0,-1.6395207497277902
167988,-5.833411776611659,-5.320779121580346,1.0,-0.5126326550313136
168166,-9.924832650807197,-9.04166245630801,2.0,-0.8831701944991863
168242,-6.130946949038786,-5.483108766235657,1.0,-0.6478381828031292
168310,-22.282216919033893,-21.979921898581313,7.0,-0.30229502045257917
168461,-31.079327420708275,-29.347953826207263,10.0,-1.7313735945010116
168474,-36.44396779618617,-37.39148091717594,12.0,0.9475131209897683
168489,-6.159057706298825,-5.603236847542285,1.0,-0.5558208587565403
168667,-37.750992739960864,-36.83303922372195,15.0,-0.9179535162389172
168697,-3.5252991546770454,-6.037078844016559,0.0,2.5117796893395137
168825,-16.80955547141235,-19.574360982078986,6.0,2.764805510666637
168869,-26.435884589920175,-26.688494145663597,9.0,0.2526095557434225
168906,-32.373603127037995,-30.906022767932456,12.0,-1.4675803591055399
168958,-2.584314506520226,-1.4813409710145136,0.0,-1.1029735355057126
168995,-19.282231042030137,-17.45436413394032,5.0,-1.8278669080898169
169005,-2.67785910167848,-7.555658135017241,0.0,4.877799033338761
169055,-43.45579466293185,-46.637120524426905,19.0,3.181325861495054
169086,-6.007473320609634,-5.486989563550703,1.0,-0.5204837570589307
169254,-6.50322056154659,-4.936506470905728,1.0,-1.566714090640862
169255,-37.126896750379984,-36.62192348895031,13.0,-0.5049732614296758
169301,-15.258576311015242,-14.775833369132615,4.0,-0.482742941882627
169309,-57.11543606647204,-55.713091712641145,23.0,-1.4023443538308982
169378,-2.123483891863398,-1.7850568292146498,0.0,-0.3384270626487482
169389,-2.146768668787374,-1.4813409710145136,0.0,-0.6654276977728606
169439,-15.645210147290518,-17.507096513448417,4.0,1.8618863661578988
169445,-8.795412742471784,-8.603808150919193,2.0,-0.19160459155259169
169556,-28.35888002864996,-26.549306799021192,10.0,-1.8095732296287679
169559,-9.464441650814539,-9.339502470019927,2.0,-0.12493918079461253
169714,-19.3132912975122,-19.502275287451997,6.0,0.18898398993979626
169764,-11.603161776876522,-9.891035225041422,2.0,-1.7121265518350999
170041,-23.96012250949038,-24.93437316075581,7.0,0.9742506512654323
170098,-6.062472208404608,-5.823099659793738,2.0,-0.23937254861086998
170136,-27.05056314911715,-27.842534125772303,8.0,0.7919709766551541
170251,-29.685433246090515,-52.74956772518232,11.0,23.064134479091802
170287,-18.076441759845768,-15.652916093250303,4.0,-2.4235256665954648
170305,-5.659554589918636,-4.8884765458815425,1.0,-0.7710780440370932
170385,-24.703336728026397,-23.55357475025611,7.0,-1.1497619777702859
170536,-60.44076543112158,-49.16266094898755,19.0,-11.278104482134026
170645,-39.3840001993487,-36.617466393779175,12.0,-2.766533805569523
170699,-65.27824689283763,-85.46315456536581,33.0,20.184907672528183
170877,-32.21360796561227,-29.837288536167662,10.0,-2.3763194294446066
170954,-2.8101295459672415,-3.911067836615605,0.0,1.1009382906483633
171003,-46.99197496865357,-40.42397299768401,13.0,-6.568001970969561
171103,-21.723423593964903,-19.83032102070058,6.0,-1.893102573264322
171323,-2.554862960899675,-1.2218829098681354,0.0,-1.3329800510315395
171333,-8.743125167172195,-9.458049510757775,2.0,0.7149243435855794
171431,-50.820390223532996,-45.54183772723335,16.0,-5.278552496299646
171610,-13.341722681275654,-15.919383627201292,3.0,2.577660945925638
171754,-13.023405457093027,-12.678479131392532,3.0,-0.3449263257004951
171774,-49.72597805706143,-47.85382923008871,24.0,-1.872148826972726
171823,-2.433778286408794,-2.6962044038150594,0.0,0.26242611740626565
171918,-2.1689904321582634,-1.7850568292146498,0.0,-0.38393360294361356
171945,-9.024623345405159,-10.701232220174479,2.0,1.67660887476932
171951,-22.126583150699187,-21.914360619079563,7.0,-0.21222253161962357
172025,-7.943592171350269,-8.514564296178479,2.0,0.5709721248282102
172082,-5.916425538450166,-5.088859988630924,1.0,-0.8275655498192416
172179,-41.6848930139607,-62.52855948086685,18.0,20.84366646690615
172182,-9.650301445738705,-8.60917623115064,2.0,-1.0411252145880656
172187,-38.00312095913194,-35.005319191393866,13.0,-2.997801767738075
172195,-17.957512347530926,-19.71249714873365,4.0,1.754984801202724
172242,-4.915036731309598,-0.9498199554977714,0.0,-3.965216775811827
172245,-15.59825101758877,-16.113019605344334,4.0,0.5147685877555634
172249,-14.07277561959121,-11.580263280788365,3.0,-2.492512338802845
172275,-2.6162193244989402,-0.9417298138362461,0.0,-1.6744895106626942
172335,-14.68477281845189,-17.119211895522326,4.0,2.4344390770704365
172431,-5.767459061720107,-7.417396267836949,1.0,1.6499372061168422
172511,-6.705650893870904,-6.388202544036404,1.0,-0.31744834983449977
172586,-29.912991334468984,-30.014483568882852,11.0,0.10149223441386823
172674,-57.662901648087384,-54.277883444947925,21.0,-3.3850182031394596
172759,-8.702581808430113,-10.487154076411041,2.0,1.7845722679809288
172942,-6.463784506540917,-5.260050935276964,1.0,-1.2037335712639532
173046,-6.731547412763227,-4.956360680798732,1.0,-1.775186731964495
173073,-18.516208212548595,-19.038848622521886,6.0,0.5226404099732918
173109,-6.808656544744106,-6.496532155635943,1.0,-0.3121243891081624
173113,-16.714524498441545,-17.89567946372568,5.0,1.1811549652841364
173204,-9.70818034938266,-8.955661348116614,2.0,-0.7525190012660463
173228,-2.350328933247833,-2.088772687414786,0.0,-0.26155624583304693
173292,-57.611985455558994,-47.80552550065404,16.0,-9.806459954904952
173382,-2.9643329449277402,-0.8739092546142408,0.0,-2.090423690313499
173408,-16.309291312795942,-16.190510528390874,4.0,-0.11878078440506812
173414,-52.81712743059374,-50.41233501764099,23.0,-2.4047924129527516
173441,-15.585766651373836,-17.497253812647816,4.0,1.91148716127398
173465,-6.660748288065077,-6.761931535929164,1.0,0.10118324786408728
173541,-16.157819116476343,-14.952916285106301,4.0,-1.2049028313700418
173555,-46.888527962809675,-54.32133297257922,22.0,7.432805009769545
173571,-21.527717365505822,-19.78635959798863,6.0,-1.7413577675171936
173643,-2.061367650811579,-1.7850568292146498,0.0,-0.2763108215969292
173674,-56.18070091827939,-50.27273088689736,18.0,-5.907970031382035
173705,-5.89308260609571,-5.023475079593118,1.0,-0.869607526502592
173814,-20.34235685982891,-18.7509636165904,4.0,-1.5913932432385103
173829,-7.857312237165642,-9.760621311909375,1.0,1.9033090747437331
173830,-27.279251826068624,-24.962581823687962,8.0,-2.3166700023806612
173886,-25.69439266662175,-25.019548350685973,8.0,-0.6748443159357755
174100,-29.01487211190599,-49.147764470813314,14.0,20.132892358907323
174108,-9.569285322166515,-8.504079419336865,2.0,-1.0652059028296499
174109,-21.56101998937093,-23.462173725133447,6.0,1.9011537357625166
174139,-19.323063914738338,-17.491214827766697,5.0,-1.8318490869716406
174154,-16.76629096414179,-15.793275605720762,4.0,-0.9730153584210264
174208,-2.1936013764376456,-2.9999202620151957,0.0,0.80631888557755
174241,-30.118299234617446,-28.917392374469298,9.0,-1.200906860148148
174290,-29.770034770341073,-27.866410149193925,10.0,-1.9036246211471486
174504,-27.581182296094063,-28.712113820756738,9.0,1.1309315246626745
174510,-5.864375917508589,-5.0796376460582175,1.0,-0.7847382714503714
174644,-19.52109406634147,-22.0668923490577,5.0,2.5457982827162304
174647,-109.66664532373379,-98.03685898411214,55.0,-11.629786339621646
174762,-18.14222057784956,-30.315110388680996,5.0,12.172889810831435
174928,-40.36782725848429,-19.227160992890006,5.0,-21.140666265594284
174985,-16.217400262451115,-17.235011668185084,4.0,1.0176114057339696
175012,-5.367328493552778,-6.021718115983406,1.0,0.654389622430628
175044,-6.614755884809079,-4.997165442171019,1.0,-1.6175904426380603
175047,-3.0814869033148926,-1.4813409710145136,0.0,-1.600145932300379
175165,-91.02069183393347,-84.73162399823602,51.0,-6.289067835697452
175286,-8.705270866720804,-9.623581307016215,2.0,0.9183104402954108
175439,-46.194817833545166,-63.10478301415211,19.0,16.909965180606946
175493,-15.413344637944755,-17.102372037080443,4.0,1.6890273991356874
175663,-29.308566054895692,-27.085209307721787,8.0,-2.2233567471739057
175672,-5.67000685106878,-4.989319647917328,1.0,-0.6806872031514519
175687,-10.598271861457452,-12.500083563953261,3.0,1.9018117024958094
175790,-2.008854181148872,-3.531738668191766,0.0,1.5228844870428944
175867,-2.1967238099617745,-1.2741685581897129,0.0,-0.9225552517720617
175887,-5.788451820465585,-6.115832948366299,1.0,0.32738112790071483
175984,-12.364340579191133,-14.307996110849395,3.0,1.943655531658262
176014,-6.047593045696064,-4.915188849829001,1.0,-1.1324041958670632
176266,-27.034456506930077,-26.01871801463153,8.0,-1.0157384922985457
176335,-12.43131016348557,-12.672883857989536,3.0,0.24157369450396615
176448,-19.852939581738447,-20.93977701771242,5.0,1.0868374359739725
176454,-24.274213950468635,-31.32934259462878,8.0,7.0551286441601455
176474,-38.3860297734837,-34.652735111375165,11.0,-3.733294662108534
176522,-24.321170920007795,-24.30976505126615,7.0,-0.011405868741643843
176532,-5.107158423595083,-4.985127796563328,1.0,-0.12203062703175505
176578,-2.900242746058246,-2.4490584612315653,0.0,-0.4511842848266805
176628,-27.160342668094955,-29.065219833674284,9.0,1.9048771655793288
176804,-4.986356719737278,-1.7850568292146498,0.0,-3.2012998905226278
176805,-13.762314621176433,-15.497155943093501,4.0,1.7348413219170684
176848,-21.14008396104364,-22.64461666010907,5.0,1.5045326990654289
176999,-9.50613555013235,-9.561476949983664,2.0,0.055341399851313255
177013,-48.710812324898605,-43.55071158516032,16.0,-5.160100739738283
177034,-2.461155934720849,-4.214589977425929,0.0,1.7534340427050799
177099,-10.646195295295849,-9.339502470019927,2.0,-1.3066928252759222
177234,-10.953946014535799,-27.222483227951933,2.0,16.268537213416135
177276,-9.456147862447027,-9.43808567279903,2.0,-0.01806218964799733
177345,-11.922255199035082,-12.536194641854433,3.0,0.6139394428193512
177383,-9.885692440879819,-8.651712083127567,2.0,-1.2339803577522517
177469,-2.7577617744909872,-2.324755020838351,0.0,-0.4330067536526361
177483,-31.606454631386796,-32.37079649601245,11.0,0.7643418646256563
177570,-17.208236737115854,-18.988035336549274,4.0,1.7797985994334198
177637,-16.16267539858507,-15.795243576677095,4.0,-0.3674318219079744
177814,-28.564309054116165,-31.01761439002772,8.0,2.453305335911555
177842,-2.2453020710240046,-1.8104923012447072,0.0,-0.4348097697792974
178034,-9.084482529265747,-11.25782413711487,2.0,2.173341607849123
178112,-11.320636901267779,-12.287084971709431,1.0,0.9664480704416523
178174,-6.122998114945101,-5.139193624797438,1.0,-0.983804490147663
178253,-20.024790547543457,-23.751691032863896,6.0,3.7269004853204386
178299,-2.762682181046896,-4.2353076549759106,0.0,1.4726254739290146
178503,-11.107123723100205,-8.576680043276996,2.0,-2.5304436798232093
178517,-26.316226092760154,-25.658664504193784,6.0,-0.6575615885663701
178522,-37.09930287695504,-38.50408379053371,13.0,1.4047809135786693
178562,-73.28327905600719,-79.57476830317037,40.0,6.2914892471631845
178583,-31.590615374198524,-28.183781251745295,10.0,-3.4068341224532297
178606,-16.99078180859431,-20.089705943380157,5.0,3.0989241347858467
178607,-10.709831407761431,-10.016892822633,2.0,-0.6929385851284309
178630,-54.45683505766523,-53.54671461358872,20.0,-0.9101204440765116
178655,-2.0475023567075135,-2.088772687414786,0.0,0.041270330707272596
178666,-5.8431384960022665,-5.9018013096913755,1.0,0.05866281368910897
178686,-2.8232318982611435,-12.94407496061485,0.0,10.120843062353707
178787,-4.827033240185254,-0.8739092546142408,0.0,-3.953123985571013
178844,-28.182550742543885,-26.577428579685492,8.0,-1.6051221628583932
178921,-9.218464445947633,-6.711570039703235,1.0,-2.506894406244398
179009,-5.69594777803655,-5.893110044514212,1.0,0.19716226647766177
179092,-5.829825308065707,-5.018095821323652,1.0,-0.8117294867420544
179124,-29.891952684231494,-32.85740091342855,10.0,2.9654482291970545
179224,-17.548070830888545,-17.18153170692179,5.0,-0.36653912396675636
179284,-21.21492605374017,-18.95499459553324,6.0,-2.259931458206932
179542,-46.313913951221664,-40.74209554069788,14.0,-5.5718184105237825
179621,-10.358860651191003,-9.88820517168661,2.0,-0.47065547950439246
179800,-19.316379722664497,-17.6045927664265,5.0,-1.7117869562379973
179819,-49.01333366269756,-60.38735883387462,20.0,11.37402517117706
179826,-6.1234780426677275,-5.0604151978996335,1.0,-1.063062844768094
179882,-2.226119575552314,-1.4813409710145136,0.0,-0.7447786045378004
180042,-2.542636640458827,-1.4813409710145136,0.0,-1.0612956694443136
180078,-20.022172357784736,-17.428517042498008,5.0,-2.5936553152867283
180301,-5.982299716125362,-6.800931922293325,1.0,0.8186322061679627
180349,-42.29605667441091,-39.6201823322707,12.0,-2.6758743421402116
180365,-2.7198999482985444,-3.911067836615605,0.0,1.1911678883170604
180466,-21.733442036058833,-22.25202030163969,7.0,0.5185782655808566
180480,-2.1101199990971717,-4.822215411216014,0.0,2.7120954121188423
180775,-6.956964748738332,-5.052845898334015,1.0,-1.9041188504043172
180801,-2.0291839173319333,-2.6962044038150594,0.0,0.6670204864831262
180898,-14.998261335278947,-15.15148756571738,4.0,0.15322623043843286
181060,-2.1212469827480636,-0.9339073355424331,0.0,-1.1873396472056306
181071,-2.182902727363347,-1.4813409710145136,0.0,-0.7015617563488332
181131,-18.74833556225934,-22.819317994767164,5.0,4.070982432507826
181281,-5.911408807831848,-5.068569676511637,1.0,-0.8428391313202113
181298,-12.28465225098015,-11.617949794122813,3.0,-0.6667024568573368
181543,-2.9377577491887794,-1.4813409710145136,0.0,-1.4564167781742658
181635,-8.743723384767428,-9.14144779128712,2.0,0.39772440651969276
181636,-14.928686371073614,-14.484324106602708,4.0,-0.44436226447090554
181646,-22.73624038871062,-25.055830681003695,7.0,2.319590292293075
181686,-18.725390333824794,-21.217528170727658,5.0,2.492137836902863
181719,-15.256965157643982,-14.187594466266196,4.0,-1.0693706913777863
181731,-50.17116420352785,-49.89910706912976,20.0,-0.2720571343980893
181877,-29.2298392397075,-32.916724935964744,9.0,3.686885696257246
181940,-58.74736961667915,-51.29949965407216,21.0,-7.447869962606994
182012,-18.76672763053508,-27.265315230928927,5.0,8.498587600393847
182035,-29.526558491365442,-26.213509845687124,8.0,-3.313048645678318
182061,-5.876342421471699,-5.690105509494671,1.0,-0.1862369119770273
182100,-28.654520064520533,-29.533023972414792,7.0,0.8785039078942596
182263,-71.56909692779193,-69.37696645561535,18.0,-2.1921304721765864
182568,-8.583450715522831,-9.106254829506696,2.0,0.5228041139838648
182583,-2.008854120817303,-6.037078844016559,0.0,4.028224723199256
182603,-19.312150078663247,-17.783974357623656,5.0,-1.5281757210395917
182838,-63.51345137072834,-77.53541475792201,20.0,14.021963387193672
182989,-6.733719758496436,-8.468984923557953,1.0,1.7352651650615165
183023,-12.026898121431602,-12.281946919495216,2.0,0.2550487980636138
183155,-10.385712926797964,-9.348536107590824,2.0,-1.03717681920714
183273,-61.13472078586853,-54.38624590124007,23.0,-6.7484748846284575
183436,-6.253060154731744,-6.030415626437434,1.0,-0.22264452829431036
183455,-170.23877567488614,-136.87589247370647,72.0,-33.36288320117967
183481,-29.82813198435999,-36.95952670320938,9.0,7.131394718849386
183562,-44.495949888932294,-43.83945042376007,17.0,-0.6564994651722245
183623,-8.807306511882613,-8.832591073377834,2.0,0.02528456149522107
183677,-12.334925623075314,-13.966752935914693,3.0,1.6318273128393788
183766,-13.908505706153223,-13.185693695919513,3.0,-0.7228120102337101
183915,-5.9943245571481905,-5.819708320088983,1.0,-0.17461623705920726
184104,-3.220243415087571,-6.037078844016559,0.0,2.816835428928988
184112,-24.429661142156082,-26.8271098064821,8.0,2.397448664326017
184174,-87.56547270827514,-78.55628123921367,28.0,-9.009191469061463
184228,-29.497262513260885,-31.796641832126397,10.0,2.299379318865512
184247,-6.357513658719269,-5.753305873945267,1.0,-0.6042077847740019
184251,-2.4854598133776724,-4.2147836948157416,0.0,1.7293238814380691
184284,-2.499855219774812,-0.5701933964141045,0.0,-1.9296618233607075
184321,-2.0268365250963405,-5.12593126941615,0.0,3.09909474431981
184386,-25.18699131266759,-22.210048253092122,6.0,-2.9769430595754685
184517,-15.314413036126535,-14.670627378905872,4.0,-0.643785657220663
184553,-6.085217354418058,-5.64048922657583,1.0,-0.4447281278422279
184598,-15.11783708390767,-14.991396283545486,4.0,-0.1264408003621842
184669,-34.312600767322785,-34.479645808408286,13.0,0.1670450410855011
184791,-2.296377633780841,-0.5757442992725161,0.0,-1.7206333345083247
184800,-2.350492616236938,-19.704292463022693,0.0,17.353799846785755
184868,-8.62839241702381,-8.989610601810156,2.0,0.3612181847863454
184929,-14.166774303267855,-14.43685879552039,4.0,0.2700844922525345
185154,-39.807515911732175,-38.00165579878329,12.0,-1.805860112948885
185232,-52.57693591970871,-43.161803621475435,14.0,-9.415132298233274
185441,-10.77073814606614,-9.663062283193524,2.0,-1.1076758628726164
185456,-33.33979655967359,-34.37031740775793,7.0,1.0305208480843433
185496,-8.601416861578896,-7.122431189123504,1.0,-1.4789856724553916
185668,-6.365577704129787,-5.273999247536676,1.0,-1.091578456593111
185913,-2.0502796998817554,-2.9999202620151957,0.0,0.9496405621334403
186056,-2.071263277011394,-0.5701933964141045,0.0,-1.5010698805972895
186059,-12.67623301301742,-13.086343475411706,3.0,0.41011046239428595
186080,-11.729019380083628,-4.9440726080723705,1.0,-6.784946772011257
186366,-5.890495614871455,-4.911400683184787,1.0,-0.9790949316866673
186457,-10.221988959850089,-10.031667844339108,2.0,-0.1903211155109812
186631,-2.1443662967166204,-0.8739092546142408,0.0,-1.2704570421023795
186640,-21.524046267836233,-20.189761568181506,6.0,-1.3342846996547273
186653,-2.029543893055212,-1.177625112814377,0.0,-0.8519187802408348
186742,-22.596342147067055,-23.33384142363841,8.0,0.7374992765713557
186772,-8.638237663557156,-9.789906083864118,2.0,1.1516684203069616
186773,-26.12472685402972,-23.848062011836877,8.0,-2.2766648421928437
186941,-2.4545475268224615,-2.088772687414786,0.0,-0.3657748394076754
186947,-9.397792962150264,-8.520735413204234,2.0,-0.8770575489460306
186987,-40.28467374080449,-42.927481963794335,12.0,2.642808222989842
186998,-3.486902497806187,-3.911067836615605,0.0,0.42416533880941776
187008,-11.561503679814443,-11.685009312009598,3.0,0.12350563219515465
187018,-12.41796150699254,-12.677207735825768,3.0,0.2592462288332271
187111,-14.743811406463003,-17.2605742109336,4.0,2.5167628044705985
187253,-77.98881034943692,-84.50464695226457,42.0,6.5158366028276475
187306,-12.058854429375158,-12.151230428774896,3.0,0.09237599939973862
187463,-54.687279286785575,-47.96547195641852,21.0,-6.7218073303670565
187664,-5.917615176311326,-5.798874745125776,1.0,-0.11874043118555022
187673,-25.8106864515713,-21.686130837628635,6.0,-4.124555613942665
187683,-19.09674555092135,-21.314146880523136,5.0,2.2174013296017847
187834,-2.0088541167651583,-1.4813409710145136,0.0,-0.5275131457506448
187919,-4.29246626131135,-5.08701411304905,0.0,0.7945478517377005
187989,-28.05340255465627,-33.11218917890964,10.0,5.058786624253369
188077,-15.705387580793895,-13.354701205073594,3.0,-2.3506863757203007
188147,-12.939109523410881,-14.017571177012563,3.0,1.078461653601682
188174,-5.892577837706876,-5.3434404389177566,1.0,-0.549137398789119
188228,-2.5803957794348866,-0.5916225450839887,0.0,-1.988773234350898
188398,-5.998336654956787,-8.154979170431522,1.0,2.1566425154747355
188524,-41.229677066406985,-47.07863644725158,15.0,5.848959380844597
188544,-2.5567875295708977,-4.2147836948157416,0.0,1.6579961652448438
188554,-32.21828882976442,-31.639896183130045,11.0,-0.5783926466343736
188566,-38.701979224298455,-44.39249927261498,14.0,5.690520048316522
188594,-78.64538747442472,-101.13500087031775,26.0,22.48961339589303
188690,-2.179230896566431,-1.5898976741397828,0.0,-0.5893332224266481
188750,-32.645637601043695,-45.37555793679682,9.0,12.729920335753121
188753,-90.30167094709373,-101.11012553336721,40.0,10.808454586273484
188876,-1.91118843953363,-1.083492252668324,0.0,-0.8276961868653061
188897,-193.33405515992555,-175.73691028413268,117.0,-17.59714487579288
188990,-5.769580430463537,-7.240757451353136,1.0,1.4711770208895985
189060,-21.938058566781645,-23.67939225040617,7.0,1.741333683624525
189243,-21.17848244977412,-19.655887015199205,6.0,-1.5225954345749138
189312,-9.72758882096621,-11.284609830405923,2.0,1.5570210094397137
189369,-87.45662992833915,-94.75480625305491,35.0,7.2981763247157545
189370,-9.34723183348348,-9.115129036910748,2.0,-0.23210279657273247
189485,-9.285156855646846,-9.620731892826894,2.0,0.3355750371800479
189519,-16.047041261085177,-15.047991116555574,4.0,-0.999050144529603
189563,-55.35095006118353,-52.57666484254268,24.0,-2.7742852186408555
189679,-2.736750362043971,-2.3924885456149223,0.0,-0.34426181642904874
189681,-2.360133452947164,-1.7850568292146498,0.0,-0.5750766237325142
189729,-24.42853411156999,-24.93671255337965,6.0,0.5081784418096582
189739,-8.364822723346574,-8.776219836142817,2.0,0.4113971127962426
189818,-2.528471130306448,-0.8739092546142408,0.0,-1.6545618756922071
190116,-13.654505653114423,-13.141313808632257,3.0,-0.5131918444821668
190296,-25.13888062745684,-25.183720607861197,5.0,0.044839980404358215
190433,-2.3177852163911012,-7.587596062393748,0.0,5.269810846002647
190465,-14.70384909817127,-16.021180953568784,4.0,1.317331855397514
190620,-27.966673036090093,-25.845575941117726,6.0,-2.1210970949723666
190676,-24.598136485619158,-23.066839537618247,7.0,-1.5312969480009109
190688,-6.769044974521085,-5.835596006847328,1.0,-0.9334489676737574
190800,-13.266292787455633,-12.898706492501864,3.0,-0.36758629495376915
190864,-3.5327663837986876,-1.7850568292146498,0.0,-1.7477095545840378
190885,-17.262325157274432,-17.210254134070823,5.0,-0.05207102320360946
190933,-12.083976969761492,-18.816144394004,3.0,6.7321674242425065
191006,-17.287162886688336,-17.11945066811534,4.0,-0.16771221857299423
191122,-51.65427111941366,-51.9852970815349,20.0,0.33102596212124524
191132,-44.70928099292958,-40.49419666354967,18.0,-4.215084329379906
191171,-12.565587817814547,-13.043020462227322,3.0,0.4774326444127741
191217,-17.37935832361819,-20.74602537149958,6.0,3.366667047881389
191232,-20.914200542391406,-22.801824671505045,6.0,1.8876241291136395
191262,-2.0548446384813013,-0.8739092546142408,0.0,-1.1809353838670604
191455,-40.859117713982485,-36.67566945786258,13.0,-4.1834482561199025
191509,-5.466694535399219,-8.624168755537557,1.0,3.1574742201383383
191519,-28.098548809476604,-25.576113781835506,8.0,-2.522435027641098
191649,-11.494583630848954,-15.893493770203948,4.0,4.398910139354994
191681,-2.176105172233019,-1.177625112814377,0.0,-0.998480059418642
191758,-15.731208497905625,-19.359796844485384,4.0,3.6285883465797593
191831,-61.70671363091079,-71.17876070429023,22.0,9.472047073379436
191833,-11.507745094112769,-10.063809678339803,2.0,-1.443935415772966
191844,-15.620567516842884,-17.534304970421122,4.0,1.9137374535782374
192032,-9.27617614749557,-8.499472385915317,2.0,-0.7767037615802543
192074,-16.431676476963954,-16.803860448762922,4.0,0.3721839717989681
192158,-14.894163770768943,-15.039522199788305,4.0,0.14535842901936213
192386,-8.943853554427273,-8.782164363649278,2.0,-0.16168919077799515
192457,-21.171381801079182,-21.866058865800905,7.0,0.6946770647217235
192514,-5.824685626616856,-5.270569791888072,1.0,-0.5541158347287842
192532,-9.192972349169194,-8.700556013299146,2.0,-0.4924163358700486
192603,-21.819577429317203,-21.481370228214608,7.0,-0.3382072011025947
192675,-5.932405526098181,-5.219900563419391,1.0,-0.71250496267879
192702,-13.318241436784676,-12.78602418997869,3.0,-0.5322172468059865
192732,-13.253529983582986,-14.904374899915311,4.0,1.6508449163323249
192829,-2.1746614813964147,-0.5701933964141045,0.0,-1.6044680849823103
192858,-2.753993681513546,-2.088772687414786,0.0,-0.6652209940987599
192926,-5.624600233352137,-5.104232853374375,1.0,-0.5203673799777615
193039,-69.61303748409833,-79.71090746532705,32.0,10.097869981228726
193149,-112.91267565365939,-222.9164329830812,73.0,110.0037573294218
193519,-70.60602748171713,-60.55147542554949,23.0,-10.054552056167644
193620,-13.402918033296668,-16.4180867312131,4.0,3.015168697916433
193646,-39.69377743317444,-35.1197688833842,14.0,-4.574008549790243
193680,-30.068526042960542,-27.275660057363822,9.0,-2.7928659855967197
193747,-2.0907938650035867,-1.177625112814377,0.0,-0.9131687521892096
193872,-31.908227315548448,-34.35953935475021,10.0,2.4513120392017633
193933,-22.41652192224196,-22.389528989911405,7.0,-0.026992932330553998
193975,-24.610905290866604,-27.083631915644755,7.0,2.4727266247781508
194059,-16.939835274183178,-15.16512106375556,4.0,-1.774714210427618
194187,-10.267934822783854,-11.23630234238201,2.0,0.9683675195981554
194229,-53.34669499696129,-50.516155501240824,19.0,-2.8305394957204655
194329,-6.468321651366715,-9.315360003849909,1.0,2.847038352483194
194399,-17.691931183665012,-16.886195423622038,5.0,-0.8057357600429746
194411,-58.65948338337517,-63.2690537383038,28.0,4.6095703549286355
194692,-62.55760456492938,-63.078317950027575,26.0,0.5207133850981975
194728,-5.706846600527286,-6.237602186835772,1.0,0.5307555863084854
194791,-25.319691850493452,-28.696394050470047,6.0,3.376702199976595
194801,-13.88295813403109,-12.842447388470308,3.0,-1.0405107455607823
194880,-5.934201121383471,-5.892578967118668,1.0,-0.04162215426480298
194916,-19.586495350108613,-18.79841360942461,5.0,-0.788081740684003
195072,-26.582469597399594,-24.03107842135886,8.0,-2.5513911760407346
195261,-23.940812586344908,-23.200282388731523,6.0,-0.7405301976133849
195303,-43.13471966855663,-40.76624492307171,16.0,-2.3684747454849173
195402,-19.919757007891576,-27.406418364554973,4.0,7.486661356663397
195403,-2.414305400612529,-0.8739092546142408,0.0,-1.5403961459982882
195509,-20.41197413958926,-24.49166313450279,6.0,4.079688994913528
195516,-45.87609369431603,-52.09582163211702,19.0,6.2197279378009895
195584,-37.67129297844507,-32.88772989220367,12.0,-4.783563086241394
195649,-2.1131916290978667,-1.177625112814377,0.0,-0.9355665162834896
195677,-2.5123161599574715,-3.607351978415468,0.0,1.0950358184579967
195701,-6.341904786827626,-8.557615139090835,1.0,2.2157103522632093
195775,-15.574397363222163,-15.724713345166615,4.0,0.15031598194445195
195864,-36.279192737111025,-38.52545707089489,10.0,2.246264333783863
195950,-49.78194561620937,-45.08873768803271,18.0,-4.693207928176662
195970,-2.481337342764792,-1.7850568292146498,0.0,-0.6962805135501422
196023,-2.020509921110768,-2.3924885456149223,0.0,0.3719786245041541
196044,-2.0637079206495517,-1.177625112814377,0.0,-0.8860828078351746
196127,-17.644239817846632,-17.326494820168662,5.0,-0.3177449976779698
196207,-15.602661801801435,-15.154468066458026,4.0,-0.4481937353434091
196294,-2.221038284593394,-1.4813409710145136,0.0,-0.7396973135788802
196526,-11.000490579586415,-9.625141055785443,2.0,-1.3753495238009723
196556,-15.073005809053274,-15.286489331713716,5.0,0.21348352266044124
196590,-12.781579874763667,-11.545648584584823,3.0,-1.2359312901788435
196616,-56.97814806701976,-56.49648505145299,24.0,-0.4816630155667667
196681,-6.510878496302442,-6.928693338639523,1.0,0.4178148423370809
196857,-2.439947015650026,-0.8739092546142408,0.0,-1.566037761035785
196879,-20.24029640237799,-20.925388904521167,6.0,0.6850925021431777
197263,-9.186188602111468,-8.407682058912538,2.0,-0.7785065431989295
197350,-8.85909503691375,-9.51414639397744,2.0,0.6550513570636891
197364,-15.22483761673583,-17.92060589537818,3.0,2.695768278642351
197439,-42.40044291319522,-37.8531797850976,15.0,-4.547263128097619
197511,-68.25798509076861,-65.18269540112387,32.0,-3.075289689644748
197835,-18.352818802841288,-17.896844295603035,5.0,-0.4559745072382526
197918,-26.29559625730606,-29.108699846722548,8.0,2.813103589416489
197921,-2.4504768299213655,-5.507014769580002,0.0,3.0565379396586367
198017,-2.0347507257254254,-3.303636120215332,0.0,1.2688853944899066
198127,-59.93959361666166,-61.89624726561036,25.0,1.956653648948702
198165,-13.353349303395479,-12.782583987590701,3.0,-0.5707653158047776
198375,-20.839521380914654,-19.05860150849468,6.0,-1.7809198724199753
198425,-33.87753656343485,-37.32626819824641,12.0,3.4487316348115584
198506,-12.638267679074959,-11.575776967704387,3.0,-1.0624907113705717
198684,-5.7229193294589145,-5.0244584784860375,1.0,-0.6984608509728769
198794,-2.185275613284513,-2.222526226604254,0.0,0.037250613319741
199039,-38.921464072162664,-38.172136090368305,13.0,-0.7493279817943588
199073,-12.751463715451822,-14.355814769494748,4.0,1.604351054042926
199075,-22.72076032475116,-22.816765105254433,8.0,0.09600478050327155
199078,-12.831876356979773,-12.155368937149234,3.0,-0.6765074198305392
199152,-76.1672268487745,-80.32912130375658,32.0,4.161894454982075
199250,-15.96072451977761,-14.846594847140686,4.0,-1.114129672636924
199387,-68.33860102387743,-60.04050824137358,23.0,-8.29809278250385
199444,-9.800487578376645,-11.242075480718672,2.0,1.441587902342027
199570,-33.13113750198668,-29.05667532802751,10.0,-4.074462173959169
199576,-32.48097765644701,-32.45370022272637,12.0,-0.027277433720641397
199601,-25.03073718440476,-31.86381558534395,7.0,6.83307840093919
199701,-19.097334418996542,-18.426873356076996,5.0,-0.6704610629195464
199802,-2.0395361011878306,-1.3021716519301454,0.0,-0.7373644492576852
199882,-46.52002238137329,-42.66482102405667,18.0,-3.8552013573166164
200170,-5.683898720657033,-4.999871431923965,1.0,-0.6840272887330681
200210,-17.394242690754936,-17.693332651621017,5.0,0.2990899608660804
200217,-104.23394132549159,-86.95877555954605,50.0,-17.27516576594553
200219,-6.256700416463509,-5.0931730622961835,1.0,-1.163527354167326
200316,-20.761627562417722,-24.51567818840809,5.0,3.7540506259903665
200502,-2.0360869884623165,-2.0093666820848077,0.0,-0.026720306377508773
200546,-9.3805996656572,-5.129504371121004,1.0,-4.251095294536197
200590,-26.998222151814737,-25.734314482168717,8.0,-1.26390766964602
200599,-15.353359060018755,-18.106530189359546,4.0,2.7531711293407906
200715,-23.962998243036363,-23.564815994481883,6.0,-0.39818224855448037
200752,-10.726663662224883,-9.686746143453895,2.0,-1.039917518770988
200807,-3.838983425958262,-1.177625112814377,0.0,-2.661358313143885
200897,-12.842806836605378,-11.982996741164923,3.0,-0.8598100954404551
200969,-21.917302184913698,-19.392224332897943,6.0,-2.5250778520157553
200974,-2.2339027069024984,-1.8272641427604837,0.0,-0.4066385641420147
201567,-5.938856972243284,-5.196850991484872,1.0,-0.7420059807584112
201608,-6.0150010367798785,-8.611158918297646,1.0,2.596157881517767
201667,-2.2155512468478142,-1.177625112814377,0.0,-1.0379261340334371
201797,-36.58670669799638,-33.12958261939183,11.0,-3.4571240786045436
201918,-14.061359504201775,-21.26797321104053,3.0,7.2066137068387555
202011,-9.432737074915032,-8.690030242497944,2.0,-0.7427068324170882
202125,-31.2692256689385,-27.763886162048852,10.0,-3.505339506889648
202163,-46.19657579860892,-38.996031524131915,15.0,-7.200544274477004
202287,-107.78802747056803,-98.71632176573233,50.0,-9.071705704835693
202369,-16.195987231138403,-17.619018558128072,4.0,1.423031326989669
202427,-2.23303218660503,-3.607351978415468,0.0,1.3743197918104384
202525,-44.86205572270657,-42.35378984288186,14.0,-2.5082658798247124
202542,-5.9159162058847095,-5.058812378900626,1.0,-0.8571038269840834
202760,-17.23100647278522,-17.641394343167043,5.0,0.4103878703818218
202898,-20.471116012411976,-20.410465922773696,6.0,-0.06065008963827978
203025,-9.853012502394234,-9.203959459729038,2.0,-0.6490530426651961
203062,-2.087678615996643,-1.4813409710145136,0.0,-0.6063376449821294
203298,-48.706588746997475,-46.61694933674787,18.0,-2.089639410249603
203583,-6.070858648618915,-5.028419304654065,1.0,-1.0424393439648503
203664,-9.356739540296562,-10.84320017847274,2.0,1.4864606381761778
203692,-5.732961334857407,-4.9619819946264005,1.0,-0.7709793402310066
203720,-5.785958467790461,-4.980704748225821,1.0,-0.8052537195646403
203744,-5.636875071175304,-6.544417727814561,1.0,0.907542656639257
204092,-120.02980297461517,-91.81446623588067,31.0,-28.215336738734493
204284,-2.440951689312723,-2.3924885456149223,0.0,-0.04846314369780069
204292,-60.43349497113518,-61.22820747847282,18.0,0.7947125073376355
204322,-22.41597112523809,-22.228772501849917,7.0,-0.1871986233881735
204361,-10.368135038715854,-9.978293556109707,2.0,-0.3898414826061476
204439,-5.955298927000349,-1.4813409710145136,0.0,-4.473957955985836
204493,-36.348542865793554,-41.704726204842714,11.0,5.35618333904916
204541,-11.054045207333646,-11.676072402967856,3.0,0.6220271956342103
204561,-2.8605012909418575,-3.607351978415468,0.0,0.7468506874736107
204719,-12.959914980929065,-14.563738425661978,3.0,1.603823444732912
204789,-40.64587261591667,-36.09244242678992,13.0,-4.55343018912675
204859,-13.454617683921873,-18.926932026965435,4.0,5.472314343043562
204867,-42.80580879225079,-38.28169521742368,14.0,-4.524113574827105
204894,-17.738524018490644,-16.564689795823007,4.0,-1.1738342226676366
204966,-65.28431159942312,-65.82124532550566,24.0,0.5369337260825375
205121,-6.179059415905636,-4.992412472175654,1.0,-1.1866469437299818
205140,-9.505605320261814,-5.854628556651189,1.0,-3.6509767636106254
205319,-3.1417262764554628,-2.9999202620151957,0.0,-0.14180601444026708
205377,-9.284513114814994,-8.619902239202201,2.0,-0.6646108756127926
205398,-23.41779661303974,-24.045032611238902,5.0,0.6272359981991613
205435,-2.919184256205624,-0.8739092546142408,0.0,-2.045275001591383
205445,-12.093767420456414,-11.737838962441892,3.0,-0.3559284580145228
205491,-6.1623611488313585,-5.175428453047401,1.0,-0.9869326957839579
205573,-2.1832860595149186,-1.7850568292146498,0.0,-0.3982292303002688
205577,-2.235114589682957,-1.4813409710145136,0.0,-0.7537736186684434
205620,-9.982922107192268,-9.677347220700097,2.0,-0.30557488649217035
205662,-9.52078555923476,-8.824147157381162,2.0,-0.6966384018535976
205787,-17.925059165773362,-23.320232311478655,5.0,5.395173145705293
205971,-2.3926047187696406,-0.8739092546142408,0.0,-1.5186954641553998
206010,-36.98722460122491,-30.246022587370373,8.0,-6.7412020138545365
206024,-2.17781291095999,-0.8739092546142408,0.0,-1.3039036563457491
206098,-2.455793188205168,-2.4490584612315653,0.0,-0.006734726973602445
206142,-3.149129046257582,-3.303636120215332,0.0,0.15450707395774987
206160,-13.421736300038775,-12.243107298177817,3.0,-1.1786290018609584
206303,-52.477111923837214,-43.247011893632965,15.0,-9.230100030204248
206318,-14.798571039835515,-14.3611267875187,4.0,-0.4374442523168156
206320,-5.858054312823317,-5.022654685786877,1.0,-0.8353996270364394
206378,-13.797223917110538,-14.28552897179055,3.0,0.48830505468001206
206388,-2.3730855957336585,-0.8739092546142408,0.0,-1.4991763411194177
206391,-2.5913369127494654,-4.2147836948157416,0.0,1.6234467820662761
206662,-9.890680830101271,-10.12847279883444,2.0,0.23779196873316977
206666,-3.7719627817972023,-3.303636120215332,0.0,-0.4683266615818704
206810,-14.019634989231077,-14.729800285602673,4.0,0.7101652963715956
206935,-2.029658219209287,-0.266477538213968,0.0,-1.763180680995319
206992,-14.860055624022618,-15.953041207136572,3.0,1.092985583113954
207046,-15.317108465142685,-16.335903101094946,4.0,1.0187946359522613
207075,-9.07339117379392,-10.440139178063728,2.0,1.366748004269807
207176,-2.750482716894324,-1.6012573614048624,0.0,-1.1492253554894618
207190,-17.472855669246893,-16.684295749001492,4.0,-0.788559920245401
207408,-0.3008158617611776,-0.9407714963570474,0.0,0.6399556345958698
207410,-32.744550945288154,-41.14327011348951,11.0,8.398719168201353
207503,-5.835123447594917,-5.733362985816423,0.0,-0.10176046177849418
207534,-11.586379141980826,-12.788312333522637,3.0,1.2019331915418103
207718,-9.08310859265598,-11.177703651883226,2.0,2.0945950592272453
207771,-7.357819622547163,-5.144374824384961,1.0,-2.213444798162202
207841,-2.998483129118266,-1.4813409710145136,0.0,-1.5171421581037525
207847,-2.2820817654906227,-2.088772687414786,0.0,-0.19330907807583664
207946,-39.69912507499987,-41.519478411937605,12.0,1.8203533369377354
208070,-2.0750897137693545,-3.493037026839434,0.0,1.4179473130700795
208084,-10.948083780416985,-11.637195528009304,3.0,0.6891117475923192
208293,-6.054704630247921,-6.135222020975923,1.0,0.08051739072800235
208352,-9.574148034619803,-8.52653435353801,2.0,-1.0476136810817938
208371,-22.957703807830033,-21.11025702019485,6.0,-1.8474467876351817
208630,-6.54245321786041,-6.644152871465259,1.0,0.10169965360484934
208777,-20.043272815988043,-21.461715483247506,6.0,1.4184426672594626
208840,-3.2071602138716617,-0.266477538213968,0.0,-2.9406826756576936
209028,-86.13437024713855,-71.1950772719487,35.0,-14.939292975189844
209039,-9.93781741873954,-9.708921923744594,2.0,-0.228895494994946
209047,-44.38358616731122,-39.837125069655535,15.0,-4.546461097655687
209142,-28.88285943143963,-29.416650849997115,9.0,0.5337914185574846
209222,-18.887449812254786,-18.844102228353798,5.0,-0.043347583900988695
209242,-86.39390176064917,-74.91137168387749,38.0,-11.482530076771681
209254,-10.711587796138733,-13.056044819383962,3.0,2.344457023245228
209379,-19.428744778199256,-19.013414800182403,5.0,-0.4153299780168531
209386,-2.8792963044193085,-3.303636120215332,0.0,0.4243398157960234
209513,-27.466695774218834,-47.32335409273754,11.0,19.856658318518704
209539,-5.9878923747073785,-5.045197267779683,1.0,-0.9426951069276956
209574,-6.02912959744623,-5.277973242871076,1.0,-0.7511563545751532
209714,-3.711240605499999,-2.8524334019352273,1.0,-0.8588072035647718
209753,-2.405136090045298,-1.7850568292146498,0.0,-0.6200792608306482
209791,-6.662810242691323,-5.191352690689291,1.0,-1.4714575520020325
209877,-9.52121743079783,-9.034724943471256,2.0,-0.4864924873265739
209920,-79.5305247694882,-61.19198080921895,18.0,-18.33854396026925
209936,-33.368925795044916,-32.582137116381304,10.0,-0.786788678663612
210053,-29.286134267301495,-35.453002936145964,10.0,6.166868668844469
210095,-13.491342484753316,-14.796813269799527,3.0,1.3054707850462108
210263,-49.70433441610304,-42.03751012716556,17.0,-7.666824288937477
210287,-5.381939822010877,-1.956740022494119,0.0,-3.4251997995167582
210681,-12.29714749574094,-12.99279099331935,3.0,0.6956434975784092
210757,-2.1170663024492393,-3.911067836615605,0.0,1.7940015341663655
210811,-38.775143023229894,-34.5697096771708,12.0,-4.205433346059095
210984,-27.700322568969316,-25.915837904133518,8.0,-1.784484664835798
211200,-53.57016065059489,-50.39624515096057,15.0,-3.173915499634326
211212,-47.5507005365809,-56.46753959457525,22.0,8.916839057994352
211296,-6.771702684797194,-5.556330717116852,1.0,-1.2153719676803423
211332,-18.605987605226968,-24.308556071817076,6.0,5.702568466590108
211430,-6.102755320644017,-6.467624052284071,1.0,0.36486873164005384
211452,-12.079137514616523,-11.450811180130508,3.0,-0.6283263344860153
211528,-5.959361081576174,-5.1441859334401245,1.0,-0.8151751481360492
211685,-5.91019115974546,-7.275591577115001,1.0,1.3654004173695409
211781,-7.71526030356582,-5.473448492525776,1.0,-2.2418118110400442
211795,-1.425972600849809,-1.2638418396762314,0.0,-0.1621307611735776
212181,-8.735703544037243,-9.07337064859665,2.0,0.33766710455940796
212190,-2.2683854026802095,-1.7850568292146498,0.0,-0.4833285734655597
212321,-12.45591295362678,-12.27361125136078,3.0,-0.18230170226600073
212605,-3.105927708395011,-2.9999202620151957,0.0,-0.1060074463798153
212749,-15.344200771512076,-14.882666127539895,4.0,-0.4615346439721808
212791,-28.984236828892627,-32.04432536961332,9.0,3.0600885407206917
212807,-8.54059733935241,-9.447252746174435,2.0,0.9066554068220256
212832,-9.379986297292167,-9.092022167236697,2.0,-0.28796413005546917
212888,-2.696826117466544,-2.088772687414786,0.0,-0.6080534300517582
212958,-18.540233296532165,-19.500897020787434,5.0,0.9606637242552694
212990,-31.764177628269234,-36.62237553815033,11.0,4.8581979098810955
213022,-41.97439969389647,-35.49317668509876,10.0,-6.481223008797713
213060,-9.800158069698593,-8.557049233793359,2.0,-1.2431088359052342
213074,-6.100633135114771,-5.015362648026563,1.0,-1.0852704870882084
213110,-21.556930730455292,-23.92764725383196,6.0,2.370716523376668
213148,-17.314901447481052,-21.00857920845239,5.0,3.6936777609713367
213153,-12.340995671662052,-12.774916525751932,3.0,0.43392085408988024
213164,-46.56048875186293,-52.77893087754832,18.0,6.218442125685392
213325,-18.782594563258506,-21.819664264386144,6.0,3.0370697011276384
213385,-9.538763027344045,-9.151846574370046,2.0,-0.386916452973999
213399,-21.81824109317337,-22.446211218677572,6.0,0.6279701255042021
213429,-8.96298034254232,-8.904081325758508,2.0,-0.05889901678381193
213511,-18.005547409873625,-20.244950992873576,5.0,2.2394035829999517
213538,-2.1819699642381245,-3.6249180396061704,0.0,1.442948075368046
213582,-28.355642995529607,-36.13992763085786,9.0,7.784284635328255
213693,-11.832066932401837,-8.617070056926169,2.0,-3.214996875475668
213748,-13.832483775717888,-12.426760949773234,3.0,-1.405722825944654
213798,-26.049068752115065,-24.587298835542654,9.0,-1.4617699165724112
213805,-6.8543293989921485,-2.3924885456149223,0.0,-4.461840853377226
213878,-2.2255183180809834,-4.822215411216014,0.0,2.5966970931350306
213896,-22.387301213972805,-22.2519750793976,5.0,-0.13532613457520526
214011,-11.043897434068459,-9.037393794510148,2.0,-2.0065036395583107
214379,-8.160382391235437,-8.498046508966373,2.0,0.3376641177309363
214479,-2.5212266714038862,-2.6962044038150594,0.0,0.1749777324111732
214552,-40.17104322831355,-37.892641009261425,16.0,-2.2784022190521256
214853,-1.8942821885220975,-1.373210926940809,0.0,-0.5210712615812885
214915,-20.91869143394537,-20.643844191235544,6.0,-0.27484724270982497
214919,-10.697004850325351,-9.511950252255719,2.0,-1.185054598069632
214951,-2.030551507977472,-2.4490584612315653,0.0,0.41850695325409326
214989,-2.5584934109323223,-0.5757442992725161,0.0,-1.9827491116598062
214996,-9.487810594872387,-8.466345932278909,2.0,-1.0214646625934787
215010,-10.498434994636547,-9.01270918463387,2.0,-1.485725810002677
215023,-72.77327350317981,-61.45370486913098,22.0,-11.319568634048828
215151,-34.12756599852394,-39.213856824355126,15.0,5.086290825831185
215276,-14.90980755331558,-14.577200674542073,4.0,-0.3326068787735075
215402,-13.55759548841084,-12.610049017838888,3.0,-0.9475464705719521
215490,-21.773198516736954,-22.408284323539092,6.0,0.6350858068021381
215596,-11.886750135202467,-12.054664070353008,3.0,0.16791393515054054
215890,-12.800497152003794,-13.09873683330768,3.0,0.298239681303885
215901,-15.017402535046655,-14.696842679903817,4.0,-0.3205598551428377
215920,-6.202241716237434,-5.61152883865246,1.0,-0.5907128775849735
215930,-8.47908848995127,-8.484024794801835,2.0,0.004936304850565065
215975,-40.49176718614382,-40.12736808616646,12.0,-0.364399099977355
215996,-25.360872106515984,-23.534564940084095,7.0,-1.8263071664318886
216073,-37.37344384382736,-34.45241430099529,8.0,-2.9210295428320734
216082,-2.672844772850727,-0.9108071893079416,0.0,-1.7620375835427855
216122,-22.671356631371623,-19.628158093971187,5.0,-3.0431985374004356
216180,-9.323555460823457,-8.952927351353752,2.0,-0.37062810946970437
216187,-6.271055787982473,-5.104811669348124,1.0,-1.1662441186343484
216204,-11.266396999341179,-13.27854602181393,3.0,2.0121490224727516
216275,-25.590581231850713,-26.146608284146104,9.0,0.5560270522953914
216349,-30.052742811874925,-26.201072278266857,8.0,-3.8516705336080683
216424,-63.658423978213115,-55.39534908205852,26.0,-8.263074896154592
216476,-2.3755547465769995,-1.4813409710145136,0.0,-0.8942137755624859
216570,-35.85408110669444,-31.200122788928507,11.0,-4.65395831776593
216611,-2.471670565228231,-1.4813409710145136,0.0,-0.9903295942137174
216976,-16.237385790865073,-15.89283078774349,4.0,-0.3445550031215827
217109,-15.500751129833528,-17.525149728292906,4.0,2.0243985984593778
217364,-9.260278817187777,-8.661488330421234,2.0,-0.5987904867665428
217407,-19.52433831687382,-24.855533695592896,7.0,5.331195378719077
217408,-8.272434796714029,-9.219651836960288,2.0,0.9472170402462599
217471,-57.64698807957869,-53.956754763457916,19.0,-3.690233316120775
217504,-12.382374021046257,-13.204110798651305,3.0,0.8217367776050484
217540,-20.786658133050036,-20.067989035926082,5.0,-0.7186690971239535
217548,-25.888646993548168,-23.720185855793773,7.0,-2.168461137754395
217569,-31.81219967923519,-36.935030303849096,9.0,5.122830624613908
217647,-18.146737625672486,-17.803127558543583,5.0,-0.3436100671289033
217800,-13.876858067555341,-14.570715878119202,4.0,0.6938578105638609
218136,-178.0248621920389,-155.3240449764104,92.0,-22.70081721562852
218148,-9.953720735226822,-9.755041713712236,2.0,-0.19867902151458594
218175,-2.029577190239301,-8.770521567817786,0.0,6.740944377578485
218193,-39.49595679891323,-38.82585499362212,15.0,-0.6701018052911039
218202,-27.57436438843085,-24.47145930475609,8.0,-3.1029050836747594
218409,-2.5476215235730564,-2.088772687414786,0.0,-0.4588488361582703
218415,-5.6929974329199124,-5.220393665984111,1.0,-0.4726037669358014
218463,-17.52801843292949,-17.713317130199016,5.0,0.18529869726952697
218472,-12.402399682718263,-11.630255648934321,3.0,-0.7721440337839418
218559,-17.039274529700485,-19.04503292945975,6.0,2.005758399759266
218727,-2.9053765605413613,-2.9999202620151957,0.0,0.0945437014738344
218777,-10.2172537859345,-15.544997514089902,3.0,5.3277437281554025
218797,-2.2337770865297553,-2.0444604279695326,0.0,-0.18931665856022262
218816,-3.5804348051586143,-1.7850568292146498,0.0,-1.7953779759439645
218880,-10.225476938588951,-12.795372965217071,2.0,2.56989602662812
218910,-40.66442611930269,-34.129079949645174,12.0,-6.535346169657515
218945,-30.866959618483335,-29.41083260730505,10.0,-1.4561270111782854
218962,-18.957979784195143,-18.00513632415805,5.0,-0.9528434600370908
219132,-35.91111971506755,-35.76100612318344,14.0,-0.15011359188410722
219185,-2.0563705399600756,-3.343245450347477,0.0,1.2868749103874015
219187,-8.068217989009366,-7.240226373957592,1.0,-0.8279916150517739
219195,-6.259653528573111,-5.088859988630924,1.0,-1.1707935399421867
219198,-25.13215628267261,-25.061923935637495,8.0,-0.07023234703511605
219234,-14.719926883464366,-18.658975647514715,4.0,3.9390487640503498
219257,-33.471685602900294,-32.07976519890901,12.0,-1.3919204039912856
219410,-13.783228157397529,-11.508735135135991,3.0,-2.274493022261538
219449,-5.970151530365804,-5.0213458632673325,1.0,-0.9488056670984717
219458,-9.908393969518524,-9.192522048838173,2.0,-0.7158719206803514
219643,-7.767059261928031,-8.357916201369358,2.0,0.590856939441327
219667,-2.0622507378076675,-1.177625112814377,0.0,-0.8846256249932904
219806,-9.152398487109963,-8.815067599652046,2.0,-0.3373308874579166
219824,-18.185981117996086,-17.79948477030113,5.0,-0.3864963476949548
219835,-24.09791513702819,-23.930915694611667,8.0,-0.16699944241652176
219884,-8.303612273998683,-8.60126772913165,2.0,0.29765545513296665
219906,-50.26786941875935,-49.29293760776098,19.0,-0.9749318109983705
219999,-18.890774453923136,-17.85256764969507,5.0,-1.0382068042280643
220002,-2.6451899489928192,-3.911067836615605,0.0,1.2658778876227856
220264,-5.977448954939316,-5.040734935876955,1.0,-0.9367140190623608
220270,-5.956775571643886,-6.636624814650745,1.0,0.679849243006859
220609,-6.625151207305259,-5.057039197909869,1.0,-1.5681120093953895
220653,-12.763189843588464,-13.37363846138506,3.0,0.610448617796596
220669,-14.264952518317745,-13.476956020087226,3.0,-0.7879964982305196
220725,-18.701892895295405,-17.475216660125085,4.0,-1.22667623517032
220848,-12.714867829136788,-11.528959876949155,3.0,-1.1859079521876321
221182,-68.91488703472521,-66.47167407996871,38.0,-2.443212954756504
221268,-19.259019101720632,-20.47844489743836,6.0,1.2194257957177292
221524,-91.09218465600867,-76.93719651023623,34.0,-14.154988145772435
221583,-2.9357326442790614,-4.2147836948157416,0.0,1.2790510505366801
221840,-2.0524363221292843,-4.2147836948157416,0.0,2.1623473726864573
221897,-5.9228664589583895,-7.185047206385411,1.0,1.2621807474270215
222201,-55.47977696720682,-53.76269573173586,18.0,-1.7170812354709568
222465,-22.193805510034768,-19.559257423197227,6.0,-2.6345480868375404
222493,-29.71462467440872,-32.27729770452101,8.0,2.5626730301122898
222607,-204.01416139655134,-197.88031944628335,48.0,-6.133841950267993
222720,-20.780731988689297,-21.746546401504627,6.0,0.9658144128153303
222726,-41.09513014793498,-42.169289795794576,16.0,1.0741596478595952
222750,-2.237922962102261,-1.682849448291262,0.0,-0.5550735138109992
222788,-2.7521007601514045,-0.8739092546142408,0.0,-1.8781915055371636
222789,-3.48303985865699,-2.4041388088666906,0.0,-1.0789010497902995
222838,-2.7107483414357927,-1.177625112814377,0.0,-1.5331232286214156
222946,-27.036912282079978,-25.330401171272978,7.0,-1.706511110807
223037,-6.717949303393452,-4.982467603551886,1.0,-1.735481699841566
223089,-39.55178576192468,-40.52231389174435,13.0,0.9705281298196766
223266,-8.742134266677937,-9.545788297713765,2.0,0.803654031035828
223316,-18.727834350710985,-20.97857046299453,5.0,2.250736112283544
223370,-27.43917040458,-26.8881722367227,9.0,-0.5509981678573013
223424,-15.240070397892092,-15.209706714929172,4.0,-0.03036368296291947
223467,-9.223423320418854,-8.502803316357033,2.0,-0.7206200040618214
223560,-40.81998002823175,-38.7779395531266,16.0,-2.0420404751051464
223867,-2.4585676308714737,-1.4813409710145136,0.0,-0.9772266598569601
223868,-12.802766655620808,-12.69881189159764,3.0,-0.10395476402316817
223958,-21.937808644449586,-26.51148550642456,6.0,4.573676861974974
224304,-6.136582963216791,-5.096579834821059,1.0,-1.0400031283957327
224369,-8.405978973424908,-9.578228094390477,2.0,1.172249120965569
224373,-5.772603657783144,-4.944753237521699,1.0,-0.827850420261445
224430,-2.341611106873745,-1.177625112814377,0.0,-1.1639859940593678
224470,-23.723990987557436,-32.705644929424615,6.0,8.98165394186718
224482,-62.75252338534271,-61.487785496872945,17.0,-1.2647378884697673
224486,-5.290483777055336,-5.494954723367527,1.0,0.20447094631219098
224592,-5.732070316572798,-6.539032887396298,1.0,0.8069625708235
224609,-5.684330386096262,-6.996065684873626,1.0,1.3117352987773643
224668,-2.281574086008298,-1.8002119135247407,0.0,-0.48136217248355706
224742,-38.03466862819707,-50.20423622436997,13.0,12.169567596172904
224880,-11.505293234445194,-12.437030855143988,3.0,0.9317376206987937
225038,-23.035547198471544,-24.85687087359338,8.0,1.8213236751218354
225081,-2.6383145993440222,-1.177625112814377,0.0,-1.4606894865296451
225268,-22.80643984022129,-20.924148736758198,6.0,-1.8822911034630927
225283,-39.16507836385738,-38.63860522029091,17.0,-0.52647314356647
225290,-29.137000676149864,-26.691875964190242,9.0,-2.4451247119596218
225298,-10.812804893877741,-13.961996775636063,2.0,3.1491918817583215
225456,-9.402590066579792,-9.63951701200413,2.0,0.23692694542433834
225567,-15.093281126373215,-17.76680709953128,4.0,2.673525973158066
225585,-2.879115649893804,-1.4813409710145136,0.0,-1.3977746788792906
225616,-18.323225209999446,-15.558953758010151,4.0,-2.764271451989295
225626,-8.876591565885017,-8.672967097701884,2.0,-0.20362446818313273
225633,-33.40376494431234,-35.32760477734601,12.0,1.923839833033668
225668,-36.619485309055136,-32.99849852978146,11.0,-3.6209867792736787
225842,-25.34039908385792,-25.799810520338106,6.0,0.4594114364801847
225847,-16.073980176713086,-14.374947108003216,4.0,-1.6990330687098698
225905,-45.02295039378613,-45.001305064607884,18.0,-0.021645329178248573
226057,-3.6998439116931405,-0.8739092546142408,0.0,-2.8259346570789
226080,-34.55938229668559,-40.90432995736659,17.0,6.344947660681001
226090,-22.781300773539208,-24.646112478979926,5.0,1.8648117054407187
226129,-19.497509163250044,-17.943435463990653,5.0,-1.5540736992593907
226155,-50.6918845984621,-47.60011206805342,20.0,-3.091772530408683
226168,-13.00917735381824,-12.264937356208053,3.0,-0.7442399976101868
226343,-5.857354314680347,-7.175951375925937,1.0,1.3185970612455904
226374,-25.795368585724955,-23.302051137794493,8.0,-2.493317447930462
226395,-6.354757421410868,-5.016211711870066,1.0,-1.338545709540802
226413,-13.76677449876608,-14.716135601954738,4.0,0.9493611031886573
226448,-19.72166337023055,-20.312472447611615,6.0,0.5908090773810635
226674,-34.20002588076019,-35.74908931520226,12.0,1.5490634344420755
226858,-5.838356532073902,-5.544900988561836,1.0,-0.29345554351206626
226962,-17.210421369029312,-19.032718306490086,5.0,1.8222969374607736
227186,-33.97581891446223,-32.91548954805027,10.0,-1.0603293664119633
227258,-2.4555081977052673,-1.7129900022382611,0.0,-0.7425181954670061
227321,-19.098784226973088,-18.93359521411385,5.0,-0.16518901285923704
227358,-25.80294131797154,-36.87248448404372,10.0,11.069543166072176
227599,-2.251044081252861,-1.4813409710145136,0.0,-0.7697031102383476
227605,-6.093759150251714,-5.014592075292253,1.0,-1.0791670749594608
227829,-34.177657854438124,-34.79275961654441,12.0,0.6151017621062849
227938,-27.986914911445577,-27.5018159708285,10.0,-0.48509894061707826
227940,-7.54675111116191,-5.058812378900626,1.0,-2.4879387322612843
228002,-17.562694590351228,-17.149152757754482,5.0,-0.4135418325967457
228241,-104.60250101109165,-89.72966760002853,34.0,-14.872833411063112
228312,-30.021414735425356,-32.96646521099142,11.0,2.9450504755660667
228352,-13.701858593952355,-12.80080686537075,3.0,-0.9010517285816046
228380,-2.0157954061502448,-3.303636120215332,0.0,1.2878407140650872
228410,-20.244406999730835,-19.514456319819626,5.0,-0.7299506799112088
228590,-14.68405603317061,-23.535534449365084,5.0,8.851478416194475
228695,-7.784872344275091,-4.93068181403096,1.0,-2.8541905302441313
228927,-27.307064676166068,-25.60123921223514,8.0,-1.7058254639309283
228995,-5.678609360533876,-6.0698123858650455,1.0,0.39120302533116913
229245,-5.680060175683981,-5.102455179727965,1.0,-0.5776049959560163
229257,-15.110563110317859,-17.802386622089255,4.0,2.6918235117713962
229339,-10.258265363118971,-11.006839319589341,2.0,0.74857395647037
229357,-9.549128627175763,-9.043731577203971,2.0,-0.5053970499717924
229408,-19.643127671159025,-21.92148956363965,6.0,2.278361892480625
229550,-5.406453307882412,-3.303636120215332,0.0,-2.10281718766708
229610,-32.80437014370498,-33.7586029439689,12.0,0.9542328002639238
229647,-3.6524612762814783,-8.46680570961765,0.0,4.8143444333361725
229668,-2.114654709972721,-0.6119787223246699,0.0,-1.5026759876480509
229832,-72.8672647086216,-66.07737864877141,37.0,-6.78988605985019
230053,-22.288053167001163,-20.122782981195357,6.0,-2.165270185805806
230383,-12.26992011262679,-12.212452359124187,3.0,-0.05746775350260336
230515,-22.691664105778983,-22.719960965598535,7.0,0.028296859819551656
230576,-2.4139686366015902,-3.7095224179834285,0.0,1.2955537813818383
230768,-60.289350458367124,-52.43577793266181,15.0,-7.853572525705317
230776,-10.388985854434253,-9.433184243041703,2.0,-0.95580161139255
230824,-3.4546264688870374,-5.12593126941615,0.0,1.671304800529113
230885,-12.045334440784146,-11.753305504863896,3.0,-0.2920289359202499
231153,-2.1332119503522247,-3.911067836615605,0.0,1.7778558862633802
231154,-22.220235099033147,-24.470488117353234,6.0,2.2502530183200875
231239,-20.71333892232073,-20.583517566620838,6.0,-0.1298213556998924
231252,-5.771071562684303,-5.504243262528786,1.0,-0.26682830015551673
231260,-38.770869265388455,-35.81444832077813,15.0,-2.956420944610322
231412,-5.771925990930573,-4.929054647377197,1.0,-0.8428713435533757
231463,-5.778822463710302,-5.622733163260569,1.0,-0.15608930044973324
231466,-56.334094595510635,-58.62240310643702,25.0,2.2883085109263845
231645,-5.685676888347474,-4.937839777792419,1.0,-0.7478371105550545
231696,-2.6226499278965996,-1.177625112814377,0.0,-1.4450248150822225
231702,-15.031431199640434,-17.023563300229533,4.0,1.9921321005890995
231929,-15.449953608966146,-14.783929338373639,4.0,-0.6660242705925068
232104,-9.476282727736073,-8.70506453802285,2.0,-0.771218189713224
232137,-15.637360507046958,-18.70104525793474,4.0,3.0636847508877825
232187,-21.601735361051954,-21.501985066236458,7.0,-0.09975029481549669
232526,-9.533068925626857,-10.637242133923307,2.0,1.1041732082964497
232667,-14.632519235101348,-13.419783719031374,3.0,-1.2127355160699747
232713,-14.409277729839825,-14.487504071927173,4.0,0.07822634208734769
232762,-2.3449779442121725,-2.088772687414786,0.0,-0.2562052567973865
232831,-2.5419427572057463,-2.3924885456149223,0.0,-0.14945421159082395
233064,-3.7623035212257485,-6.340794702216695,0.0,2.5784911809909468
233146,-22.845259271095387,-27.71289514400101,6.0,4.867635872905623
233250,-6.470823324573795,-6.739139699967145,1.0,0.2683163753933506
233376,-5.979006188905168,-1.4813409710145136,0.0,-4.497665217890654
233405,-18.4578822105391,-17.774807435697866,5.0,-0.6830747748412342
233507,-51.160700081986235,-64.82286101175866,14.0,13.662160929772426
233517,-5.886047863289627,-5.313604618000335,1.0,-0.5724432452892918
233607,-15.263225694365394,-14.403882935407257,4.0,-0.859342758958137
233649,-17.465784298938477,-23.884905344387057,5.0,6.4191210454485805
233675,-2.050344602625296,-4.518499553015877,0.0,2.468154950390581
233766,-2.5335511736465106,-1.177625112814377,0.0,-1.3559260608321335
233881,-14.082236744479765,-17.222655888426715,4.0,3.14041914394695
233888,-3.6974761982459134,-3.2340305779820566,1.0,-0.46344562026385683
234022,-12.459007096406856,-21.666148471898985,4.0,9.20714137549213
234024,-27.792512212863084,-26.513825995809622,8.0,-1.2786862170534619
234120,-39.79695957884849,-39.26346380591363,14.0,-0.533495772934856
234126,-34.433165579952394,-29.84770884838333,9.0,-4.585456731569064
234133,-3.4222270371528,-2.9999202620151957,0.0,-0.4223067751376042
234139,-19.075254183314506,-17.738892558959325,5.0,-1.336361624355181
234358,-10.744101448528843,-13.802525233245795,2.0,3.058423784716952
234377,-42.44663384296069,-39.39852212312379,16.0,-3.0481117198369034
234456,-20.401459929111645,-20.997736829312043,6.0,0.5962769002003974
234472,-18.03345366900451,-16.701069785015513,5.0,-1.3323838839889959
234473,-36.19606746131933,-54.50586862307594,12.0,18.30980116175661
234611,-2.549313289257736,-1.4813409710145136,0.0,-1.0679723182432226
234643,-13.69460759367099,-14.730241415565544,3.0,1.0356338218945549
234693,-2.36671100944446,-1.4813409710145136,0.0,-0.8853700384299463
235100,-2.4407191953972127,-2.6962044038150594,0.0,0.2554852084178467
235324,-87.91153170756668,-81.54944960398701,42.0,-6.362082103579667
235393,-28.17093068693035,-25.30849017632996,8.0,-2.86244051060039
235405,-16.729401384643563,-19.306934167776053,4.0,2.57753278313249
235426,-13.08416956025623,-12.556808002698105,3.0,-0.527361557558125
235657,-11.38776156396532,-11.610561189957224,3.0,0.22279962599190384
235720,-14.775212466788785,-13.233937177555317,3.0,-1.541275289233468
235978,-17.45431895428731,-18.10064445736269,5.0,0.6463255030753814
236014,-2.4529213725813195,-2.3924885456149223,0.0,-0.06043282696639718
236100,-10.91141946160569,-10.55178616542922,2.0,-0.3596332961764688
236249,-27.020874153212304,-26.037828109733073,9.0,-0.9830460434792307
236373,-2.112121193975941,-2.6962044038150594,0.0,0.5840832098391187
236439,-2.3183664956495558,-2.6962044038150594,0.0,0.37783790816550367
236499,-6.45474408873634,-11.203416289806498,1.0,4.748672201070158
236535,-9.748532871066695,-9.108267609224285,2.0,-0.6402652618424103
236584,-10.692846450336491,-16.651033207815743,3.0,5.958186757479252
236658,-21.965850395301242,-24.32288151550245,6.0,2.3570311202012064
236716,-31.472712489356038,-30.021816496671338,11.0,-1.4508959926846998
236858,-11.176315427341807,-8.751001114188128,2.0,-2.425314313153679
236934,-15.324210039416302,-14.664109244585674,4.0,-0.6601007948306279
237053,-2.440088139048193,-6.037078844016559,0.0,3.596990704968366
237181,-5.945187342414198,-6.460481583530785,1.0,0.5152942411165871
237185,-35.66939171322251,-29.749058017748457,8.0,-5.920333695474053
237302,-61.91381646455643,-55.048398122265084,27.0,-6.865418342291349
237350,-26.124196488623788,-24.065575982723487,8.0,-2.0586205059003007
237352,-4.718855998352297,-4.126568629339395,1.0,-0.5922873690129027
237454,-39.91015311114217,-40.34289798056792,12.0,0.43274486942574697
237581,-5.909627072227893,-4.998676881940835,1.0,-0.9109501902870587
237624,-1.1481465419109007,-0.9382811689615902,0.0,-0.2098653729493105
237731,-15.726438290553627,-15.49843998756396,4.0,-0.2279983029896666
237741,-40.055342787288076,-39.252132304020506,17.0,-0.8032104832675699
237794,-5.83500885185662,-5.028912407218785,1.0,-0.8060964446378351
238289,-15.560358900178967,-14.65521868666296,4.0,-0.905140213516006
238657,-48.86964751487326,-41.86258044275696,14.0,-7.0070670721163
238694,-20.552724169810077,-23.97170913914477,6.0,3.4189849693346943
238733,-28.95148479486171,-26.350203892863302,9.0,-2.6012809019984076
238811,-11.404606822033847,-12.278200256200144,3.0,0.8735934341662972
238812,-8.716049755492936,-8.46314491608958,2.0,-0.25290483940335484
239175,-2.608051296659303,-1.4813409710145136,0.0,-1.1267103256447895
239182,-2.3820100712953423,-1.19970354560459,0.0,-1.1823065256907523
239421,-18.917577751211027,-23.11369696901648,4.0,4.196119217805453
239423,-31.384384329289716,-32.26528487102059,7.0,0.880900541730874
239504,-21.505982216872724,-33.644114825497915,6.0,12.138132608625192
239529,-13.340268260799098,-15.127680621338177,4.0,1.7874123605390793
239574,-46.18805131121506,-45.09919671673394,18.0,-1.0888545944811199
239581,-31.657348420373612,-27.168467730369848,8.0,-4.488880690003764
239685,-2.092950162055526,-3.911067836615605,0.0,1.818117674560079
239862,-15.233158474240604,-16.340385563682254,4.0,1.1072270894416505
240074,-2.0866757122825357,-4.518499553015877,0.0,2.4318238407333412
240113,-13.394290543512101,-12.739435187140375,3.0,-0.6548553563717263
240261,-2.3385666644220837,-0.5701933964141045,0.0,-1.7683732680079793
240372,-18.244112214334237,-17.616729956021608,5.0,-0.627382258312629
240407,-5.8774340260457,-5.514182849777911,1.0,-0.3632511762677888
240421,-17.11227469835638,-15.163329670434834,4.0,-1.9489450279215461
240578,-9.02817437714683,-8.851820966155499,2.0,-0.1763534109913305
240699,-38.35447560356067,-58.00882694427431,15.0,19.65435134071364
240706,-5.976903140076951,-7.727761872425162,1.0,1.7508587323482114
240707,-9.350588982466727,-8.679648013213306,2.0,-0.6709409692534205
240717,-14.654555774689769,-21.896783318398953,4.0,7.242227543709184
240781,-2.564540719741112,-4.255815132581022,0.0,1.6912744128399098
240858,-5.552599258308447,-12.222629504764296,1.0,6.670030246455848
240915,-2.2695073108883346,-1.4813409710145136,0.0,-0.788166339873821
240930,-22.60176416138432,-21.83149359650517,6.0,-0.7702705648791515
241002,-8.928287702205239,-5.281347811616295,1.0,-3.6469398905889436
241115,-20.68123698329387,-21.516200630941878,6.0,0.8349636476480065
241506,-15.924555154825933,-21.461914090603916,5.0,5.537358935777982
241535,-23.940146843979104,-25.452281129917658,8.0,1.5121342859385543
241655,-6.180222738398301,-5.052845898334015,1.0,-1.1273768400642865
241695,-9.04828321541303,-8.50337193265157,2.0,-0.5449112827614595
241985,-2.1611245696040973,-1.7850568292146498,0.0,-0.37606774038944746
241986,-2.00948999965655,-0.266477538213968,0.0,-1.7430124614425817
242024,-31.988100803482315,-29.723878131226655,10.0,-2.2642226722556593
242029,-9.33545669934428,-9.763139172624998,2.0,0.4276824732807185
242078,-9.616582753850459,-10.182240450107727,2.0,0.5656576962572686
242110,-20.760250379054064,-19.20635684422296,5.0,-1.5538935348311043
242254,-2.147749863610602,-2.6962044038150594,0.0,0.5484545402044576
242258,-14.393127203803083,-12.212014588980358,3.0,-2.181112614822725
242401,-13.048787753341243,-14.05101279132439,3.0,1.0022250379831465
242470,-87.43143730927879,-79.27611660051105,38.0,-8.155320708767746
242681,-5.743669602909084,-9.923906487868575,1.0,4.18023688495949
242733,-11.920112968807683,-12.10246704150337,3.0,0.18235407269568782
242841,-3.1175839230579885,-5.733362985816423,0.0,2.6157790627584343
243026,-2.10609203420663,-1.177625112814377,0.0,-0.9284669213922527
243174,-97.30562486973554,-89.71679612310413,38.0,-7.588828746631407
243227,-24.716517396530612,-23.773678090624458,8.0,-0.9428393059061548
243235,-75.24524737678175,-101.42325347639853,25.0,26.17800609961678
243289,-31.90174720845521,-31.33747465279983,12.0,-0.5642725556553785
243392,-7.929260113322984,-15.696112159132184,2.0,7.7668520458092
243517,-2.530500594912808,-1.177625112814377,0.0,-1.3528754820984308
243658,-65.54176721633044,-77.50880251749314,28.0,11.967035301162696
243783,-37.06254302045829,-34.91721911181419,11.0,-2.1453239086441016
243911,-9.920953377957476,-9.335363119511117,2.0,-0.5855902584463593
243952,-6.573837463448098,-5.100556176912241,1.0,-1.4732812865358564
244325,-2.0089577628787088,-3.427794186612649,0.0,1.4188364237339401
244335,-6.139646288175203,-5.002521919509315,1.0,-1.137124368665888
244430,-48.19857296355141,-42.90380835744586,12.0,-5.294764606105552
244807,-24.192843555812487,-24.216802042362282,8.0,0.0239584865497946
244980,-2.838065757927307,-1.7850568292146498,0.0,-1.0530089287126572
245063,-16.114632295365407,-20.58095490260738,6.0,4.466322607241974
245155,-21.639746484186688,-23.952393687617313,7.0,2.3126472034306254
245156,-31.695810433576167,-37.505625638116605,11.0,5.809815204540438
245266,-2.2279276670752006,-1.4813409710145136,0.0,-0.7465866960606871
245384,-17.67751118691469,-16.859166896827308,5.0,-0.8183442900873814
245705,-5.645231932520275,-5.195595468331828,1.0,-0.4496364641884467
245755,-52.29116147730182,-47.66558594102847,23.0,-4.625575536273352
245788,-2.228483219980991,-1.4813409710145136,0.0,-0.7471422489664774
245805,-2.051075642604909,-2.088772687414786,0.0,0.037697044809877234
245926,-63.53043179002373,-81.09831069914111,25.0,17.567878909117383
246188,-15.456188316701763,-25.10731336408038,4.0,9.651125047378617
246282,-2.7406610893532872,-1.549904355232325,0.0,-1.1907567341209622
246442,-16.964402160167204,-17.239636460095937,5.0,0.2752342999287336
246547,-14.925683920700337,-15.404135382251795,4.0,0.4784514615514581
246679,-10.102108885835651,-9.711253134505077,3.0,-0.3908557513305748
246691,-2.5211250336577318,-4.822215411216014,0.0,2.3010903775582823
246865,-42.34258927525461,-42.76307612523543,15.0,0.42048684998081853
247105,-98.31494053813971,-88.46028360324146,42.0,-9.854656934898244
247228,-1.6361023723635266,-0.9034829822254479,0.0,-0.7326193901380788
247453,-6.236255530567515,-5.116713834995077,1.0,-1.1195416955724378
247521,-10.018388968014184,-9.425877969951928,2.0,-0.5925109980622558
247530,-26.496128793094744,-25.201585531069334,8.0,-1.2945432620254103
247648,-8.452060991575275,-8.54666616248981,2.0,0.09460517091453546
247662,-8.996622038450356,-8.595708193749058,2.0,-0.4009138447012983
247899,-14.441949122071076,-14.46158252476112,4.0,0.019633402690043766
247935,-16.412593482108427,-18.429753108791026,5.0,2.0171596266825986
248104,-10.777643444886289,-27.098804783943994,2.0,16.321161339057703
248109,-9.377288810666773,-8.629344435928086,2.0,-0.7479443747386867
248294,-2.5056353608343604,-3.607351978415468,0.0,1.1017166175811077
248331,-2.242348415799888,-1.177625112814377,0.0,-1.064723302985511
248499,-5.982905120767127,-5.946021613299749,1.0,-0.036883507467377896
248538,-2.009114125449954,-5.733362985816423,0.0,3.724248860366469
248569,-5.530030277937875,-5.148577435650637,1.0,-0.3814528422872385
248624,-12.880247452197514,-13.852675903849054,3.0,0.97242845165154
248649,-15.6644056925999,-15.001619327112405,4.0,-0.662786365487495
248652,-41.394031567419354,-35.18586558202116,13.0,-6.208165985398196
248773,-16.593239428419334,-19.108321187678364,5.0,2.5150817592590293
249284,-8.83027294778564,-8.97644304455565,2.0,0.14617009677001036
249300,-14.41995401422379,-13.45084579111757,3.0,-0.96910822310622
249311,-142.41116263292253,-119.43409177953367,54.0,-22.977070853388852
249316,-17.70273470048893,-8.468188651583597,2.0,-9.234546048905331
249391,-72.52369282582376,-65.53450927783274,37.0,-6.9891835479910185
249493,-3.0758246807484704,-2.6962044038150594,0.0,-0.37962027693341094
249494,-8.179293650715824,-8.610711855863332,2.0,0.4314182051475086
249507,-21.05825014653261,-25.32039228922457,7.0,4.26214214269196
249658,-31.52271848858459,-37.24599626425194,10.0,5.723277775667352
249672,-2.6282396245319797,-0.8739092546142408,0.0,-1.7543303699177388
249729,-19.696727157687587,-21.034801570374793,6.0,1.338074412687206
249859,-24.38321798673198,-25.724165958552852,8.0,1.3409479718208708
250005,-18.039211155090936,-19.165729869277786,5.0,1.126518714186851
250146,-45.66071121671576,-42.241568661227916,17.0,-3.419142555487845
250382,-2.4400905533354282,-2.6962044038150594,0.0,0.2561138504796312
250399,-14.362325052219553,-14.22561301020233,3.0,-0.13671204201722276
250413,-5.609111116553747,-9.347064124599376,1.0,3.737953008045629
250432,-26.651750189827627,-25.03595331730186,8.0,-1.6157968725257668
250473,-29.417390202616982,-31.54295807531584,11.0,2.125567872698859
250507,-13.529634234158939,-12.716422026327427,3.0,-0.813212207831512
250892,-6.115717770529981,-5.822713455963844,1.0,-0.2930043145661374
250898,-67.05318742557134,-64.46521281371848,32.0,-2.5879746118528573
250911,-20.29539144313083,-20.16405415172518,5.0,-0.1313372914056501
250995,-9.310162283312634,-8.525497286177416,2.0,-0.7846649971352182
251156,-8.852394617246024,-8.828366890366354,2.0,-0.024027726879669586
251191,-6.823583196128588,-5.222210932885856,1.0,-1.601372263242732
251305,-9.368310146252794,-8.78049020996378,2.0,-0.587819936289014
251638,-33.04481240421574,-48.63992066454309,12.0,15.59510826032735
251640,-61.98707732325113,-59.52033615493791,20.0,-2.46674116831322
251725,-5.762196876171583,-4.977956362187367,1.0,-0.7842405139842157
251824,-15.698238573366798,-14.158237124997644,4.0,-1.5400014483691535
251841,-9.416712523140452,-8.63608222329047,2.0,-0.7806302998499817
251936,-30.3578058730801,-31.994049045740805,12.0,1.6362431726607056
251940,-9.297887014880502,-8.570095200952874,2.0,-0.7277918139276274
251946,-2.612291895839943,-1.177625112814377,0.0,-1.434666783025566
251950,-35.02950578551739,-63.081252567556774,13.0,28.051746782039388
252217,-14.542312503300039,-15.52427189871945,4.0,0.9819593954194108
252309,-2.543829732786445,-1.177625112814377,0.0,-1.3662046199720679
252526,-6.169877092482673,-4.985493835142808,1.0,-1.1843832573398645
252615,-17.383675744066927,-18.175721185219313,5.0,0.7920454411523856
252625,-2.8830958731140983,-3.607351978415468,0.0,0.7242561053013699
252728,-2.094075169492806,-1.177625112814377,0.0,-0.916450056678429
252741,-19.84936798328316,-27.0216634236389,6.0,7.1722954403557395
252743,-13.661768896575651,-14.233818366622804,4.0,0.572049470047153
252767,-8.946873307295716,-9.062940118087539,2.0,0.11606681079182302
252849,-46.91385275106955,-60.054782052195485,20.0,13.140929301125936
253013,-85.38086602744272,-87.39373703566814,50.0,2.0128710082254173
253041,-9.79225338784924,-8.564107775130134,2.0,-1.2281456127191053
253069,-3.1354815990610265,-5.281502345536466,0.0,2.1460207464754393
253227,-36.97089778184467,-31.91973628247305,9.0,-5.05116149937162
253292,-103.9289051747006,-189.19697111705926,54.0,85.26806594235866
253353,-29.347996959652036,-29.870577897883155,11.0,0.5225809382311191
253363,-23.660385695856316,-24.385929730918104,7.0,0.7255440350617874
253559,-18.499421415981736,-17.260533138297664,4.0,-1.2388882776840724
253582,-6.23774800729345,-5.103180320557456,1.0,-1.134567686735994
253675,-3.2000631231551586,-1.177625112814377,0.0,-2.0224380103407817
253741,-6.503320634009469,-4.8726500369893255,1.0,-1.6306705970201438
253767,-105.22936338102642,-95.36800105280675,44.0,-9.86136232821967
253854,-3.0605699694753605,-1.6755115784316472,0.0,-1.3850583910437133
253988,-6.336945594867764,-7.45457332712603,1.0,1.1176277322582662
254124,-25.073428385575557,-22.562385284966425,7.0,-2.5110431006091325
254177,-8.54849564678258,-10.036447883682914,2.0,1.487952236900334
254198,-15.053117644259666,-16.076180239687865,4.0,1.0230625954281987
254241,-9.647615089285503,-9.13192621324738,2.0,-0.5156888760381229
254275,-20.100103965996627,-20.25954047954945,5.0,0.15943651355282284
254314,-18.682116317524635,-17.396235208676966,5.0,-1.2858811088476685
254327,-2.739300171205541,-1.7856656483422033,0.0,-0.9536345228633376
254398,-2.851950904639119,-1.177625112814377,0.0,-1.674325791824742
254427,-24.11140003506313,-24.70740593903168,9.0,0.5960059039685497
254475,-93.82813917834635,-138.17236017495736,47.0,44.344220996611014
254538,-42.57122905917199,-40.26138542262786,17.0,-2.30984363654413
254592,-11.908450178769735,-12.125270992968382,3.0,0.21682081419864652
254700,-32.30731953615071,-30.17416792659087,10.0,-2.133151609559839
254761,-168.04229771938114,-192.15128817124977,68.0,24.108990451868635
254930,-23.843117565733163,-23.58809586148985,7.0,-0.25502170424331183
255081,-9.875649883532422,-10.238454380551786,2.0,0.3628044970193649
255261,-15.84497974704538,-21.436425865573398,4.0,5.591446118528017
255445,-3.817431028938242,-4.518499553015877,0.0,0.7010685240776349
255536,-23.568591337247287,-24.544211189872478,7.0,0.97561985262519
255596,-8.85546202693636,-11.068344347315497,2.0,2.212882320379137
255622,-5.685926038914345,-5.869917649781257,1.0,0.1839916108669124
255861,-34.572290442338605,-34.015819068796205,13.0,-0.5564713735424007
255869,-5.889827375511007,-5.177043846617589,1.0,-0.7127835288934179
255905,-46.412634785380945,-41.40459984810814,17.0,-5.008034937272804
256035,-13.118965844956065,-12.651436079810825,3.0,-0.46752976514524036
256053,-2.180977909370692,-2.5456903814941145,0.0,0.3647124721234225
256113,-51.971990625242796,-51.58176817786405,23.0,-0.390222447378747
256201,-3.287196103965878,-2.9999202620151957,0.0,-0.28727584195068223
256227,-10.744468617139177,-9.687979313550969,2.0,-1.056489303588208
256234,-5.291349125051596,-5.274189847854837,1.0,-0.01715927719675925
256377,-35.36137555222525,-34.61783254970089,12.0,-0.7435430025243548
256409,-31.336499440569597,-31.06360346909167,7.0,-0.27289597147792577
256410,-14.102978535835232,-8.779853994182814,2.0,-5.323124541652419
256452,-11.980640219368274,-12.485532816121607,3.0,0.5048925967533329
256490,-9.713902349481396,-8.683082246234967,2.0,-1.0308201032464286
256502,-15.161124071572173,-14.836335563914815,4.0,-0.3247885076573578
256510,-33.24862445039536,-35.17880551364039,11.0,1.9301810632450298
256551,-13.164843101479308,-12.375503810675076,3.0,-0.7893392908042323
256673,-48.120180576004095,-47.97472633564913,16.0,-0.14545424035496524
256976,-7.010754958297544,-8.73758238825762,2.0,1.7268274299600757
257013,-27.634622881810927,-29.56103669881812,7.0,1.9264138170071945
257014,-6.0230053566224155,-5.305490028450277,1.0,-0.7175153281721389
257029,-11.849832568051278,-15.724806320144639,3.0,3.8749737520933607
257077,-21.13174867677328,-19.934766750145023,5.0,-1.1969819266282578
257320,-9.712873798255886,-5.059830501190934,1.0,-4.6530432970649525
257333,-10.771224317296387,-9.574865247429571,2.0,-1.1963590698668156
257449,-17.965155636160755,-16.295345315486315,4.0,-1.66981032067444
257568,-57.817595134689086,-70.26186870599906,19.0,12.444273571309978
257574,-2.0100811763841158,-1.4813409710145136,0.0,-0.5287402053696022
257713,-8.414935248749721,-6.249444116965957,1.0,-2.1654911317837637
257764,-2.6388058367512053,-3.911067836615605,0.0,1.2722619998643996
257850,-2.1954235433926987,-1.7850568292146498,0.0,-0.41036671417804893
257909,-2.965805338273578,-5.316749891650903,0.0,2.350944553377325
257939,-21.221945964863693,-23.709174775634285,7.0,2.487228810770592
257976,-28.72995115729678,-28.591027944899608,9.0,-0.13892321239717376
258138,-4.5399598393974525,-2.3924885456149223,0.0,-2.14747129378253
258170,-12.768498167990035,-11.711147962928825,3.0,-1.0573502050612102
258302,-18.227767973326507,-17.327730345154627,4.0,-0.90003762817188
258388,-8.821018589129713,-8.649197307618694,2.0,-0.1718212815110185
258427,-9.577934242734859,-9.115533824706924,2.0,-0.46240041802793463
258452,-25.66426699894995,-28.29968811787854,9.0,2.635421118928587
258456,-46.049115939803315,-46.15924447399697,12.0,0.11012853419365598
258464,-6.4708432956727835,-17.068241571407608,1.0,10.597398275734825
258865,-15.915420937896776,-17.67025000493674,4.0,1.7548290670399638
258884,-6.936131559556227,-5.359416569465543,1.0,-1.576714990090684
258905,-29.096007785826124,-33.1997919167897,8.0,4.103784130963575
258908,-99.58928658908358,-92.26998486750011,29.0,-7.3193017215834715
258979,-3.4767243703547135,-12.316371721929976,0.0,8.839647351575262
259068,-9.229089472187272,-16.934041266818138,2.0,7.704951794630865
259171,-111.97626947458778,-80.49247969214372,23.0,-31.483789782444063
259195,-76.2418645645102,-83.8232306802696,27.0,7.581366115759408
259308,-9.33321975804894,-8.602571479010583,2.0,-0.7306482790383573
259363,-58.72814354879576,-45.086433493016486,15.0,-13.64171005577927
259583,-11.989811404150814,-14.043297924012412,3.0,2.0534865198615986
259700,-5.203807798471304,-11.576780466770394,1.0,6.372972668299091
259819,-43.02480472799458,-41.342805850192995,16.0,-1.6819988778015826
260242,-44.278619978096266,-41.71681482466103,17.0,-2.5618051534352375
260567,-44.1535586047084,-64.93474007470184,21.0,20.781181469993435
260675,-13.98708747183242,-13.737434250598916,3.0,-0.24965322123350298
260747,-12.427510771346663,-12.071914038096633,3.0,-0.35559673325002983
260780,-33.691564376188836,-28.691586324898687,9.0,-4.9999780512901495
260942,-20.75678564922634,-18.36055174385624,5.0,-2.3962339053700994
261149,-21.671578205216548,-19.697046038718263,6.0,-1.9745321664982853
261183,-2.5036904646874105,-1.4813409710145136,0.0,-1.022349493672897
261260,-93.79234772947476,-107.29659776272668,49.0,13.504250033251921
261514,-17.574139452979452,-16.10328183758823,4.0,-1.4708576153912212
261519,-3.3080870680422194,-2.088772687414786,0.0,-1.2193143806274334
261548,-45.21687459011818,-40.0365861895105,14.0,-5.1802884006076795
261725,-5.746083484008155,-10.299235498752996,1.0,4.553152014744841
261776,-56.78005214448504,-51.91383147289802,22.0,-4.866220671587023
261867,-29.698102872721496,-29.21814148117846,9.0,-0.47996139154303563
262005,-13.495853285403369,-16.775376401095464,3.0,3.279523115692095
262350,-2.3665801455830557,-2.088772687414786,0.0,-0.2778074581682697
262432,-6.473094184652524,-5.051347509300618,1.0,-1.4217466753519057
262504,-17.0891388544734,-16.369275386860537,4.0,-0.7198634676128641
262525,-48.4515948394773,-44.19471827386674,20.0,-4.256876565610561
262530,-22.22787813305706,-22.36368331064153,5.0,0.1358051775844693
262544,-20.483691035354713,-19.292784033151555,6.0,-1.1909070022031578
262638,-13.084197875192508,-14.984603925132822,4.0,1.9004060499403135
262757,-35.245989939175814,-42.85413962465296,15.0,7.608149685477144
262838,-65.74376515105516,-98.53895499297332,25.0,32.79518984191816
262849,-19.413574265105975,-17.40721825956805,5.0,-2.006356005537924
263008,-21.660775477057943,-20.652958909356894,6.0,-1.0078165677010489
263111,-39.770939910968465,-93.0259458053481,15.0,53.255005894379636
263288,-5.958034131700288,-6.936096789622527,1.0,0.9780626579222398
263308,-28.93456465176257,-27.088640805238803,9.0,-1.8459238465237675
263314,-48.983831009734715,-46.98884067294485,20.0,-1.9949903367898614
263327,-25.326284386902504,-24.588493933653826,8.0,-0.7377904532486781
263386,-80.43303625105366,-75.19292062640116,38.0,-5.240115624652503
263462,-2.5982701911063653,-0.5701933964141045,0.0,-2.028076794692261
263469,-5.804803660564241,-5.456910310348279,1.0,-0.347893350215962
263600,-2.326486177511734,-2.4373435652480158,0.0,0.11085738773628195
263719,-38.67068456295177,-35.17066919930999,12.0,-3.5000153636417792
263721,-31.68900694683749,-32.217087838873816,10.0,0.5280808920363249
263983,-20.486922110325526,-18.535183102492535,5.0,-1.951739007832991
264034,-17.917859093548763,-18.048088582653175,5.0,0.130229489104412
264069,-29.311728229591193,-27.482556943707337,10.0,-1.8291712858838558
264362,-9.496412547752785,-8.499069330096251,2.0,-0.9973432176565336
264388,-6.162095926402421,-6.042873857547174,1.0,-0.11922206885524744
264540,-16.430589226097467,-16.246294843532983,4.0,-0.1842943825644845
264719,-31.39739095249015,-33.69944211991626,11.0,2.3020511674261144
264846,-5.822712614673171,-4.967419322252067,1.0,-0.8552932924211039
264866,-3.508026631425279,-1.177625112814377,0.0,-2.330401518610902
265011,-40.64723485209842,-37.40945919493679,14.0,-3.2377756571616345
265015,-6.817707189244927,-5.915628539053188,1.0,-0.902078650191739
265033,-4.9953229339296,-4.5540552687933475,1.0,-0.4412676651362526
265084,-16.50400420528731,-18.332104746861976,5.0,1.828100541574667
265086,-18.327621134060895,-20.203997101351764,5.0,1.876375967290869
265155,-27.0914584159941,-27.60076592907579,9.0,0.5093075130816906
265183,-2.4374489807574147,-0.8739092546142408,0.0,-1.5635397261431738
265264,-9.679269739114822,-11.82538270025575,2.0,2.1461129611409273
265383,-28.21956094928904,-29.847724165250582,7.0,1.6281632159615427
265494,-6.024195022912769,-5.204167345744356,1.0,-0.8200276771684134
265583,-23.498143984526173,-23.03390991943501,7.0,-0.46423406509116205
265622,-52.29045630331415,-49.74400324216285,17.0,-2.546453061151304
265666,-12.062381762613475,-13.063279489341403,3.0,1.0008977267279278
265669,-13.772640580896216,-13.116799676143836,3.0,-0.6558409047523792
265749,-1.9129527806951292,-5.807646198770226,0.0,3.894693418075097
265794,-34.068912971330015,-32.176825402064665,11.0,-1.8920875692653496
265926,-14.643828382885387,-14.153463222298875,4.0,-0.4903651605865118
265980,-9.115236568997975,-9.702804845822323,2.0,0.5875682768243475
266080,-3.3142409197736886,-2.9999202620151957,0.0,-0.31432065775849294
266217,-1.9678856870283898,-2.641218200968796,0.0,0.6733325139404063
266235,-62.537142393017874,-52.641597941501054,17.0,-9.89554445151682
266251,-2.1539710032863213,-2.088772687414786,0.0,-0.06519831587153524
266294,-11.778168628257196,-13.218569624173607,3.0,1.440400995916411
266433,-9.322201238176328,-8.702004593166706,2.0,-0.6201966450096226
266548,-17.951513376816138,-23.234122440935312,5.0,5.282609064119175
266586,-16.387547710942375,-16.471664181584323,4.0,0.08411647064194838
266685,-64.35664506255998,-53.774870663881515,24.0,-10.581774398678462
266751,-19.874458243168167,-18.80855978823334,6.0,-1.0658984549348283
266755,-10.162254725702624,-9.515766413104997,2.0,-0.6464883125976275
266782,-20.978739915192133,-22.60507866648615,6.0,1.6263387512940177
266817,-35.10901940514924,-31.19739005672293,11.0,-3.9116293484263096
266832,-9.279115791263834,-8.89224735580955,2.0,-0.38686843545428395
266907,-11.834699905617871,-11.58199561788781,3.0,-0.2527042877300616
266917,-27.21844072834705,-28.526772141516776,9.0,1.308331413169725
267028,-2.644495164759423,-0.8739092546142408,0.0,-1.7705859101451822
267055,-2.3666903712122513,-1.4813409710145136,0.0,-0.8853494001977378
267290,-46.225148829411005,-48.61521375312015,19.0,2.390064923709147
267468,-6.28525894978885,-4.924508577279718,1.0,-1.3607503725091323
267526,-5.833532126999009,-8.223247357781215,1.0,2.3897152307822065
267584,-11.89503280604052,-12.116953592609956,3.0,0.22192078656943615
267642,-2.2661328053500847,-0.5701933964141045,0.0,-1.6959394089359803
267761,-2.3488147121088816,-2.3924885456149223,0.0,0.043673833506040705
267793,-9.613415593096002,-8.403877234158577,2.0,-1.2095383589374258
267824,-11.628221802866587,-9.535076080088045,2.0,-2.0931457227785426
267923,-13.504573366899395,-17.657005875549604,4.0,4.152432508650209
267935,-9.268575138477676,-8.972771325923176,2.0,-0.2958038125544995
268066,-9.159401180119318,-8.444641851009317,2.0,-0.7147593291100005
268106,-14.072223948643618,-15.914665261797209,4.0,1.842441313153591
268114,-35.75728284699469,-32.224295709204966,11.0,-3.532987137789725
268123,-38.206097974806355,-32.62512867925846,11.0,-5.580969295547895
268165,-8.569618487157202,-10.758873920459935,2.0,2.1892554333027334
268173,-109.04381920571099,-133.23368414213934,50.0,24.18986493642835
268250,-14.413463424498014,-14.188361395712683,4.0,-0.22510202878533114
268374,-5.957695773063877,-8.41956781231349,1.0,2.461872039249613
268381,-67.8532050654749,-81.14816020368325,31.0,13.294955138208351
268404,-5.535528142007226,-7.962255048021634,1.0,2.426726906014408
268431,-53.71506083779269,-53.51467416575134,22.0,-0.20038667204135407
268588,-12.674967934237097,-11.738793504717068,3.0,-0.9361744295200296
268624,-45.250973986943194,-39.14965153213274,10.0,-6.101322454810457
268698,-10.585591620659248,-11.768367717509824,2.0,1.182776096850576
268768,-37.80011266890118,-37.72648246673032,12.0,-0.07363020217086103
268799,-2.0288103599966982,-1.177625112814377,0.0,-0.8511852471823211
268820,-2.217662969291844,-1.0179158679695741,0.0,-1.1997471013222698
268826,-54.18053262625881,-44.18470405409273,17.0,-9.995828572166083
268845,-45.72978288043807,-42.38930823294785,17.0,-3.3404746474902254
269317,-6.275252864043051,-6.475075875812603,1.0,0.19982301176955186
269392,-9.419408605346845,-8.547279600470233,2.0,-0.8721290048766122
269428,-5.7905313392439695,-5.534448474927775,1.0,-0.25608286431619476
269480,-50.90038276843891,-44.34098217652415,18.0,-6.559400591914759
269497,-11.076240369504038,-11.801588901586895,3.0,0.7253485320828563
269558,-2.5824691853158512,-2.3547337634217453,0.0,-0.2277354218941059
269637,-11.091362833568454,-12.81916519754292,3.0,1.727802363974467
269658,-37.03205728876414,-42.65933031547555,12.0,5.627273026711407
269682,-10.618192876640576,-9.462372827605337,2.0,-1.1558200490352384
269749,-55.67757898490004,-51.54123662602368,27.0,-4.136342358876355
269870,-20.519737926570397,-22.252616648521187,6.0,1.7328787219507902
269911,-6.841066326921427,-15.212487137802029,1.0,8.3714208108806
270024,-2.1679262653178952,-5.4296471276162865,0.0,3.2617208622983913
270080,-13.95367467873246,-14.284414103999584,4.0,0.3307394252671241
270105,-9.396009151085055,-8.888465425680595,2.0,-0.5075437254044601
270179,-30.47166986894555,-43.520987614413656,12.0,13.049317745468105
270265,-2.11270594479938,-2.3924885456149223,0.0,0.2797826008155422
270431,-2.3713155393355314,-1.4813409710145136,0.0,-0.8899745683210178
270554,-6.35480744457789,-5.272562681201074,1.0,-1.0822447633768162
270559,-19.023291528280915,-23.42666927737995,5.0,4.403377749099036
270622,-9.160252536627334,-8.62111774619001,2.0,-0.5391347904373252
270633,-20.574474447135948,-23.45863079842965,6.0,2.8841563512937007
270717,-43.959151080080154,-42.77667391725761,18.0,-1.1824771628225434
270744,-22.29188014997775,-21.78071650622766,6.0,-0.5111636437500913
270779,-28.196315953564394,-28.815748658323713,9.0,0.6194327047593191
270793,-2.261680951893529,-5.531443614356582,0.0,3.269762662463053
270955,-9.572453183774016,-8.90820748221511,2.0,-0.6642457015589063
270991,-20.05335070512998,-22.375768904608567,6.0,2.3224181994785873
271085,-6.025231754781706,-4.994434104298297,1.0,-1.030797650483409
271090,-3.2292565553230754,-2.6962044038150594,0.0,-0.533052151508016
271107,-40.696240074128255,-43.109456332658034,15.0,2.413216258529779
271231,-10.146067414976791,-8.649252500422186,2.0,-1.496814914554605
271248,-28.557653718063378,-26.63650056368073,9.0,-1.9211531543826474
271351,-259.186164031457,-197.72365367177514,93.0,-61.46251035968186
271659,-28.688514209048318,-33.25639293083129,9.0,4.5678787217829715
271743,-9.240336381362628,-8.63742219505557,2.0,-0.6029141863070571
271865,-5.562222052766535,-5.085395132272535,1.0,-0.4768269204940001
271868,-9.513350799037763,-8.696179936291937,2.0,-0.8171708627458258
271956,-2.7640666654451853,-1.177625112814377,0.0,-1.5864415526308082
272002,-8.359289601690836,-8.688775089333092,2.0,0.3294854876422555
272015,-29.19586580516837,-30.522616681474567,10.0,1.3267508763061961
272052,-0.48902608854203167,-0.5088267664709826,0.0,0.019800677928950905
272070,-19.532951175638214,-17.928396183816627,5.0,-1.604554991821587
272134,-2.6002931565339864,-2.6339222468188246,0.0,0.03362909028483818
272341,-14.87955447414041,-16.292756117765197,4.0,1.413201643624788
272388,-16.34512481788531,-14.70931027711972,4.0,-1.6358145407655904
272393,-20.124729496533778,-20.249028120668893,5.0,0.12429862413511472
272617,-7.667695576070273,-9.31519101408342,2.0,1.647495438013146
272702,-2.3078452768193958,-2.459065116700847,0.0,0.15121983988145127
272774,-9.875863415920424,-11.588106348352596,2.0,1.7122429324321722
273074,-39.007079042033496,-39.041005338875124,17.0,0.033926296841627845
273206,-34.484201173415094,-34.732709091714085,14.0,0.24850791829899066
273402,-16.04726877858039,-15.455253923666518,4.0,-0.5920148549138702
273424,-13.147909240251861,-13.150561245618537,3.0,0.002652005366675425
273572,-3.3235964848677395,-1.177625112814377,0.0,-2.1459713720533626
273682,-21.70134158268638,-19.72484236324519,6.0,-1.9764992194411874
273684,-30.068380369249866,-28.63744092278382,8.0,-1.430939446466045
273700,-6.089759922720264,-5.095613776606004,1.0,-0.99414614611426
273716,-2.1877880342075975,-0.8739092546142408,0.0,-1.3138787795933566
274002,-5.969715090820781,-9.783413147871393,1.0,3.813698057050612
274161,-38.63791645489115,-45.07726530610489,16.0,6.439348851213744
274177,-5.444087055563062,-7.87957870890896,1.0,2.435491653345898
274459,-9.144670785904207,-8.714038765051914,2.0,-0.43063202085229335
274563,-9.986988617437088,-12.443970646602798,2.0,2.45698202916571
274897,-9.140568538498735,-9.180573888707627,2.0,0.040005350208891954
274949,-12.64160149516962,-11.582367007510351,3.0,-1.0592344876592694
275043,-37.37652853728683,-33.70907782277747,10.0,-3.667450714509357
275111,-9.656081809219248,-8.720115612023816,2.0,-0.9359661971954321
275230,-61.94805469815094,-75.57331787087163,26.0,13.625263172720693
275276,-26.80090279519592,-25.143892436639522,8.0,-1.6570103585563984
275428,-52.84919546461904,-49.02027629994581,18.0,-3.8289191646732235
275476,-13.332834693347671,-12.21395677908961,3.0,-1.1188779142580607
275592,-19.880928099188935,-30.46320668838796,7.0,10.582278589199024
275601,-26.83198095984462,-27.19074042219669,10.0,0.3587594623520687
275660,-12.551043886979004,-13.441105623043939,3.0,0.8900617360649345
275749,-6.312613142782813,-5.325622527483909,1.0,-0.9869906152989039
275798,-17.742157216612355,-19.321335269213016,5.0,1.5791780526006605
275813,-16.67869014786845,-16.8385651845592,4.0,0.15987503669074954
275825,-2.1508030095662,-1.7937491934969505,0.0,-0.3570538160692496
275920,-66.0407017602887,-61.817660001888946,30.0,-4.223041758399752
275935,-13.962592356006708,-17.244224386726906,3.0,3.281632030720198
275940,-18.653625520037625,-21.021402694189778,6.0,2.3677771741521525
276004,-10.276479438421426,-11.43100374062157,2.0,1.1545243022001443
276120,-2.36211724489009,-2.9999202620151957,0.0,0.6378030171251057
276179,-11.724447622104766,-11.639591909989782,3.0,-0.0848557121149831
276235,-10.483551906560292,-8.703420468497796,2.0,-1.7801314380624955
276332,-7.446854100347697,-9.446585618196167,1.0,1.9997315178484696
276355,-5.894304809117175,-4.99986129923011,1.0,-0.8944435098870649
276546,-9.587702519167493,-9.34805064143004,2.0,-0.23965187773745278
276569,-9.589237686256242,-8.979787956634265,2.0,-0.6094497296219767
276688,-14.31346468493995,-12.456271668396221,3.0,-1.8571930165437287
276724,-2.476990479702385,-1.7850568292146498,0.0,-0.6919336504877354
276806,-15.871770601082975,-15.319213146927735,4.0,-0.5525574541552398
276902,-2.135380306104115,-2.088772687414786,0.0,-0.046607618689328945
276941,-12.312860186927075,-13.635044739831548,3.0,1.3221845529044725
276948,-14.845576449949318,-16.0203596104494,4.0,1.1747831605000822
276964,-30.998985783198332,-30.280279527435752,10.0,-0.7187062557625801
277004,-30.088350428908367,-28.781236191078982,9.0,-1.307114237829385
277076,-3.1353003677263582,-1.177625112814377,0.0,-1.9576752549119811
277126,-6.3894983391892355,-7.055006631850288,1.0,0.6655082926610527
277172,-34.874656767109755,-35.24863356889274,13.0,0.3739768017829874
277219,-96.25761691366873,-80.80284447005651,32.0,-15.454772443612214
277251,-34.23683983287238,-31.56387284639329,11.0,-2.6729669864790857
277389,-30.025816425318382,-30.07066883531802,7.0,0.044852409999638354
277396,-29.63456278105788,-29.33455205141304,9.0,-0.3000107296448391
277479,-2.1521868495201617,-1.2164730891727396,0.0,-0.9357137603474222
277564,-35.201717607461966,-35.503236166860695,12.0,0.30151855939872974
277608,-9.251594386760852,-10.744005339356244,2.0,1.4924109525953924
277641,-44.78865535400407,-40.43815176468768,16.0,-4.350503589316389
277703,-5.610910602065115,-5.265301737082648,1.0,-0.34560886498246646
277771,-9.021174910700955,-8.709164522840831,2.0,-0.3120103878601235
277811,-18.694105199921225,-18.125212166376706,5.0,-0.5688930335445193
277887,-57.307463769960314,-54.3991798450831,18.0,-2.9082839248772174
277907,-2.7679838916861357,-3.607351978415468,0.0,0.8393680867293325
277929,-6.344009928093069,-5.277973242871076,1.0,-1.0660366852219925
278051,-2.045476846139927,-2.3924885456149223,0.0,0.34701169947499544
278184,-17.148631184104808,-16.64866891689706,5.0,-0.4999622672077493
278199,-4.3932990813203645,-1.177625112814377,0.0,-3.215673968505987
278200,-9.003685858700466,-11.790174240162555,2.0,2.786488381462089
278225,-18.122698882544846,-18.480315508802132,5.0,0.3576166262572862
278374,-11.669909592022414,-11.735017643493205,3.0,0.06510805147079068
278433,-14.096640213490744,-18.749731406677384,3.0,4.65309119318664
278494,-5.910793566419505,-5.4589366191122854,1.0,-0.4518569473072196
278585,-17.463563594900254,-20.064782382983033,5.0,2.601218788082779
278606,-6.410375549318209,-5.279165440886102,1.0,-1.1312101084321071
278643,-8.727212667687494,-9.007245582091278,2.0,0.2800329144037832
278735,-12.188877080205314,-10.406696053632437,2.0,-1.7821810265728768
278943,-31.549297345130782,-30.676395139598885,10.0,-0.8729022055318971
278947,-2.4464433369235756,-0.9663345705989898,0.0,-1.480108766324586
279019,-21.3341943012804,-19.266896428399818,6.0,-2.0672978728805838
279023,-17.236987569061682,-17.46232375244892,5.0,0.22533618338723826
279197,-11.813725448089645,-13.600401403926515,3.0,1.78667595583687
279262,-2.716168196409178,-1.4813409710145136,0.0,-1.2348272253946644
279461,-2.646639439515159,-0.3556488316682364,0.0,-2.2909906078469224
279574,-21.182601682178802,-25.174101960411367,6.0,3.9915002782325644
279634,-20.907879481664065,-22.84382531755984,6.0,1.935945835895776
279654,-3.232691732730905,-1.7850568292146498,0.0,-1.447634903516255
279973,-5.9056454269506915,-7.5379089290637165,1.0,1.632263502113025
280019,-22.59305600481392,-24.925237303872873,7.0,2.332181299058952
280073,-2.1799388289709043,-1.7620187810356216,0.0,-0.4179200479352827
280313,-3.1698692062302323,-1.5302080496751536,0.0,-1.6396611565550787
280435,-23.071503934016764,-22.247672200655412,5.0,-0.8238317333613523
280446,-8.407798906024826,-9.15314476033952,2.0,0.745345854314694
280550,-74.76899370165042,-88.716767768228,36.0,13.94777406657758
280605,-104.41525490145247,-95.14614240208354,54.0,-9.26911249936893
280730,-12.910220844695054,-12.251606840007794,3.0,-0.6586140046872604
280949,-12.608199359903558,-12.44038549185496,3.0,-0.167813868048599
281033,-36.17303327473475,-37.8306160300872,13.0,1.6575827553524505
281126,-88.27294930743794,-165.5885876173151,40.0,77.31563830987717
281173,-2.769567563753462,-1.5784078111342668,0.0,-1.1911597526191953
281279,-5.670623263155729,-5.8145587406487,1.0,0.14393547749297042
281295,-6.520430735747945,-5.315150302160157,1.0,-1.205280433587788
281335,-2.812434895750105,-5.12593126941615,0.0,2.3134963736660454
281358,-12.48309278910268,-11.914934341787768,3.0,-0.5681584473149108
281395,-34.05390008136514,-31.184772683986843,10.0,-2.8691273973783
281402,-5.6566126708233595,-5.225645254083669,1.0,-0.43096741673969063
281428,-30.887526493043236,-30.856745467079453,11.0,-0.030781025963783293
281489,-95.18745274464001,-91.45267389464634,42.0,-3.734778849993674
281587,-25.18931586969751,-26.567973384556584,9.0,1.378657514859075
281611,-30.20167190011759,-31.69143830777457,12.0,1.4897664076569797
281667,-2.709399245672093,-0.8739092546142408,0.0,-1.835489991057852
281777,-6.4447843248007635,-5.077949863450209,1.0,-1.366834461350554
281789,-22.71718826459919,-23.13747418946781,7.0,0.4202859248686188
281799,-6.018928685771963,-4.929054647377197,1.0,-1.0898740383947656
281845,-17.636360782564402,-20.42805616410244,4.0,2.7916953815380374
281881,-26.05202541030795,-27.902571317514756,7.0,1.8505459072068042
281969,-6.655164781038841,-6.935385689329424,1.0,0.2802209082905831
282194,-3.2685020381132803,-1.4813409710145136,0.0,-1.7871610670987668
282201,-3.6554203601188835,-1.7850568292146498,0.0,-1.8703635309042337
282256,-12.664914490051304,-12.512885523467684,3.0,-0.15202896658361986
282392,-6.320281151235033,-4.979116291304467,1.0,-1.341164859930566
282402,-4.234321453128929,-1.177625112814377,0.0,-3.0566963403145513
282563,-2.8813733083228543,-2.3924885456149223,0.0,-0.488884762707932
282613,-5.556596781996295,-6.314366890152696,1.0,0.757770108156401
282641,-11.936034594353412,-11.978746729768156,3.0,0.04271213541474417
282689,-51.35273452530848,-68.27027730554163,23.0,16.91754278023315
282827,-70.92559788666566,-71.88768978422075,29.0,0.9620918975550978
282875,-17.837335798479824,-14.825724140512198,4.0,-3.0116116579676255
282879,-15.679637375363654,-16.5745781970435,4.0,0.894940821679846
282931,-29.163032306652752,-25.947833147146437,8.0,-3.215199159506316
282967,-85.92847803275016,-105.14805187840533,27.0,19.219573845655162
283047,-30.41056667601283,-29.73563321807396,11.0,-0.6749334579388702
283119,-47.85042271387008,-54.857174889410175,12.0,7.006752175540093
283544,-13.214353381204191,-13.12704946656996,3.0,-0.08730391463423004
283622,-43.58652842725998,-37.472610422749035,15.0,-6.113918004510943
283679,-20.424574078646188,-18.365404569957,5.0,-2.0591695086891875
283726,-1.9902865045825588,-2.9777026913693,0.0,0.987416186786741
283785,-16.332887236735207,-21.90603299384763,4.0,5.5731457571124245
283800,-9.02606327253943,-8.470058375818862,2.0,-0.5560048967205677
283883,-15.061872047271555,-15.416614051310647,4.0,0.3547420040390925
283952,-6.038499524588687,-5.014320117396768,1.0,-1.0241794071919186
283954,-9.973992286415015,-8.494389375909675,2.0,-1.4796029105053403
283977,-45.07286851703399,-43.438450449649274,18.0,-1.6344180673847148
284067,-7.676872709771626,-10.797949866377223,1.0,3.1210771566055975
284163,-18.324052929425285,-18.238237387527207,5.0,-0.0858155418980786
284222,-2.0323225506200666,-1.177625112814377,0.0,-0.8546974378056895
284395,-18.198355164225564,-16.042859956135747,4.0,-2.1554952080898175
284418,-8.797395692884965,-9.781557174926723,2.0,0.9841614820417579
284420,-2.3140064456860734,-2.6962044038150594,0.0,0.38219795812898605
284717,-37.68388246164568,-33.0776280382799,13.0,-4.606254423365783
284741,-11.12288403784927,-11.647657586489778,3.0,0.5247735486405087
284771,-20.017691339066385,-20.628677668152374,6.0,0.6109863290859892
284794,-19.350044314477415,-19.88852840101309,5.0,0.538484086535675
284868,-2.322341962872368,-0.8739092546142408,0.0,-1.448432708258127
284927,-50.77796586069154,-64.50352332154038,21.0,13.725557460848847
285103,-9.491762748040529,-10.080205479749104,2.0,0.5884427317085752
285147,-10.899098873599248,-9.43424954119443,2.0,-1.4648493324048193
285158,-2.983158048104722,-2.088772687414786,0.0,-0.8943853606899359
285231,-12.531497907836444,-11.766814152012918,3.0,-0.7646837558235262
285302,-9.828038326547032,-8.478822459211067,2.0,-1.3492158673359658
285322,-6.233435988565418,-5.134758364183412,1.0,-1.098677624382006
285404,-2.05709898887998,-1.177625112814377,0.0,-0.8794738760656029
285479,-14.3904885932959,-14.739545044006842,4.0,0.3490564507109415
285523,-20.622881347326015,-19.754808514061356,5.0,-0.8680728332646588
285585,-9.672042334147191,-8.675996826010667,2.0,-0.9960455081365236
285728,-32.2520652688612,-50.278286255154576,11.0,18.026220986293374
285824,-9.211754757441676,-8.872717109863807,2.0,-0.3390376475778698
285923,-2.0818167425861565,-1.7850568292146498,0.0,-0.29675991337150665
286005,-8.754913750343102,-8.286228204462407,2.0,-0.4686855458806942
286023,-20.87564179155417,-22.145797050549216,6.0,1.2701552589950467
286042,-23.33214420983807,-19.36018459930616,5.0,-3.9719596105319113
286058,-15.451350843148749,-16.686030407044747,4.0,1.2346795638959982
286083,-6.05853418332432,-5.023777849036708,1.0,-1.0347563342876116
286098,-6.14816196910066,-5.067357697228144,1.0,-1.0808042718725162
286111,-29.727881475530918,-27.149665516060207,9.0,-2.578215959470711
286226,-35.09691247749199,-32.91768742062921,13.0,-2.1792250568627836
286257,-23.591845386262413,-20.395257351142913,5.0,-3.1965880351195004
286292,-19.02763840905211,-20.077055640453075,5.0,1.049417231400966
286302,-2.492626878413928,-0.8739092546142408,0.0,-1.618717623799687
286324,-72.21278003367458,-62.82439552692762,23.0,-9.38838450674696
286461,-9.363484532108606,-8.608948958651897,2.0,-0.7545355734567085
286911,-5.807417836951528,-5.366983113416995,1.0,-0.4404347235345325
286962,-10.66266194184099,-9.225891513380082,2.0,-1.4367704284609069
287004,-44.59702840073707,-54.254506913408335,16.0,9.657478512671268
287049,-8.92975278248572,-8.608491021837281,2.0,-0.32126176064843825
287193,-33.2440986886277,-47.823118243313324,13.0,14.579019554685622
287274,-47.77257497550384,-43.34764793734756,18.0,-4.424927038156277
287300,-2.7474870404308294,-1.7850568292146498,0.0,-0.9624302112161796
287381,-43.03668905880801,-43.5072810655341,14.0,0.47059200672609336
287573,-15.503691794322526,-15.109008054539329,4.0,-0.39468373978319704
287768,-11.712747494494982,-11.654559843817553,3.0,-0.05818765067742859
287812,-12.12181394584878,-13.025131345192035,3.0,0.9033173993432548
287839,-5.807933648816361,-6.324844755878448,1.0,0.5169111070620875
287856,-10.123261311738524,-9.521926101512799,2.0,-0.6013352102257254
288009,-15.447336346027313,-17.935366838421984,4.0,2.488030492394671
288032,-29.743617953605437,-31.195799571314165,12.0,1.4521816177087281
288064,-16.548216513992838,-14.786725314796138,4.0,-1.7614911991966995
288108,-71.6389808142964,-62.1733066953815,33.0,-9.465674118914905
288140,-5.8358152811391735,-4.998676881940835,1.0,-0.8371383991983388
288186,-49.100244432659366,-47.00098138935062,16.0,-2.0992630433087456
288338,-2.7618938911927007,-1.7850568292146498,0.0,-0.9768370619780509
288386,-9.136532472568641,-8.587249418517954,2.0,-0.5492830540506866
288494,-6.300811732072599,-5.674841495768565,1.0,-0.6259702363040347
288515,-5.846370780344766,-4.948386772448205,1.0,-0.8979840078965609
288567,-22.4891967752566,-26.264898422680545,7.0,3.7757016474239435
288614,-11.600390788816467,-12.125241431941536,3.0,0.5248506431250686
288854,-20.93864019787134,-23.048096650525572,7.0,2.109456452654232
288879,-5.8952502444432895,-5.317186997502678,1.0,-0.5780632469406113
289046,-35.85600511337729,-35.785013836391734,14.0,-0.07099127698555918
289156,-28.995955266162188,-26.070865767138116,8.0,-2.9250894990240717
289245,-12.844891943436844,-11.794321682950356,3.0,-1.050570260486488
289248,-44.069250824531466,-49.25604016909372,16.0,5.186789344562257
289503,-32.3337655959896,-29.984015578016102,10.0,-2.349750017973495
289513,-9.49941792137098,-9.391771848151858,2.0,-0.10764607321912223
289561,-3.1055692306637757,-1.177625112814377,0.0,-1.9279441178493986
289577,-2.80744011043002,-1.7850568292146498,0.0,-1.0223832812153701
289674,-32.764064951596886,-31.66632141019388,12.0,-1.0977435414030055
289686,-2.129219525916054,-4.465240278621784,0.0,2.33602075270573
289791,-15.240627642911743,-14.395326351649206,3.0,-0.8453012912625368
289810,-2.4886222439251346,-4.822215411216014,0.0,2.3335931672908794
289964,-5.764527525619961,-5.085267083782174,1.0,-0.679260441837787
290032,-2.724779116110562,-3.126581996434071,0.0,0.4018028803235092
290228,-13.192940298766837,-13.443389440379288,3.0,0.25044914161245124
290261,-24.805062916089383,-25.148817172188757,7.0,0.3437542560993734
290265,-6.8179686764591265,-5.004300306825111,1.0,-1.8136683696340157
290312,-18.036094172391795,-15.00724747851112,4.0,-3.0288466938806753
290355,-45.261205772839745,-41.354754466899294,16.0,-3.9064513059404504
290359,-6.484652186279744,-6.420706625166667,1.0,-0.06394556111307725
290369,-9.324107702461417,-8.457513086872522,2.0,-0.8665946155888946
290584,-10.890235579981429,-9.156051040255672,2.0,-1.7341845397257565
290809,-5.974533693634982,-8.361758043100684,1.0,2.3872243494657015
290826,-18.117136027522143,-17.451197091500323,5.0,-0.6659389360218206
290974,-12.304958951677902,-11.878430697000564,3.0,-0.4265282546773381
291085,-54.85373085102624,-56.93035643094183,27.0,2.0766255799155857
291205,-36.69500514104926,-38.11968696108314,12.0,1.4246818200338822
291310,-27.573420655233132,-34.18019582067817,6.0,6.60677516544504
291417,-22.672927785391987,-20.876476889051542,6.0,-1.7964508963404455
291418,-10.128277894428498,-9.247555619996575,2.0,-0.880722274431923
291639,-31.646293844344353,-31.24459340899041,10.0,-0.4017004353539413
291648,-37.070125265675955,-36.447932118179374,12.0,-0.6221931474965814
291665,-2.1314543656233833,-1.177625112814377,0.0,-0.9538292528090062
291733,-2.297535850525538,-3.607351978415468,0.0,1.3098161278899303
291829,-2.808067337667689,-1.7850568292146498,0.0,-1.023010508453039
291862,-5.984541106725265,-5.052845898334015,1.0,-0.9316952083912504
291937,-17.731530407133647,-18.552129698876723,5.0,0.8205992917430756
291938,-11.151264299431078,-5.273999247536676,1.0,-5.877265051894402
291945,-29.167167086071814,-35.43601019400833,9.0,6.268843107936519
291974,-6.1870682637600485,-5.168560854727274,1.0,-1.0185074090327744
292073,-16.165598500669354,-18.17835973876563,5.0,2.0127612380962745
292180,-12.425545950895627,-11.880937226099197,3.0,-0.5446087247964293
292293,-41.27323338185545,-44.03026978480143,17.0,2.7570364029459853
292336,-46.278318645662225,-46.44257923287006,17.0,0.16426058720783487
292452,-16.41797405802815,-14.812576641564858,4.0,-1.6053974164632923
292586,-15.416281117973213,-14.549978484002196,4.0,-0.8663026339710171
292587,-2.315833765666608,-2.9999202620151957,0.0,0.6840864963485878
292757,-58.19996392461394,-49.48619745322994,19.0,-8.713766471383998
292813,-2.554940890547443,-0.7211878536351698,0.0,-1.8337530369122734
292824,-2.1989675887550604,-3.303636120215332,0.0,1.1046685314602716
292854,-2.37606931926404,-2.088772687414786,0.0,-0.2872966318492538
292869,-2.921102676881867,-1.7850568292146498,0.0,-1.136045847667217
292972,-2.1975215693611965,-1.177625112814377,0.0,-1.0198964565468194
293171,-2.0342163397579696,-0.8739092546142408,0.0,-1.1603070851437287
293279,-14.72443043644322,-13.698159569595223,3.0,-1.0262708668479963
293564,-58.18417999787206,-61.31936418600993,22.0,3.1351841881378704
293681,-18.249408143947637,-19.560520208310177,4.0,1.3111120643625398
293828,-19.78787982937699,-18.739837651248855,5.0,-1.048042178128135
293861,-20.89967088953093,-21.513162796089546,6.0,0.6134919065586146
294011,-2.976876598015625,-2.4265793793005894,0.0,-0.5502972187150355
294023,-1.601923367445833,-6.461145827315946,0.0,4.859222459870113
294084,-120.5674269516522,-112.4699422414257,77.0,-8.097484710226496
294109,-2.26826098586594,-2.088772687414786,0.0,-0.1794882984511541
294115,-71.30809259706986,-71.59983385719006,24.0,0.2917412601202045
294208,-73.72035320656767,-73.13994606126249,20.0,-0.5804071453051733
294252,-16.9609196554443,-21.56205617380909,5.0,4.60113651836479
294290,-6.052123089705772,-6.418806864941917,1.0,0.3666837752361456
294303,-15.944101315270329,-22.372811378558627,5.0,6.428710063288298
294339,-5.5981314489777665,-6.249444116965957,1.0,0.6513126679881909
294392,-8.442125301672823,-9.154747579338526,2.0,0.7126222776657034
294403,-17.50529369915235,-17.16863533691837,5.0,-0.3366583622339796
294467,-9.268285620751719,-9.003130533674327,2.0,-0.26515508707739244
294585,-6.464618698165044,-5.014170450011537,1.0,-1.4504482481535064
294649,-84.76649326975601,-85.77059183436533,45.0,1.004098564609322
294819,-19.65200018925772,-22.120280485101414,5.0,2.4682802958436945
294822,-2.864902049861163,-2.088772687414786,0.0,-0.776129362446377
294830,-18.869736476774424,-18.8024465668993,5.0,-0.06728990987512518
295037,-5.966286652374428,-6.03367852147873,1.0,0.06739186910430206
295103,-20.756483170370206,-21.554852200373563,6.0,0.7983690300033572
295233,-8.580258005322595,-8.665137337646904,2.0,0.08487933232430933
295236,-13.179855282809937,-13.132845032916228,3.0,-0.0470102498937095
295263,-19.623743095415712,-20.39607305098577,6.0,0.7723299555700578
295270,-40.04051152675029,-39.350777134480644,16.0,-0.6897343922696422
295282,-2.194056712830528,-1.177625112814377,0.0,-1.016431600016151
295405,-6.087795193585642,-5.098124567569981,1.0,-0.9896706260156609
295510,-6.7557525038084485,-5.323633294050473,1.0,-1.4321192097579756
295601,-18.205265478465638,-20.62085916124408,6.0,2.415593682778443
295625,-6.3275707462559625,-5.342605257845575,1.0,-0.9849654884103876
295676,-9.743463666508742,-9.09026884149711,2.0,-0.6531948250116315
295683,-5.649766636061862,-5.057039197909869,1.0,-0.5927274381519929
296060,-71.96156942291529,-64.59947454802676,26.0,-7.362094874888527
296084,-21.051262405120802,-17.91883596800066,5.0,-3.1324264371201416
296141,-10.030410227141802,-9.417180645530905,2.0,-0.6132295816108968
296673,-98.79854325752689,-126.563591392347,38.0,27.76504813482012
296674,-14.69818788325071,-15.337313537869232,4.0,0.6391256546185211
296757,-2.0165269544955073,-0.5701933964141045,0.0,-1.446333558081403
296803,-25.022722720414297,-24.355176679380023,8.0,-0.6675460410342744
297000,-13.090506014814219,-12.973800847146908,3.0,-0.11670516766731076
297154,-2.119172483749589,-1.4813409710145136,0.0,-0.6378315127350755
297186,-27.18530878194029,-23.547350078189705,6.0,-3.6379587037505843
297242,-72.1951329939887,-111.29231626730541,34.0,39.097183273316716
297510,-18.476501085033068,-15.938389473507574,4.0,-2.538111611525494
297827,-5.781659074123774,-5.87181665259698,1.0,0.09015757847320582
297856,-10.87848455576174,-9.243453867090551,2.0,-1.635030688671188
297985,-19.238025785052535,-18.285692357086067,5.0,-0.9523334279664688
297998,-11.751633671029685,-12.144936309160522,3.0,0.3933026381308373
298142,-14.319572290990218,-15.424724708509267,4.0,1.105152417519049
298216,-5.8512206120665065,-4.96818178684588,1.0,-0.883038825220626
298688,-39.71858129326013,-42.40262868657442,14.0,2.6840473933142874
298691,-10.020083572813629,-11.10215188924485,2.0,1.0820683164312204
298727,-24.230108417503615,-22.75006512230878,6.0,-1.480043295194836
298826,-22.985278277657905,-21.29788952543395,6.0,-1.6873887522239563
299038,-18.789676108589784,-18.523429604842963,4.0,-0.2662465037468209
299043,-15.32469638462801,-14.58492352741615,4.0,-0.7397728572118609
299077,-20.767099092666253,-18.90041183439605,6.0,-1.866687258270204
299090,-3.6706455327624172,-4.2147836948157416,0.0,0.5441381620533243
299216,-6.050994029754458,-7.483159428543301,1.0,1.4321653987888432
299388,-9.28366188478122,-9.371785661029689,2.0,0.08812377624846945
299445,-3.888896379516647,-2.722452285369145,0.0,-1.166444094147502
299487,-24.803965792326956,-23.83315572768769,8.0,-0.9708100646392666
299507,-5.694225810889325,-5.353409376252783,1.0,-0.3408164346365421
299510,-13.08588871323985,-14.835262999282214,4.0,1.7493742860423644
299590,-10.64505985375655,-9.346610189153397,2.0,-1.2984496646031527
299615,-36.37017950424077,-37.69987794263452,14.0,1.3296984383937556
299620,-24.805401041727524,-21.553040314242654,6.0,-3.25236072748487
299661,-12.019742173351563,-12.95509849644723,3.0,0.9353563230956663
299807,-2.1880952277303796,-1.177625112814377,0.0,-1.0104701149160025
299818,-27.908199335496704,-29.15873122243489,10.0,1.2505318869381874
299883,-9.236900804894193,-8.471177402185464,2.0,-0.7657234027087281
299925,-17.973175323430773,-16.47419309930408,4.0,-1.4989822241266921
299980,-27.876891512681205,-27.180745981707926,9.0,-0.6961455309732791
299982,-14.636360835476674,-16.321893366736873,4.0,1.6855325312601988
299997,-20.96371412724876,-20.833114158360576,6.0,-0.13059996888818404
300095,-2.160183423142427,-1.19970354560459,0.0,-0.9604798775378369
300228,-11.475840153819428,-12.225534161616803,3.0,0.749694007797375
300235,-17.277319330316246,-18.646870767674354,4.0,1.3695514373581084
300308,-66.85904155846845,-56.49576835575889,19.0,-10.363273202709557
300351,-16.82983678657933,-17.167004828452825,5.0,0.33716804187349325
300456,-6.577064982347333,-5.514720079561086,1.0,-1.062344902786247
300492,-14.78094194191634,-16.151423668200348,4.0,1.370481726284007
300651,-96.97202451314615,-109.30954276673293,50.0,12.33751825358678
300664,-3.0251137052585775,-0.5701933964141045,0.0,-2.454920308844473
300689,-33.88935623352683,-33.16893843733533,10.0,-0.720417796191505
300753,-6.17565330249759,-5.03343449066246,1.0,-1.1422188118351304
300757,-9.355396347935468,-9.46106258589282,2.0,0.10566623795735275
300777,-15.497846926909608,-22.98967371326166,5.0,7.491826786352052
300792,-56.23161532688328,-77.66884862269292,19.0,21.43723329580964
300819,-2.9955172164382384,-4.908890396806968,0.0,1.9133731803687297
301032,-30.331656136013546,-36.58563708212298,11.0,6.253980946109433
301256,-3.29425108372618,-0.8739092546142408,0.0,-2.4203418291119387
301525,-12.53598648468306,-11.630619048099952,3.0,-0.9053674365831075
301652,-5.879739581249383,-5.028912407218785,1.0,-0.8508271740305977
301747,-8.721840457407163,-8.649321006616232,3.0,-0.07251945079093147
301912,-2.235318974463808,-1.7850568292146498,0.0,-0.450262145249158
301994,-2.4804748339845033,-4.373184733788869,0.0,1.8927098998043657
302122,-5.861394257682307,-4.984607418197858,1.0,-0.8767868394844491
302137,-193.9667572923139,-151.52272563106567,80.0,-42.44403166124823
302207,-16.9364625189759,-17.426840487838767,5.0,0.490377968862866
302243,-31.55529030902771,-32.05550558336556,11.0,0.5002152743378474
302397,-14.623059709959804,-20.08190113193732,4.0,5.458841421977517
302443,-16.83774346776566,-17.26219037503588,5.0,0.4244469072702195
302529,-5.991590127149885,-5.447123904961601,1.0,-0.5444662221882837
302542,-17.904864919870985,-17.952465181031837,5.0,0.04760026116085214
302619,-14.553951328173097,-15.672092027065904,4.0,1.118140698892807
302647,-8.127196396180262,-9.990160547476446,2.0,1.8629641512961843
302648,-18.810736882214698,-19.029031118466545,4.0,0.21829423625184674
302681,-2.5407849836957457,-0.6975689032996931,0.0,-1.8432160803960524
302708,-10.326655471987108,-13.026019828173904,2.0,2.6993643561867966
302768,-36.775200242428234,-38.41013114261808,16.0,1.6349309001898433
302769,-13.095552098742033,-12.276361287153112,3.0,-0.8191908115889213
302795,-7.937941994559795,-7.064763929461298,1.0,-0.8731780650984966
302837,-20.571436812738398,-21.777912001268447,6.0,1.2064751885300495
302858,-2.010530904325451,-1.177625112814377,0.0,-0.832905791511074
302916,-10.419944686046401,-9.264651489036662,2.0,-1.1552931970097386
302993,-40.391075605487956,-44.083702007976214,17.0,3.6926264024882585
302994,-6.651858939414585,-7.055006631850288,1.0,0.40314769243570314
303035,-9.97359168049336,-8.565815450793384,2.0,-1.4077762296999765
303173,-8.609667453418725,-17.12389537221113,2.0,8.514227918792406
303230,-36.20520230659624,-38.769568248731325,11.0,2.5643659421350833
303331,-47.79351434159555,-42.89350487674754,17.0,-4.900009464848004
303368,-6.294571501877959,-5.720963751691236,1.0,-0.5736077501867234
303553,-4.2542066051974565,-6.948226418616968,0.0,2.6940198134195112
303593,-7.406289634228726,-5.744966293766805,1.0,-1.6613233404619203
303605,-6.066571834900949,-5.040570734406246,1.0,-1.0260011004947032
303629,-26.514242317327984,-33.6639880846675,8.0,7.1497457673395175
303746,-5.816018874218254,-5.497151178628982,1.0,-0.3188676955892715
303751,-10.972399165515782,-11.700779681281828,3.0,0.7283805157660463
303790,-11.928161612275288,-11.430120745623514,3.0,-0.49804086665177394
303836,-14.053436007083308,-19.411298367580432,4.0,5.3578623604971245
303930,-11.781736463770942,-11.599551657039274,3.0,-0.1821848067316676
304137,-27.138445850552582,-28.51238724823263,10.0,1.3739413976800492
304289,-12.728876400924502,-18.136666238566924,3.0,5.407789837642422
304535,-18.23158558611565,-18.149975600948263,5.0,-0.08160998516738616
304670,-16.50808417797203,-17.257572658531846,5.0,0.7494884805598154
304693,-2.3356835991103337,-1.7850568292146498,0.0,-0.5506267698956839
304815,-27.332075928037064,-24.902544216626303,8.0,-2.4295317114107604
304941,-6.015854402755494,-11.542052489699067,1.0,5.526198086943573
304951,-13.416158712285352,-12.682809462056811,3.0,-0.7333492502285406
304993,-16.45739932409172,-15.0144668819034,4.0,-1.4429324421883205
305019,-2.216596720896028,-0.9298696070448129,0.0,-1.2867271138512153
305041,-16.08625288982088,-17.077744882884698,4.0,0.9914919930638177
305069,-23.673282180028412,-22.982064605324776,7.0,-0.6912175747036358
305181,-12.560686065981837,-16.433615661410975,3.0,3.872929595429138
305191,-58.2266949432613,-57.29161013697128,26.0,-0.9350848062900212
305220,-2.4562846590357355,-0.5701933964141045,0.0,-1.886091262621631
305242,-2.0585269924344036,-0.8739092546142408,0.0,-1.1846177378201628
305341,-12.877460707639653,-12.878461828097409,3.0,0.0010011204577562438
305488,-3.0190349314523983,-1.177625112814377,0.0,-1.8414098186380212
305554,-35.92411536797538,-33.10687753053698,11.0,-2.8172378374384053
305592,-61.44428668417349,-52.44915885180916,12.0,-8.995127832364332
305674,-14.624810463282989,-15.15524271940515,4.0,0.530432256122161
305758,-2.068060527402838,-8.46680570961765,0.0,6.398745182214813
305767,-12.292533816827346,-12.30309612806782,3.0,0.010562311240473576
305919,-12.619180424113223,-21.94307813880829,3.0,9.323897714695066
305986,-5.747443702639272,-6.024432990004352,1.0,0.27698928736508055
306003,-37.68151812678796,-36.13386132859137,16.0,-1.5476567981965843
306084,-16.118869688146482,-15.365941026025297,4.0,-0.7529286621211853
306153,-9.842984265675751,-10.915909538442055,2.0,1.0729252727663035
306185,-12.252546893903153,-11.763127707349007,3.0,-0.4894191865541462
306294,-4.701856888957454,-4.33974919929888,1.0,-0.36210768965857376
306347,-21.75032505156659,-21.178735021250375,6.0,-0.5715900303162158
306440,-31.54584627200245,-27.85948368557231,10.0,-3.686362586430139
306521,-12.667952007766123,-12.641066711937983,3.0,-0.0268852958281407
306667,-9.512445029325406,-8.64816395880212,2.0,-0.8642810705232851
306679,-2.3481071116291337,-1.4813409710145136,0.0,-0.8667661406146201
306699,-45.61747713489673,-53.831025421032344,18.0,8.213548286135612
306847,-19.348001188162915,-19.147424886264528,6.0,-0.20057630189838704
306977,-17.94091651084396,-19.384254284606087,5.0,1.4433377737621278
307113,-10.101289091436676,-9.743201915198505,2.0,-0.3580871762381719
307174,-98.00921876134692,-79.21767834362676,37.0,-18.791540417720157
307198,-60.10661220344327,-53.864616284145654,17.0,-6.241995919297615
307232,-7.6711665656877335,-6.9165750489595865,1.0,-0.754591516728147
307344,-2.1851170575524574,-3.607351978415468,0.0,1.4222349208630107
307415,-109.34896881967039,-83.9821902480089,35.0,-25.366778571661484
307582,-2.4897487465766552,-1.4813409710145136,0.0,-1.0084077755621417
307930,-5.297401428663626,-5.596877386375361,1.0,0.29947595771173496
308021,-5.899442134725791,-5.259365467279964,1.0,-0.6400766674458271
308088,-22.1253565379763,-23.305471389522978,6.0,1.1801148515466764
308341,-10.329455790582077,-9.295051590389056,2.0,-1.0344042001930216
308415,-12.44517504488003,-12.392063048668007,3.0,-0.05311199621202256
308435,-24.320887408842832,-25.855655699440728,7.0,1.5347682905978957
308498,-5.295324899063408,-5.481460851692875,1.0,0.18613595262946703
308565,-6.676570549332145,-5.780438410609424,1.0,-0.896132138722721
308689,-8.467019438951667,-8.867040145525511,2.0,0.40002070657384436
308892,-16.400311283711797,-18.522741197283658,5.0,2.1224299135718603
308899,-4.257823442543711,-0.5701933964141045,0.0,-3.6876300461296068
308901,-1.7143491835481728,-1.136496108669426,0.0,-0.5778530748787467
308956,-19.028751244276226,-20.056976638341517,6.0,1.0282253940652915
309189,-34.600202612379825,-38.38197761799308,16.0,3.7817750056132553
309252,-6.250290614372153,-5.259365467279964,1.0,-0.9909251470921889
309479,-5.670374840376356,-5.374010198906211,1.0,-0.2963646414701451
309565,-25.509925110449434,-23.492312767048695,7.0,-2.0176123434007387
309689,-16.087621457860696,-16.010571428236652,4.0,-0.0770500296240435
309760,-41.67359424207234,-56.634644966559016,14.0,14.961050724486675
309818,-9.549420068688061,-4.94294944482254,1.0,-4.606470623865521
309910,-24.59179408704835,-22.924270101961653,8.0,-1.6675239850866959
310139,-0.7109964084223079,-0.21978370651696574,0.0,-0.49121270190534216
310191,-11.382869457411722,-18.013599792311343,3.0,6.630730334899621
310223,-7.705458380028032,-5.772884022059831,1.0,-1.9325743579682015
310299,-23.83691172751103,-23.498907169469362,8.0,-0.33800455804166774
310328,-76.12700906968317,-66.90790045172119,27.0,-9.219108617961979
310395,-1.5714606905645203,-0.660433970392381,0.0,-0.9110267201721393
310399,-2.6463399844271307,-0.266477538213968,0.0,-2.3798624462131626
310574,-8.61666977582985,-5.609138070833083,1.0,-3.007531704996767
310808,-19.12195951198958,-19.068720145789527,5.0,-0.053239366200052984
310836,-23.881187041893767,-26.620255046014893,6.0,2.739068004121126
310867,-33.49906597294255,-27.724367108675512,7.0,-5.774698864267041
310874,-15.466883980448975,-17.01287685078231,4.0,1.5459928703333343
310936,-109.72697229301187,-93.17259373110129,41.0,-16.554378561910582
310974,-5.855224754095927,-5.409192217277509,1.0,-0.4460325368184179
311209,-12.013073459981209,-11.569862883009918,3.0,-0.44321057697129085
311358,-20.573072499546655,-19.89601117372846,6.0,-0.6770613258181939
311543,-2.419804290071385,-3.303636120215332,0.0,0.8838318301439467
311730,-20.113725805982202,-22.40055202944377,6.0,2.286826223461567
311795,-10.744224820346579,-17.189501649276675,3.0,6.445276828930096
311811,-20.643569822701334,-18.644626273873197,5.0,-1.9989435488281373
311839,-9.366118931230734,-9.592091658306092,2.0,0.22597272707535865
311890,-2.3346210554643543,-1.7850568292146498,0.0,-0.5495642262497045
311902,-2.0154573581725748,-5.12593126941615,0.0,3.1104739112435755
311969,-0.6943018179863311,-1.5511282597839307,0.0,0.8568264417975996
312008,-20.73152939074885,-21.317891435422894,6.0,0.5863620446740434
312078,-18.002414879937692,-27.336313210094847,5.0,9.333898330157155
312099,-5.6827510579644045,-5.281347811616295,1.0,-0.4014032463481092
312181,-67.73482175687792,-62.93107337204404,25.0,-4.803748384833881
312186,-15.931071452867286,-16.53963577921805,4.0,0.6085643263507627
312257,-9.78880372102252,-9.455683111671293,2.0,-0.33312060935122645
312322,-47.100433504278705,-46.60310622176103,20.0,-0.49732728251767355
312509,-22.04038099168396,-28.37307464197403,6.0,6.332693650290068
312570,-2.680927949090387,-2.182864863652456,0.0,-0.49806308543793065
312681,-27.35400613163374,-25.904141339879793,9.0,-1.4498647917539458
312704,-9.355056773264046,-10.141347507662537,2.0,0.7862907343984915
312935,-2.872243183213321,-2.6962044038150594,0.0,-0.17603877939826162
312940,-5.616606237889654,-5.156719579818233,1.0,-0.4598866580714205
312950,-44.06282521921606,-45.83115735454365,20.0,1.76833213532759
312955,-2.0386858985764866,-0.8739092546142408,0.0,-1.1647766439622458
312978,-44.58661558077199,-39.477169467608505,11.0,-5.109446113163486
313076,-2.569916858744089,-2.018147613491232,0.0,-0.5517692452528569
313213,-42.48820524885038,-44.15765407338804,16.0,1.6694488245376604
313287,-22.892624024061202,-26.329270099370085,7.0,3.4366460753088823
313311,-12.270687229370509,-12.680177296241595,3.0,0.40949006687108636
313502,-2.0088618727822656,-4.303223320769555,0.0,2.2943614479872894
313515,-24.946753048211175,-23.492055399992314,7.0,-1.4546976482188612
313540,-36.530998891607005,-32.16418311380785,10.0,-4.366815777799154
313756,-10.765796185754738,-10.136250969839107,2.0,-0.6295452159156305
313932,-10.324842900514666,-9.57459372004685,2.0,-0.7502491804678151
313981,-60.96079377606453,-58.06940092414722,28.0,-2.8913928519173098
314052,-21.873935382388755,-23.158247786612407,6.0,1.2843124042236518
314059,-2.040079120877256,-1.7850568292146498,0.0,-0.25502229166260637
314158,-16.04728717314417,-15.061783861920269,4.0,-0.9855033112239013
314239,-106.20045057714704,-84.63051147280186,44.0,-21.56993910434518
314353,-2.83179775762245,-5.12593126941615,0.0,2.2941335117937003
314531,-86.32516536562153,-92.04646712405943,32.0,5.721301758437903
314543,-13.384366343915735,-13.372801365330707,3.0,-0.01156497858502803
314561,-3.3253007582260574,-6.037078844016559,0.0,2.7117780857905016
314614,-8.596082032890726,-10.165991342165547,2.0,1.5699093092748218
314650,-24.79691932115016,-36.57244738446467,9.0,11.775528063314507
314662,-9.057884852499438,-8.820653687607534,2.0,-0.2372311648919041
314729,-6.928474400349277,-6.862290892495806,1.0,-0.06618350785347094
314753,-62.83003522007736,-64.01445631474392,25.0,1.1844210946665612
314786,-5.716734406986074,-5.206020840956019,1.0,-0.5107135660300548
314979,-9.233822402938053,-10.288605490368361,2.0,1.0547830874303088
314995,-10.076835366523316,-8.55060762698819,2.0,-1.5262277395351251
315012,-18.844069432195642,-18.212379109650875,4.0,-0.6316903225447668
315057,-18.573028299787836,-15.32053811954661,3.0,-3.2524901802412263
315060,-6.282278288462134,-5.049593214104749,1.0,-1.2326850743573852
315073,-49.315302227925386,-44.182645484171346,19.0,-5.1326567437540405
315247,-2.031024222491568,-0.8739092546142408,0.0,-1.1571149678773274
315311,-44.02460543144513,-46.45557647218638,12.0,2.430971040741248
315335,-2.062296015511749,-3.303636120215332,0.0,1.2413401047035828
315452,-16.224081621225057,-24.652174867961225,4.0,8.428093246736168
315688,-39.38102104189987,-45.57685788296801,16.0,6.195836841068136
315740,-13.3715821081777,-12.567713365376969,3.0,-0.8038687428007307
315843,-3.0302653063750196,-2.088772687414786,0.0,-0.9414926189602335
315869,-41.969385561054615,-40.75746236173338,16.0,-1.2119231993212338
316008,-2.3794383409000903,-0.8739092546142408,0.0,-1.5055290862858495
316061,-59.587339387169486,-52.06866249104185,20.0,-7.518676896127637
316082,-26.510884065642294,-25.231418152701988,8.0,-1.2794659129403065
316102,-5.871011116118702,-11.727526429805636,1.0,5.856515313686933
316254,-6.962488310711313,-4.9785779849953435,1.0,-1.9839103257159696
316277,-48.17383615861556,-38.64831679173396,12.0,-9.525519366881596
316293,-33.523337548859956,-37.95282671889341,10.0,4.429489170033456
316295,-5.743872259498039,-5.607619699487221,1.0,-0.13625256001081798
316415,-5.513823310359506,-6.324844755878448,1.0,0.8110214455189428
316444,-69.26391209638085,-82.39224599078396,28.0,13.128333894403113
316532,-13.675780700821461,-15.382069985068695,4.0,1.7062892842472337
316585,-5.68309974342918,-5.488737585655845,1.0,-0.19436215777333476
316596,-17.463015693849236,-17.213803575713595,5.0,-0.2492121181356417
316739,-10.013126441250613,-11.20845657452091,2.0,1.1953301332702981
316792,-41.09933232905294,-40.06415499841727,15.0,-1.035177330635669
316802,-25.49837177139309,-24.611193252079165,6.0,-0.8871785193139239
316810,-6.048966775697619,-5.435975075179094,1.0,-0.612991700518525
316938,-13.792298402982743,-14.290182936041685,4.0,0.49788453305894187
316944,-2.1588703924533914,-0.5701933964141045,0.0,-1.588676996039287
317015,-18.043790867096334,-20.116610229984385,5.0,2.072819362888051
317062,-25.27973798304065,-25.62782368400981,8.0,0.34808570096916114
317118,-44.96161325363586,-41.94294986979211,16.0,-3.0186633838437515
317294,-9.502448950971349,-10.573030461029672,2.0,1.0705815100583234
317344,-2.3182557752908433,-2.123281351043718,0.0,-0.1949744242471252
317359,-16.987741307611145,-20.73105634161703,5.0,3.743315034005885
317399,-5.491853133891581,-7.26376904845683,1.0,1.7719159145652483
317413,-21.192094186564297,-30.478306619948576,6.0,9.286212433384279
317684,-2.300562098201164,-7.251942276817105,0.0,4.951380178615941
317701,-4.607734431403592,-4.608472878852592,1.0,0.0007384474490006454
317861,-21.669094300900888,-18.92069675118304,5.0,-2.748397549717847
317938,-6.3052122084063456,-5.191352690689291,1.0,-1.1138595177170547
317992,-2.254822689984345,-1.9901586431403693,0.0,-0.2646640468439758
318002,-2.096313315175189,-2.3924885456149223,0.0,0.2961752304397334
318120,-18.99254836952128,-16.98660986998554,4.0,-2.005938499535741
318217,-38.899084407698865,-36.30003622526364,14.0,-2.599048182435226
318267,-33.20714280688834,-35.9438335687738,11.0,2.7366907618854555
318295,-56.33473478813006,-54.884130909605474,14.0,-1.4506038785245892
318375,-33.46468131821222,-32.809842191334404,10.0,-0.6548391268778175
318538,-8.98285766589458,-9.256727828179242,2.0,0.27387016228466265
318551,-29.976112472363003,-28.19001669385445,10.0,-1.7860957785085532
318587,-29.12846221541909,-27.246648028636873,9.0,-1.8818141867822185
318636,-9.706242770440092,-3.303636120215332,0.0,-6.40260665022476
318704,-3.630598061290049,-0.8824168687148914,0.0,-2.7481811925751574
318894,-23.037725227452395,-23.34182723014059,6.0,0.30410200268819665
318927,-26.479884015637374,-24.29397627191121,7.0,-2.1859077437261654
319060,-12.449384384449521,-13.122293757779005,3.0,0.6729093733294835
319205,-22.229208719197814,-22.8299538799179,6.0,0.6007451607200842
319468,-28.090794176533972,-26.660211517844516,6.0,-1.430582658689456
319507,-12.837015107383102,-13.344048721572417,3.0,0.5070336141893144
319511,-10.042596386555301,-11.319414268309012,2.0,1.2768178817537112
319545,-29.862378645039808,-32.85000276604118,12.0,2.987624121001371
319605,-6.625129906100879,-4.9270617580641956,1.0,-1.6980681480366835
319964,-14.163714212191714,-14.311011620456886,4.0,0.1472974082651728
320092,-18.381874750683878,-19.159630848467735,4.0,0.7777560977838576
320159,-2.2948006210329766,-1.177625112814377,0.0,-1.1171755082185995
320373,-2.4132497232134225,-2.9999202620151957,0.0,0.5866705388017732
320836,-2.2394604427839213,-3.911067836615605,0.0,1.6716073938316836
321006,-17.6747944261439,-19.75201563677985,5.0,2.0772212106359476
321033,-13.56218868476632,-13.173476574808994,3.0,-0.38871210995732497
321038,-25.79348554430449,-24.739993917607926,7.0,-1.053491626696566
321144,-0.9033074963894218,-3.93089720104197,0.0,3.027589704652548
321157,-13.975186271192305,-11.494059371458048,3.0,-2.4811268997342566
321160,-6.805222947014002,-5.9820616329844265,1.0,-0.8231613140295755
321269,-21.167204913469064,-23.889749965598696,5.0,2.7225450521296324
321302,-9.492893319422425,-8.620978367334844,2.0,-0.8719149520875806
321325,-13.437107564029649,-12.846118492340239,3.0,-0.5909890716894104
321492,-12.054298710575983,-12.660273479998565,3.0,0.6059747694225823
321545,-24.93772481597369,-22.373118467398015,7.0,-2.5646063485756763
321568,-41.37021665736227,-38.01345465120656,16.0,-3.356762006155712
321588,-10.343279911748816,-9.636352463544833,2.0,-0.7069274482039827
321653,-17.540188788426796,-21.21637792307962,5.0,3.676189134652823
321690,-1.993544661459327,-3.4617149283133846,0.0,1.4681702668540575
321717,-59.73760893115016,-60.96050492147981,20.0,1.222895990329647
321810,-5.193689543244792,-3.303636120215332,0.0,-1.8900534230294603
321815,-7.734092962969991,-5.1090150689784135,1.0,-2.6250778939915778
321838,-15.139763973696635,-14.149814712936339,3.0,-0.9899492607602962
321867,-36.77336212350145,-70.02889853681528,12.0,33.25553641331383
321912,-6.20333633127642,-6.538501810000755,1.0,0.3351654787243348
321967,-25.94245991919269,-28.44330836317078,10.0,2.5008484439780894
322079,-42.532850334783134,-38.8635845733349,13.0,-3.669265761448237
322113,-8.916596374931375,-9.557124526377205,2.0,0.6405281514458299
322252,-19.371526762287143,-17.467816140406992,5.0,-1.9037106218801512
322385,-20.850873345678778,-19.614939254359626,6.0,-1.2359340913191517
322644,-12.666448876775263,-12.37404527432951,3.0,-0.29240360244575214
322745,-14.383001118345495,-15.75615746977731,4.0,1.373156351431815
322781,-6.151518591974093,-9.733732281094793,1.0,3.5822136891207004
322850,-6.805850362347513,-5.141671823912692,1.0,-1.6641785384348209
322872,-6.301361685401309,-9.334497488399492,1.0,3.033135802998183
322914,-9.736580682252498,-9.02980328501392,2.0,-0.7067773972385787
322975,-5.878509003507595,-5.424504926235088,1.0,-0.4540040772725069
323039,-5.197580073906625,-4.901205981178988,1.0,-0.29637409272763726
323046,-20.454984049867715,-23.64029354573341,6.0,3.1853094958656953
323229,-5.657659542294378,-4.866926274853825,1.0,-0.7907332674405527
323243,-55.025468432391826,-48.82037519452962,16.0,-6.205093237862208
323517,-22.39600528345535,-22.82301618311337,8.0,0.42701089965802197
323614,-3.320726053072464,-2.9999202620151957,0.0,-0.32080579105726814
323619,-62.76622179680881,-60.26225132555384,27.0,-2.5039704712549664
323712,-8.636149312607724,-9.003840585278143,2.0,0.36769127267041846
323750,-10.537081049533711,-9.202931558386283,2.0,-1.3341494911474285
323951,-14.583428656222663,-16.68621159717443,4.0,2.1027829409517675
324178,-51.41688442292519,-44.67520800922171,17.0,-6.74167641370348
324311,-18.16360294580976,-18.4783916999042,5.0,0.3147887540944403
324377,-2.5122654652292953,-2.3924885456149223,0.0,-0.11977691961437298
324384,-6.927369801792855,-7.002095063064751,1.0,0.07472526127189649
324461,-32.946175117747806,-34.085041007259576,10.0,1.13886588951177
324529,-36.74428153445749,-33.59577451297143,13.0,-3.1485070214860613
324594,-17.80616913690158,-19.475121730223222,5.0,1.6689525933216416
324628,-2.3977429249838837,-2.9999202620151957,0.0,0.6021773370313119
324645,-2.5743134148830498,-3.303636120215332,0.0,0.7293227053322822
324658,-27.48053959001337,-31.390973442003535,8.0,3.910433851990163
324662,-37.09283817575075,-37.21750379906642,13.0,0.12466562331567133
324722,-5.765913368561887,-4.975325300766078,1.0,-0.7905880677958095
324728,-7.164733224954365,-5.140991194463363,1.0,-2.023742030491002
324738,-2.2688391731285136,-2.3924885456149223,0.0,0.12364937248640873
324806,-2.239165842357412,-1.7850568292146498,0.0,-0.4541090131427623
324843,-29.28037776807411,-27.463783183282807,10.0,-1.8165945847913036
324920,-11.731741388728373,-15.992247880703362,3.0,4.260506491974988
325495,-83.82301082789591,-75.05296184992915,41.0,-8.770048977966766
325507,-29.162017782538378,-26.89615554040138,7.0,-2.265862242136997
325584,-2.360413431696433,-3.911067836615605,0.0,1.5506544049191717
325614,-5.957366550659568,-13.472857567522293,1.0,7.515491016862725
325683,-2.480351960996342,-1.3074173178236304,0.0,-1.1729346431727115
325704,-13.439618571043985,-15.999186635777681,4.0,2.5595680647336962
325740,-13.763859116843946,-12.340659881273838,3.0,-1.4231992355701077
325908,-6.1572233512051655,-9.284966929603348,1.0,3.1277435783981824
325928,-13.803931265668355,-14.709490876453515,3.0,0.9055596107851596
325998,-2.725988404396778,-2.9999202620151957,0.0,0.27393185761841776
326070,-29.446543239369376,-28.136202110250604,10.0,-1.3103411291187719
326178,-8.786849341880414,-8.690942699331124,2.0,-0.0959066425492896
326316,-19.450991736656874,-18.805767111863275,5.0,-0.6452246247935989
326414,-15.38408736901654,-14.963259309851995,4.0,-0.4208280591645437
326431,-2.173636144633974,-0.5206297925694618,0.0,-1.653006352064512
326726,-5.766493352033569,-8.725913855569425,1.0,2.9594205035358563
326795,-50.05878916063414,-73.57097082653256,21.0,23.512181665898417
326815,-6.033842770925661,-5.040734935876955,1.0,-0.9931078350487059
327002,-2.446815673855296,-1.5761979168245335,0.0,-0.8706177570307625
327455,-15.148131195255596,-15.632828265306866,4.0,0.4846970700512703
327513,-5.896407695038325,-5.0391425226118605,1.0,-0.8572651724264642
327706,-36.02786223297917,-32.66597856662885,13.0,-3.361883666350316
327940,-2.079465993585368,-6.310752238212968,0.0,4.231286244627601
327963,-33.05681460382363,-37.277813186413454,14.0,4.2209985825898215
328038,-29.355270658904132,-30.94457293840539,10.0,1.5893022795012577
328124,-24.111095970716743,-21.16904020193272,7.0,-2.942055768784023
328127,-15.497733342426784,-15.756059619314527,4.0,0.25832627688774323
328189,-6.222821966717817,-5.277973242871076,1.0,-0.9448487238467402
328252,-13.439270101156838,-14.800700820960042,3.0,1.361430719803204
328265,-25.580400136744952,-28.71677520394391,9.0,3.1363750671989585
328291,-26.133560774848068,-25.4883452111381,9.0,-0.6452155637099679
328359,-30.32570211126455,-28.486472247575133,9.0,-1.8392298636894182
328372,-21.079134023987244,-25.892000345214534,5.0,4.81286632122729
328592,-25.576143371584212,-25.235770279793226,8.0,-0.34037309179098685
328630,-11.948985722715927,-12.270667912134547,3.0,0.32168218941862037
328675,-16.71919134951196,-15.76147153510127,4.0,-0.9577198144106891
328680,-38.22194802600407,-41.32709342776381,14.0,3.105145401759742
329043,-12.252546117491839,-11.59276761196063,3.0,-0.6597785055312091
329134,-33.97086362831212,-35.09442281778368,11.0,1.123559189471564
329212,-9.753698916571427,-10.33581396776171,2.0,0.582115051190284
329221,-13.705844058243223,-15.364504379215846,4.0,1.6586603209726238
329282,-57.24914300191949,-50.00446358530827,20.0,-7.24467941661122
329557,-58.447939969765116,-47.45177305097905,17.0,-10.996166918786066
329597,-6.19979491753561,-5.096425746525451,1.0,-1.1033691710101587
329651,-31.341137300286753,-29.949504273873494,11.0,-1.3916330264132597
329695,-2.9792270880339147,-3.911067836615605,0.0,0.9318407485816902
329724,-2.607476701924279,-5.12593126941615,0.0,2.5184545674918715
329791,-69.23574998117863,-72.06174703907757,32.0,2.8259970578989453
329928,-20.874449533049564,-19.868649801755417,6.0,-1.0057997312941467
330004,-24.835945152836977,-25.787487325079805,7.0,0.9515421722428279
330119,-9.95652901439093,-8.932176777250264,2.0,-1.0243522371406666
330343,-2.9426475140664428,-0.266477538213968,0.0,-2.6761699758524746
330408,-8.858448154232677,-9.081853640486965,2.0,0.22340548625428802
330667,-29.450214005052537,-33.646719632380126,8.0,4.196505627327589
330697,-3.047067145938855,-4.274840613468237,0.0,1.2277734675293823
330707,-7.4751206913823065,-5.590441356899551,1.0,-1.8846793344827555
330814,-8.732665417872452,-8.648353634075246,2.0,-0.08431178379720627
330824,-62.41514823862412,-57.920916253938714,24.0,-4.494231984685406
330984,-3.9402113732578434,-3.303636120215332,0.0,-0.6365752530425115
330990,-34.43353621911451,-30.76261726024642,12.0,-3.6709189588680893
331004,-14.201728025709313,-15.875340628235808,4.0,1.6736126025264948
331016,-9.302485075016456,-8.651239173365523,2.0,-0.6512459016509329
331043,-6.099764022203276,-5.690105509494671,1.0,-0.40965851270860476
331072,-30.274944309811914,-31.556433019668127,10.0,1.2814887098562124
331141,-12.830864812055385,-11.620893974685885,3.0,-1.2099708373695002
331253,-5.657547708549026,-5.06992020324961,1.0,-0.587627505299416
331261,-9.236148879292571,-10.901145657155064,2.0,1.664996777862493
331435,-16.745342573177357,-18.891131794855408,4.0,2.1457892216780508
331485,-2.2160497931301055,-3.9888683025793914,0.0,1.7728185094492859
331547,-11.403199945903971,-11.504873359103398,3.0,0.10167341319942658
331637,-6.25780683882959,-5.078382122905173,1.0,-1.1794247159244176
331846,-32.661617191786505,-31.83555163999208,10.0,-0.8260655517944251
331925,-5.421041334804009,-4.901205981178988,1.0,-0.5198353536250213
331941,-25.04086850181653,-22.73823312284666,6.0,-2.302635378969871
332019,-50.27466404216407,-43.13620093881874,15.0,-7.13846310334533
332215,-25.240281175364203,-28.336104032844837,8.0,3.095822857480634
332276,-6.706963017355488,-5.196850991484872,1.0,-1.5101120258706153
332388,-28.1689135724496,-27.755372020941785,10.0,-0.4135415515078158
332428,-3.452164441534109,-1.4813409710145136,0.0,-1.9708234705195955
332562,-13.133069532068623,-14.989552905472054,3.0,1.8564833734034316
332574,-38.02184227269106,-35.91564400871486,14.0,-2.1061982639762036
332581,-23.186727207080995,-27.029443730843795,7.0,3.8427165237627996
332594,-50.741755723305886,-39.43071053506066,12.0,-11.311045188245224
332820,-13.059016982387993,-12.44351043782104,3.0,-0.6155065445669532
332902,-6.210938147385329,-4.987300486920761,1.0,-1.2236376604645685
332930,-2.892415229758217,-6.1937536161630335,0.0,3.3013383864048165
332935,-26.319499159965876,-24.10029836139421,7.0,-2.2192007985716664
332952,-2.975949263725717,-1.177625112814377,0.0,-1.7983241509113401
332963,-17.816026765492868,-17.5384490198672,5.0,-0.27757774562566695
333030,-3.4368882059720254,-6.340794702216695,0.0,2.90390649624467
333431,-48.00362815364006,-49.880548489340974,18.0,1.876920335700916
333470,-5.952956535799674,-6.399228716827353,1.0,0.4462721810276786
333542,-31.822737775867154,-37.02516938741628,13.0,5.202431611549123
333544,-8.984094867108789,-8.435856999626008,2.0,-0.548237867482781
333616,-18.360698065835475,-18.532885377385973,5.0,0.17218731155049838
333693,-40.59707555415176,-38.103743728189194,13.0,-2.4933318259625636
333706,-8.352290146386228,-8.625808159080137,2.0,0.2735180126939092
333772,-33.67056116413612,-32.08997715672595,12.0,-1.5805840074101667
334006,-2.7430161163109408,-1.4813409710145136,0.0,-1.2616751452964272
334082,-2.534526527067204,-0.9741519850460021,0.0,-1.560374542021202
334130,-15.948850361721668,-15.005344767342287,4.0,-0.9435055943793813
334151,-9.224975094921515,-8.503362577521159,2.0,-0.7216125174003558
334161,-5.09811206001572,-5.4884698796718965,1.0,0.39035781965617655
334218,-11.955273827378202,-11.536051139097037,3.0,-0.41922268828116493
334326,-2.821646688670688,-1.4813409710145136,0.0,-1.3403057176561743
334370,-30.673882028016777,-29.140868910418508,9.0,-1.5330131175982693
334415,-18.847202721057375,-17.901888907989758,5.0,-0.9453138130676173
334503,-33.442387213975586,-30.95843531731633,12.0,-2.4839518966592564
334586,-38.50965213556779,-36.22998426319113,16.0,-2.2796678723766632
334819,-5.453044978535107,-5.0244584784860375,1.0,-0.42858650004906984
335096,-43.183605444101794,-64.83764727659636,19.0,21.654041832494563
335136,-2.1969197272812497,-1.7200377793845556,0.0,-0.47688194789669414
335553,-15.554017590467984,-14.324660908009324,4.0,-1.2293566824586595
335589,-9.791956789811366,-13.219461181812989,2.0,3.427504392001623
335601,-18.315632325953295,-19.083766958354897,5.0,0.7681346324016012
335743,-9.526341433067712,-8.680632945165494,2.0,-0.8457084879022183
335767,-9.219391702900845,-8.723287906464233,2.0,-0.4961037964366124
335792,-5.93114446827665,-5.0416872355907385,1.0,-0.8894572326859116
335805,-12.124126456832972,-13.696794354106045,3.0,1.5726678972730728
336026,-2.885876940584737,-3.911067836615605,0.0,1.025190896030868
336096,-2.902431841310401,-0.5701933964141045,0.0,-2.3322384448962965
336195,-30.994996149785507,-29.185897971798624,11.0,-1.8090981779868827
336429,-39.77032348693774,-39.85680960589685,15.0,0.08648611895910818
336525,-35.523422465800124,-32.365061641500205,10.0,-3.158360824299919
336530,-2.354499748637699,-3.911067836615605,0.0,1.5565680879779058
336603,-6.020086907207477,-5.134758364183412,1.0,-0.8853285430240652
336622,-5.507014574896563,-4.9440726080723705,1.0,-0.5629419668241926
336714,-8.609641280588523,-8.907517111554464,2.0,0.29787583096594084
336770,-122.7818759243259,-111.72274585608594,35.0,-11.059130068239966
336854,-2.6167757309673676,-7.457337850794151,0.0,4.840562119826783
337200,-21.391693073782466,-22.573244699733177,7.0,1.1815516259507106
337229,-11.99089617582671,-12.530194446870548,3.0,0.5392982710438368
337452,-42.211550956196234,-36.35981988727049,12.0,-5.851731068925744
337459,-8.5495002070371,-10.729703393039994,2.0,2.1802031860028936
337481,-17.707696480695272,-18.007056863192886,5.0,0.2993603824976141
337620,-13.442345832571773,-14.351696831050933,3.0,0.9093509984791606
337901,-1.8688712846235842,-2.4806846859458114,0.0,0.6118134013222272
337910,-16.089734242794343,-15.371681677564759,4.0,-0.7180525652295842
338069,-6.3116209801719965,-4.927231030884438,1.0,-1.3843899492875584
338076,-2.235141914673102,-1.7850568292146498,0.0,-0.4500850854584524
338108,-12.131985134954666,-13.411485146852643,3.0,1.2795000118979765
338183,-5.769459689563998,-5.142837589850308,1.0,-0.62662209971369
338185,-49.682351115337624,-44.073700184497966,14.0,-5.608650930839659
338250,-66.23083346767444,-75.00688879904034,32.0,8.776055331365896
338277,-2.0915063992190857,-1.4813409710145136,0.0,-0.6101654282045721
338278,-28.7490885742827,-30.651427509441028,7.0,1.9023389351583297
338291,-10.097784905854455,-10.655447377235962,2.0,0.5576624713815068
338301,-48.729103360537806,-64.40433665451293,10.0,15.675233293975126
338311,-2.195379868321155,-2.3924885456149223,0.0,0.19710867729376735
338503,-2.234194365132458,-0.8739092546142408,0.0,-1.3602851105182172
338545,-17.78922956024451,-17.41701717743029,5.0,-0.3722123828142223
338549,-9.537231457592734,-10.095060968442976,2.0,0.557829510850242
338575,-5.836272938632883,-7.4560717161594265,1.0,1.6197987775265439
338579,-40.434287785357284,-46.86691215191537,13.0,6.432624366558088
338590,-16.7123569583708,-22.233625714156606,6.0,5.521268755785805
338607,-21.47588056878198,-20.673304382241792,5.0,-0.8025761865401897
338766,-5.930250883461908,-6.739139699967145,1.0,0.8088888165052373
339213,-12.921738981519146,-14.174093129669282,3.0,1.2523541481501361
339352,-12.784849560686162,-11.525810708119323,3.0,-1.2590388525668388
339566,-9.442552092497678,-8.55800093577503,2.0,-0.8845511567226474
339594,-9.886489465665644,-11.356037099199408,2.0,1.4695476335337645
339753,-5.804890976058174,-16.94859741986413,1.0,11.143706443805954
339878,-5.808997562279011,-4.931759027042825,1.0,-0.8772385352361853
339993,-3.8021480443146656,-16.667133881021332,0.0,12.864985836706666
340081,-5.245186778477456,-8.464272693838483,1.0,3.2190859153610267
340088,-8.544739195759265,-9.127224381246275,2.0,0.5824851854870108
340263,-17.495536964181877,-26.598521446178157,5.0,9.10298448199628
340316,-5.681001350762858,-5.8085039954808755,1.0,0.12750264471801742
340321,-10.424983679410357,-8.536022317243946,2.0,-1.8889613621664108
340347,-6.097140816652693,-4.991167307448308,1.0,-1.105973509204385
340410,-12.67104155590872,-11.68937512953174,3.0,-0.9816664263769805
340463,-3.7959107587567584,-5.4296471276162865,0.0,1.633736368859528
340590,-11.627081506137108,-12.434089343540323,3.0,0.8070078374032157
340674,-9.28290510428415,-8.410556227129586,2.0,-0.8723488771545647
340692,-55.92452083519955,-61.28383263127652,25.0,5.359311796076966
340868,-9.625901129112284,-8.827948306440977,2.0,-0.7979528226713075
340896,-27.1648761827862,-26.53230587806013,8.0,-0.6325703047260731
341089,-44.27983807900737,-35.20746800584002,11.0,-9.072370073167349
341234,-7.409495353908245,-9.802789247075937,1.0,2.3932938931676926
341301,-33.53214931587748,-32.22761916340281,12.0,-1.3045301524746762
341506,-9.064653863059398,-9.65650081530807,2.0,0.5918469522486713
341796,-2.131818561370765,-3.303636120215332,0.0,1.171817558844567
341922,-39.836561064619026,-35.770124401936584,11.0,-4.066436662682442
341992,-2.227766934742565,-1.5761979168245335,0.0,-0.6515690179180316
342010,-2.2698417335185868,-2.3924885456149223,0.0,0.12264681209633554
342014,-26.207271076415065,-29.219548250442443,7.0,3.0122771740273784
342025,-14.977995984572708,-14.37817737539901,4.0,-0.5998186091736972
342273,-8.733129014898275,-8.488479059502652,2.0,-0.24464995539562295
342284,-31.09463257936981,-29.140120985263927,9.0,-1.9545115941058846
342358,-8.958429634651566,-9.280932004952303,2.0,0.3225023703007377
342390,-20.072907648447657,-20.245726205247337,6.0,0.1728185567996796
342454,-16.955274996308518,-17.04468004919073,5.0,0.08940505288221345
342507,-18.807937233419565,-15.645358273928515,4.0,-3.16257895949105
342531,-12.580193356862287,-11.954413653537541,3.0,-0.6257797033247456
342541,-5.745757811917704,-4.923906394020404,1.0,-0.8218514178972995
342580,-13.222959901875136,-11.731149742770112,3.0,-1.4918101591050235
342597,-9.817330541282981,-10.227199262656193,2.0,0.4098687213732113
342649,-22.964812020373692,-22.13842859689715,5.0,-0.8263834234765426
342679,-2.3346874568366007,-2.1128544347213882,0.0,-0.2218330221152125
342886,-6.081816308177878,-5.352662781490464,1.0,-0.7291535266874138
343042,-19.477294287059504,-17.862749749935244,5.0,-1.6145445371242602
343135,-43.16106426729765,-46.47256903537488,13.0,3.311504768077235
343195,-22.225731703448645,-22.747964231195805,6.0,0.5222325277471604
343238,-61.34727937739592,-66.42593356657058,32.0,5.078654189174657
343344,-2.112481209764128,-3.607351978415468,0.0,1.49487076865134
343414,-22.263607999069926,-22.702389507975223,7.0,0.4387815089052971
343662,-75.29704845967079,-79.5646321748306,40.0,4.267583715159816
343678,-18.169776570256992,-17.922203574834146,5.0,-0.24757299542284628
343785,-46.62120717103123,-41.08429117404101,15.0,-5.536915996990217
343796,-27.71000055245277,-29.369873654471437,7.0,1.6598731020186683
343822,-2.109608892266434,-1.4813409710145136,0.0,-0.6282679212519207
343987,-27.0760909353766,-41.92273785893518,7.0,14.846646923558577
344018,-39.64965170137734,-36.5991187281759,15.0,-3.0505329732014346
344140,-2.188053936831787,-1.2054698242894017,0.0,-0.9825841125423851
344149,-23.409752690928116,-25.420546314142957,7.0,2.010793623214841
344152,-14.166130901240576,-14.257265216472133,4.0,0.09113431523155668
344375,-5.762160320657724,-6.439775386085863,1.0,0.6776150654281388
344456,-5.791295815264975,-10.893544579247264,1.0,5.102248763982288
344505,-23.638506008798785,-28.89204371450135,7.0,5.253537705702566
344556,-6.650135390863887,-5.9311775902395905,1.0,-0.7189578006242963
344643,-33.26664032988437,-32.772316601938364,12.0,-0.49432372794600354
344655,-45.74870756350191,-40.69320976440544,16.0,-5.055497799096472
344680,-5.1699317375637115,-5.066881041768685,1.0,-0.10305069579502657
344731,-28.477794017132183,-28.46031356848814,10.0,-0.017480448644043634
344766,-5.976423410708785,-5.447123904961601,1.0,-0.5292995057471837
344918,-29.788071289279937,-36.07444525551662,8.0,6.286373966236685
344959,-3.4393509304380685,-3.303636120215332,0.0,-0.13571481022273657
345161,-6.724062771798858,-5.915628539053188,1.0,-0.80843423274567
345388,-16.66734772648863,-20.612192768650996,4.0,3.944845042162367
345390,-6.336594628663597,-8.678538006183492,1.0,2.341943377519896
345472,-13.399132591597363,-14.673740879902361,3.0,1.2746082883049983
345807,-14.645161577044586,-13.759804380627394,3.0,-0.8853571964171927
345908,-2.679169155256193,-1.1300816935465536,0.0,-1.5490874617096395
345950,-5.867929182724767,-4.9791700905721905,1.0,-0.8887590921525765
346058,-13.379711934139193,-14.670103892712149,3.0,1.2903919585729557
346099,-2.2532464896496407,-1.177625112814377,0.0,-1.0756213768352636
346138,-6.629234298291972,-5.415254958047019,1.0,-1.2139793402449532
346162,-2.6041658180638434,-3.303636120215332,0.0,0.6994703021514885
346176,-30.69412411990741,-28.175402564365136,9.0,-2.5187215555422746
346291,-26.934177697844547,-27.9473540164665,8.0,1.0131763186219551
346295,-35.3459625434269,-34.09201813079223,14.0,-1.2539444126346666
346349,-6.041754581821373,-5.173208448746861,1.0,-0.8685461330745126
346368,-9.397864976145678,-8.522415643186728,2.0,-0.8754493329589508
346373,-24.943207849705306,-26.276850694747388,9.0,1.3336428450420819
346501,-38.440925948109324,-36.187780905934126,14.0,-2.2531450421751984
346661,-20.210785559271617,-19.24130514868141,5.0,-0.969480410590208
346708,-36.31750624071886,-37.61981832881637,11.0,1.3023120880975085
346731,-2.6297300320428474,-2.6962044038150594,0.0,0.06647437177221205
346819,-28.842086770692703,-26.40837330995137,8.0,-2.433713460741334
346861,-2.5063138183112206,-1.177625112814377,0.0,-1.3286887054968435
346913,-9.848048002551767,-9.090016449761018,2.0,-0.7580315527907491
347012,-9.659854494435848,-8.70395048914077,2.0,-0.9559040052950785
347214,-2.5137794461286997,-3.607351978415468,0.0,1.0935725322867684
347330,-11.815254581260284,-14.27611551980777,3.0,2.4608609385474853
347474,-7.242516331275417,-5.455539105971746,1.0,-1.786977225303671
347504,-33.612368180979374,-32.3404010213734,14.0,-1.2719671596059712
347568,-36.64793439256446,-58.13334171234762,13.0,21.485407319783164
347637,-62.15960619527455,-62.971331853903344,25.0,0.8117256586287951
347658,-28.102674265224955,-25.628002151397073,7.0,-2.474672113827882
347893,-6.567722614779953,-6.6945591896950605,1.0,0.12683657491510747
347900,-68.4377604561864,-59.373709973039844,26.0,-9.064050483146552
347986,-18.247227671851114,-18.378976840061075,5.0,0.13174916820996074
348350,-13.959614245363637,-12.462363245845458,3.0,-1.4972509995181795
348351,-5.679042553008591,-7.87957870890896,1.0,2.2005361559003696
348366,-18.868723854640347,-18.001475413306924,5.0,-0.8672484413334232
348423,-31.9987062863078,-29.4186454645659,11.0,-2.5800608217419025
348492,-23.93949069766522,-23.470935396312747,8.0,-0.4685553013524739
348614,-36.03936811495986,-41.92654294359629,8.0,5.887174828636425
348616,-17.494982815180187,-14.264336696641282,4.0,-3.230646118538905
348693,-10.559915464068549,-9.237645126191246,2.0,-1.3222703378773026
348812,-2.5945828511852977,-2.088772687414786,0.0,-0.5058101637705117
348865,-20.72446367805504,-23.86367302061076,5.0,3.13920934255572
348917,-6.698977871964497,-4.934491975002863,1.0,-1.7644858969616344
348918,-33.46659261581962,-30.224906014264537,9.0,-3.2416866015550845
348926,-26.75423751921506,-29.424326220640832,8.0,2.6700887014257724
348971,-2.1116964656778325,-3.607351978415468,0.0,1.4956555127376356
349127,-74.18942397917428,-71.8030843342551,29.0,-2.3863396449191754
349179,-14.464785619507293,-14.785662220012052,4.0,0.32087660050475897
349289,-14.134570784673826,-15.243430041540304,4.0,1.1088592568664772
349583,-15.712844792284953,-21.872880829268365,4.0,6.160036036983412
349587,-31.60847019845769,-33.905515242323496,10.0,2.297045043865804
349631,-32.08624992129219,-28.44899497018532,10.0,-3.637254951106872
349647,-9.132995266602034,-8.54009497738947,2.0,-0.5929002892125634
349730,-7.830774607485691,-8.107014643018527,2.0,0.2762400355328358
349734,-13.551422165786265,-14.193868722424636,3.0,0.6424465566383706
349749,-18.637911836417235,-18.07714141508683,5.0,-0.5607704213304032
349890,-22.90669838624565,-23.251952213184772,6.0,0.3452538269391212
350101,-2.434932312020394,-1.7850568292146498,0.0,-0.649875482805744
350126,-10.206318268610376,-9.204443463441963,2.0,-1.0018748051684128
350187,-9.002646252536978,-8.773220992935354,2.0,-0.22942525960162463
350337,-191.91054258063824,-177.4862536935613,100.0,-14.424288887076926
350639,-5.377573644245205,-5.733362985816423,0.0,0.3557893415712181
350692,-16.586444047554895,-15.819040449838306,4.0,-0.767403597716589
350718,-12.35847298999669,-11.802951679316699,3.0,-0.5555213106799908
350798,-66.36315908511718,-66.32955541451408,28.0,-0.033603670603099545
350854,-45.36285015748603,-48.15362944223209,14.0,2.7907792847460584
350983,-12.87355322668547,-11.495936874355287,3.0,-1.3776163523301825
351039,-9.782237877096506,-10.833176072737466,2.0,1.0509381956409598
351053,-13.75964492191597,-11.713031214969549,3.0,-2.046613706946422
351112,-20.28062981798494,-24.093335835278783,6.0,3.8127060172938414
351204,-9.1398259018063,-9.498959854881743,2.0,0.3591339530754425
351286,-41.93485185411136,-38.15071929800169,15.0,-3.784132556109668
351313,-5.916309282270833,-4.94294944482254,1.0,-0.9733598374482932
351335,-19.254863813839638,-21.24362034603466,7.0,1.9887565321950227
351443,-10.847668224105579,-13.039763406598198,3.0,2.1920951824926185
351542,-5.972498973416908,-5.0775714784285135,1.0,-0.8949274949883943
351624,-17.950580798731185,-16.20913258424497,4.0,-1.7414482144862156
351682,-54.380630449244585,-49.77931230196223,17.0,-4.601318147282356
351700,-39.20605451690032,-35.41890204992913,12.0,-3.787152466971193
351712,-9.6555299752241,-8.586613349513598,2.0,-1.0689166257105018
351770,-9.431350989218203,-8.605934386839255,2.0,-0.8254166023789473
351858,-68.07590407689977,-107.16577222564729,26.0,39.08986814874751
351883,-3.9095660212211443,-2.3924885456149223,0.0,-1.517077475606222
351886,-45.4003808097348,-43.68706389981708,17.0,-1.7133169099177152
351915,-2.009978039676653,-2.088772687414786,0.0,0.07879464773813316
352170,-35.686627255629375,-40.72461084545701,11.0,5.037983589827633
352307,-103.42046438689478,-90.88774956849578,41.0,-12.532714818399
352308,-17.872145253293645,-16.647133540807083,5.0,-1.2250117124865625
352539,-5.990434974684159,-7.462101149361941,1.0,1.4716661746777824
352574,-2.760886379290741,-5.12593126941615,0.0,2.365044890125409
352717,-2.5042167924408814,-0.8902935406937332,0.0,-1.6139232517471482
352721,-2.0710439546702015,-2.088772687414786,0.0,0.01772873274458453
352836,-2.435042747180782,-3.303636120215332,0.0,0.8685933730345501
352963,-9.975846491872115,-9.342676651119389,2.0,-0.6331698407527266
352999,-6.317713654112584,-5.191352690689291,1.0,-1.1263609634232932
353043,-13.254995606262165,-12.266977200930976,3.0,-0.9880184053311893
353414,-28.86205413267003,-31.803428281105635,7.0,2.9413741484356066
353433,-19.178345667643992,-17.238835307826147,5.0,-1.9395103598178451
353533,-4.058661327764051,-1.6592209734569363,0.0,-2.399440354307115
353553,-26.79015555312791,-47.72541213523253,9.0,20.93525658210462
353591,-15.983213038612819,-15.543711447546482,4.0,-0.4395015910663371
353594,-10.40385129675904,-11.060294059519556,2.0,0.6564427627605163
353664,-91.2756684237422,-114.9418963189911,64.0,23.666227895248895
353668,-10.236942756404932,-9.084066550813858,2.0,-1.152876205591074
353719,-12.769838383607423,-12.626564713549127,3.0,-0.14327367005829572
353761,-19.10364903106869,-20.55640194405598,5.0,1.4527529129872896
353811,-14.210788964258658,-20.235025641568427,4.0,6.024236677309769
353889,-19.465805052050786,-26.30399180388112,5.0,6.838186751830335
353905,-50.42890230826154,-49.983331326489214,24.0,-0.44557098177232746
353943,-28.714602435961925,-29.441760922532225,9.0,0.7271584865702998
353961,-26.722315514150196,-30.15109498646791,8.0,3.4287794723177143
354040,-5.946729105140828,-5.6335111829887925,1.0,-0.3132179221520355
354196,-40.44909199531297,-39.872696011051175,16.0,-0.5763959842617936
354228,-2.060706942525887,-1.177625112814377,0.0,-0.8830818297115097
354404,-15.127481687019891,-14.674197647995765,4.0,-0.4532840390241262
354426,-106.42126247140442,-87.58263361126632,54.0,-18.8386288601381
354471,-23.577595758834466,-26.989699665286793,7.0,3.4121039064523266
354478,-22.04008478735424,-23.319336413494792,7.0,1.279251626140553
354619,-30.55714570792486,-34.79368527449076,10.0,4.236539566565902
354970,-12.810359957961523,-12.283472466396937,3.0,-0.5268874915645867
354990,-36.299004666047516,-32.16490948595346,12.0,-4.134095180094057
355027,-6.030782440024512,-5.052845898334015,1.0,-0.9779365416904975
355037,-18.377449028787453,-43.46394330338971,7.0,25.08649427460226
355052,-33.873592138458385,-34.35705507062592,13.0,0.48346293216753367
355064,-10.700421244065137,-11.93903101482294,3.0,1.2386097707578028
355262,-2.4500102460109767,-4.675856632444711,0.0,2.2258463864337346
355363,-11.987163710749734,-12.14617905309015,3.0,0.1590153423404157
355377,-15.108583051568434,-15.129043821051244,4.0,0.020460769482809837
355455,-16.018445294692864,-16.155247561217315,4.0,0.1368022665244517
355586,-8.022207656428268,-5.051948929814903,1.0,-2.9702587266133653
355587,-32.02445746420763,-30.445509148182474,10.0,-1.578948316025155
355651,-21.199815756503376,-18.954041715536853,6.0,-2.2457740409665234
355672,-10.71758857578205,-20.005666589707285,2.0,9.288078013925235
355783,-5.687734896224237,-5.483108766235657,1.0,-0.2046261299885801
355795,-17.79921190405422,-25.242990970031144,6.0,7.443779065976923
355981,-31.270327830408196,-26.775902303579365,8.0,-4.494425526828831
356031,-10.591543326685118,-9.43424954119443,2.0,-1.1572937854906886
356070,-28.370757500615362,-27.50701436015264,9.0,-0.8637431404627236
356184,-2.703479944047694,-1.7850568292146498,0.0,-0.9184231148330442
356278,-21.240045805889988,-32.72596421868738,6.0,11.485918412797393
356347,-6.406596508027146,-6.760274196260275,1.0,0.3536776882331285
356385,-20.2333606850693,-19.246138497996995,6.0,-0.9872221870723052
356477,-2.7390065423539123,-6.340794702216695,0.0,3.601788159862783
356488,-3.07304420138188,-2.3924885456149223,0.0,-0.6805556557669576
356630,-18.76806654695093,-16.987814712942836,5.0,-1.7802518340080944
356712,-2.1941368606415765,-1.7850568292146498,0.0,-0.4090800314269267
356730,-15.349186047112683,-14.60761045825306,4.0,-0.7415755888596234
356861,-17.22737654893254,-17.62447449841672,5.0,0.39709794948418065
357042,-14.79875377214363,-14.202030801757738,3.0,-0.5967229703858923
357090,-41.26960969301,-40.61722680200593,16.0,-0.6523828910040663
357173,-18.401444444490075,-26.505690177998726,5.0,8.104245733508652
357273,-58.50669653917805,-54.95831760881378,24.0,-3.5483789303642723
357322,-2.2338214886894145,-1.7850568292146498,0.0,-0.44876465947476474
357375,-164.7279855005498,-112.40785369349695,38.0,-52.32013180705286
357582,-23.027509596906487,-28.46051108326436,7.0,5.433001486357874
357595,-77.31300884747141,-73.35401555050981,50.0,-3.9589932969615944
357623,-12.764293398654603,-11.68173636300646,3.0,-1.0825570356481435
357837,-15.430803022257626,-14.545600441722485,4.0,-0.8852025805351413
357844,-2.116976618539588,-2.9999202620151957,0.0,0.8829436434756075
357898,-1.3857778425758276,-2.220149202171447,0.0,0.8343713595956193
357908,-9.127322943225176,-8.542812658995473,2.0,-0.5845102842297027
358008,-6.059508074090126,-5.830692926998723,1.0,-0.22881514709140305
358066,-2.7996895682227394,-1.7850568292146498,0.0,-1.0146327390080896
358123,-5.963219734949368,-9.504798699798853,1.0,3.541578964849485
358227,-18.506679489536385,-16.920459485246443,4.0,-1.5862200042899417
358481,-5.774028346122519,-7.036929188826616,1.0,1.2629008427040977
358771,-29.386708603367754,-29.544431949333116,8.0,0.15772334596536197
358928,-20.111192632585944,-23.282179167539226,7.0,3.1709865349532826
359132,-12.455754422631717,-11.626808003849339,3.0,-0.8289464187823778
359211,-4.769680698647571,-2.6962044038150594,0.0,-2.0734762948325116
359239,-22.849088394361285,-21.897383782698633,7.0,-0.9517046116626524
359298,-18.87962621798345,-17.448206607971915,5.0,-1.4314196100115346
359378,-3.791933721453417,-3.607351978415468,0.0,-0.1845817430379486
359515,-28.799600808754832,-41.26312282698839,10.0,12.463522018233562
359583,-9.264191426406985,-11.64370001225807,2.0,2.3795085858510845
359935,-83.96540932332452,-81.7988840053538,39.0,-2.1665253179707236
359986,-3.5322099289538973,-7.251942276817105,0.0,3.7197323478632076
360181,-22.010578346004216,-22.46569296084939,7.0,0.4551146148451721
360330,-10.142023078844602,-8.731772611388847,2.0,-1.4102504674557554
360340,-38.237977776920815,-38.27738072789394,17.0,0.03940295097312685
360413,-3.4625139318347276,-4.518499553015877,0.0,1.0559856211811494
360455,-31.353706918535796,-31.759292678519348,10.0,0.40558575998355195
360499,-18.453162969147105,-18.397921692232917,5.0,-0.05524127691418812
360562,-37.914997351646065,-35.51919695680997,12.0,-2.395800394836094
360639,-16.781520477860372,-25.98514858986277,4.0,9.203628112002399
360773,-17.31938261489239,-16.991005691556754,5.0,-0.32837692333563595
360791,-2.712770687422503,-1.4813409710145136,0.0,-1.2314297164079893
360809,-8.971433389704192,-10.11698187678747,2.0,1.1455484870832784
360840,-24.439540351439774,-24.319256505073525,8.0,-0.12028384636624878
361056,-2.8202278026299545,-4.822215411216014,0.0,2.0019876085860595
361240,-6.35117883335545,-6.061906407351035,1.0,-0.2892724260044153
361248,-84.40581018791492,-84.63174268933277,60.0,0.22593250141784438
361436,-58.69497905536861,-62.80118118604949,25.0,4.106202130680877
361446,-13.02948318187015,-11.484823652587561,3.0,-1.5446595292825887
361523,-105.21245128434532,-103.43264440522914,40.0,-1.7798068791161796
361554,-3.3640355109829514,-2.088772687414786,0.0,-1.2752628235681653
361581,-10.381000360358897,-8.528859922654796,2.0,-1.8521404377041009
361701,-2.0295825948846624,-1.2799175959523963,0.0,-0.7496649989322661
361707,-12.823250325643363,-11.65978920298571,3.0,-1.1634611226576528
361768,-11.209850628356103,-12.70401683490226,3.0,1.4941662065461578
361808,-6.0019996696756275,-5.180800906682654,1.0,-0.8211987629929736
361879,-42.52428780851575,-48.52402635607198,14.0,5.999738547556227
361892,-22.308339423825778,-22.076330937909432,6.0,-0.23200848591634582
361962,-15.345946610518045,-17.545659638133696,4.0,2.199713027615651
361979,-17.055699668728835,-14.990893037779502,4.0,-2.0648066309493327
361998,-27.73610424916546,-28.047128601202154,8.0,0.3110243520366929
362050,-8.728048702617608,-8.557066663887566,2.0,-0.1709820387300418
362171,-2.071040040597772,-0.8739092546142408,0.0,-1.197130785983531
362288,-19.294201230247708,-20.501533305314886,5.0,1.2073320750671783
362338,-25.906980598824582,-25.409730947261448,8.0,-0.49724965156313417
362361,-55.235601917419835,-52.98829943879389,15.0,-2.2473024786259472
362529,-22.543342722372255,-20.298695713996278,6.0,-2.2446470083759777
362640,-17.72883692528032,-18.665948023979468,5.0,0.9371110986991482
362737,-25.541950198108104,-25.83789338500972,9.0,0.29594318690161714
362824,-3.412624690203546,-2.088772687414786,0.0,-1.32385200278876
362829,-25.123284890418482,-23.845117476032303,6.0,-1.2781674143861785
362849,-41.58830548279718,-47.15435931610073,13.0,5.566053833303549
363047,-10.183398254410083,-14.463537155549645,2.0,4.280138901139562
363052,-60.950975330520315,-60.112152155177014,28.0,-0.8388231753433004
363142,-2.595941069294531,-1.7850568292146498,0.0,-0.810884240079881
363164,-37.10421522772463,-43.15442083281199,10.0,6.050205605087356
363328,-55.989438835389905,-51.81140119165845,23.0,-4.178037643731457
363399,-17.020487884886617,-16.502950096265575,4.0,-0.5175377886210413
363407,-23.193664035674406,-38.62699751905725,8.0,15.433333483382842
363435,-31.800543255650403,-47.41550449473521,16.0,15.614961239084806
363719,-15.469063194630191,-17.605010807349906,4.0,2.135947612719715
363726,-12.036793046187155,-16.621148128467382,3.0,4.5843550822802275
363749,-46.04875869306334,-86.55508697813538,18.0,40.50632828507204
363763,-15.02397413511739,-16.18619467344608,4.0,1.1622205383286914
363870,-11.994043516109373,-11.670887174427818,3.0,-0.32315634168155505
363908,-37.12432570083561,-50.69825372294264,14.0,13.573928022107026
363941,-8.812513390191889,-8.732367387493388,2.0,-0.08014600269850014
363968,-9.779267032674037,-16.00293875503878,2.0,6.2236717223647435
364047,-5.991894829842767,-5.166772657390955,1.0,-0.8251221724518123
364137,-26.001142147053837,-25.815723047583756,9.0,-0.1854190994700815
364198,-15.896624888896019,-14.480914190817128,4.0,-1.4157106980788914
364357,-15.24350182999525,-15.29017324746419,4.0,0.0466714174689411
364463,-2.693809492248841,-2.3924885456149223,0.0,-0.30132094663391884
364472,-34.619178111495295,-31.1060343522001,11.0,-3.5131437592951933
364485,-37.58773772812091,-35.43324515054261,13.0,-2.154492577578303
364520,-30.174054689473575,-58.072092863446336,10.0,27.89803817397276
364525,-15.104103514738275,-25.769559234667103,5.0,10.665455719928827
364537,-5.943405395311199,-6.079094503296826,1.0,0.13568910798562683
364649,-23.295156679422593,-23.526526632487414,8.0,0.23136995306482078
364706,-15.754387045880756,-15.494569129903097,4.0,-0.2598179159776599
364734,-18.156546178564536,-17.508718242910007,5.0,-0.6478279356545293
364737,-14.656707310070436,-17.905956952766267,4.0,3.2492496426958315
364769,-41.83971634353261,-40.86338879574092,19.0,-0.9763275477916906
364875,-5.789627714455491,-5.4405211452765725,1.0,-0.34910656917891814
364996,-5.567458297412565,-5.564798788216254,1.0,-0.002659509196311305
365002,-2.912289803036098,-2.6962044038150594,0.0,-0.21608539922103853
365023,-21.89070495369414,-25.992341104908533,7.0,4.101636151214393
365134,-5.52808059115652,-7.0490889245276875,1.0,1.5210083333711673
365141,-9.564125112632148,-10.34732092094742,2.0,0.7831958083152717
365189,-26.146209825330605,-23.56044479169594,7.0,-2.585765033634665
365307,-20.139021077824477,-19.50318678567147,6.0,-0.6358342921530067
365309,-11.00363988322555,-11.466898149455913,3.0,0.4632582662303637
365342,-25.09560903344221,-24.862635735633393,8.0,-0.23297329780881526
365518,-19.329943527204037,-22.045068977983302,5.0,2.715125450779265
365550,-11.44132206014567,-8.42964504772506,2.0,-3.011677012420609
365575,-55.544342167785956,-49.17946266553261,18.0,-6.364879502253345
365739,-2.3950658130608025,-1.177625112814377,0.0,-1.2174407002464254
365825,-50.23312010731085,-45.776248837785985,19.0,-4.456871269524868
365915,-21.353336379302142,-23.702520303557947,7.0,2.3491839242558044
366003,-15.906728095575186,-17.8244873790788,4.0,1.9177592835036137
366315,-22.91857969427329,-25.719407542579678,8.0,2.800827848306387
366429,-9.442633270411092,-10.28984712898333,2.0,0.8472138585722391
366675,-24.902551871822556,-24.24043834643879,8.0,-0.6621135253837664
366749,-13.169100097789604,-15.26718203666274,4.0,2.098081938873136
366751,-14.160611041096168,-12.322070801829362,3.0,-1.8385402392668055
366758,-13.651957855958239,-12.9501956687358,3.0,-0.7017621872224389
366881,-56.65117694551828,-50.81416468918158,15.0,-5.837012256336699
366928,-71.88157161252914,-71.85785373003627,33.0,-0.023717882492874764
367063,-25.731919780518176,-26.546022228980096,9.0,0.8141024484619201
367130,-11.972607366125878,-12.55628947386653,3.0,0.5836821077406515
367136,-8.955375995407177,-9.118393198843066,2.0,0.16301720343588855
367262,-2.1853905729225147,-1.177625112814377,0.0,-1.0077654601081376
367279,-35.65225485276762,-37.19403323673196,12.0,1.541778383964342
367640,-5.70689119516474,-5.004114209566501,1.0,-0.7027769855982386
367863,-4.050563174319244,-5.12593126941615,0.0,1.0753680950969065
367946,-2.283758180075492,-1.177625112814377,0.0,-1.106133067261115
368036,-5.942937349780561,-5.116061853785183,1.0,-0.8268754959953775
368047,-19.444181788968457,-20.783194584894627,6.0,1.3390127959261697
368190,-6.150342168825869,-5.058812378900626,1.0,-1.091529789925243
368370,-2.044903151974821,-0.266477538213968,0.0,-1.7784256137608527
368376,-2.6119160188867747,-5.12593126941615,0.0,2.5140152505293756
368394,-20.57822007643279,-20.454849556457365,5.0,-0.12337051997542403
368471,-2.7953464823120084,-1.4813409710145136,0.0,-1.3140055112974949
368563,-5.9931506129216565,-5.096425746525451,1.0,-0.8967248663962053
368599,-2.522985226051188,-1.177625112814377,0.0,-1.3453601132368107
368602,-19.603278973050287,-17.27587512329272,5.0,-2.327403849757566
368702,-41.59051217071378,-36.40394078857875,13.0,-5.186571382135028
368816,-11.788576721455511,-11.811991246941158,3.0,0.02341452548564682
369012,-28.55195173290639,-27.02979030057821,9.0,-1.5221614323281791
369013,-6.157581757377864,-5.117472429955578,1.0,-1.040109327422286
369034,-10.538719573435358,-9.244452556126834,1.0,-1.294267017308524
369068,-6.169287315181913,-6.099856817818513,1.0,-0.0694304973633999
369092,-9.429748790116678,-10.407713840870796,2.0,0.9779650507541184
369241,-53.51145648002234,-49.63756996146466,21.0,-3.8738865185576756
369243,-27.51640014223173,-25.236306343327794,9.0,-2.2800937989039376
369473,-30.71044998329045,-34.10131004917777,10.0,3.3908600658873205
369612,-44.808875628345454,-42.950646786886644,17.0,-1.8582288414588106
369757,-98.15206449218998,-122.07099602671086,42.0,23.91893153452088
369827,-36.277678910461454,-35.6228426887257,10.0,-0.6548362217357564
369869,-37.074723947494235,-36.70661492860588,12.0,-0.36810901888835446
369893,-5.6474803136629035,-4.927349506249577,1.0,-0.7201308074133266
370118,-2.1794162468573433,-3.607351978415468,0.0,1.427935731558125
370207,-15.864236277849244,-14.222196344785575,4.0,-1.6420399330636695
370208,-12.728026953555066,-11.779442005119444,3.0,-0.9485849484356219
370212,-34.60123810203969,-33.743147010320875,12.0,-0.858091091718812
370255,-6.346296854873373,-5.057577898311472,1.0,-1.288718956561901
370265,-2.0490385919483307,-1.1833595781272106,0.0,-0.8656790138211201
370331,-9.986907042977151,-9.743201915198505,2.0,-0.2437051277786466
370498,-8.787943995729396,-8.701625254676115,2.0,-0.0863187410532813
370507,-3.356618385403949,-2.6962044038150594,0.0,-0.6604139815888894
370662,-9.053463847593884,-9.027616889973139,2.0,-0.02584695762074496
370878,-2.131165738184927,-1.2433881195904253,0.0,-0.8877776185945019
370932,-66.03631741566127,-56.99175627747992,22.0,-9.04456113818135
371033,-17.83540538246462,-15.6416237519058,4.0,-2.1937816305588207
371043,-27.95988169372269,-32.18102230963881,9.0,4.2211406159161236
371070,-2.057257559058514,-2.088772687414786,0.0,0.031515128356272015
371123,-17.405770967040947,-17.857766159860113,5.0,0.4519951928191652
371164,-62.76266253205515,-51.98967599986091,19.0,-10.772986532194246
371173,-31.253143408887894,-29.74571873380159,11.0,-1.5074246750863054
371193,-22.50196911655397,-26.38657362093573,8.0,3.8846045043817625
371202,-24.86202806420622,-24.78766480963208,7.0,-0.07436325457414128
371267,-23.47167135949646,-29.88433180099839,8.0,6.412660441501927
371326,-2.4785187899650554,-1.7850568292146498,0.0,-0.6934619607504056
371341,-2.6338187709928156,-2.6962044038150594,0.0,0.06238563282224385
371539,-20.533626621908514,-19.740755473124235,6.0,-0.792871148784279
371573,-2.1134917104122626,-1.7850568292146498,0.0,-0.32843488119761277
371771,-25.214666171291277,-39.06372074549648,8.0,13.849054574205205
371825,-2.486702724260855,-1.177625112814377,0.0,-1.309077611446478
371839,-49.22373895147142,-46.918376206392345,21.0,-2.305362745079073
371905,-31.04764983248884,-26.082712094310615,7.0,-4.964937738178225
371951,-25.841831589303276,-45.46767508826434,8.0,19.625843498961068
372088,-41.77346360111697,-38.52646864741975,14.0,-3.246994953697225
372112,-25.07261534058311,-24.659272489526675,7.0,-0.4133428510564343
372115,-23.78126349678185,-23.669950331437853,7.0,-0.11131316534399716
372134,-2.4405374769210053,-1.177625112814377,0.0,-1.2629123641066282
372219,-9.034633479568466,-8.61828471050599,2.0,-0.416348769062477
372328,-35.71661742393121,-33.39552086447155,12.0,-2.3210965594596615
372437,-25.583723834639102,-28.527830234827377,7.0,2.944106400188275
372503,-20.639815237709776,-25.460838187007774,7.0,4.821022949297998
372626,-42.69399164292631,-38.22471046091935,13.0,-4.4692811820069664
372717,-25.80789305273887,-25.743438229153032,7.0,-0.06445482358583732
372748,-6.203099089057164,-5.2128271220326585,1.0,-0.9902719670245057
372775,-28.499623097545737,-34.0822805052191,11.0,5.582657407673366
372778,-4.031572823819956,-1.5091135505154465,0.0,-2.5224592733045093
372786,-18.956406545760863,-18.624598878586575,5.0,-0.33180766717428867
372886,-2.1205474263476933,-2.147932654312294,0.0,0.027385227964600745
372958,-35.521503309395364,-37.38129194401096,13.0,1.8597886346155974
373129,-12.314205171035914,-12.47754817661435,3.0,0.16334300557843662
373149,-21.7824870775496,-23.81399439366553,6.0,2.031507316115931
373301,-13.513329360283079,-12.606042389305392,3.0,-0.9072869709776867
373546,-30.3473703824507,-29.431811833304085,11.0,-0.9155585491466134
373551,-6.090103355469867,-6.636624814650745,1.0,0.5465214591808785
373828,-9.98168650489875,-11.779017512233786,2.0,1.7973310073350355
373844,-13.60674876988634,-16.1026460720875,4.0,2.4958973022011595
374080,-2.2994629233391404,-1.4813409710145136,0.0,-0.8181219523246268
374136,-25.655235037056734,-28.047292663303708,8.0,2.3920576262469737
374321,-32.31955824444022,-36.746926414840296,8.0,4.427368170400072
374490,-10.005329681837246,-13.10170815198171,2.0,3.0963784701444634
374564,-20.42902016980438,-19.703382161311406,5.0,-0.7256380084929752
374814,-11.677373114213443,-9.708156150092421,2.0,-1.9692169641210224
374964,-6.761409930079663,-5.6335111829887925,1.0,-1.1278987470908701
375024,-5.84380584008035,-4.9791700905721905,1.0,-0.8646357495081594
375087,-6.646856431687426,-5.827111771071988,1.0,-0.8197446606154379
375168,-34.89933512930662,-39.86543229183767,13.0,4.9660971625310495
375174,-30.8963213735453,-30.081498240437135,11.0,-0.8148231331081668
375312,-9.685438507441814,-8.759932226559275,2.0,-0.925506280882539
375375,-60.020666420526965,-56.28537048257271,27.0,-3.7352959379542554
375473,-11.970746844719494,-11.482194393348994,3.0,-0.4885524513705004
375480,-5.867221478494354,-5.133080292239298,1.0,-0.734141186255056
375605,-9.26886338261467,-10.440822207187418,2.0,1.171958824572748
375634,-24.563425780822755,-33.88910626913024,7.0,9.325680488307484
375647,-15.598710042059036,-22.285809845360493,4.0,6.687099803301457
375909,-2.3668662534688445,-1.4813409710145136,0.0,-0.8855252824543309
375940,-9.440849776311833,-8.889030353300322,2.0,-0.5518194230115103
376078,-21.1745576053699,-28.477229082544554,7.0,7.3026714771746555
376142,-22.00290162584188,-21.41479260015168,7.0,-0.5881090256901977
376222,-27.42814035426576,-30.7445825854446,8.0,3.31644223117884
376393,-55.3113188925057,-143.07732576794575,25.0,87.76600687544004
376449,-9.29410037493505,-10.167002426357309,2.0,0.8729020514222583
376525,-58.51298138363193,-52.51602247301847,21.0,-5.996958910613465
376666,-14.95790474097947,-14.450010900512906,4.0,-0.5078938404665649
376729,-2.628947459201134,-1.177625112814377,0.0,-1.451322346386757
376776,-13.497907334481711,-11.558598477748212,3.0,-1.9393088567334988
376861,-51.40111996820016,-45.0756434171009,17.0,-6.325476551099264
376919,-2.206534044505136,-1.177625112814377,0.0,-1.028908931690759
377021,-2.3831794134337407,-6.948226418616968,0.0,4.565047005183227
377172,-15.68835523833023,-13.546149078883378,3.0,-2.142206159446852
377223,-13.39662071202713,-12.572602023290376,3.0,-0.8240186887367535
377254,-42.71552549757239,-48.987198606528914,14.0,6.27167310895652
377306,-2.4896022054749225,-2.9999202620151957,0.0,0.5103180565402732
377450,-3.4506183319409085,-26.68975720162583,0.0,23.239138869684922
377539,-2.1915044766856155,-2.147932654312294,0.0,-0.04357182237332147
377601,-2.3604517164716117,-2.9999202620151957,0.0,0.639468545543584
377738,-17.663956484088857,-14.805446450686324,4.0,-2.858510033402533
377819,-14.868558944269079,-14.950177594545979,4.0,0.08161865027689963
377831,-8.708292203419282,-9.599562241117995,2.0,0.8912700376987139
377843,-9.998386021085821,-12.044273240599278,2.0,2.0458872195134568
377853,-43.76032916106081,-45.093237924366186,18.0,1.332908763305376
377874,-9.620150316213254,-9.618016700741865,2.0,-0.0021336154713882394
378002,-52.47445907864522,-39.84914778933195,10.0,-12.625311289313267
378032,-10.074715739864505,-12.524459820087142,2.0,2.4497440802226365
378043,-11.774353156016366,-11.614182915717782,3.0,-0.16017024029858362
378208,-5.841202591422315,-5.051347509300618,1.0,-0.7898550821216963
378249,-19.987016936935426,-18.51625106974634,5.0,-1.4707658671890869
378269,-2.319120714754594,-2.3924885456149223,0.0,0.07336783086032828
378276,-25.73857339054942,-23.054392754199952,6.0,-2.684180636349467
378297,-19.367707290278886,-17.831096571779405,4.0,-1.5366107184994817
378319,-4.204506527243512,-0.266477538213968,0.0,-3.938028989029544
378340,-9.907491628284047,-9.908933497936292,2.0,0.0014418696522451313
378836,-23.119444961089773,-23.385368558889322,7.0,0.2659235977995493
378879,-2.1690687328143006,-3.303636120215332,0.0,1.1345673874010314
379026,-75.93730249391805,-97.29465367831342,21.0,21.35735118439537
379162,-12.994933305554765,-15.174408802613096,3.0,2.1794754970583305
379203,-8.305163433331353,-9.375501361527958,2.0,1.0703379281966043
379287,-12.827935356585416,-12.246906818627316,3.0,-0.5810285379580993
379314,-50.83738932289575,-48.733621996419316,20.0,-2.1037673264764365
379364,-13.082140081682217,-12.568986415719737,3.0,-0.5131536659624807
379477,-61.40825974536587,-69.74165331893578,24.0,8.333393573569907
379518,-6.25894498770389,-8.160961806864606,1.0,1.9020168191607159
379569,-6.107649914638178,-6.129017165553716,1.0,0.021367250915537817
379579,-2.301689417724583,-2.3924885456149223,0.0,0.09079912789033928
379608,-29.923244581646056,-27.700506893325944,9.0,-2.2227376883201124
379867,-73.9815515898704,-69.16199749546892,33.0,-4.819554094401482
379896,-2.202479372904873,-1.4813409710145136,0.0,-0.7211384018903595
380227,-3.055276102260189,-0.5701933964141045,0.0,-2.4850827058460845
380420,-24.79379156952958,-26.40054037828624,7.0,1.6067488087566595
380427,-6.562799534469285,-6.250155217259061,1.0,-0.312644317210224
380555,-2.1851387074050437,-1.4813409710145136,0.0,-0.7037977363905301
380585,-14.894862349794924,-14.30233498622569,4.0,-0.5925273635692339
380590,-2.8978749389701437,-2.067359211910339,0.0,-0.8305157270598049
380611,-2.632911022457501,-1.177625112814377,0.0,-1.455285909643124
380618,-10.478793052339746,-22.26660964643693,3.0,11.787816594097183
380644,-66.6991035510375,-68.37658135229364,39.0,1.6774778012561455
380728,-24.397339431104797,-22.4222638910146,7.0,-1.9750755400901951
380806,-39.33789683095252,-39.73959297465238,14.0,0.4016961436998585
380839,-20.888828803528167,-17.37541837241811,4.0,-3.5134104311100565
380862,-14.141614780962648,-10.178141228899332,2.0,-3.9634735520633164
380883,-6.900663426153975,-4.989319647917328,1.0,-1.9113437782366471
381041,-15.456134670376404,-14.857928510708273,4.0,-0.5982061596681305
381082,-15.887333921773319,-15.118067417273034,4.0,-0.7692665045002851
381265,-25.606801182883018,-29.562541646803915,8.0,3.955740463920897
381546,-2.0670286275976486,-1.4813409710145136,0.0,-0.585687656583135
381926,-6.411357203801387,-5.102886605633265,1.0,-1.308470598168122
381944,-14.2071077626358,-12.272657305318827,3.0,-1.9344504573169736
381990,-21.603334447849356,-32.86946754294308,6.0,11.266133095093721
382082,-14.621312320511553,-14.119796787594654,4.0,-0.5015155329168994
382251,-2.2875943531912557,-2.9999202620151957,0.0,0.71232590882394
382322,-5.742975278189432,-5.427323931355463,1.0,-0.31565134683396856
382406,-42.359613591100974,-42.03270360384775,15.0,-0.32690998725322373
382492,-15.001723294850082,-14.426692637581239,4.0,-0.5750306572688437
382596,-39.902772794261885,-47.04657170420958,10.0,7.143798909947698
382782,-9.874592493873932,-9.754336629199807,2.0,-0.12025586467412452
382887,-16.539920382023045,-14.806449448510024,4.0,-1.7334709335130203
382958,-7.207545271109822,-5.12597323376819,1.0,-2.0815720373416324
382966,-40.97326751185174,-40.302944607771366,14.0,-0.670322904080372
382973,-11.775155150747194,-12.585266819553087,3.0,0.8101116688058934
383097,-6.343507634163818,-4.987879436964805,1.0,-1.355628197199013
383207,-21.587998368941747,-23.91641916618039,6.0,2.3284207972386426
383222,-34.420494852498905,-32.9286095989705,13.0,-1.4918852535284017
383388,-3.02827558341232,-2.088772687414786,0.0,-0.939502895997534
383463,-10.593300904330814,-12.011305971738311,3.0,1.4180050674074973
383583,-6.083217046708781,-5.0042138182440565,1.0,-1.0790032284647246
383741,-11.212289696793283,-11.456308975761996,3.0,0.24401927896871278
383777,-6.06757716412718,-4.969887973140411,1.0,-1.0976891909867694
383812,-2.1044551780826732,-0.5027811334801452,0.0,-1.601674044602528
383838,-17.863869150539905,-15.848954250535433,4.0,-2.014914900004472
383844,-2.2767149229146595,-3.303636120215332,0.0,1.0269211973006724
383990,-2.0807034983368196,-8.163089851417514,0.0,6.082386353080694
384087,-3.0423889722879123,-2.3924885456149223,0.0,-0.64990042667299
384102,-6.04311112449567,-5.052845898334015,1.0,-0.9902652261616556
384300,-2.0864869949742446,-1.177625112814377,0.0,-0.9088618821598675
384315,-33.51405742959307,-34.08640908766389,12.0,0.572351658070815
384337,-59.38984087046135,-54.67023252831493,27.0,-4.719608342146415
384545,-7.189324056927146,-6.4110500261885885,1.0,-0.7782740307385572
384591,-5.916362984945591,-5.131383795438192,1.0,-0.784979189507399
384808,-13.146186116578283,-12.271716992972946,3.0,-0.874469123605337
384928,-37.786722246505306,-37.733438543394065,13.0,-0.053283703111240754
384992,-12.761446738943215,-15.26237353547328,3.0,2.5009267965300648
385009,-5.60580274006971,-5.322678124396068,1.0,-0.2831246156736418
385109,-2.466743475738572,-0.8739092546142408,0.0,-1.592834221124331
385151,-13.041230583028357,-12.46109730095724,3.0,-0.5801332820711167
385309,-9.94147524732198,-10.4986231256754,2.0,0.557147878353419
385317,-11.249580193102044,-12.12801350673184,3.0,0.8784333136297953
385326,-6.341059240377544,-5.115002849215627,1.0,-1.226056391161917
385452,-5.666545214463667,-6.735744295306444,1.0,1.0691990808427763
385455,-31.811791890998247,-39.589102107778736,11.0,7.777310216780489
385458,-19.39302555970076,-17.35394641804609,5.0,-2.039079141654671
385613,-10.225642612137474,-10.977336144381956,2.0,0.7516935322444827
385645,-49.896549572487544,-46.45250334895566,12.0,-3.4440462235318847
385885,-15.465294580742373,-14.611831306237464,4.0,-0.8534632745049091
385914,-5.538457907509385,-6.923425283834098,1.0,1.3849673763247132
385977,-40.76296789948387,-44.10231499245967,14.0,3.3393470929757996
386078,-6.318129854549207,-5.6401285995718835,1.0,-0.6780012549773238
386082,-12.679532131611507,-11.975623501827782,3.0,-0.7039086297837258
386086,-9.523271760991083,-11.88533852323597,3.0,2.3620667622448863
386200,-29.90007664741859,-35.13647742744834,10.0,5.236400780029751
386250,-17.294969377876974,-17.8228649430519,4.0,0.5278955651749264
386278,-2.188006664909168,-1.7850568292146498,0.0,-0.40294983569451803
386291,-10.430547384898789,-12.119724409171909,3.0,1.6891770242731194
386324,-19.852256104104626,-21.610956903277756,6.0,1.7587007991731305
386635,-5.6587071185799225,-5.078382122905173,1.0,-0.5803249956747498
386666,-13.21391350406202,-12.35914495325811,3.0,-0.8547685508039109
386997,-94.80156969806254,-78.96862466743687,46.0,-15.832945030625666
387065,-5.834184179485787,-5.668812062566051,1.0,-0.16537211691973575
387166,-23.327926065924064,-23.190012705210542,7.0,-0.13791336071352234
387177,-2.7149420811979184,-1.4813409710145136,0.0,-1.2336011101834048
387380,-5.744897950906456,-5.146760168748891,1.0,-0.5981377821575649
387390,-12.036044825405837,-12.045955429982495,3.0,0.0099106045766586
387522,-43.341337692284796,-36.899802713055266,15.0,-6.44153497922953
387546,-6.263442276661962,-5.819708320088983,1.0,-0.443733956572979
387553,-2.4374253518568856,-0.8739092546142408,0.0,-1.5635160972426447
387599,-2.6125495673006363,-2.088772687414786,0.0,-0.5237768798858502
387763,-23.486071006350727,-20.945959706851813,5.0,-2.540111299498914
387785,-11.032826016977626,-16.121761869215426,3.0,5.0889358522378
387800,-2.615763341462623,-1.5734119085628853,0.0,-1.0423514328997376
387972,-43.66951949202715,-43.08279807481438,17.0,-0.5867214172127717
388086,-2.294383754859996,-0.266477538213968,0.0,-2.027906216646028
388147,-20.907373833490592,-18.86571488355927,6.0,-2.041658949931321
388403,-5.897552147690238,-7.255040702421009,1.0,1.3574885547307707
388456,-24.758459027455455,-38.43741613476627,7.0,13.678957107310818
388472,-17.86196027086765,-17.66212243509236,5.0,-0.19983783577529124
388476,-40.30321926430222,-39.04211850813849,14.0,-1.261100756163728
388618,-39.17788675895419,-58.28558147151098,16.0,19.107694712556793
388818,-10.963426892458072,-9.069594864461008,2.0,-1.893832027997064
388839,-8.519457522487984,-8.736741128934842,2.0,0.2172836064468573
388841,-5.273425621126611,-1.923718112949924,0.0,-3.349707508176687
389053,-6.270524703176272,-6.790972511223983,1.0,0.5204478080477113
389081,-8.74190995603519,-9.22665496630872,2.0,0.4847450102735298
389133,-9.23299222886313,-8.52271339610906,2.0,-0.7102788327540708
389380,-6.2414619591991185,-5.0070264637789945,1.0,-1.234435495420124
389464,-13.861529309697133,-11.699606839316507,3.0,-2.1619224703806257
389471,-20.583224765348184,-20.01147177521293,6.0,-0.5717529901352556
389477,-22.76657484898599,-28.460869344962923,8.0,5.6942944959769335
389581,-2.5703737100832504,-1.177625112814377,0.0,-1.3927485972688733
389674,-9.54862646220019,-9.548359439510172,2.0,-0.0002670226900178818
389700,-15.452261838607503,-15.274653315796726,4.0,-0.1776085228107771
389871,-5.976006736556621,-5.256974699460587,1.0,-0.7190320370960341
389961,-17.67630947393852,-18.703592280886202,4.0,1.0272828069476816
390066,-5.645733837925374,-5.223745493858919,1.0,-0.42198834406645513
390099,-15.268641306617166,-14.5135662277075,4.0,-0.7550750789096661
390136,-24.618032611857625,-22.776021020675813,7.0,-1.8420115911818122
390179,-24.555514859659112,-23.89976339417952,7.0,-0.6557514654795931
390217,-14.891417184165835,-17.878574220437883,5.0,2.9871570362720483
390218,-7.342787176008444,-9.44966367852961,2.0,2.1068765025211666
390223,-6.600324456789815,-6.561551381935273,1.0,-0.03877307485454207
390267,-5.701431739946461,-4.928528847490942,1.0,-0.7729028924555186
390270,-50.15056914344645,-44.677586396919835,17.0,-5.472982746526611
390647,-33.48974418457843,-41.180841982503225,13.0,7.691097797924797
390697,-12.11197796741849,-12.098601734767652,3.0,-0.013376232650838205
390719,-30.688068400965452,-28.352792190686824,8.0,-2.3352762102786286
390976,-19.809996300242993,-17.21377361747299,5.0,-2.5962226827700015
391046,-14.890364226311963,-14.161053026631954,4.0,-0.7293111996800086
391050,-2.1365168137985204,-0.5701933964141045,0.0,-1.566323417384416
391065,-35.74334254791521,-47.861173333324466,9.0,12.117830785409254
391165,-2.128466320161763,-1.177625112814377,0.0,-0.9508412073473858
391211,-11.436015470946094,-11.802062733943371,3.0,0.3660472629972773
391291,-19.077094799845355,-18.24062613590565,5.0,-0.836468663939705
391349,-9.647566559692509,-9.347026088621167,2.0,-0.30054047107134174
391362,-5.818581220544016,-5.494957599330331,1.0,-0.3236236212136854
391384,-54.171568827954395,-48.631122716670305,13.0,-5.540446111284091
391412,-2.2917619972614696,-1.6238133808992854,0.0,-0.6679486163621842
391426,-5.852254895295239,-5.359416569465543,1.0,-0.49283832582969644
391560,-44.486694874257736,-44.451050172591145,11.0,-0.03564470166659106
391698,-8.903026530727999,-9.040984958087346,2.0,0.13795842735934727
391790,-20.666872788056697,-22.74519584623058,7.0,2.0783230581738827
391834,-16.972539745087936,-16.59439256676478,4.0,-0.37814717832315736
391988,-8.886133828109164,-9.830678113403373,2.0,0.9445442852942083
392002,-124.7640314221143,-113.52750300384491,57.0,-11.236528418269387
392081,-30.98211488532015,-27.194304023605696,9.0,-3.787810861714455
392163,-3.3161715265377003,-0.8739092546142408,0.0,-2.4422622719234592
392198,-6.354884050063739,-6.047660296248917,1.0,-0.3072237538148217
392201,-5.9561445007471905,-5.123217494249653,1.0,-0.8329270064975374
392309,-21.899451017350874,-23.1322076494746,7.0,1.2327566321237278
392423,-2.604420367838491,-3.9713814494406745,0.0,1.3669610816021835
392467,-32.01110235131413,-42.42080795590219,10.0,10.409705604588062
392668,-47.37266743986731,-45.97427010985158,19.0,-1.398397330015726
392753,-22.35314245562692,-21.57222727417571,7.0,-0.7809151814512099
392798,-16.063661365551205,-21.947866441719874,4.0,5.884205076168669
392811,-38.023988710579665,-54.48363149576668,15.0,16.459642785187015
392826,-9.113528215245001,-9.05704544158798,2.0,-0.05648277365702015
392881,-34.881881670926994,-30.956434841753076,12.0,-3.925446829173918
392969,-16.249579665135915,-15.206021530758074,4.0,-1.0435581343778413
392995,-2.7466963218577143,-1.4813409710145136,0.0,-1.2653553508432007
393106,-14.230750436186565,-13.093747026246696,3.0,-1.1370034099398687
393413,-6.047718338723887,-5.269431122215536,1.0,-0.7782872165083505
393534,-8.841274271925435,-8.833227016332243,2.0,-0.008047255593192304
393613,-2.5575708384996774,-1.4813409710145136,0.0,-1.0762298674851638
393678,-37.309761882921464,-31.0228367284359,9.0,-6.286925154485562
393743,-52.63204097264458,-45.942562286707904,12.0,-6.6894786859366775
393828,-2.2115856424604723,-3.8865126612647236,0.0,1.6749270188042513
393980,-3.263259474173891,-2.3924885456149223,0.0,-0.8707709285589686
394057,-2.1152702902840197,-1.2054698242894017,0.0,-0.909800465994618
394118,-13.979426974911586,-12.963218750819605,3.0,-1.0162082240919812
394136,-8.175504551449194,-8.487225150244818,2.0,0.31172059879562397
394192,-46.93987719987607,-45.21881354477058,15.0,-1.721063655105489
394226,-2.042007972669213,-1.7850568292146498,0.0,-0.25695114345456327
394357,-6.035938731966053,-4.939191436379763,1.0,-1.0967472955862902
394440,-6.288969053730484,-16.77933279568309,1.0,10.490363741952606
394607,-83.54900139599572,-74.1980287378411,41.0,-9.350972658154618
394758,-7.569676905691579,-11.600083062871125,1.0,4.030406157179546
394825,-16.154550109186644,-18.547148413241874,4.0,2.3925983040552303
394833,-26.241709552166196,-24.39970849820021,8.0,-1.842001053965987
395036,-6.3829084698986405,-5.022981977028399,1.0,-1.3599264928702413
395037,-31.713692271696555,-29.332021086220788,7.0,-2.381671185475767
395042,-34.14125559805866,-34.46642928536066,12.0,0.3251736873019979
395140,-6.68798335970432,-4.995562674420425,1.0,-1.6924206852838948
395248,-10.810624933348096,-13.72928396862407,3.0,2.918659035275974
395313,-55.80924705938361,-62.28070592881696,14.0,6.471458869433349
395323,-2.4480079195601276,-3.3871213574516594,0.0,0.9391134378915318
395451,-61.46509594615516,-54.98452512747394,22.0,-6.4805708186812225
395462,-20.42202904345606,-18.059924730542484,5.0,-2.3621043129135764
395535,-3.4008809113208702,-3.303636120215332,0.0,-0.0972447911055383
395629,-28.543565968001168,-26.66098493387749,8.0,-1.8825810341236782
395801,-5.996119850383859,-5.231984579705419,1.0,-0.7641352706784392
395861,-9.216490380464057,-8.552276036618345,2.0,-0.6642143438457122
395895,-11.940458426166492,-12.207572379882135,3.0,0.2671139537156435
396334,-2.295384821810768,-2.3924885456149223,0.0,0.09710372380415411
396402,-2.532096084723632,-1.4377573591600905,0.0,-1.0943387255635413
396403,-6.298028660898681,-4.924508577279718,1.0,-1.3735200836189634
396635,-12.539535882402102,-11.517912424870218,3.0,-1.0216234575318843
396678,-2.2810307163674755,-3.303636120215332,0.0,1.0226054038478565
396705,-10.596596692402063,-2.088772687414786,0.0,-8.507824004987278
396749,-6.392732914748433,-5.1830807779166115,1.0,-1.2096521368318216
396801,-25.585041551109367,-26.443920493138858,8.0,0.8588789420294916
396889,-99.08134533507615,-88.16819749958916,35.0,-10.913147835486996
396938,-12.437852972838227,-16.05609838187121,3.0,3.6182454090329816
396940,-25.760822675842803,-25.431871203232262,9.0,-0.3289514726105409
396987,-18.019675721026683,-17.11568803169367,4.0,-0.9039876893330145
397026,-21.955507342912,-26.840107631585735,6.0,4.8846002886737345
397089,-11.336639581321428,-16.097523561349043,2.0,4.760883980027614
397163,-2.5229944703519,-3.911067836615605,0.0,1.388073366263705
397196,-27.763218227546503,-25.75260601893248,9.0,-2.010612208614024
397243,-2.1365336406093918,-2.6962044038150594,0.0,0.5596707632056677
397367,-53.80135842458525,-58.683843739046566,19.0,4.882485314461313
397371,-26.618924314404396,-25.83014463222799,8.0,-0.7887796821764042
397444,-17.45319888782065,-19.885372699789073,5.0,2.432173811968422
397457,-8.625136809754823,-10.07893028165639,2.0,1.4537934719015677
397557,-19.891454789647643,-22.274976280782944,6.0,2.3835214911353013
397633,-2.4393098620446496,-2.6962044038150594,0.0,0.2568945417704098
397693,-18.28432246393462,-23.81382332176207,5.0,5.5295008578274505
397821,-8.81191932849249,-10.634928974769325,2.0,1.8230096462768355
397833,-10.200225465885804,-10.30929990873821,2.0,0.10907444285240508
397998,-10.439685576223486,-10.915494768972806,2.0,0.47580919274932043
398076,-152.62732559232694,-114.29428091377423,40.0,-38.33304467855271
398101,-38.369950429548005,-40.039537837253995,17.0,1.6695874077059898
398208,-13.542391704534834,-12.575755956338133,3.0,-0.9666357481967012
398276,-5.753706331168698,-10.84257769213669,1.0,5.088871360967992
398321,-15.650057446883892,-15.644677392382082,4.0,-0.005380054501809894
398373,-6.598600142035784,-9.377953284218059,0.0,2.7793531421822744
398415,-40.135594783725836,-43.676183188864194,17.0,3.540588405138358
398490,-13.47438077453664,-13.265452942718396,3.0,-0.2089278318182437
398852,-5.604330586579905,-4.906643308804655,1.0,-0.6976872777752501
398871,-3.2253436460070195,-7.251942276817105,0.0,4.026598630810085
398954,-16.32549878169291,-16.76009857898299,4.0,0.4345997972900797
398957,-23.786636698519803,-21.190996863505266,6.0,-2.5956398350145378
399222,-12.444319224156633,-11.677605230581241,3.0,-0.7667139935753919
399284,-10.35166419719545,-10.163464317953542,2.0,-0.18819987924190862
399395,-2.4432275489429083,-0.8739092546142408,0.0,-1.5693182943286674
399410,-32.05471534063112,-39.45778194269001,10.0,7.403066602058892
399581,-15.141446694617901,-15.78038155738477,4.0,0.6389348627668685
399640,-28.17521903459131,-40.5310720865837,9.0,12.355853051992387
399662,-43.95102982476032,-42.45591072656368,11.0,-1.4951190981966391
399729,-161.2568400145085,-133.3034072688028,64.0,-27.953432745705697
399759,-38.086540641285346,-40.28785493227225,9.0,2.2013142909869075
399892,-13.05588369687535,-12.601991285937554,3.0,-0.45389241093779553
399906,-12.355712326615379,-11.648733302533973,3.0,-0.7069790240814058
399911,-22.68548352952362,-20.813103667349903,6.0,-1.872379862173716
399938,-48.229397381512385,-47.03621697575426,19.0,-1.1931804057581274
400107,-8.574267167314176,-9.030675797009822,2.0,0.45640862969564644
400250,-26.74018208149179,-24.079021350962716,6.0,-2.6611607305290725
400260,-4.240512220894231,-1.177625112814377,0.0,-3.0628871080798534
400272,-17.439478497193218,-16.69060425410634,5.0,-0.7488742430868776
400327,-4.504359874345732,-3.115794316328213,0.0,-1.3885655580175187
400441,-11.412161157803206,-12.741969176746494,3.0,1.3298080189432877
400473,-39.16105236980091,-39.523185459936236,15.0,0.36213309013532324
400504,-18.645464998811754,-19.167510913054276,6.0,0.522045914242522
400511,-44.74149015354156,-48.44578121102728,20.0,3.704291057485719
400603,-20.822637888456985,-21.920863773434608,6.0,1.098225884977623
400664,-26.459612738635933,-27.863790546952895,9.0,1.4041778083169625
400681,-22.61213122609198,-21.3658874792596,6.0,-1.246243746832377
400741,-27.172634337304366,-29.18076347401301,10.0,2.008129136708643
400778,-2.0468109159298584,-1.7850568292146498,0.0,-0.2617540867152086
400839,-13.745932885077703,-12.54146229210717,3.0,-1.2044705929705337
400861,-12.094491633230385,-16.54118227558305,3.0,4.4466906423526655
400994,-2.449927146725939,-2.6962044038150594,0.0,0.2462772570891203
401289,-40.394703946401954,-40.95375204960835,15.0,0.5590481032063934
401352,-213.86993236547616,-185.70127591999812,45.0,-28.168656445478035
401448,-21.82014204399753,-27.068015976932884,7.0,5.247873932935352
401495,-3.748160718293923,-1.7850568292146498,0.0,-1.9631038890792731
401585,-2.4782594301220064,-1.4813409710145136,0.0,-0.9969184591074929
401595,-25.435756266573303,-33.36507291888776,9.0,7.9293166523144585
401613,-5.652500333385549,-4.913466665636709,1.0,-0.7390336677488403
401667,-9.820258442812808,-6.813446459135221,1.0,-3.0068119836775864
401694,-2.2161919064530053,-2.088772687414786,0.0,-0.1274192190382193
401774,-23.707546729815615,-21.354627847363215,6.0,-2.3529188824524
401814,-13.30954901076257,-12.365045408513652,3.0,-0.9445036022489184
401956,-12.28014176241277,-11.813662942570895,3.0,-0.4664788198418748
401979,-12.533366629436012,-12.879274930499374,3.0,0.34590830106336234
402264,-10.58907556812879,-9.532644422466444,2.0,-1.056431145662346
402368,-9.27674284552039,-8.595264493337229,2.0,-0.6814783521831611
402374,-15.298219574067291,-14.518468953874004,4.0,-0.7797506201932869
402411,-3.585226005339946,-5.733362985816423,0.0,2.148136980476477
402426,-31.51270192248614,-43.221258133215365,9.0,11.708556210729224
402560,-37.04276362783933,-35.96179388307212,13.0,-1.0809697447672093
402680,-2.685894467530071,-1.8104923012447072,0.0,-0.8754021662853637
402772,-5.891837388994011,-1.177625112814377,0.0,-4.714212276179634
402787,-3.237317629544009,-7.251942276817105,0.0,4.014624647273096
402794,-11.008352968034975,-20.976073651355836,3.0,9.967720683320861
402830,-15.69492275397201,-15.62276523440123,4.0,-0.07215751957077998
403081,-19.819724302274285,-23.05843139563954,5.0,3.2387070933652566
403128,-28.45195417123495,-32.58811635790021,11.0,4.136162186665263
403162,-2.059279923234644,-4.2147836948157416,0.0,2.1555037715810976
403253,-8.993244695777674,-8.74809243360526,2.0,-0.24515226217241448
403321,-29.245101064253674,-25.910460146952204,8.0,-3.3346409173014706
403415,-12.256932571122377,-11.720710052961644,3.0,-0.5362225181607325
403621,-32.301700443755294,-28.751363163916402,9.0,-3.5503372798388924
404017,-2.4945351761331556,-0.266477538213968,0.0,-2.2280576379191874
404170,-37.35667837645012,-35.109001122247214,13.0,-2.2476772542029053
404280,-9.429424977307328,-8.838680318403222,2.0,-0.5907446589041054
404355,-5.500115213418677,-4.782893020605263,1.0,-0.7172221928134137
404389,-6.185759184446252,-8.192452587778206,1.0,2.006693403331954
404419,-18.514990511264443,-18.17172614793421,5.0,-0.3432643633302348
404465,-21.65376339751476,-21.99419800024743,7.0,0.340434602732671
404583,-2.367118206617703,-2.471412931182396,0.0,0.10429472456469302
404605,-2.256676561622274,-1.4813409710145136,0.0,-0.7753355906077606
404637,-15.113034491951929,-14.338996503491675,4.0,-0.774037988460254
404919,-2.668705299775083,-1.177625112814377,0.0,-1.491080186960706
404928,-28.523377032402877,-29.968311801632872,9.0,1.4449347692299952
405217,-32.20619290531928,-29.34050981979673,10.0,-2.865683085522548
405242,-6.540276347581282,-11.929452962108554,1.0,5.389176614527272
405332,-5.771353114362189,-5.412672479078364,1.0,-0.3586806352838243
405333,-15.157596923028592,-13.586722458185742,3.0,-1.5708744648428503
405766,-12.029407038244898,-12.100205981402986,3.0,0.07079894315808843
405801,-10.486814157608869,-9.480938898509839,2.0,-1.0058752590990299
406090,-24.798520578882062,-27.22752539552592,8.0,2.4290048166438574
406109,-8.86403098282995,-8.784061901345428,2.0,-0.07996908148452242
406137,-37.40028690196429,-37.494024867456176,14.0,0.09373796549188285
406320,-3.091420963475337,-0.8739092546142408,0.0,-2.217511708861096
406348,-8.129276351522899,-2.9999202620151957,0.0,-5.129356089507703
406373,-18.046107038707735,-23.277699922007827,4.0,5.231592883300092
406414,-26.33077143565275,-25.19584705512103,7.0,-1.1349243805317215
406680,-2.3774779893286975,-1.177625112814377,0.0,-1.1998528765143204
406701,-37.40325023626261,-33.35650056249912,12.0,-4.046749673763486
406801,-2.6063735358125792,-0.5701933964141045,0.0,-2.036180139398475
406862,-9.243892008136104,-8.599914094631952,2.0,-0.6439779135041519
406898,-8.79059426923019,-8.488236259295604,2.0,-0.3023580099345864
406909,-9.367312748828585,-8.851820966155499,2.0,-0.5154917826730863
407024,-6.468295691103951,-5.12597323376819,1.0,-1.3423224573357615
407135,-10.31452067776041,-10.20962900182575,2.0,-0.10489167593465965
407175,-14.995363748100102,-15.29115008164576,4.0,0.2957863335456583
407321,-8.768284308783972,-8.427328350897001,2.0,-0.34095595788697075
407357,-25.492017720248473,-24.940890741070625,8.0,-0.5511269791778481
407366,-2.502699593013008,-2.088772687414786,0.0,-0.41392690559822176
407370,-12.178350606315613,-13.195336020565355,3.0,1.016985414249742
407378,-68.58445519196945,-94.42609286216951,24.0,25.841637670200058
407552,-28.30816753816198,-25.04064514972665,8.0,-3.2675223884353315
407677,-10.426615478397276,-17.38779305161259,2.0,6.9611775732153145
407827,-10.816200712319688,-9.135214918040734,2.0,-1.6809857942789534
408007,-65.5924373682961,-68.22048987737384,24.0,2.628052509077733
408056,-54.390077002819886,-52.85650280607409,21.0,-1.5335741967457963
408101,-45.21242165286697,-56.963116917137945,11.0,11.750695264270973
408170,-19.93455544009353,-19.040280047592496,6.0,-0.8942753925010329
408270,-14.743050377410842,-15.355077580838914,4.0,0.612027203428072
408318,-6.361438680254409,-4.9619819946264005,1.0,-1.3994566856280084
408331,-104.9800606171918,-112.88902429595112,31.0,7.908963678759321
408413,-18.181773957677677,-19.247704622222795,4.0,1.0659306645451174
408463,-75.91736256100769,-63.97295119158934,29.0,-11.944411369418354
408468,-5.947621324615938,-6.858793144502878,1.0,0.9111718198869392
408500,-5.85560268303152,-4.979116291304467,1.0,-0.8764863917270533
408563,-5.35073565988464,-4.989319647917328,1.0,-0.36141601196731177
408700,-15.262463175629527,-14.609070783312212,4.0,-0.6533923923173148
408758,-9.240470605340874,-10.988211854724646,2.0,1.7477412493837718
408801,-40.22292098377028,-34.283024574600354,13.0,-5.939896409169926
408826,-21.064567191931573,-19.08127659076676,6.0,-1.9832906011648141
408833,-5.6697000498018495,-6.249444116965957,1.0,0.5797440671641079
408860,-15.955502274369287,-17.176905130836662,5.0,1.2214028564673747
408918,-16.4716180339555,-16.93051026897018,5.0,0.45889223501468024
409010,-7.966603908151536,-5.025292346494863,1.0,-2.941311561656673
409028,-45.25365384350789,-43.31661200363046,15.0,-1.9370418398774305
409251,-13.273277931363014,-12.8124818763758,3.0,-0.4607960549872132
409300,-32.116949233080824,-28.98928126715958,9.0,-3.127667965921244
409310,-49.54769685474061,-58.69888890844409,19.0,9.151192053703483
409385,-24.511475671821078,-26.583557948641417,7.0,2.072082276820339
409512,-9.352777572367673,-8.935598833150102,2.0,-0.41717873921757054
409550,-10.598055566994875,-12.112385822904546,3.0,1.5143302559096714
409609,-6.06753116555634,-5.4333786765232865,1.0,-0.6341524890330534
409678,-2.033486534293847,-1.177625112814377,0.0,-0.8558614214794698
409736,-17.686843618939868,-16.811999743101552,5.0,-0.8748438758383159
409761,-2.760646987298138,-1.7850568292146498,0.0,-0.975590158083488
409777,-37.244860683831405,-33.28584901190358,12.0,-3.9590116719278257
409876,-15.5378886203223,-14.237584540404812,4.0,-1.3003040799174883
409938,-14.293003583689815,-18.66021129840912,4.0,4.367207714719305
410071,-3.8955685820474195,-4.2147836948157416,0.0,0.31921511276832204
410096,-2.12973625604124,-0.5701933964141045,0.0,-1.5595428596271357
410168,-13.730770673928783,-14.967227931447894,3.0,1.2364572575191115
410187,-75.32629608939114,-85.47300382741854,31.0,10.146707738027402
410228,-16.398851874613875,-15.195547725534754,4.0,-1.2033041490791216
410371,-9.59005131655932,-9.299697615999674,2.0,-0.2903537005596455
410495,-2.032867031765676,-0.9339073355424331,0.0,-1.0989596962232429
410793,-3.2776040702182367,-2.088772687414786,0.0,-1.1888313828034507
410808,-12.589411444995118,-12.609428808792243,3.0,0.020017363797125043
410826,-27.017081414380765,-27.84951618395402,8.0,0.8324347695732541
410853,-56.04613612618014,-54.387604145871094,28.0,-1.6585319803090428
410975,-19.022400170950018,-20.047152502102566,6.0,1.0247523311525484
411005,-10.407861889725737,-18.31654941523121,4.0,7.908687525505474
411010,-12.747149489116588,-11.534830824267122,3.0,-1.212318664849466
411016,-5.814403246019513,-4.950190565147365,1.0,-0.8642126808721473
411019,-5.761131174818337,-5.577808625456165,1.0,-0.18332254936217218
411118,-3.9462995972115618,-0.8739092546142408,0.0,-3.0723903425973207
411186,-6.816809536607453,-4.979116291304467,1.0,-1.8376932453029857
411271,-2.071328142397783,-2.6962044038150594,0.0,0.6248762614172763
411390,-37.87124962242863,-35.09169563007099,12.0,-2.7795539923576413
411397,-5.82313161454556,-4.994434104298297,1.0,-0.8286975102472631
411409,-19.990578766165612,-22.734274217309604,6.0,2.743695451143992
411412,-16.83208708483072,-15.560259229128652,4.0,-1.2718278557020692
411440,-5.093398422442765,-4.534763590426128,1.0,-0.5586348320166366
411564,-3.223070086321477,-2.0129319222493316,0.0,-1.2101381640721454
411634,-19.41410417127093,-18.387480105863638,5.0,-1.0266240654072938
411675,-13.751767309455108,-11.869568395139863,3.0,-1.8821989143152447
411842,-12.87156828384766,-12.29928192051655,3.0,-0.5722863633311093
411967,-2.7510689800770503,-4.518499553015877,0.0,1.7674305729388267
412028,-5.97442724788214,-5.005369732719546,1.0,-0.9690575151625938
412053,-43.31262692206707,-49.86339503003979,18.0,6.550768107972722
412175,-3.018616185773065,-1.4813409710145136,0.0,-1.5372752147585516
412183,-12.735919360056377,-12.999199519843835,3.0,0.2632801597874579
412261,-2.1371302052818724,-1.502448762216766,0.0,-0.6346814430651064
412354,-6.194404711104352,-4.9410947346878915,1.0,-1.2533099764164604
412443,-9.51302502648907,-9.86929250470853,2.0,0.35626747821946125
412636,-2.657056098868567,-2.9999202620151957,0.0,0.3428641631466287
412668,-20.835805537530423,-22.326916765092797,5.0,1.4911112275623744
413180,-29.681689665865985,-25.91776827899215,7.0,-3.763921386873836
413216,-10.161619295409752,-9.242871266697692,2.0,-0.9187480287120593
413289,-31.013465708469667,-29.69330336983057,10.0,-1.320162338639097
413297,-2.0088552922450815,-5.12593126941615,0.0,3.1170759771710688
413349,-6.014564806568898,-6.511710062276552,1.0,0.4971452557076539
413384,-41.50736635107753,-43.05335330410394,15.0,1.5459869530264143
413414,-6.87965937569267,-5.907426985382938,1.0,-0.9722323903097321
413423,-2.4555123925312277,-2.088772687414786,0.0,-0.3667397051164416
413633,-8.82388421775066,-8.657627544617345,2.0,-0.16625667313331505
413672,-13.477956832533346,-13.853691616933164,3.0,0.37573478439981756
413771,-29.35761646273619,-32.99730377208954,9.0,3.6396873093533486
413820,-74.61061383423437,-90.23685727925361,33.0,15.626243445019242
413857,-8.997561881129059,-8.64856083783977,2.0,-0.34900104328928805
413939,-36.92936676027597,-40.0909435701091,13.0,3.1615768098331287
413969,-85.50751303781952,-113.26037037873652,38.0,27.752857340917004
414156,-11.9051442124683,-11.632429398397269,3.0,-0.2727148140710316
414261,-29.73434244960813,-26.468845678525753,9.0,-3.2654967710823755
414295,-12.076791949542582,-16.38499273780279,3.0,4.3082007882602085
414406,-2.471433767646074,-1.177625112814377,0.0,-1.293808654831697
414415,-9.140226598792037,-8.994553673496805,2.0,-0.1456729252952318
414441,-7.294308497571347,-4.940364552884816,1.0,-2.353943944686531
414443,-6.77021511809536,-5.352662781490464,1.0,-1.4175523366048957
414474,-6.170743941116677,-5.035297608251289,1.0,-1.1354463328653877
414490,-34.72401616793226,-34.6532684296943,12.0,-0.07074773823796221
414631,-27.098546907599424,-25.795716650717477,8.0,-1.302830256881947
414730,-2.530632432743599,-0.8739092546142408,0.0,-1.656723178129358
414815,-4.917668597973307,-4.425153557526129,1.0,-0.4925150404471781
414945,-35.242274281896464,-34.57659227620433,14.0,-0.6656820056921333
415067,-230.55820875120324,-225.44397384517075,103.0,-5.114234906032493
415111,-22.751383279050415,-22.233740162820993,7.0,-0.5176431162294222
415207,-24.81583758321079,-25.151274278500924,7.0,0.3354366952901344
415486,-2.30062397694507,-1.177625112814377,0.0,-1.122998864130693
415562,-13.389529275627563,-15.002633788366293,4.0,1.6131045127387296
415738,-2.050271491712165,-1.177625112814377,0.0,-0.8726463788977881
415864,-45.18477676654947,-44.54831845926483,17.0,-0.6364583072846415
416036,-44.27322532369691,-36.81183726428207,12.0,-7.461388059414844
416101,-35.74478148392169,-35.32355515776331,13.0,-0.42122632615838285
416269,-2.9936700003582013,-1.177625112814377,0.0,-1.8160448875438242
416387,-17.147828446931232,-17.760291953520927,5.0,0.6124635065896946
416419,-19.52896218848865,-17.70996053396118,5.0,-1.8190016545274688
416563,-15.436273654265205,-13.795662327951678,3.0,-1.6406113263135271
416574,-57.40583263142182,-50.56452745694557,23.0,-6.841305174476254
416595,-2.756092866247188,-3.303636120215332,0.0,0.547543253968144
416688,-9.865971536696035,-9.852499544171106,2.0,-0.013471992524928922
416829,-18.052799562129447,-19.238588695994398,5.0,1.1857891338649509
416971,-9.282512866735612,-8.655797283144922,2.0,-0.6267155835906895
417061,-12.95208074732302,-11.865671715878248,3.0,-1.0864090314447719
417144,-28.984338488239835,-26.610644845592162,9.0,-2.373693642647673
417261,-2.8426985494276935,-2.3924885456149223,0.0,-0.4502100038127712
417264,-3.8585463082900153,-1.7850568292146498,0.0,-2.0734894790753655
417465,-99.70165466361759,-77.42097137255206,36.0,-22.28068329106553
417511,-35.134794387462215,-38.65262314937955,10.0,3.517828761917336
417628,-16.01413579132793,-18.113006611963833,5.0,2.098870820635902
417726,-9.202206912757564,-9.290256752462552,2.0,0.08804983970498803
417797,-8.687367032299187,-9.65503346721861,2.0,0.9676664349194226
417926,-24.358178250000083,-21.355733522122108,6.0,-3.0024447278779753
417976,-7.502050615231143,-5.062046869554245,1.0,-2.440003745676898
418042,-6.270254291479024,-6.915098246212038,1.0,0.6448439547330143
418086,-68.71173235649324,-62.35613339392307,25.0,-6.35559896257017
418150,-27.48517450221423,-28.501282945001304,10.0,1.016108442787072
418273,-24.954558520430915,-31.27920409688652,10.0,6.324645576455605
418411,-21.25873775893488,-27.192077691795348,7.0,5.933339932860466
418516,-4.300431078758246,-1.4813409710145136,0.0,-2.8190901077437323
418560,-2.571022725691428,-1.7850568292146498,0.0,-0.7859658964767782
418724,-17.555613277227895,-23.531278600720782,7.0,5.975665323492887
418783,-5.749142446479426,-6.0803976774413515,1.0,0.33125523096192566
418788,-11.750040715730856,-12.48062317052155,3.0,0.7305824547906941
418798,-24.51293595717441,-27.054971151675513,7.0,2.5420351945011035
418803,-2.0136010292208772,-0.8739092546142408,0.0,-1.1396917746066364
418862,-4.951414874457519,-4.679316985957784,0.0,-0.2720978884997347
418949,-49.03289574915523,-55.3924025714445,21.0,6.359506822289269
419090,-2.57416349934252,-7.555658135017241,0.0,4.981494635674721
419138,-64.20804845985411,-56.37424795185884,24.0,-7.833800507995271
419162,-12.612285683416035,-16.111902159095433,3.0,3.4996164756793977
419367,-6.737109189897022,-5.630136614243573,1.0,-1.1069725756534492
419385,-17.04876366843088,-16.850264187828305,5.0,-0.1984994806025746
419386,-2.271748534763572,-4.562487702023398,0.0,2.2907391672598254
419462,-2.7531524170302264,-0.8739092546142408,0.0,-1.8792431624159855
419473,-11.990309659690698,-11.588226768387885,3.0,-0.40208289130281294
419670,-0.5727850392687428,-0.9393514502218439,0.0,0.36656641095310105
419811,-39.04665704049152,-38.851192330940016,17.0,-0.19546470955150141
419853,-12.759827159405901,-11.910178263971337,3.0,-0.849648895434564
419860,-5.933662140973499,-5.454415942721915,1.0,-0.4792461982515839
419908,-21.65420422359241,-30.3260463341912,8.0,8.671842110598792
419975,-17.006290627599515,-22.86794202903315,5.0,5.861651401433633
420080,-12.345219218196243,-12.730190030035583,3.0,0.3849708118393398
420226,-28.770700036270647,-31.77493163138054,9.0,3.004231595109893
420236,-21.037174717954844,-23.1194865034801,8.0,2.082311785525256
420274,-5.481169803199406,-8.727761515100404,1.0,3.246591711900998
420386,-2.900811090225895,-0.5757442992725161,0.0,-2.325066790953379
420464,-15.788883171539036,-15.286119144371925,4.0,-0.5027640271671103
420488,-9.34403664561757,-8.555453167108167,2.0,-0.7885834785094019
420550,-127.58468150421476,-86.82489067927125,27.0,-40.75979082494351
420562,-5.811726791236339,-5.391703957934419,1.0,-0.42002283330192025
420592,-2.0321683645163233,-4.2147836948157416,0.0,2.1826153302994182
420636,-6.210881833054893,-5.674841495768565,1.0,-0.5360403372863285
420752,-31.673316261335337,-29.021913912066186,10.0,-2.6514023492691514
420803,-66.49229518046079,-62.909133641193314,27.0,-3.583161539267472
420882,-17.67555941519116,-22.052277292647368,5.0,4.376717877456208
421013,-21.585728993670433,-21.113756300995686,6.0,-0.47197269267474695
421063,-5.652368960097631,-5.129338042446404,1.0,-0.5230309176512264
421146,-21.78547984866197,-19.818674488943262,6.0,-1.966805359718709
421401,-23.50677715802044,-24.895270917168574,7.0,1.3884937591481332
421419,-151.18627724850484,-251.7134405107998,80.0,100.52716326229498
421505,-5.960321245043424,-5.011761635037316,1.0,-0.9485596100061082
421531,-16.723950419561458,-17.57947060467512,4.0,0.8555201851136616
421558,-14.971817349021244,-16.887759265727123,4.0,1.9159419167058793
421581,-8.04806702488161,-9.609518872885475,2.0,1.5614518480038662
421695,-16.53293744657869,-15.680098836652283,4.0,-0.8528386099264065
421740,-39.485105366298725,-34.347271621595944,13.0,-5.137833744702782
421798,-5.589361638233009,-5.6335111829887925,1.0,0.04414954475578359
421799,-39.32643667716231,-37.2844992834102,15.0,-2.0419373937521144
421933,-5.610834380129847,-8.203532447991654,0.0,2.5926980678618063
422182,-11.534502803614119,-11.646898819738096,3.0,0.1123960161239772
422451,-2.050148474140713,-2.3924885456149223,0.0,0.3423400714742093
422668,-9.268726442282638,-9.709877093399,2.0,0.4411506511163612
422942,-2.551887157945201,-0.8739092546142408,0.0,-1.6779779033309603
422966,-6.225837789644283,-5.846224233005284,1.0,-0.3796135566389989
423008,-9.870461496180898,-8.539680038789827,2.0,-1.3307814573910708
423277,-34.57885432122522,-44.037334182128966,10.0,9.458479860903743
423314,-2.225091476371199,-2.109107146484394,0.0,-0.11598432988680507
423315,-14.932320449118102,-16.06180766793495,4.0,1.1294872188168483
423358,-2.155231128139462,-0.8739092546142408,0.0,-1.281321873525221
423626,-20.415193028377388,-19.915877223038567,5.0,-0.4993158053388207
423647,-12.486534482942623,-11.531331551016208,3.0,-0.955202931926415
423749,-57.114310184816524,-53.66793229560746,28.0,-3.4463778892090673
423933,-27.543788499246222,-36.03953539516556,10.0,8.495746895919336
424007,-3.6412739709111634,-4.518499553015877,0.0,0.8772255821047135
424018,-12.466866715197206,-13.00167520865018,3.0,0.5348084934529744
424035,-26.455023602586465,-25.3549346990465,7.0,-1.100088903539966
424152,-2.2240772981344543,-1.4813409710145136,0.0,-0.7427363271199408
424197,-2.468174516160422,-2.9999202620151957,0.0,0.5317457458547739
424214,-12.093252915219884,-12.722256167498491,3.0,0.6290032522786078
424243,-9.038815978208836,-6.781436854805804,1.0,-2.257379123403032
424369,-9.905469149048503,-9.007894302996014,2.0,-0.897574846052489
424373,-71.02300105611428,-55.94964852152884,22.0,-15.073352534585439
424444,-10.6016321086767,-12.49164293970561,3.0,1.8900108310289099
424500,-36.978044519229066,-35.237826389454455,13.0,-1.740218129774611
424558,-5.708638744219187,-4.934491975002863,1.0,-0.7741467692163244
424625,-5.692251593162366,-5.011761635037316,1.0,-0.6804899581250501
424761,-6.881738070146157,-5.20607333405758,1.0,-1.675664736088577
424816,-16.15214422515591,-24.63746500196243,5.0,8.485320776806518
424831,-26.718248946764,-26.7168051726526,9.0,-0.0014437741114008418
424957,-24.57115480032423,-25.411667552494666,8.0,0.8405127521704365
425054,-6.16272180236665,-5.8145587406487,1.0,-0.3481630617179503
425095,-30.75018874889638,-32.41557050194096,11.0,1.6653817530445814
425226,-45.95903129663729,-51.22829719642094,16.0,5.2692658997836475
425280,-10.70051184402439,-9.17760707971212,2.0,-1.5229047643122708
425318,-18.06163589786792,-20.820090799437864,6.0,2.7584549015699444
425367,-28.834278237590546,-27.05981007789347,6.0,-1.7744681596970757
425453,-9.31302170204907,-13.267711756893739,2.0,3.9546900548446686
425522,-2.012927787862582,-2.3924885456149223,0.0,0.3795607577523401
425574,-9.434213414080942,-8.637109477189457,2.0,-0.7971039368914852
425782,-6.2455271449605645,-4.880237460035042,1.0,-1.3652896849255223
425809,-7.41879717226186,-0.5863428906411597,0.0,-6.8324542816207
425857,-44.07288898102543,-40.9313731079639,17.0,-3.141515873061529
425892,-30.846377637676888,-36.944321091628694,8.0,6.097943453951807
426171,-37.26808778825831,-35.74746295586761,14.0,-1.520624832390702
426182,-24.501147099847564,-24.011331786693436,7.0,-0.4898153131541285
426241,-9.536381560239287,-8.531906705179273,2.0,-1.004474855060014
426266,-8.797114227543737,-9.049882406192207,2.0,0.2527681786484699
426320,-100.84855119284977,-85.38078547062327,42.0,-15.467765722226503
426386,-18.258513620951096,-17.88853432533338,5.0,-0.36997929561771414
426657,-26.713683581409732,-25.8324499954462,8.0,-0.8812335859635319
426871,-11.632924094230145,-13.154847506921396,3.0,1.521923412691251
427030,-2.041175829515312,-0.8739092546142408,0.0,-1.167266574901071
427074,-66.9949488277031,-73.55845041892957,39.0,6.563501591226469
427450,-5.82963753545887,-5.100556176912241,1.0,-0.7290813585466287
427604,-13.578398188474624,-17.713841701853774,4.0,4.135443513379149
427670,-11.847706281434242,-12.33962438597322,3.0,0.49191810453897844
427712,-2.3680817438678265,-1.177625112814377,0.0,-1.1904566310534495
427766,-13.233735357868953,-13.911559177530293,3.0,0.6778238196613398
427928,-12.876279653038063,-17.494878212162504,3.0,4.618598559124441
428234,-3.450083975017319,-6.340794702216695,0.0,2.890710727199376
428399,-10.283611967284116,-9.55103633516877,2.0,-0.7325756321153456
428419,-28.570864939149217,-26.384531882340003,8.0,-2.1863330568092145
428506,-25.19554525405875,-26.802506552949506,7.0,1.6069612988907558
428641,-5.404546440989793,-4.915686229443301,1.0,-0.4888602115464922
428710,-19.06679034513135,-21.235206316937344,5.0,2.168415971805995
428760,-6.514815152806785,-5.0067669990285335,1.0,-1.508048153778251
428877,-12.635217309887292,-12.017437774575955,3.0,-0.6177795353113371
429022,-18.383548779794545,-17.40294104952292,5.0,-0.9806077302716254
429063,-14.91731586919789,-14.409631674147187,4.0,-0.5076841950507038
429132,-5.533324942415214,-5.87652888231645,1.0,0.3432039399012359
429285,-44.583392054889345,-38.42685547615954,16.0,-6.156536578729806
429315,-78.52388785837438,-59.79021089967929,25.0,-18.733676958695092
429337,-44.658718505354074,-36.521332556571096,13.0,-8.137385948782978
429401,-8.91775548754618,-8.597974488028635,2.0,-0.3197809995175458
429414,-18.03275304163666,-18.758076301203623,5.0,0.725323259566963
429425,-33.75641734617424,-37.150475833500025,10.0,3.394058487325786
429476,-14.87616021319399,-13.22944539267423,3.0,-1.64671482051976
429477,-65.96886705381235,-60.66297835134251,27.0,-5.3058887024698365
429608,-14.878728033697177,-14.471293178253772,4.0,-0.4074348554434053
429640,-6.033986789474889,-5.068569676511637,1.0,-0.9654171129632516
429644,-19.724397667397206,-19.40153988132647,6.0,-0.3228577860707347
429675,-34.58518026303119,-35.00579057018748,9.0,0.4206103071562879
429691,-23.272678506054223,-22.4193480088681,7.0,-0.8533304971861249
429741,-15.126490157534812,-15.939764326232178,4.0,0.8132741686973652
429760,-50.67673651324476,-63.18145370921386,20.0,12.5047171959691
429982,-22.73034171360253,-20.831873958605172,6.0,-1.898467754997359
430064,-39.846015566397014,-39.29631984544643,12.0,-0.5496957209505808
430085,-17.435542815577158,-17.725001488691003,5.0,0.2894586731138453
430124,-26.532394318114633,-27.285735185442835,8.0,0.7533408673282018
430207,-26.022850163313315,-26.87117639687582,9.0,0.8483262335625064
430325,-54.30428223613533,-48.37514108009319,21.0,-5.929141156042142
430403,-43.977108176011114,-40.87112871792692,15.0,-3.1059794580841924
430437,-11.322252821191178,-12.98100863803672,3.0,1.6587558168455416
430530,-13.284729127884777,-11.778556349379434,3.0,-1.5061727785053431
430552,-30.105324494127988,-27.131694342546663,9.0,-2.9736301515813253
430583,-2.0369125641046635,-2.7442658058487144,0.0,0.7073532417440509
430585,-3.9932495118500926,-9.985385000618333,0.0,5.99213548876824
430726,-19.24773450295042,-21.654993025232116,6.0,2.4072585222816976
430884,-63.90450425591942,-58.089452047233486,14.0,-5.815052208685934
430940,-3.062770036407635,-16.059702164621058,0.0,12.996932128213423
431116,-12.752825399772684,-16.78300093938563,3.0,4.030175539612946
431136,-17.98201854444603,-17.114658248982266,5.0,-0.8673602954637651
431160,-22.656912103894886,-21.619649845411022,7.0,-1.0372622584838638
431180,-30.813043428447326,-35.52477154180199,11.0,4.711728113354663
431246,-5.7509793781617,-5.162255726351237,1.0,-0.5887236518104633
431561,-6.2686983509675995,-5.485145461578177,1.0,-0.7835528893894228
431746,-11.351818204192641,-12.330845194886898,3.0,0.9790269906942566
431823,-6.483707125666005,-5.488737585655845,1.0,-0.9949695400101595
431953,-17.228236448333128,-16.732728307475284,5.0,-0.49550814085784367
432204,-2.087399915918437,-4.89092769152412,0.0,2.803527775605683
432235,-14.07981547303079,-17.8284173388094,3.0,3.7486018657786087
432284,-6.614979662506939,-6.561551381935273,1.0,-0.05342828057166571
432299,-6.959004881359672,-5.253484515706252,1.0,-1.7055203656534195
432337,-7.355530917807555,-10.026421373184974,1.0,2.6708904553774184
432420,-5.889606447473425,-5.174189674147462,1.0,-0.7154167733259635
432514,-13.266150428286815,-13.355295368023567,3.0,0.08914493973675164
432756,-22.47020927876373,-23.547206959875325,7.0,1.076997681111596
432764,-6.345367166281296,-5.1099477999561564,1.0,-1.2354193663251394
433057,-9.034423776911584,-8.767583831440016,2.0,-0.26683994547156864
433291,-6.307567242183821,-7.728460556254623,1.0,1.4208933140708018
433389,-6.123305063129081,-5.61152883865246,1.0,-0.5117762244766206
433440,-10.102068830542672,-9.546572838961584,2.0,-0.555495991581088
433494,-2.2321332460534005,-4.380726048438212,0.0,2.1485928023848113
433511,-27.269141174665368,-25.537894921226933,7.0,-1.7312462534384352
433602,-9.777679885283607,-8.819124460765027,2.0,-0.9585554245185808
434031,-9.294489700326002,-9.629908201589359,2.0,0.3354185012633568
434060,-8.953683078815606,-8.567986656092957,2.0,-0.38569642272264915
434073,-27.481046427433068,-24.164323109234953,7.0,-3.3167233181981146
434116,-2.504016703674788,-1.4813409710145136,0.0,-1.0226757326602742
434368,-6.036973297443464,-8.672713349308724,1.0,2.63574005186526
434386,-22.44978992439599,-24.87913386742796,7.0,2.42934394303197
434472,-6.73331902872303,-13.869977049278546,1.0,7.136658020555516
434707,-5.847704233673342,-5.399943043780918,1.0,-0.4477611898924243
434808,-22.82371387039013,-27.02984569791925,6.0,4.20613182752912
434879,-15.312090438003523,-21.597010942832327,4.0,6.284920504828804
434887,-50.815645248660054,-56.10552024653421,14.0,5.289874997874158
434920,-9.210035024873434,-8.586663972122015,2.0,-0.6233710527514198
434955,-68.31332759283934,-65.76186285097012,18.0,-2.551464741869225
435003,-13.770444413742212,-22.305420338194985,4.0,8.534975924452773
435082,-2.431016885266962,-1.4813409710145136,0.0,-0.9496759142524485
435091,-5.67503474424644,-5.045712533691445,1.0,-0.6293222105549949
435155,-113.14686012404746,-127.14312246867713,38.0,13.99626234462967
435191,-18.18472978981547,-17.91000049583282,4.0,-0.2747292939826522
435242,-9.381771890151855,-8.613581782448914,2.0,-0.7681901077029405
435326,-5.004668092500356,-6.12520767867091,1.0,1.1205395861705538
435819,-15.009870391396836,-15.671806008187623,4.0,0.661935616790787
435832,-48.80149936506782,-44.261553296462324,24.0,-4.539946068605495
435919,-17.77961845939048,-18.23611698485408,5.0,0.4564985254635978
436202,-9.896513155415446,-14.208214367175394,2.0,4.311701211759948
436265,-10.671781218544513,-10.677113687187147,3.0,0.005332468642633259
436330,-8.955556450983373,-8.453213130451513,2.0,-0.5023433205318604
436373,-8.588932457949925,-9.54719837210548,2.0,0.9582659141555556
436566,-52.20666826310189,-48.84317223525972,19.0,-3.3634960278421673
436756,-17.9643217057966,-19.11755520271489,5.0,1.1532334969182898
436985,-8.15545547637108,-7.907427375107169,1.0,-0.24802810126391073
437037,-10.707221173245125,-9.274184476782711,2.0,-1.4330366964624144
437195,-9.246972732805641,-8.898942022897456,2.0,-0.3480307099081852
437197,-8.62130309274718,-8.655384064921115,2.0,0.034080972173935464
437339,-22.053196937061376,-28.512064241021957,7.0,6.458867303960581
437350,-12.12931148573946,-12.275611419659208,3.0,0.14629993391974772
437542,-5.905607449746476,-6.697988645343665,1.0,0.7923811955971889
437543,-60.52197922355659,-57.3268318506456,27.0,-3.195147372910995
437590,-12.014935191556678,-11.897164675466767,3.0,-0.11777051608991052
437629,-6.250085912245376,-21.269109011058887,1.0,15.019023098813513
437717,-3.7993378519150647,-1.4813409710145136,0.0,-2.317996880900551
437724,-20.734447420826395,-24.354760325362182,5.0,3.620312904535787
437755,-39.688370694245066,-38.338454946860615,14.0,-1.3499157473844505
437798,-13.091773985154521,-9.418608698069443,2.0,-3.6731652870850784
438047,-15.23891961593627,-16.338063802265413,4.0,1.0991441863291431
438074,-55.25352065519967,-52.35194388307743,21.0,-2.9015767721222403
438167,-18.405220643562988,-17.960805847137898,5.0,-0.4444147964250895
438404,-4.1996081263761305,-1.502448762216766,0.0,-2.6971593641593645
438410,-62.04467353413065,-87.74629881346722,23.0,25.701625279336568
438602,-6.193546699812561,-5.481460851692875,1.0,-0.7120858481196866
438656,-5.751199460376013,-5.057750298202972,1.0,-0.6934491621730405
438693,-6.360685502655617,-11.046761187438042,1.0,4.686075684782425
438719,-34.23921684338498,-35.05657758210773,13.0,0.8173607387227477
438870,-22.932343317876484,-33.136813528656134,6.0,10.20447021077965
438912,-44.83236212293901,-46.778259011018434,16.0,1.9458968880794245
439018,-18.629368089181266,-18.981959485966897,5.0,0.35259139678563045
439079,-19.352579836268404,-29.834822765197895,6.0,10.482242928929491
439546,-5.70139357304987,-4.939902536672866,1.0,-0.761491036377004
439659,-12.868703540504105,-16.303867700728244,4.0,3.4351641602241383
439666,-38.47322577246865,-35.46220445889992,13.0,-3.011021313568733
439670,-21.297980068675844,-24.59721964957283,6.0,3.299239580896984
439777,-52.80474510904927,-49.22732599310376,20.0,-3.57741911594551
439941,-30.019542196772818,-29.24876592360943,11.0,-0.7707762731633885
440024,-16.86772674220308,-24.559527287512637,5.0,7.691800545309558
440063,-12.12041990810635,-8.478413245361889,2.0,-3.6420066627444605
440265,-5.61520874433494,-5.113139731626799,1.0,-0.5020690127081417
440403,-6.989128756130481,-6.2447446555890584,1.0,-0.7443841005414225
440442,-27.942275002546033,-25.99820386597513,9.0,-1.944071136570905
440479,-17.152850077621977,-16.59941475002667,4.0,-0.5534353275953059
440662,-29.5021001720716,-27.055127445877297,9.0,-2.4469727261943035
440683,-9.502857456774766,-10.820563076197308,2.0,1.3177056194225418
440736,-14.81513554444919,-14.428591440014342,4.0,-0.3865441044348472
440776,-12.149599217346843,-11.898768615992134,3.0,-0.2508306013547088
440896,-14.964696088394124,-19.35309576640768,4.0,4.388399678013556
441140,-3.174281071609208,-4.193899726836502,0.0,1.0196186552272941
441187,-13.427940082229261,-13.45084579111757,3.0,0.02290570888830956
441278,-48.86434603587134,-57.94080511836378,19.0,9.076459082492434
441335,-2.1373023627915044,-1.7850568292146498,0.0,-0.3522455335768546
441407,-19.40724392167319,-21.294619940927966,4.0,1.887376019254777
441805,-20.94308738373356,-20.446495727643633,6.0,-0.49659165608992595
441896,-65.45335917636602,-57.652139036187116,23.0,-7.801220140178906
442087,-7.787015031328509,-5.864288830361069,1.0,-1.92272620096744
442136,-6.503590152166165,-5.313396006964288,1.0,-1.1901941452018772
442264,-10.242155855998488,-11.658964388470583,2.0,1.4168085324720945
442378,-88.19268688011104,-87.57444320576451,46.0,-0.6182436743465303
442414,-26.376930129025,-23.502599843133332,7.0,-2.8743302858916664
442455,-18.515445013228323,-23.45732184661379,6.0,4.941876833385468
442463,-26.615274123733965,-29.360253445636513,9.0,2.744979321902548
442485,-9.440619729084606,-10.274135046902135,2.0,0.833515317817529
442520,-5.549416338778501,-6.7674298367247445,1.0,1.2180134979462434
442567,-2.9133128770058483,-2.9999202620151957,0.0,0.08660738500934739
442608,-37.729224799530044,-52.728831188274384,13.0,14.99960638874434
442625,-2.1136245656549515,-1.5302080496751536,0.0,-0.5834165159797979
442639,-49.84120509093957,-43.72391635011665,20.0,-6.117288740822914
442685,-19.027449040720235,-18.85526679173521,6.0,-0.172182248985024
442978,-22.13352005768445,-22.048356059147793,7.0,-0.08516399853665746
443031,-33.7729601399413,-32.99293057732599,11.0,-0.7800295626153044
443068,-6.075160305329691,-5.0931730622961835,1.0,-0.9819872430335073
443074,-9.099215760921954,-8.528264432144073,2.0,-0.5709513287778805
443076,-43.74709237335514,-36.820801156628086,9.0,-6.926291216727051
443084,-9.327138471541854,-8.485913670594332,2.0,-0.8412248009475221
443124,-2.150346723288058,-2.9999202620151957,0.0,0.8495735387271375
443135,-9.773438243477738,-8.770419230938119,2.0,-1.0030190125396192
443192,-13.765317907974712,-14.393074600837688,4.0,0.6277566928629756
443226,-2.7521880323638133,-12.111396008019288,0.0,9.359207975655474
443468,-15.525579997836706,-14.380182314877711,4.0,-1.1453976829589951
443473,-32.21297014975563,-30.346165052986446,11.0,-1.8668050967691805
443527,-57.700544195825685,-57.72773491360172,21.0,0.027190717776036877
443538,-34.76432333505836,-33.43140123115057,12.0,-1.3329221039077837
443552,-7.900272788856935,-8.577952374033986,2.0,0.6776795851770512
443726,-15.534485154008017,-20.124671000210384,4.0,4.590185846202367
443736,-2.327175824825391,-1.177625112814377,0.0,-1.149550712011014
443738,-5.59434865278696,-4.736824018616654,1.0,-0.8575246341703053
443786,-3.6105150535169166,-9.377953284218059,0.0,5.767438230701142
443835,-6.706422194426156,-5.36880038031874,1.0,-1.3376218141074157
443904,-13.659718095385074,-13.12585263311138,3.0,-0.5338654622736936
443954,-31.21473180110623,-31.554646055587565,9.0,0.33991425448133583
443997,-24.5339072869885,-28.085232765095338,10.0,3.551325478106836
444029,-7.307873174329823,-12.752895570561245,1.0,5.445022396231422
444216,-19.306995147672914,-18.380755300420205,5.0,-0.9262398472527096
444248,-5.540349296035109,-4.991167307448308,1.0,-0.5491819885868017
444296,-5.453244334778677,-5.209401695737809,1.0,-0.24384263904086811
444301,-11.2800128157177,-12.556850477100184,3.0,1.2768376613824834
444318,-22.735241887323383,-20.706877025827538,6.0,-2.028364861495845
444385,-5.939247968473589,-5.493721536150597,1.0,-0.4455264323229926
444740,-6.542120318286916,-9.023749269951074,1.0,2.481628951664158
444778,-28.768376266709282,-34.81532286584048,9.0,6.046946599131196
444878,-5.8071709663944455,-4.918903993262377,1.0,-0.8882669731320689
445021,-26.067324466135652,-28.708088131893454,7.0,2.6407636657578024
445131,-14.403990697845792,-16.310753563186076,4.0,1.9067628653402835
445237,-28.11199284200895,-33.26436645355294,9.0,5.1523736115439895
445284,-12.02262311042188,-12.398424622745358,3.0,0.375801512323477
445422,-38.00903316524397,-39.117781960621365,10.0,1.1087487953773945
445435,-20.92951418372799,-19.926663107472862,6.0,-1.0028510762551264
445451,-5.9778139727024895,-4.99628670601439,1.0,-0.9815272666880999
445527,-8.776150867402343,-9.487568649534431,2.0,0.711417782132088
445682,-15.96603712816249,-15.653295237338417,4.0,-0.3127418908240731
445698,-13.386131617408312,-12.638549251301823,3.0,-0.7475823661064886
445737,-6.083203764855463,-5.269431122215536,1.0,-0.8137726426399263
445784,-8.80715980380638,-8.792195398916618,2.0,-0.014964404889761695
445841,-6.043240962838138,-4.9716422683362795,1.0,-1.0715986945018585
445923,-58.90021841647053,-74.49935194637489,24.0,15.599133529904357
445956,-21.184732164190457,-23.560003305428094,7.0,2.3752711412376364
445971,-26.438269223971357,-24.75850908084803,7.0,-1.6797601431233282
446030,-35.9924417165272,-33.90418962069578,13.0,-2.0882520958314217
446183,-29.18961580753401,-55.024592964897515,10.0,25.834977157363504
446218,-3.1620677905963017,-5.558030053586975,0.0,2.3959622629906736
446221,-9.21676192044564,-10.566794053436723,2.0,1.3500321329910836
446265,-87.71054874498957,-184.81942647467744,45.0,97.10887772968788
446326,-26.160794539615097,-24.18168154301251,8.0,-1.9791129966025878
446701,-2.5638154259302133,-2.3924885456149223,0.0,-0.17132688031529097
446764,-5.863871065899008,-4.941943798531394,1.0,-0.9219272673676135
446822,-14.550793278495096,-14.865137791622017,4.0,0.3143445131269207
446989,-29.281875067869812,-26.94474037620879,10.0,-2.3371346916610207
447030,-14.217804009582805,-14.301148535829775,4.0,0.08334452624696986
447201,-15.23560428717571,-18.762298545390458,4.0,3.5266942582147482
447283,-37.635673988508465,-37.020915341550726,12.0,-0.6147586469577391
447423,-40.82547974229201,-38.474771953782074,14.0,-2.3507077885099363
447465,-13.79833837357715,-13.370030206163955,3.0,-0.42830816741319566
447551,-27.780284658239292,-23.759272118445207,6.0,-4.021012539794086
448058,-8.954811780216014,-9.595176590071013,2.0,0.640364809854999
448094,-17.614585709967443,-16.910656149215004,4.0,-0.7039295607524387
448170,-34.85619509132691,-33.16332042160054,13.0,-1.692874669726372
448362,-14.23626934288102,-15.037175759411817,3.0,0.8009064165307969
448374,-24.37620885325564,-25.041825237924257,8.0,0.665616384668617
448379,-34.14068317790015,-57.482910529872385,11.0,23.342227351972234
448387,-10.853810799693518,-12.17194246095282,3.0,1.3181316612593026
448404,-8.528020676423502,-8.439547673654321,2.0,-0.08847300276918091
448415,-20.095236561962516,-32.19474210274738,6.0,12.099505540784861
448812,-39.46425768568453,-37.28353881992349,16.0,-2.180718865761037
448825,-96.26081058490209,-88.0342256612588,56.0,-8.226584923643287
448911,-27.365572308803003,-27.518194915230726,10.0,0.15262260642772318
448941,-43.042852315298404,-50.629099409513586,17.0,7.586247094215182
449033,-17.927896469333067,-15.168272599510047,4.0,-2.75962386982302
449038,-181.3047124797869,-188.81925682545457,107.0,7.514544345667673
449141,-114.96243969678382,-97.89318441293851,41.0,-17.069255283845308
449251,-22.03958900395431,-22.90726523804109,5.0,0.8676762340867832
449328,-36.045709929715976,-35.776682410860744,11.0,-0.269027518855232
449384,-6.432550604937484,-8.874053609027895,1.0,2.4415030040904107
449608,-9.502039316877624,-11.021066165138143,2.0,1.519026848260518
449631,-13.880380187715284,-12.577566986393512,3.0,-1.3028132013217721
449702,-13.394169788010611,-17.70318694787874,3.0,4.30901715986813
450012,-5.471004889729032,-5.180330813400251,1.0,-0.2906740763287816
450187,-13.860796307080346,-12.290914709602145,3.0,-1.5698815974782008
450440,-5.773710114950367,-4.989082537228889,1.0,-0.7846275777214782
450856,-13.660329808350426,-17.29681582981037,3.0,3.6364860214599446
450910,-17.39373550109932,-19.15173429686678,4.0,1.7579987957674597
451015,-15.973962752638872,-16.185365522880076,4.0,0.2114027702412038
451057,-2.2083178206440115,-2.9999202620151957,0.0,0.7916024413711842
451153,-6.421560958240098,-5.268016611103595,1.0,-1.1535443471365037
451293,-17.602242581745916,-19.263031410374296,4.0,1.6607888286283803
451493,-25.963512931762605,-23.15923235595821,7.0,-2.8042805758043947
451693,-28.877623911461217,-27.411708015040443,9.0,-1.4659158964207748
451853,-2.910432353000492,-2.088772687414786,0.0,-0.821659665585706
451916,-24.360925260016472,-22.913492000705304,6.0,-1.4474332593111683
452138,-27.378410710975505,-30.549029429831464,10.0,3.170618718855959
452145,-2.539060310415635,-2.9999202620151957,0.0,0.4608599515995606
452282,-34.45891430155081,-28.76744084461822,8.0,-5.6914734569325915
452291,-2.7901109060661793,-1.7254428561175221,0.0,-1.0646680499486572
452389,-6.000609076066512,-5.112776019847081,1.0,-0.8878330562194314
452423,-24.981797922454344,-28.581804613459617,8.0,3.600006691005273
452736,-13.371916691405376,-11.872464263702632,3.0,-1.4994524277027441
452751,-13.239658537930962,-13.248701264224447,3.0,0.009042726293484904
453071,-9.213568453401574,-8.881348810806596,2.0,-0.3322196425949784
453148,-23.572460359510686,-23.753257264374604,7.0,0.18079690486391797
453210,-4.299438128012906,-2.9999202620151957,0.0,-1.2995178659977107
453496,-66.19633059965909,-59.52328552257411,34.0,-6.6730450770849785
453528,-9.529961761131009,-8.64035512658881,2.0,-0.8896066345421989
453544,-11.278459149889084,-11.651923323808212,3.0,0.37346417391912823
453551,-54.47921898960148,-79.82440178972811,26.0,25.345182800126636
453601,-5.791162766950731,-4.851538471441195,1.0,-0.9396242955095362
453648,-47.05898163429167,-45.035589408422766,21.0,-2.0233922258689034
453752,-14.817284732265074,-14.162048261419292,4.0,-0.6552364708457823
453834,-39.95768213913351,-38.03155909225681,13.0,-1.9261230468766968
454104,-11.91884020493485,-16.871429247010184,3.0,4.952589042075333
454111,-63.03830327171364,-62.910276441848296,21.0,-0.12802682986534109
454219,-2.8561433470008977,-2.3924885456149223,0.0,-0.46365480138597537
454399,-21.30631265103747,-20.3236994604685,5.0,-0.9826131905689692
454407,-12.308772446026484,-14.74650408269374,3.0,2.4377316366672552
454743,-47.339617144251946,-43.71246747111188,15.0,-3.6271496731400674
454762,-65.56246727087927,-106.80705616095833,16.0,41.24458889007906
454765,-13.464042877218462,-12.828153738667748,3.0,-0.6358891385507146
454984,-15.960663975648092,-22.89881195426852,4.0,6.938147978620428
455054,-5.747164757919002,-8.467570206818177,1.0,2.720405448899175
455073,-9.494652072557106,-9.407266042429619,2.0,-0.08738603012748669
455092,-16.834517407202995,-15.183931528566712,4.0,-1.6505858786362833
455202,-9.451329942649622,-8.641800665593719,2.0,-0.809529277055903
455264,-2.723195796550592,-3.567842861682066,1.0,0.8446470651314737
455325,-2.4082469029291813,-1.4813409710145136,0.0,-0.9269059319146677
455382,-5.846354331371156,-4.9839444010762515,1.0,-0.8624099302949046
455477,-5.824738920181256,-4.969887973140411,1.0,-0.8548509470408447
455479,-5.645487460251983,-6.2995723285035226,1.0,0.6540848682515392
455730,-2.0579552556030376,-1.7850568292146498,0.0,-0.2728984263883878
455796,-2.3288473020915967,-1.4813409710145136,0.0,-0.8475063310770832
455849,-3.1690478138709026,-1.7850568292146498,0.0,-1.3839909846562528
455857,-2.3533587759294163,-1.4813409710145136,0.0,-0.8720178049149028
456014,-41.170514247232916,-40.14058233097225,18.0,-1.029931916260665
456127,-2.0670784819524526,-4.822215411216014,0.0,2.7551369292635615
456173,-29.347940228782363,-27.10363080302142,10.0,-2.2443094257609424
456200,-12.752009700300974,-13.028614035356147,3.0,0.2766043350551737
456327,-44.91185805170069,-38.64049461206671,12.0,-6.27136343963398
456329,-41.25361085124804,-34.80109288170971,12.0,-6.452517969538334
456527,-5.669683159621632,-5.5627224740657715,1.0,-0.10696068555586091
456564,-13.622394941951478,-11.73268735010968,3.0,-1.8897075918417983
456574,-7.546500934157817,-6.481518849729413,1.0,-1.0649820844284035
456694,-8.890967808416377,-8.591423003631101,2.0,-0.2995448047852758
456752,-13.036374022924324,-13.266523030277723,3.0,0.23014900735339872
456870,-95.09062716649395,-105.57583746157,53.0,10.485210295076058
457209,-5.70039167135356,-5.223745493858919,1.0,-0.4766461774946409
457265,-24.98256581035388,-25.619998040312485,8.0,0.6374322299586055
457316,-13.656349803235598,-15.107731831374382,4.0,1.4513820281387844
457372,-10.571136947213905,-9.472678037736255,2.0,-1.0984589094776496
457559,-64.18496971039613,-53.01388792579419,21.0,-11.171081784601945
457608,-21.099641262527417,-21.283698459625548,7.0,0.18405719709813084
457676,-23.588632520512782,-22.790190619118658,6.0,-0.7984419013941242
457736,-44.92307281160683,-47.29214832310067,13.0,2.3690755114938398
457932,-39.02290663085358,-38.81822000480793,15.0,-0.2046866260456568
458013,-9.22929179417657,-8.530663503569032,2.0,-0.6986282906075374
458138,-16.545664113705456,-15.462982919881807,4.0,-1.0826811938236496
458162,-18.90598953136058,-22.170096556711922,5.0,3.2641070253513433
458210,-2.1142355348536994,-1.177625112814377,0.0,-0.9366104220393223
458332,-1.0474865259107762,-0.9338464344745899,0.0,-0.11364009143618625
458415,-26.57706410858572,-25.232735961425874,6.0,-1.344328147159846
458557,-5.779906671225912,-5.096964052834575,1.0,-0.682942618391337
458582,-70.24896702822188,-58.06985838715433,23.0,-12.17910864106755
458791,-5.746894534470368,-5.008759888341535,1.0,-0.7381346461288327
458918,-88.33892152419885,-86.699677620562,41.0,-1.639243903636853
458941,-16.911107722179004,-15.619358082452448,4.0,-1.2917496397265555
459259,-20.65032395953779,-21.430896426781434,6.0,0.780572467243644
459331,-39.30781513806587,-36.74201990301137,14.0,-2.5657952350545017
459538,-24.697683774148103,-28.575191813224645,9.0,3.8775080390765417
459645,-12.876943287011816,-11.70477126006367,3.0,-1.1721720269481466
459727,-2.264128290390811,-6.644510560416832,0.0,4.380382270026022
459808,-13.295579934499754,-12.618263343752732,3.0,-0.6773165907470222
459862,-48.875081693768045,-46.340776273796216,19.0,-2.5343054199718296
459869,-26.55199757252592,-24.458790767200735,8.0,-2.0932068053251847
459983,-13.246102100087295,-13.140473344276499,3.0,-0.10562875581079645
460010,-2.782482745516766,-0.8739092546142408,0.0,-1.9085734909025251
460230,-6.506869760293107,-4.95994270099938,1.0,-1.5469270592937265
460248,-12.592389922602347,-15.982353880240163,3.0,3.389963957637816
460530,-2.8689653358873652,-2.3924885456149223,0.0,-0.47647679027244294
460544,-15.636628684218989,-15.241607743671315,4.0,-0.3950209405476741
460631,-5.503832759078337,-5.022227053339197,1.0,-0.4816057057391401
460755,-11.518902700097245,-12.471467177576764,3.0,0.9525644774795197
460790,-22.79228442954205,-27.735791680438275,7.0,4.943507250896225
460873,-40.28687082824868,-44.612390517096706,16.0,4.325519688848026
460928,-7.470544238649486,-17.267477775066823,1.0,9.796933536417336
461035,-85.07908632831457,-88.36794619081056,49.0,3.2888598624959826
461063,-55.18289664889934,-49.93514401796904,24.0,-5.2477526309303
461113,-8.897617862229213,-8.840113839757016,2.0,-0.057504022472196326
461266,-15.927020325646733,-16.39418053852323,4.0,0.46716021287649667
461325,-19.71077354373901,-17.805285124327348,5.0,-1.905488419411661
461380,-3.449856133305322,-1.177625112814377,0.0,-2.2722310204909446
461506,-10.5820802975789,-10.259030437500787,2.0,-0.32304986007811287
461524,-10.66624026708818,-9.572853478349176,2.0,-1.0933867887390036
461530,-36.217915281759055,-40.65526492214987,15.0,4.4373496403908135
461614,-12.677022206337655,-11.651941443832463,3.0,-1.0250807625051923
461645,-17.39694520592258,-19.003795578293282,4.0,1.606850372370701
461825,-15.631003392091156,-21.871246703759997,4.0,6.240243311668841
462088,-11.330338519569006,-8.6057316800827,2.0,-2.724606839486306
462166,-27.158399625524652,-24.274176118519144,8.0,-2.8842235070055082
462179,-11.71510656346042,-14.835846950956492,3.0,3.120740387496072
462221,-0.5531534518548119,-0.567021560651568,0.0,0.01386810879675604
462485,-5.361670310446959,-5.642244799934509,1.0,0.2805744894875497
462500,-20.18906627621896,-18.63376109198077,5.0,-1.5553051842381898
462538,-40.75688819242152,-38.309865896795785,18.0,-2.447022295625736
462823,-16.10598335272702,-17.118711099280933,5.0,1.0127277465539137
462989,-15.317760546861395,-14.547163959309941,4.0,-0.770596587551454
463136,-5.901396236857192,-6.749965035182751,1.0,0.8485687983255596
463309,-8.05535498820888,-5.166806559531404,1.0,-2.888548428677476
463316,-52.33010088888696,-46.944240141205256,21.0,-5.385860747681704
463328,-2.837788779323712,-2.088772687414786,0.0,-0.7490160919089259
463330,-2.508287152576177,-0.9258539543881119,0.0,-1.5824331981880653
463430,-41.37764387862512,-36.655241871315816,13.0,-4.722402007309306
463660,-2.812342930194685,-0.5701933964141045,0.0,-2.2421495337805806
464067,-11.925600481708365,-15.88381100456051,3.0,3.958210522852145
464107,-11.892626848778336,-14.084572497254964,3.0,2.1919456484766275
464447,-132.53095120950758,-140.37710215167866,83.0,7.846150942171079
464473,-2.939935718855447,-0.266477538213968,0.0,-2.6734581806414788
464562,-5.845464525112747,-5.040734935876955,1.0,-0.8047295892357917
464610,-15.565647415037558,-17.07049412603496,5.0,1.5048467109974002
464638,-5.554895051514437,-4.989319647917328,1.0,-0.5655754035971094
464811,-2.2749132155863694,-2.088772687414786,0.0,-0.18614052817158333
464858,-16.830099774680974,-20.129314751844607,5.0,3.2992149771636328
464929,-3.0620680095397743,-3.911067836615605,0.0,0.8489998270758305
464934,-6.3245541287407105,-8.980222082741468,1.0,2.6556679540007577
465007,-17.807304330557223,-16.756734843360636,4.0,-1.0505694871965865
465157,-6.63805439379288,-5.87403929349489,1.0,-0.76401510029799
465373,-103.50307236759814,-93.14589964083339,44.0,-10.357172726764745
465487,-5.679013829764241,-5.050346847219969,1.0,-0.6286669825442717
465506,-12.276845773983233,-14.056909419556519,3.0,1.7800636455732857
465517,-5.7470212993308945,-5.280014504729605,1.0,-0.46700679460128924
465684,-9.396598314738451,-9.602822124689697,2.0,0.20622380995124523
465791,-2.390838246112132,-0.8739092546142408,0.0,-1.5169289914978912
465831,-20.4771711749002,-21.316693462696676,6.0,0.839522287796477
466030,-8.712916035621038,-8.69062612590851,2.0,-0.0222899097125282
466149,-2.6830513327653067,-5.1140432202804496,0.0,2.430991887515143
466165,-9.646329229671604,-10.825665512922164,2.0,1.17933628325056
466366,-25.79574060912264,-23.75275195463484,7.0,-2.0429886544878
466499,-20.492397208333358,-18.3810280036531,5.0,-2.1113692046802583
466581,-37.268788167410285,-39.990499443832284,16.0,2.721711276421999
466647,-26.990583499539532,-33.11704407605571,11.0,6.12646057651618
466805,-1.9206356488629492,-3.0527158525535367,0.0,1.1320802036905875
467087,-2.337517480975199,-1.7850568292146498,0.0,-0.552460651760549
467286,-29.16353100418699,-29.209355776570387,11.0,0.04582477238339777
467337,-5.883954098344371,-5.393603718159168,1.0,-0.4903503801852027
467468,-2.4261060992874492,-1.4813409710145136,0.0,-0.9447651282729357
467546,-5.394219511782293,-4.927231030884438,1.0,-0.4669884808978546
467579,-23.55559535398059,-22.771667337456854,7.0,-0.7839280165237348
467590,-144.36918204692475,-111.15976814612858,54.0,-33.209413900796164
467802,-8.954544029870405,-10.281313452608046,2.0,1.326769422737641
467825,-5.923025126375623,-4.860659311920478,1.0,-1.0623658144551449
467955,-22.038067941024433,-23.70353435089537,6.0,1.6654664098709375
467966,-14.691676676433104,-15.76979097617346,4.0,1.0781142997403563
468081,-5.731480717501036,-6.446098654390907,1.0,0.7146179368898711
468177,-9.116961495824038,-8.568146689084267,2.0,-0.5488148067397702
468181,-5.739790902811199,-5.016683637196786,1.0,-0.7231072656144137
468199,-11.117391569566733,-4.936119141656627,1.0,-6.181272427910106
468389,-6.177968124945152,-4.987904931177552,1.0,-1.1900631937675996
468507,-9.405721627121954,-11.256991599987591,2.0,1.8512699728656372
468855,-19.525009099832232,-22.21935911233491,4.0,2.694350012502678
469012,-22.69351843459652,-23.848578360910196,7.0,1.155059926313676
469108,-17.58138927501509,-17.728952299510553,5.0,0.14756302449546155
469280,-2.2534184424558883,-1.4813409710145136,0.0,-0.7720774714413747
469380,-5.794958264319241,-5.140991194463363,1.0,-0.6539670698558782
469500,-12.047069421999476,-14.000431540492972,3.0,1.9533621184934962
469606,-18.093960219024897,-24.427330799050125,5.0,6.333370580025228
469635,-2.337203041350154,-6.948226418616968,0.0,4.611023377266814
469839,-17.801906098227327,-18.326991553343383,5.0,0.5250854551160558
469842,-40.42873479178119,-41.04422558907152,13.0,0.6154907972903345
469892,-2.7261148036381178,-1.7850568292146498,0.0,-0.941057974423468
470105,-29.85644775249255,-27.115533675866306,10.0,-2.740914076626243
470137,-9.729890107033789,-9.193225393110442,2.0,-0.5366647139233471
470339,-5.417753076840843,-4.999871431923965,1.0,-0.4178816449168785
470364,-2.1953717102952384,-1.5761979168245335,0.0,-0.6191737934707049
470402,-27.125829784549587,-29.335862997737244,10.0,2.210033213187657
470437,-24.082173773055377,-26.465945320794788,6.0,2.3837715477394106
470598,-19.848527178268156,-19.573817940393372,6.0,-0.2747092378747844
470601,-30.56560659334155,-35.209379534362476,9.0,4.643772941020927
470943,-11.11014619583419,-9.246394881892027,2.0,-1.8637513139421635
471005,-10.033156176905125,-9.435713659570048,2.0,-0.597442517335077
471044,-62.241547033696,-56.1641196752339,23.0,-6.077427358462103
471298,-2.2563691318779773,-3.607351978415468,0.0,1.350982846537491
471340,-2.4476767969687403,-2.9999202620151957,0.0,0.5522434650464554
471368,-65.06690728036072,-62.415995311343394,29.0,-2.6509119690173293
471453,-18.414385559287524,-19.647320524601348,5.0,1.2329349653138237
471474,-20.471613024162302,-18.121898265841462,5.0,-2.3497147583208395
471573,-8.648416621968472,-9.131838182084087,2.0,0.4834215601156142
471658,-23.57794938983009,-20.767014526847117,6.0,-2.810934862982972
471752,-40.52620432843119,-41.88777136022791,15.0,1.3615670317967172
471836,-58.413741081413804,-61.922644056296186,29.0,3.508902974882382
471897,-32.89614187800505,-30.397381868496314,11.0,-2.4987600095087323
471915,-141.7191233984818,-217.40300001436103,56.0,75.68387661587923
472079,-8.983688975442599,-8.582109645220728,2.0,-0.4015793302218711
472239,-15.178430012072488,-15.674214197320712,4.0,0.4957841852482243
472515,-13.204336781026276,-12.698028309945384,3.0,-0.5063084710808923
472629,-2.0594345516034256,-0.5701933964141045,0.0,-1.4892411551893212
472632,-30.96151218987448,-28.559281837715393,10.0,-2.402230352159087
472702,-9.612393386599667,-10.098054033976863,2.0,0.4856606473771965
472767,-19.40505698447201,-17.738052999768726,5.0,-1.6670039847032854
472815,-23.555169402002928,-21.910662517986022,7.0,-1.6445068840169057
472816,-6.471082333718321,-4.880956719710567,1.0,-1.5901256140077544
472918,-9.606622636726312,-8.565085097144637,2.0,-1.0415375395816753
473039,-12.26096117818958,-12.165280688208664,3.0,-0.09568048998091605
473519,-19.66157552951051,-19.137587887239054,6.0,-0.5239876422714573
473542,-12.950731700592913,-14.924029034351156,4.0,1.973297333758243
473548,-41.19920370739323,-42.04467760963274,17.0,0.8454739022395117
473551,-2.6463704845089207,-9.377953284218059,0.0,6.7315827997091375
473753,-85.5686608126732,-88.01863179829915,58.0,2.449970985625953
473777,-13.181986353645472,-11.943099522134682,3.0,-1.23888683151079
473810,-20.99829816882731,-22.317674702973573,6.0,1.3193765341462615
473838,-39.79772065747243,-37.114655225179554,15.0,-2.683065432292878
473843,-2.8530696062463154,-1.247622521136041,0.0,-1.6054470851102745
473853,-15.64378620232132,-16.508853487637563,4.0,0.8650672853162433
473902,-2.7188363674277425,-1.7850568292146498,0.0,-0.9337795382130927
474032,-3.2267070028373515,-2.9999202620151957,0.0,-0.22678674082215577
474039,-12.310814759256921,-11.698999121043686,3.0,-0.6118156382132351
474050,-2.837815086949314,-0.8739092546142408,0.0,-1.963905832335073
474269,-9.673537109888999,-8.42143028509055,2.0,-1.2521068247984495
474358,-12.43727991545141,-12.644715992479162,3.0,0.2074360770277508
474412,-64.30931029285146,-57.527113429587835,27.0,-6.7821968632636285
474419,-59.20037795681239,-45.20192694754527,13.0,-13.998451009267121
474513,-35.287173855920656,-32.51217661723613,13.0,-2.774997238684527
474613,-8.644096664871384,-8.803069920671247,2.0,0.15897325579986266
474645,-18.395685130488005,-17.50957868808984,5.0,-0.8861064423981659
474710,-47.2508001270809,-43.57161633309642,14.0,-3.6791837939844783
474966,-18.92167692877535,-18.1063764911533,5.0,-0.815300437622053
475020,-22.03757180178957,-25.1175453155646,7.0,3.079973513775027
475034,-25.38082895561462,-24.091940135848027,8.0,-1.2888888197665942
475085,-8.697328847355374,-19.454359254844636,2.0,10.757030407489262
475111,-10.192389597187328,-9.884673163130385,2.0,-0.3077164340569425
475116,-22.497761119227903,-20.64197278250658,6.0,-1.8557883367213215
475200,-19.799935240849184,-20.81060583429853,6.0,1.0106705934493476
475316,-35.79249528411721,-41.86563992908122,16.0,6.07314464496401
475370,-16.388213402725654,-14.828509491701091,4.0,-1.5597039110245632
475437,-2.0547783646787554,-9.377953284218059,0.0,7.323174919539303
475525,-2.536923918536952,-1.4813409710145136,0.0,-1.0555829475224385
475609,-63.14317540990458,-56.55774680381135,21.0,-6.585428606093231
475652,-16.57565897776321,-14.635339557363762,4.0,-1.9403194203994492
475697,-31.413143586530687,-28.51190945190551,9.0,-2.9012341346251773
475830,-3.3805020670875554,-4.504148902794921,0.0,1.123646835707366
475850,-9.324935032880528,-8.520267705511136,2.0,-0.8046673273693923
475876,-2.2061521309802123,-4.518499553015877,0.0,2.3123474220356646
475951,-9.303835178503288,-8.539263560911676,2.0,-0.7645716175916117
476182,-2.3147261489435715,-1.177625112814377,0.0,-1.1371010361291944
476224,-65.15401677569032,-76.43293391195525,19.0,11.278917136264923
476304,-9.491151372097045,-10.340387915667952,2.0,0.8492365435709068
476412,-3.0575049757206316,-5.12593126941615,0.0,2.0684262936955187
476423,-5.631854403995291,-5.17621776070889,1.0,-0.4556366432864012
476647,-2.6309217984187145,-2.6962044038150594,0.0,0.0652826053963449
476655,-5.539178647418495,-5.066234533978312,1.0,-0.4729441134401835
476812,-70.31139534742448,-61.893687240616906,32.0,-8.417708106807574
476831,-35.841922253422915,-32.93814166216944,12.0,-2.903780591253472
477081,-2.1783141268925776,-1.4813409710145136,0.0,-0.6969731558780641
477119,-10.9652907593254,-8.676273413953972,2.0,-2.2890173453714286
477140,-6.601692531431267,-5.174189674147462,1.0,-1.4275028572838053
477334,-25.083203203927706,-32.55879167892095,7.0,7.475588474993241
477357,-9.982287616647842,-10.245203518042226,2.0,0.2629159013943845
477416,-10.340737037462537,-9.177289450437991,2.0,-1.163447587024546
477425,-24.85046957645975,-38.333323995028564,7.0,13.482854418568813
477438,-10.521658775544198,-10.107778728497147,2.0,-0.4138800470470514
477459,-2.6297648852015816,-1.7850568292146498,0.0,-0.8447080559869318
477480,-40.70609954799202,-70.18554787637568,16.0,29.47944832838366
477664,-17.27947260010787,-28.477736806537685,4.0,11.198264206429815
477785,-11.708104810316044,-12.530667504138417,3.0,0.8225626938223733
477915,-3.004187987850175,-3.607351978415468,0.0,0.6031639905652932
478195,-34.0317941563627,-72.58418126466353,13.0,38.55238710830083
478224,-32.0085974963771,-33.12605627852269,11.0,1.1174587821455901
478298,-15.100968187680879,-14.810320034997297,4.0,-0.29064815268358224
478303,-8.916351394011198,-9.900827840191987,2.0,0.9844764461807891
478497,-18.537558991481777,-21.24966376880001,5.0,2.712104777318231
478500,-59.47944336861629,-51.619273189310285,23.0,-7.860170179306003
478619,-2.008854787597559,-3.303636120215332,0.0,1.2947813326177728
478683,-18.95003765057031,-28.849970912890385,8.0,9.899933262320076
478716,-5.797001422846339,-5.504763447793604,1.0,-0.2922379750527355
478734,-49.32128970492281,-48.99980881127817,23.0,-0.3214808936446403
478743,-23.36508203789758,-32.431648709287515,6.0,9.066566671389936
478757,-6.112243408725558,-5.505900602197674,1.0,-0.6063428065278833
478843,-2.4987709604601194,-1.4813409710145136,0.0,-1.0174299894456058
478866,-74.85515533612457,-70.26681854543634,28.0,-4.588336790688231
478899,-12.400299925962294,-12.49587329514822,3.0,0.09557336918592618
478903,-2.4014048606060534,-0.8739092546142408,0.0,-1.5274956059918126
478938,-9.492157476960111,-8.620819000927368,2.0,-0.8713384760327436
479014,-4.753140824153215,-2.6962044038150594,0.0,-2.0569364203381557
479071,-20.407080257123063,-24.45099980893126,4.0,4.043919551808198
479074,-18.365098084398507,-19.66213852515971,5.0,1.2970404407612008
479140,-2.37004712844983,-7.251942276817105,0.0,4.881895148367275
479145,-6.452700489850276,-7.754377336979191,1.0,1.301676847128915
479157,-6.226200612782208,-5.127868213415717,1.0,-1.0983323993664902
479163,-2.559315568719463,-6.037078844016559,0.0,3.477763275297096
479179,-28.880064491536952,-25.19536544815891,8.0,-3.6846990433780427
479328,-9.76419917039128,-12.03068633703232,2.0,2.26648716664104
479407,-20.656180965543953,-18.43192660561717,5.0,-2.224254359926782
479410,-30.141345532862427,-28.530792734165676,10.0,-1.6105527986967516
479436,-23.267766179281278,-23.90367848008835,7.0,0.6359123008070711
479438,-34.01675401492372,-33.462479799574965,12.0,-0.5542742153487552
479541,-18.346998656687738,-23.021681964880536,5.0,4.674683308192797
479590,-3.182060152359045,-6.948226418616968,0.0,3.766166266257923
479608,-31.89612805904843,-30.164648571305143,9.0,-1.731479487743286
479652,-14.944945438334456,-14.449799449687042,4.0,-0.49514598864741366
479699,-13.601040221870871,-14.13893548154267,3.0,0.5378952596717994
479905,-21.31832050458233,-22.01685957499854,7.0,0.69853907041621
479914,-2.2593539571124297,-1.177625112814377,0.0,-1.0817288442980526
479924,-2.9841352474893856,-4.822215411216014,0.0,1.8380801637266284
480150,-18.376330116084667,-18.488293076313408,5.0,0.11196296022874108
480152,-26.676379065538057,-31.919340495556305,8.0,5.242961430018248
480162,-2.902667081398158,-0.8739092546142408,0.0,-2.0287578267839175
480172,-42.92963473437487,-50.430372073271904,19.0,7.500737338897032
480190,-18.849569171858633,-31.696548790963057,4.0,12.846979619104424
480205,-7.750180769628782,-7.941909196427831,2.0,0.1917284267990489
480281,-5.91528192230265,-8.930106639546475,1.0,3.014824717243825
480483,-6.085297374761386,-5.564841549174337,1.0,-0.5204558255870495
480497,-69.94307256350416,-67.95479414527578,25.0,-1.9882784182283757
480533,-2.4414798827006843,-1.177625112814377,0.0,-1.2638547698863072
480640,-18.72494665318489,-21.89316323764402,6.0,3.168216584459131
480727,-5.996233847608847,-5.534941577492495,1.0,-0.46129227011635265
481031,-13.75044639260715,-13.714604910871417,3.0,-0.03584148173573354
481153,-11.258651729600789,-21.500455690641672,3.0,10.241803961040883
481173,-22.62756688412445,-21.218181067398415,7.0,-1.4093858167260365
481235,-9.141940415078945,-10.220830128990853,2.0,1.0788897139119076
481279,-19.01422238103661,-19.546529913780446,6.0,0.532307532743836
481413,-9.76619272120714,-11.429288241982995,2.0,1.6630955207758547
481521,-17.220627993567643,-14.82893652348338,4.0,-2.391691470084263
481607,-10.004981705439205,-8.561511376474327,2.0,-1.443470328964878
481643,-6.054031213244304,-5.110385252027703,1.0,-0.9436459612166015
481778,-2.1439555512511066,-1.6238133808992854,0.0,-0.5201421703518212
481814,-16.984458142841287,-18.244439911245006,4.0,1.2599817684037191
481843,-2.197847054922066,-1.7850568292146498,0.0,-0.4127902257074161
481846,-16.337746359677343,-17.686481644258834,4.0,1.3487352845814904
481935,-135.2348892052881,-152.53539737948714,54.0,17.300508174199024
482049,-8.19842416111241,-9.109041266904006,2.0,0.9106171057915962
482177,-86.76106660335246,-77.55714435433572,32.0,-9.203922249016742
482364,-6.308418137533766,-4.840444605905176,1.0,-1.4679735316285907
482519,-1.1622110450641239,-1.7900762560009358,0.0,0.6278652109368119
482522,-72.1487566415072,-66.786835938012,36.0,-5.361920703495201
482581,-12.5915305529683,-16.74537679609138,3.0,4.153846243123082
482603,-20.894929923083595,-19.585154335751923,5.0,-1.3097755873316714
482789,-14.068803836265031,-14.284465107638185,4.0,0.21566127137315405
482852,-57.67465280899121,-56.812295806418916,27.0,-0.8623570025722955
483014,-19.67510597827196,-18.547327195633304,5.0,-1.1277787826386572
483096,-27.925363105139297,-25.58055266162291,8.0,-2.344810443516387
483125,-7.466696386382829,-9.217544367608536,2.0,1.7508479812257072
483312,-22.4975097108575,-22.63650220700925,6.0,0.1389924961517508
483347,-9.261676210340458,-8.935382852797998,2.0,-0.32629335754245936
483357,-5.351910321825843,-12.754794573376968,1.0,7.402884251551125
483371,-150.01287788571742,-175.85181868966365,112.0,25.83894080394623
483418,-20.94402899778587,-21.450855293007155,7.0,0.5068262952212841
483489,-16.44681436096068,-17.899352727808868,4.0,1.452538366848188
483696,-27.385186734335775,-25.785544365498417,7.0,-1.5996423688373582
483745,-10.034175660916256,-9.19143399917068,2.0,-0.8427416617455759
483807,-23.181273350013004,-22.82463620246795,7.0,-0.3566371475450545
483991,-78.71061691755361,-66.42816846109547,25.0,-12.282448456458141
484001,-6.240236216187684,-5.256974699460587,1.0,-0.9832615167270973
484085,-5.598249614884041,-5.31809186234368,1.0,-0.2801577525403607
484136,-38.10129441642165,-39.09490373193471,13.0,0.993609315513055
484169,-17.60326149415051,-16.883633051243407,4.0,-0.7196284429071014
484177,-11.989866474739468,-12.290076857297816,3.0,0.30021038255834753
484193,-24.105809460172768,-24.90512536385208,6.0,0.7993159036793109
484216,-49.31736016849858,-48.324295684125,13.0,-0.9930644843735834
484396,-5.0280364692438,-1.4813409710145136,0.0,-3.546695498229287
484453,-11.296744261985282,-12.339748360376452,3.0,1.0430040983911706
484655,-6.225084533473996,-4.995595224158933,1.0,-1.2294893093150634
484697,-71.822318283893,-66.64766055782441,37.0,-5.174657726068588
484724,-26.63711513684164,-25.13995352782199,8.0,-1.4971616090196491
485025,-8.635378666688183,-10.487994960227605,2.0,1.8526162935394215
485105,-23.59282651742945,-25.456379898245842,7.0,1.8635533808163913
485259,-5.667713565953462,-5.008759888341535,1.0,-0.6589536776119269
485457,-16.661666771245333,-15.59701102776367,4.0,-1.0646557434816621
485604,-25.840056923262154,-26.464405074581013,8.0,0.6243481513188591
485624,-5.533238362882054,-5.004114209566501,1.0,-0.5291241533155526
485876,-5.699047388454902,-5.376942524486338,1.0,-0.32210486396856464
485878,-23.737106528224327,-21.905671142274095,6.0,-1.8314353859502326
485894,-16.90231146288329,-16.846073656074726,4.0,-0.05623780680856427
486000,-37.057261214297185,-37.581034967787645,17.0,0.5237737534904596
486270,-30.859109512341163,-30.171174876575318,9.0,-0.6879346357658456
486340,-27.51443719534519,-25.18781786833287,7.0,-2.3266193270123203
486574,-2.8911436158661474,-2.9999202620151957,0.0,0.10877664614904825
486613,-2.388825423171076,-0.5701933964141045,0.0,-1.8186320267569718
486708,-28.30536241296936,-26.83609285458741,9.0,-1.4692695583819493
486781,-5.9049106524576365,-5.05337505127496,1.0,-0.8515356011826762
486817,-37.79755397677552,-29.320980413956246,9.0,-8.476573562819272
486967,-42.49467494877164,-59.97055354883253,15.0,17.475878600060888
487041,-17.530184805387925,-19.302506894217718,5.0,1.7723220888297924
487087,-16.567130988853382,-16.849285771281835,5.0,0.28215478242845293
487510,-10.643885723110223,-7.4560717161594265,1.0,-3.1878140069507968
487649,-74.18128645794475,-70.56189955198242,28.0,-3.6193869059623296
487715,-36.674530751639466,-30.994522523071506,10.0,-5.68000822856796
487765,-19.830890186209583,-20.166998999938908,6.0,0.3361088137293251
487822,-11.199566383118457,-9.495035689687553,2.0,-1.704530693430904
487832,-62.25138516995857,-88.01052482385592,22.0,25.75913965389735
487928,-35.04172005066288,-33.176040113126675,10.0,-1.865679937536207
487954,-26.01235496794608,-26.2270303086613,7.0,0.21467534071521754
488036,-8.912949523353745,-8.50552713108314,2.0,-0.4074223922706057
488115,-7.017135593935249,-4.9921745813700955,1.0,-2.0249610125651536
488116,-21.544744686986764,-15.34837243035786,4.0,-6.196372256628903
488297,-193.7312506173093,-230.95703696511504,77.0,37.22578634780572
488448,-2.0088541168274543,-2.3924885456149223,0.0,0.383634428787468
488619,-20.195167607200897,-18.818225925320103,5.0,-1.376941681880794
488643,-18.821984176090787,-17.616442143634917,5.0,-1.2055420324558703
488843,-8.89864566015696,-8.769466048167738,2.0,-0.12917961198922256
488880,-19.483942422985915,-22.205885060025192,6.0,2.7219426370392767
488914,-29.220251629358142,-24.428824700413905,7.0,-4.791426928944237
488976,-45.73389276830649,-40.62219267464596,16.0,-5.111700093660531
489070,-25.901482751108695,-30.967791594209377,9.0,5.066308843100682
489247,-5.337201450054545,-4.927231030884438,1.0,-0.409970419170107
489254,-14.743781832180973,-14.34597580507888,4.0,-0.397806027102094
489565,-42.1546865035515,-38.83434160836492,16.0,-3.3203448951865795
489993,-11.886809841348951,-11.701641945407104,3.0,-0.1851678959418468
490176,-10.21487453016555,-10.119625983470636,2.0,-0.09524854669491489
490201,-55.188735494762156,-51.475127851774694,17.0,-3.713607642987462
490287,-8.19255980363679,-9.013590447178126,2.0,0.8210306435413361
490312,-30.89845301752153,-28.94650612120621,9.0,-1.9519468963153201
490351,-2.7588361753286432,-0.8739092546142408,0.0,-1.8849269207144024
490472,-7.290170744545311,-5.4405211452765725,1.0,-1.849649599268739
490536,-2.174481663752771,-0.3841222061941032,0.0,-1.7903594575586679
490693,-13.040636001111599,-11.905131821737434,3.0,-1.1355041793741645
490716,-30.224499754667207,-33.03257219746022,10.0,2.808072442793012
490777,-6.390095585054084,-6.420706625166667,1.0,0.030611040112582977
490792,-14.952374568872342,-14.285730857565671,3.0,-0.666643711306671
490903,-17.53804143295745,-17.929030033720327,5.0,0.3909886007628778
491045,-2.141177958799717,-1.7850568292146498,0.0,-0.35612112958506703
491082,-24.19292019279799,-20.565006538556414,6.0,-3.6279136542415777
491156,-4.106647272829739,-2.088772687414786,0.0,-2.017874585414953
491196,-9.461326741858556,-9.359745546782914,2.0,-0.10158119507564223
491243,-27.74628624121224,-34.79708474880659,10.0,7.050798507594351
491498,-37.709520324687126,-35.78968185930282,13.0,-1.9198384653843092
491533,-2.403425089809065,-1.4813409710145136,0.0,-0.9220841187945514
491700,-38.180345146733416,-46.22333425796368,16.0,8.042989111230263
491892,-21.503793028189964,-20.406753946560897,6.0,-1.0970390816290667
492187,-6.917740770489372,-8.110708053186848,1.0,1.1929672826974755
492239,-9.724338634476675,-12.827267151057814,2.0,3.102928516581139
492373,-46.50818455241141,-39.95768326787186,11.0,-6.55050128453955
492387,-3.1990526693217363,-15.755986306420924,0.0,12.556933637099188
492463,-9.439231430396825,-8.701580533942174,2.0,-0.7376508964546513
492526,-2.6221318355745757,-2.6962044038150594,0.0,0.0740725682404837
492550,-2.3570492460917833,-0.5701933964141045,0.0,-1.786855849677679
492578,-104.73838897123866,-79.09054438552543,46.0,-25.64784458571323
492633,-52.012532280482546,-49.59681887541522,14.0,-2.4157134050673292
492637,-9.681518870467308,-8.875542878526566,2.0,-0.8059759919407412
492744,-5.86170021672622,-5.059830501190934,1.0,-0.8018697155352861
492767,-40.832224688465,-42.25190727317096,14.0,1.41968258470596
492772,-122.56253872783127,-144.6899344054871,101.0,22.127395677655826
492778,-32.412550303855845,-31.201295034320598,9.0,-1.211255269535247
492936,-13.623511116862327,-12.672758048673519,3.0,-0.9507530681888081
492959,-9.03263007623334,-16.59430305597414,1.0,7.5616729797408
493067,-29.096249187958485,-26.04582232894913,9.0,-3.050426859009356
493107,-22.961945757692522,-25.757107803651355,7.0,2.7951620459588327
493320,-46.56065025698089,-39.86293338519489,13.0,-6.697716871786
493441,-30.48629463159392,-36.73860694405688,12.0,6.252312312462962
493476,-4.592036897060769,-1.177625112814377,0.0,-3.4144117842463917
493572,-37.742351317040615,-40.746715168664835,11.0,3.0043638516242197
493621,-19.195302279094378,-24.635597416939017,6.0,5.44029513784464
493709,-20.071948476044444,-21.154376027427404,6.0,1.0824275513829598
493753,-2.1852261060467506,-2.260013356159517,0.0,0.07478725011276621
493806,-13.519016614879735,-15.304642343325412,3.0,1.7856257284456767
493816,-10.393080347044565,-11.854681283936136,2.0,1.4616009368915712
493817,-19.49679047204866,-19.23056207876983,5.0,-0.26622839327882986
493890,-2.117990943546253,-1.5370130922602088,0.0,-0.5809778512860442
493959,-41.178815511414925,-38.89592540379677,16.0,-2.282890107618158
493960,-81.87021480349144,-84.30935056296471,42.0,2.439135759473274
494032,-101.45469682759108,-134.4495220780849,50.0,32.99482525049382
494136,-5.870393665269751,-4.9716422683362795,1.0,-0.8987513969334717
494137,-13.656697541933744,-13.472608406272556,3.0,-0.18408913566118734
494295,-2.1839056030794644,-3.303636120215332,0.0,1.1197305171358676
494310,-11.645543714226994,-10.572159994329091,2.0,-1.0733837198979028
494613,-6.221648374352146,-5.250293637665954,1.0,-0.9713547366861919
494635,-5.955991291087914,-8.369456833743559,1.0,2.4134655426556453
494679,-83.92243151612115,-72.07375010518088,36.0,-11.848681410940273
494738,-80.38768587351555,-77.2500226760804,26.0,-3.1376631974351454
494905,-4.608102074626123,-4.2147836948157416,0.0,-0.3933183798103812
494952,-9.315806571769496,-8.598918568686688,2.0,-0.7168880030828078
495001,-12.913836880833351,-11.740147879460944,3.0,-1.1736890013724075
495002,-6.720349351962993,-7.1414999500427,1.0,0.42115059807970745
495309,-4.391314098704488,-2.088772687414786,0.0,-2.3025414112897016
495347,-2.5995122355549767,-2.538648349602004,1.0,-0.06086388595297265
495415,-24.41671355659428,-23.74656972122937,7.0,-0.670143835364911
495469,-3.320908547843922,-7.859373993217377,0.0,4.538465445373456
495482,-116.46341835663337,-206.84626238955238,56.0,90.38284403291901
495506,-46.7797411955988,-45.172897451311506,17.0,-1.6068437442872963
495596,-15.644157931845834,-15.674601357903814,4.0,0.030443426057980005
495674,-6.6427343693710865,-9.446467142831027,1.0,2.8037327734599407
495692,-39.344534396084455,-33.63852450963871,10.0,-5.706009886445749
495707,-2.859215573563878,-1.177625112814377,0.0,-1.681590460749501
495916,-54.82157334987584,-53.437875853392946,24.0,-1.3836974964828954
495941,-23.52208776798505,-35.21494828503487,6.0,11.692860517049823
496029,-11.876994315501374,-12.90236670344623,3.0,1.0253723879448557
496183,-5.7574228669977785,-4.921294761081755,1.0,-0.8361281059160239
496310,-15.585072108559912,-19.360309053480876,4.0,3.775236944920964
496316,-21.882843940674583,-26.10176469745708,5.0,4.218920756782499
496336,-5.906832342182554,-5.310466340232016,1.0,-0.5963660019505381
496344,-34.45055915949406,-34.91276412231927,12.0,0.4622049628252043
496354,-14.210884199660178,-14.62043395803281,4.0,0.4095497583726324
496361,-26.87291249248897,-27.95967518851845,8.0,1.0867626960294778
496446,-2.9187154816418786,-0.9143578597416491,0.0,-2.0043576219002297
496450,-5.774387857265113,-4.937839777792419,1.0,-0.8365480794726938
496490,-2.4594228127635347,-0.2896246745885214,0.0,-2.1697981381750133
496549,-13.337087470566642,-16.384318597415717,4.0,3.0472311268490753
496621,-13.480653581966251,-13.2621753683592,3.0,-0.21847821360705133
496723,-6.601010028319229,-7.31076623870012,1.0,0.709756210380891
496778,-9.411497743142744,-9.291916360500757,2.0,-0.11958138264198759
496880,-12.253918432176375,-12.767150621576596,3.0,0.5132321894002203
496954,-12.972947179216067,-14.92183512772166,3.0,1.9488879485055932
497355,-10.469061465408874,-8.96706093269691,2.0,-1.502000532711964
497367,-12.704368050915267,-12.155180081853537,3.0,-0.5491879690617303
497374,-9.7053107572835,-23.294831889996193,2.0,13.589521132712692
497379,-33.510241484211576,-31.87414558254988,12.0,-1.6360959016616974
497435,-14.487054735847623,-14.976359391715627,4.0,0.4893046558680041
497528,-9.790964906179273,-9.567674586328994,2.0,-0.22329031985027825
497557,-2.4487306143584466,-1.4813409710145136,0.0,-0.9673896433439331
497560,-40.128810616397494,-45.9133619866316,14.0,5.784551370234105
497764,-116.41451702055541,-110.47910707727782,47.0,-5.935409943277591
497794,-22.691479607329796,-22.862900455636748,6.0,0.17142084830695126
497835,-9.129609831208317,-9.17587436896677,2.0,0.04626453775845363
497889,-13.499444770390674,-14.890636788009761,3.0,1.3911920176190868
497954,-6.444357046399881,-11.93457168647877,1.0,5.490214640078889
497998,-13.137140162816577,-14.912455438963285,3.0,1.7753152761467081
498099,-39.59505651169337,-35.07706282580539,11.0,-4.51799368588798
498101,-2.3142283077759798,-1.177625112814377,0.0,-1.1366031949616027
498179,-5.804932948172373,-7.7331346530479035,1.0,1.9282017048755309
498217,-10.703895603312647,-9.192522048838173,2.0,-1.5113735544744742
498340,-11.319991966833198,-8.646182578891262,2.0,-2.6738093879419367
498380,-14.643697381878388,-15.385975027617436,4.0,0.7422776457390476
498411,-20.973555843126487,-21.166486826775383,6.0,0.19293098364889616
498435,-41.28568840247154,-39.36225601632249,11.0,-1.9234323861490523
498488,-36.70661985004303,-38.669633761254815,15.0,1.9630139112117817
498582,-24.68520686254024,-23.830182250366175,8.0,-0.8550246121740663
498609,-46.72092842765422,-57.623334722278265,16.0,10.902406294624043
498659,-30.50547772658428,-28.459212772946497,10.0,-2.0462649536377846
498774,-5.817022639233019,-5.112776019847081,1.0,-0.7042466193859385
498848,-75.59684333911848,-90.92180557249614,34.0,15.324962233377661
498895,-2.2315667811900415,-3.164936961060574,0.0,0.9333701798705327
498969,-9.519491858131461,-11.661304465414048,1.0,2.1418126072825867
498978,-46.20801140654689,-49.60116378751878,17.0,3.393152380971891
498996,-10.869336134011423,-8.84228243228996,2.0,-2.0270537017214636
499010,-6.535259915969758,-5.0725125358245435,1.0,-1.4627473801452142
499100,-36.360252532906344,-32.29702734363387,11.0,-4.0632251892724724
499424,-7.54630366740087,-5.5759088652314155,1.0,-1.9703948021694542
499600,-44.611556182265346,-49.75992657562382,21.0,5.148370393358476
499636,-2.2891006715456053,-1.177625112814377,0.0,-1.1114755587312282
499710,-15.946125008961726,-17.11382589234072,4.0,1.1677008833789948
499720,-5.545764058912718,-5.274189847854837,1.0,-0.2715742110578816
499775,-5.120499689921387,-5.001498944223109,1.0,-0.11900074569827801
500004,-9.941618696812418,-8.55454595718492,2.0,-1.3870727396274969
500056,-6.254124341563769,-5.862534535165199,1.0,-0.3915898063985699
500063,-2.051618667378372,-2.2305212821727562,0.0,0.17890261479438418
500228,-9.6083690144751,-9.95900607069671,2.0,0.35063705622160946
500331,-21.928733963647154,-24.980055296363723,7.0,3.0513213327165687
500776,-6.221775772550013,-5.130914293310418,1.0,-1.090861479239595
500797,-24.37405120223842,-19.905057373889676,5.0,-4.468993828348744
500820,-27.05669496236249,-26.55518146021875,8.0,-0.5015135021437374
500824,-4.048502403456857,-0.266477538213968,0.0,-3.782024865242889
500932,-64.0933653230898,-58.00054537933108,27.0,-6.09281994375872
501004,-2.197372086920222,-1.8619417899251736,0.0,-0.3354302969950482
501132,-11.801656538471688,-13.495639693546114,3.0,1.6939831550744255
501174,-15.763110946351272,-17.896919178025474,4.0,2.1338082316742017
501307,-9.477917578180984,-10.645251445051432,2.0,1.1673338668704485
501315,-5.447392600419423,-5.7191464847894915,1.0,0.2717538843700682
501340,-13.539338877405877,-12.266028443787627,3.0,-1.2733104336182492
501365,-47.869654750773414,-45.0256932834543,15.0,-2.8439614673191116
501428,-18.401100048870944,-20.593982562934446,5.0,2.192882514063502
501445,-56.07906229708722,-50.726408014317464,19.0,-5.352654282769755
501482,-55.70907733612333,-56.17555751866166,22.0,0.46648018253833357
501515,-26.66573772000205,-27.975709703200437,10.0,1.3099719831983876
501523,-57.59868569778769,-86.76056084324206,24.0,29.161875145454374
501533,-14.381256776514173,-13.808593247002172,3.0,-0.5726635295120008
501657,-6.239390161482682,-7.310804357364589,1.0,1.071414195881907
501753,-6.09007002262701,-5.449306275691795,1.0,-0.6407637469352157
501873,-38.044326257256984,-35.18260171016174,12.0,-2.8617245470952426
502109,-8.157866795762923,-8.545447905351741,2.0,0.38758110958881886
502204,-40.21039154798575,-38.16900795725038,14.0,-2.0413835907353715
502253,-15.050872386923007,-13.604447012064615,3.0,-1.4464253748583928
502289,-6.232839945729707,-5.158900581017393,1.0,-1.0739393647123139
502374,-20.472802917487755,-19.002294095113363,5.0,-1.4705088223743914
502387,-14.10685724677686,-14.122572439832318,4.0,0.015715193055457988
502472,-35.69238574531707,-33.063302728494826,11.0,-2.6290830168222428
502593,-19.89953645096914,-19.89124797455017,6.0,-0.008288476418972124
502761,-20.527110177516164,-19.983715475557002,6.0,-0.5433947019591621
502765,-20.918809886405377,-21.253257250714928,6.0,0.33444736430955047
502798,-73.6465419086797,-77.72735381539873,39.0,4.080811906719035
502833,-4.756014284273309,-3.911067836615605,0.0,-0.8449464476577044
502976,-19.619694377543386,-21.50242471051613,6.0,1.882730332972745
503208,-5.8508620700037435,-5.439841526273097,1.0,-0.4110205437306469
503218,-32.05994491431062,-32.57430605902634,10.0,0.5143611447157213
503614,-21.336238911716887,-25.247367745060146,6.0,3.911128833343259
503637,-6.886521744275921,-5.053674111548249,1.0,-1.8328476327276721
503734,-11.45961512573878,-13.194572243871843,3.0,1.734957118133062
503818,-11.234687591168278,-11.477194449435501,3.0,0.24250685826722318
503910,-3.065889250306058,-2.9999202620151957,0.0,-0.06596898829086228
503991,-9.2170735129691,-8.981184161604535,2.0,-0.23588935136456435
504061,-35.80710647672408,-40.141506741670305,12.0,4.334400264946225
504220,-48.97736862644438,-75.72455828410338,18.0,26.747189657659
504223,-48.24746519865035,-49.02402738787714,21.0,0.7765621892267873
504301,-12.475752247514041,-12.173987656252953,3.0,-0.30176459126108846
504309,-5.93698797826897,-11.007559193816348,1.0,5.070571215547378
504367,-2.5736962011298394,-2.088772687414786,0.0,-0.4849235137150534
504376,-27.80208483125836,-25.7448285084733,8.0,-2.057256322785058
504377,-19.335998451491292,-18.994617594758324,6.0,-0.34138085673296814
504614,-24.13990015473347,-21.91132115092244,6.0,-2.2285790038110314
504649,-12.806507182414059,-11.76672211618521,3.0,-1.0397850662288484
504698,-33.995437811672396,-32.439811472251655,12.0,-1.5556263394207406
504746,-5.858891772091577,-5.001498944223109,1.0,-0.8573928278684679
504882,-2.433313587407395,-2.6962044038150594,0.0,0.26289081640766465
504953,-75.76571346159136,-87.75750205730209,43.0,11.99178859571073
505133,-43.472169790646056,-45.22512570828089,12.0,1.7529559176348357
505254,-73.7873305376228,-74.82353004524356,37.0,1.0361995076207648
505382,-27.153623040340197,-26.646645691648242,8.0,-0.5069773486919544
505419,-19.257927510942725,-18.87595736776092,5.0,-0.3819701431818068
505473,-37.340338948077495,-32.54474805987397,10.0,-4.795590888203527
505564,-6.355514386827196,-13.903417981368326,1.0,7.54790359454113
505807,-62.5722799905064,-59.42262398766397,28.0,-3.149656002842434
505922,-6.3492622854400835,-5.077949863450209,1.0,-1.2713124219898742
505985,-5.8502943824203255,-6.028979060101831,1.0,0.1786846776815052
506434,-72.72429564901869,-57.918417549140244,18.0,-14.805878099878441
506445,-15.853356896930983,-14.927241830770413,4.0,-0.9261150661605697
506489,-9.431872338919803,-8.899319942488932,2.0,-0.5325523964308712
506671,-10.012580670201382,-8.564754504093159,2.0,-1.4478261661082232
506702,-13.549445679722394,-11.923610992333822,3.0,-1.625834687388572
506724,-20.628708745471414,-20.271916090643405,5.0,-0.35679265482800915
506809,-6.003445851538209,-5.074139345262636,1.0,-0.929306506275573
507143,-6.0978103397597465,-5.408674297876219,1.0,-0.6891360418835273
507146,-34.96283126203546,-32.940484719375796,11.0,-2.022346542659662
507256,-14.934240763412513,-13.28762720344934,3.0,-1.646613559963173
507301,-96.4886332038745,-81.57654903102765,44.0,-14.912084172846846
507371,-24.179994901572144,-20.398120767416117,6.0,-3.781874134156027
507539,-47.250356834501034,-46.75089447708182,20.0,-0.49946235741921186
507575,-62.821383691140554,-60.91641905838348,18.0,-1.9049646327570713
507628,-11.57037459639015,-11.90661246070844,3.0,0.3362378643182886
507791,-15.442980360280854,-16.118814921578068,4.0,0.6758345612972132
507805,-20.990121207560225,-19.467442933063293,6.0,-1.5226782744969327
507893,-62.623645546841146,-64.7101724658795,31.0,2.0865269190383486
508003,-15.594137620328635,-14.94718572467475,4.0,-0.6469518956538849
508013,-18.296268003327334,-20.00385440366415,6.0,1.7075864003368153
508043,-14.91282463210501,-19.99722057503758,4.0,5.08439594293257
508142,-14.370642095135326,-13.531202382264121,3.0,-0.8394397128712043
508167,-5.817545310579767,-5.054977870273966,1.0,-0.7625674403058014
508242,-48.08758492783904,-46.69473081720739,19.0,-1.3928541106316459
508243,-37.90893643777499,-48.73101934640762,17.0,10.82208290863263
508321,-9.480936266589929,-9.883800730981838,2.0,0.40286446439190904
508369,-15.563818481305292,-15.017629209435915,4.0,-0.5461892718693768
508396,-11.532379683827562,-14.12898047141662,3.0,2.5966007875890575
508675,-26.97867239892534,-35.269356490341295,13.0,8.290684091415955
508687,-38.382994556615174,-43.556439140408756,16.0,5.173444583793582
508725,-17.8496647874232,-26.93833534207751,5.0,9.08867055465431
508738,-13.440195027931717,-16.00922862822993,3.0,2.569033600298214
508785,-3.0764025725484654,-1.7850568292146498,0.0,-1.2913457433338156
508921,-13.681225893044587,-18.718474292614545,3.0,5.0372483995699575
509297,-57.85278260618219,-92.23430918569542,21.0,34.381526579513235
509342,-15.685554908848193,-15.403977928408686,4.0,-0.28157698043950674
509443,-2.275803773410543,-1.7850568292146498,0.0,-0.49074694419589315
509451,-6.325817110869703,-4.930491213712799,1.0,-1.395325897156904
509540,-57.493233796124734,-56.40400680526285,24.0,-1.0892269908618815
509556,-30.984066029366605,-31.44309410988299,11.0,0.4590280805163829
509602,-19.800050317674703,-20.889915431428204,6.0,1.0898651137535005
509611,-27.649956160846102,-30.988451653392925,11.0,3.338495492546823
509826,-10.075906355861887,-8.64596457904874,2.0,-1.4299417768131466
509952,-2.6847610919231886,-13.62997529901997,0.0,10.94521420709678
509977,-22.022771165920375,-23.780788549145655,6.0,1.7580173832252797
510168,-3.495482951170148,-0.8739092546142408,0.0,-2.621573696555907
510342,-23.904911336655648,-23.734640453402058,8.0,-0.17027088325358974
510410,-17.74417125184654,-17.096730156663543,5.0,-0.6474410951829981
510479,-12.535750342832033,-8.958245629251774,2.0,-3.577504713580259
510559,-28.51196496118953,-28.79844759159627,9.0,0.2864826304067378
510601,-22.68071504020134,-21.240372908827023,6.0,-1.4403421313743152
510650,-20.193343902380867,-19.27487323619176,5.0,-0.9184706661891084
510680,-2.3432517858588082,-2.088772687414786,0.0,-0.25447909844402217
510683,-45.08332532368486,-47.985577790484186,19.0,2.9022524667993252
510811,-10.320816316830209,-16.208186322557026,3.0,5.887370005726817
510835,-6.3597684131486965,-5.273999247536676,1.0,-1.08576916561202
510859,-8.403875162569468,-6.394323677408004,1.0,-2.009551485161464
510864,-9.599198528709154,-8.748821253359209,2.0,-0.8503772753499454
510976,-63.90958474546473,-105.41263132053052,34.0,41.503046575065795
511029,-14.112142948341866,-12.697851163442913,3.0,-1.4142917848989534
511177,-18.368389136062934,-22.07655196268183,6.0,3.7081628266188957
511285,-99.15380166148869,-83.35194856437728,45.0,-15.801853097111405
511289,-5.731304176630575,-10.257621818058752,1.0,4.526317641428177
511301,-11.318001976768215,-8.684725905898153,2.0,-2.633276070870062
511359,-28.868384768428157,-26.748714678688053,7.0,-2.1196700897401044
511464,-28.095599323168848,-28.905503967957145,10.0,0.8099046447882969
511624,-2.7366200500167355,-2.6962044038150594,0.0,-0.040415646201676036
511745,-12.734727392796199,-14.041481342243815,3.0,1.3067539494476161
511902,-38.34571538405317,-34.90723954518743,11.0,-3.4384758388657417
511907,-6.469580412925307,-5.014592075292253,1.0,-1.4549883376330541
511918,-11.63178106595947,-13.063932412911745,3.0,1.432151346952276
511933,-12.822496540781055,-12.137408257481713,3.0,-0.6850882832993417
511960,-8.689386995409352,-8.739590762495562,2.0,0.05020376708620944
511983,-2.194119904668049,-1.177625112814377,0.0,-1.016494791853672
512009,-26.114214314778394,-25.075738539162003,7.0,-1.0384757756163907
512185,-28.498901715450675,-27.016231538112482,9.0,-1.4826701773381927
512222,-17.91362186421959,-16.60679814640345,4.0,-1.3068237178161404
512334,-3.2708136587677417,-4.518499553015877,0.0,1.2476858942481353
512475,-22.404275239363407,-23.36276713293028,7.0,0.9584918935668725
512477,-50.126138955053094,-44.663653393533245,17.0,-5.462485561519848
512646,-9.27859343908396,-9.02438470873924,2.0,-0.25420873034472
512822,-30.1118957534566,-40.19674132990815,14.0,10.08484557645155
512971,-7.217609757918158,-4.2147836948157416,0.0,-3.0028260631024164
513326,-8.199242259327239,-8.63155554998551,2.0,0.4323132906582714
513415,-63.064275176171826,-58.17688317690188,24.0,-4.887391999269944
513460,-27.578631084987165,-32.90742682671512,9.0,5.3287957417279515
513466,-43.864629870812664,-41.34060387232364,17.0,-2.524025998489023
513578,-30.05904641078752,-35.638122039448234,10.0,5.579075628660714
513597,-57.03610554034794,-84.51241322453424,31.0,27.476307684186303
513693,-10.178748798930934,-9.663062283193524,2.0,-0.5156865157374106
513932,-2.563199001475075,-1.6167863879240312,0.0,-0.946412613551044
513953,-40.960439715263306,-46.49035119374451,16.0,5.529911478481203
513980,-2.9225218447847503,-1.177625112814377,0.0,-1.7448967319703732
514043,-36.936464457828514,-34.02485135293432,11.0,-2.911613104894194
514343,-16.1393169666635,-14.613385661732492,4.0,-1.5259313049310084
514345,-22.445802450297748,-20.50394833099626,6.0,-1.9418541193014889
514523,-12.57011770045236,-14.158250521749206,3.0,1.5881328212968455
514541,-27.188041444774733,-31.146680884320894,11.0,3.958639439546161
514581,-15.909210405071033,-17.368190220522067,4.0,1.458979815451034
514650,-5.305821273448715,-1.7850568292146498,0.0,-3.5207644442340653
514755,-8.622058425625173,-10.874196286934744,2.0,2.2521378613095706
514954,-4.0892826556660715,-2.098944001181821,0.0,-1.9903386544842507
514976,-87.80951885251316,-79.2061360852154,49.0,-8.60338276729776
515036,-5.8550878211158075,-4.933754108754096,1.0,-0.9213337123617116
515084,-2.1636442024810374,-1.7850568292146498,0.0,-0.3785873732663876
515469,-2.1968611253974695,-1.56939108788397,0.0,-0.6274700375134994
515501,-17.3526652345398,-15.195482051682076,4.0,-2.1571831828577235
515560,-5.647525639054389,-5.442148311930336,1.0,-0.20537732712405266
515844,-11.547144166892297,-10.565494391160135,2.0,-0.981649775732162
515989,-8.993421870330552,-8.957221498831423,2.0,-0.03620037149912925
516162,-5.873731109925796,-5.115002849215627,1.0,-0.7587282607101686
516166,-4.235717198861093,-1.9374313332200432,0.0,-2.29828586564105
516192,-9.949799126208324,-9.52736377017685,2.0,-0.42243535603147464
516277,-10.242929574244613,-9.929193666493639,2.0,-0.31373590775097426
516324,-4.560157217400346,-3.303636120215332,0.0,-1.256521097185014
516433,-16.238435372660234,-17.123423073499062,4.0,0.8849877008388276
516637,-54.806814980528955,-47.74030763835908,17.0,-7.066507342169878
516822,-12.678830956916917,-11.602092043119711,3.0,-1.0767389137972057
516824,-27.739860764311704,-26.385991530431426,8.0,-1.3538692338802782
516830,-5.657439070066473,-4.9827084153821355,1.0,-0.6747306546843372
516841,-20.973428531921055,-18.909351366065476,6.0,-2.064077165855579
516877,-6.008633880557497,-6.628156743551344,1.0,0.619522862993847
516904,-13.064853646489391,-15.407721302341097,3.0,2.3428676558517054
516911,-2.3393944945292433,-1.177625112814377,0.0,-1.1617693817148662
517133,-28.010656646801827,-27.00797447475343,9.0,-1.0026821720483987
517175,-22.61810090501104,-22.005099667972768,7.0,-0.6130012370382723
517186,-0.701819289263791,-0.31116342492133386,0.0,-0.39065586434245714
517246,-13.973326537909106,-14.564623225866985,4.0,0.5912966879578789
517270,-2.1341087187985486,-0.266477538213968,0.0,-1.8676311805845804
517322,-6.055212528448399,-5.20607333405758,1.0,-0.8491391943908191
517327,-36.85055521629283,-34.716797484201415,11.0,-2.133757732091418
517333,-23.01126331012318,-39.416229696513895,7.0,16.404966386390715
517363,-3.381816944108199,-1.2597232515197054,0.0,-2.1220936925884937
517497,-9.701493150220992,-10.631509191510027,3.0,0.9300160412890346
517533,-30.76368225537368,-34.32645826713239,10.0,3.5627760117587073
517632,-2.699372178671645,-5.12593126941615,0.0,2.4265590907445054
517690,-9.62255923129893,-13.342147906049481,2.0,3.719588674750552
517746,-12.776599758518099,-14.47404415292024,3.0,1.6974443944021402
517756,-9.332333712466836,-8.924287078114634,2.0,-0.40804663435220156
517792,-29.776180095534674,-34.16174794104658,10.0,4.385567845511904
517832,-3.5389131738740747,-5.733362985816423,0.0,2.194449811942348
517908,-28.14981859034214,-26.755206282969255,8.0,-1.3946123073728849
517981,-6.592923423398944,-7.709210250710924,1.0,1.1162868273119795
518106,-5.918014677362184,-5.051347509300618,1.0,-0.8666671680615652
518123,-28.837194403802712,-27.99937646037598,8.0,-0.8378179434267317
518219,-2.6645931117606874,-0.266477538213968,0.0,-2.3981155735467192
518309,-2.5747618243726254,-2.3924885456149223,0.0,-0.18227327875770305
518343,-27.554141900240634,-29.210771852121532,8.0,1.6566299518808982
518447,-18.675307935683527,-17.970149171368245,5.0,-0.7051587643152821
518514,-171.76357706722843,-151.61676722481738,108.0,-20.146809842411045
518695,-6.282627241761116,-4.9827084153821355,1.0,-1.2999188263789803
518783,-17.79690207907422,-20.146863505300036,5.0,2.3499614262258177
518834,-8.642619850533727,-9.417905699122812,2.0,0.7752858485890854
518882,-98.04612714086296,-102.35935152116751,43.0,4.313224380304547
518935,-2.2874449731383018,-6.340794702216695,0.0,4.053349729078393
519263,-13.134238764485211,-11.509660666656378,3.0,-1.6245780978288327
519264,-32.770969167279176,-29.81389817491197,11.0,-2.957070992367207
519266,-14.542581957841433,-17.60695115340142,3.0,3.064369195559985
519417,-6.940904410760534,-4.956360680798732,1.0,-1.9845437299618016
519552,-37.78138430521147,-36.77687460139511,15.0,-1.0045097038163604
519564,-72.02599598286737,-63.1325651111584,26.0,-8.893430871708972
519672,-25.433319207168342,-27.71530497269488,8.0,2.2819857655265388
519675,-81.5346027446193,-76.8872871811697,39.0,-4.6473155634496095
519702,-3.4932948894582116,-9.074237426017923,0.0,5.580942536559712
519961,-10.090121533522181,-9.256469699640219,2.0,-0.8336518338819623
520204,-20.208197201805838,-18.60561153380395,5.0,-1.6025856680018897
520218,-2.0851779176833807,-1.4813409710145136,0.0,-0.6038369466688671
520371,-5.885712250792104,-5.8217012094019855,1.0,-0.0640110413901187
520479,-19.586274191548526,-18.004603974000336,5.0,-1.58167021754819
520524,-23.348692777522178,-21.933803256283653,7.0,-1.4148895212385248
520590,-19.00721994188654,-21.941267912361386,5.0,2.934047970474847
520740,-61.86558281345518,-58.57561116106669,19.0,-3.2899716523884877
521028,-5.9519021578084095,-5.113139731626799,1.0,-0.8387624261816109
521054,-6.452110071099682,-6.981756840801924,1.0,0.529646769702242
521071,-6.644140533735962,-6.591944456181835,1.0,-0.05219607755412703
521089,-2.314060479142351,-1.7165085243410745,0.0,-0.5975519548012767
521121,-10.24590567773397,-14.555361809281655,2.0,4.309456131547684
521216,-16.559681315731478,-22.959873685339467,4.0,6.400192369607989
521303,-10.326685244515396,-8.839824690469094,2.0,-1.4868605540463022
521479,-31.36995775585095,-36.93319305423928,11.0,5.5632352983883315
521513,-9.504311377480446,-13.18130227451022,2.0,3.676990897029773
521547,-17.611207881422203,-19.275063699711826,5.0,1.6638558182896226
521621,-6.618974322855449,-5.534448474927775,1.0,-1.084525847927674
521907,-19.33017298383367,-25.444447366292266,7.0,6.114274382458596
522010,-2.3971884269157373,-1.177625112814377,0.0,-1.2195633141013602
522037,-14.25675436403351,-14.1679649361853,3.0,-0.08878942784821042
522039,-8.371992705106612,-5.322678124396068,1.0,-3.0493145807105435
522109,-6.194010692251691,-4.94294944482254,1.0,-1.251061247429151
522150,-3.721452924886374,-6.948226418616968,0.0,3.226773493730594
522189,-9.289472649522422,-8.438609390968772,2.0,-0.85086325855365
522203,-77.97327272891225,-70.42700411982452,32.0,-7.546268609087733
522220,-39.71421916080943,-37.24558896709004,13.0,-2.4686301937193846
522264,-22.492069996350846,-22.572503102196855,7.0,0.0804331058460086
522291,-13.857880480600233,-12.349444395339235,3.0,-1.508436085260998
522419,-34.86635078245678,-31.66170482782128,11.0,-3.204645954635499
522426,-8.882066272497497,-8.550347572722094,2.0,-0.33171869977540247
522579,-84.72422580279103,-115.46435765255892,30.0,30.74013184976789
522899,-10.873221535549508,-9.279707602665686,2.0,-1.5935139328838215
522938,-17.88145723355577,-16.98730155301397,4.0,-0.8941556805418003
522955,-19.48195908936342,-21.603158944407607,6.0,2.1211998550441855
522979,-2.0096702714146413,-2.088772687414786,0.0,0.07910241600014478
522984,-31.11028320037792,-28.727431797700365,10.0,-2.382851402677556
523057,-23.62750562173367,-25.764069379179883,6.0,2.136563757446215
523235,-21.49805742095243,-21.276546523918658,6.0,-0.2215108970337738
523268,-40.625731036702454,-50.14375943056088,13.0,9.518028393858422
523330,-20.225182034367066,-23.021754528641058,5.0,2.796572494273992
523363,-19.167191217517484,-17.954273133231606,5.0,-1.212918084285878
523402,-36.81719362618626,-35.747105685346774,12.0,-1.0700879408394854
523433,-5.739795537873933,-5.427323931355463,1.0,-0.3124716065184696
523486,-16.553326880460023,-15.83081616292448,4.0,-0.7225107175355436
523531,-33.166968249850605,-36.79044206382151,12.0,3.6234738139709037
523620,-16.564485947090407,-21.73771339007983,4.0,5.173227442989422
523672,-14.558561813364909,-19.44872327829116,4.0,4.8901614649262495
523796,-24.939530594122186,-26.688427491009676,7.0,1.7488968968874907
523828,-14.065012555532103,-14.116530628060946,4.0,0.051518072528843106
523838,-20.287190188480952,-18.222687475315606,5.0,-2.0645027131653464
523844,-12.442422452058258,-19.39569686619809,3.0,6.953274414139832
523846,-86.5303617303666,-72.04792127798008,18.0,-14.482440452386513
523873,-3.0886854538312813,-7.251942276817105,0.0,4.163256822985824
523986,-79.58732053020663,-114.32629655752375,38.0,34.73897602731712
524065,-9.49373884306612,-8.645182141670281,2.0,-0.8485567013958395
524066,-3.2835779396245783,-1.6214674892898016,0.0,-1.6621104503347768
524153,-21.14290328979476,-19.342026976389622,5.0,-1.800876313405137
524311,-59.0267843425649,-64.09106929962418,21.0,5.064284957059279
524399,-6.4880651125702915,-5.186824768854139,1.0,-1.3012403437161524
524454,-11.70714604809917,-11.749789541752413,3.0,0.042643493653242714
524487,-12.230824031136587,-5.641921675108096,1.0,-6.588902356028491
524584,-78.43131000781548,-69.90679375434541,37.0,-8.524516253470068
524886,-2.149557636856926,-2.6962044038150594,0.0,0.5466467669581334
524983,-34.53810785723048,-37.70263500003448,13.0,3.1645271428040047
525048,-9.479808606602502,-8.756142746762393,2.0,-0.7236658598401089
525203,-6.165956888127969,-5.329238013646518,1.0,-0.8367188744814511
525336,-70.57724706607539,-100.4915752871559,22.0,29.91432822108051
525546,-3.273342565563336,-0.8739092546142408,0.0,-2.399433310949095
525772,-56.21189562227935,-63.384254626073094,28.0,7.172359003793744
525804,-15.051015849650167,-14.139329892585142,4.0,-0.9116859570650249
525817,-6.009684496783446,-11.386629153214274,1.0,5.376944656430828
525830,-6.247462850363183,-5.104997587459201,1.0,-1.1424652629039818
525888,-2.5876756397111844,-2.6962044038150594,0.0,0.10852876410387502
525918,-58.18409394829845,-53.67726362508268,22.0,-4.506830323215766
525979,-24.893387373778374,-24.26578486621736,7.0,-0.627602507561015
526083,-15.177367387882892,-15.140603609939081,4.0,-0.03676377794381125
526113,-2.186565842285781,-2.736310894938024,0.0,0.5497450526522432
526151,-22.70439325168024,-20.322917481801017,6.0,-2.3814757698792235
526289,-70.3604863909825,-74.74818339221696,38.0,4.387697001234457
526349,-4.765146529490991,-4.5431406476069744,1.0,-0.2220058818840167
526410,-55.62905125363975,-52.76371595670299,24.0,-2.865335296936763
526458,-45.41586116973491,-47.1574551062821,18.0,1.74159393654719
526536,-31.914766807793256,-42.318366129203824,10.0,10.403599321410567
526540,-18.570486545035358,-17.336605144992298,5.0,-1.2338814000430602
526619,-49.424353156833426,-49.27987637809456,23.0,-0.14447677873886278
526635,-6.070897191946614,-7.211936237199992,1.0,1.141039045253378
526714,-89.3783792706222,-82.93361656297573,52.0,-6.4447627076464755
526774,-7.625192670661048,-11.075656991503655,1.0,3.450464320842607
526946,-6.210367169702621,-5.427323931355463,1.0,-0.7830432383471573
526984,-19.678400063510175,-21.3719206723384,6.0,1.6935206088282264
527012,-15.15017836176199,-14.088993578752383,3.0,-1.0611847830096064
527018,-16.202761564987853,-18.429183113786863,5.0,2.22642154879901
527311,-6.076497387218252,-6.601701753792846,1.0,0.5252043665745942
527327,-15.671946977565213,-15.718141557675734,4.0,0.046194580110521244
527449,-7.265906986055485,-9.254761717204358,1.0,1.9888547311488738
527587,-14.192082279250915,-13.457816052952216,3.0,-0.7342662262986988
527713,-48.332187672862375,-43.39798181582373,20.0,-4.9342058570386484
527780,-41.78080775707867,-40.33151404307517,15.0,-1.4492937140035025
527866,-2.607485118005725,-9.074237426017923,0.0,6.4667523080121985
527927,-2.453044916415941,-1.2054698242894017,0.0,-1.2475750921265394
527969,-47.83962769088642,-45.040432374828704,17.0,-2.7991953160577125
528268,-5.707542989646256,-5.053776302868574,1.0,-0.6537666867776819
528359,-19.668380983024694,-18.589539068604143,5.0,-1.0788419144205506
528365,-22.7244101040338,-28.47804894171932,8.0,5.753638837685518
528416,-13.036373124541779,-15.635683670938922,3.0,2.5993105463971435
528549,-5.967039211755991,-5.8085039954808755,1.0,-0.1585352162751157
528625,-14.206128295713448,-14.965236092002367,4.0,0.7591077962889194
528643,-2.48233646426902,-2.9999202620151957,0.0,0.5175837977461755
528824,-9.61544674089638,-8.451669933566365,2.0,-1.1637768073300148
528864,-55.59502301464901,-45.145552046230094,14.0,-10.449470968418915
528865,-2.2649158065270854,-4.822215411216014,0.0,2.5572996046889287
529040,-2.6829837546247712,-0.5701933964141045,0.0,-2.112790358210667
529048,-36.63501645675241,-29.53526247838541,8.0,-7.099753978367001
529090,-25.129078132012236,-23.425011336386707,8.0,-1.704066795625529
529107,-9.08720097016359,-8.867733919890936,2.0,-0.21946705027265345
529189,-2.168766077977094,-1.7850568292146498,0.0,-0.38370924876244406
529254,-32.28985486723888,-29.57433500290123,9.0,-2.715519864337651
529442,-2.18667187346701,-2.7442658058487144,0.0,0.5575939323817045
529546,-12.046403951200958,-11.698134545506425,3.0,-0.34826940569453235
529876,-11.007170527348059,-12.146923424162035,3.0,1.1397528968139756
529951,-18.600469603955467,-16.972646884501096,4.0,-1.6278227194543717
530084,-2.522103079505983,-1.7850568292146498,0.0,-0.7370462502913333
530098,-18.867868186839196,-17.772531825568958,5.0,-1.0953363612702383
530440,-6.972474191074211,-6.184817391231742,1.0,-0.7876567998424688
530460,-29.891672867007628,-29.1219208671342,10.0,-0.7697519998734279
530530,-19.351646929766467,-20.21975580032957,4.0,0.8681088705631019
530577,-2.43538799347656,-1.177625112814377,0.0,-1.257762880662183
530591,-24.33671441276546,-21.993200262563317,7.0,-2.343514150202143
530641,-18.44786180138318,-17.37547964242497,5.0,-1.0723821589582094
530941,-46.529742341533144,-50.31359114047362,13.0,3.7838487989404754
530942,-6.679405589893931,-5.976579852559027,1.0,-0.702825737334904
530968,-2.030917465421891,-1.4813409710145136,0.0,-0.5495764944073773
530972,-32.60468170814359,-28.554317980404633,10.0,-4.050363727738954
530987,-43.65004849883229,-50.01943676449165,19.0,6.36938826565936
531132,-18.291400776178005,-17.349718356047095,4.0,-0.9416824201309097
531236,-21.18670048362503,-22.461354840017076,7.0,1.2746543563920447
531425,-23.51489739736424,-21.22582698515735,6.0,-2.2890704122068897
531548,-21.37297835947048,-20.709564174174446,6.0,-0.663414185296034
531582,-6.132018656589001,-5.03343449066246,1.0,-1.0985841659265416
531640,-20.141141939607966,-20.09184794985467,5.0,-0.04929398975329491
531720,-13.100771042180094,-13.44055922594897,3.0,0.3397881837688761
531813,-21.843145996194036,-20.73592886432432,5.0,-1.1072171318697173
531861,-41.677941913455115,-42.775459018770995,14.0,1.0975171053158803
531938,-9.702138860147635,-16.471829664810176,2.0,6.769690804662542
532110,-28.682155189589558,-30.163861967559694,10.0,1.4817067779701354
532131,-11.466198278065955,-12.234646592243175,3.0,0.7684483141772205
532398,-54.122234957445386,-47.23283069813218,17.0,-6.889404259313203
532411,-35.107777376728,-30.517169770391092,8.0,-4.59060760633691
532582,-6.862367844438154,-5.514720079561086,1.0,-1.3476477648770677
532674,-5.530363265272879,-5.174189674147462,1.0,-0.35617359112541713
532694,-22.190447506082368,-25.814947737942603,5.0,3.6245002318602353
532738,-11.097552917019364,-9.571429617891031,2.0,-1.5261232991283329
532807,-29.087245756265837,-27.693488843958463,9.0,-1.3937569123073743
532902,-2.5412154222393113,-2.088772687414786,0.0,-0.45244273482452524
532932,-48.54696304404968,-47.317166630447105,17.0,-1.2297964136025783
532960,-14.776427611832043,-16.920869793051406,3.0,2.144442181219363
533174,-12.273538857210333,-12.961963439004132,3.0,0.6884245817937984
533340,-34.667377360144314,-34.79162744329361,12.0,0.12425008314929897
533346,-22.36037253119354,-20.032895449787926,6.0,-2.3274770814056147
533395,-34.66038252651441,-35.985144163788405,14.0,1.324761637273994
533750,-51.18292147567386,-46.91222332082675,21.0,-4.270698154847111
533878,-54.55920318322922,-55.90115947400681,19.0,1.3419562907775884
533923,-2.074462612962265,-1.7850568292146498,0.0,-0.28940578374761516
533968,-34.90971819920897,-35.76943205031276,14.0,0.8597138511037912
534049,-34.04978275906546,-32.9467618123926,13.0,-1.1030209466728564
534147,-10.953155306660497,-11.333182617090984,2.0,0.38002731043048676
534275,-38.241846210876474,-33.50824785211339,11.0,-4.733598358763082
534309,-25.814098264116932,-28.096637697422477,7.0,2.282539433305544
534488,-15.914633851888032,-13.439052342041544,3.0,-2.4755815098464886
534510,-48.07548828361312,-50.70401215225927,16.0,2.6285238686461483
534529,-9.311777155135795,-4.943726298948976,1.0,-4.368050856186819
534572,-5.726611200045788,-5.574688974812184,1.0,-0.1519222252336041
534577,-2.1568297788571695,-1.177625112814377,0.0,-0.9792046660427924
534665,-2.2006388108968924,-0.8739092546142408,0.0,-1.3267295562826515
534797,-18.08243679763939,-19.14713778720618,5.0,1.0647009895667914
534895,-6.349679778318944,-4.972911377380577,1.0,-1.3767684009383663
534901,-2.4548942893162042,-0.266477538213968,0.0,-2.188416751102236
534926,-8.629698139772012,-9.017585813716458,2.0,0.3878876739444461
534959,-37.86719035630169,-33.134683679706505,12.0,-4.732506676595186
535230,-16.10137971526725,-15.414506063145637,4.0,-0.6868736521216121
535253,-2.5818527907900206,-1.7850568292146498,0.0,-0.7967959615753708
535268,-33.150275623483836,-27.787566346416614,8.0,-5.362709277067221
535361,-27.982463382113544,-32.05061282215884,9.0,4.068149440045296
535423,-3.4094414689704986,-4.822215411216014,0.0,1.4127739422455154
535530,-18.73942738258519,-22.006858622626606,6.0,3.2674312400414145
535579,-12.094004645969674,-11.624406853902798,3.0,-0.46959779206687635
535582,-38.86384957471075,-33.619600361365784,12.0,-5.244249213344965
535628,-12.468803894601777,-11.772843369510879,3.0,-0.6959605250908982
535655,-2.1166820312784895,-2.088772687414786,0.0,-0.027909343863703473
535695,-28.716742554475122,-28.10100715392365,9.0,-0.6157354005514719
535882,-45.22310946121516,-47.06409320621882,16.0,1.840983745003662
536047,-28.971844944738645,-27.486037265923656,9.0,-1.4858076788149894
536154,-21.0028690214715,-25.40311676380065,6.0,4.4002477423291495
536180,-2.377014480685152,-0.5701933964141045,0.0,-1.8068210842710477
536181,-2.3979359801341853,-0.8739092546142408,0.0,-1.5240267255199444
536234,-12.5078524536337,-11.742023744652792,3.0,-0.7658287089809068
536290,-17.509520426858856,-18.6077056337173,5.0,1.0981852068584423
536307,-65.88774468157072,-77.635986448704,20.0,11.74824176713328
536403,-26.11581947152867,-27.109014611874844,9.0,0.9931951403461738
536437,-18.186169594693673,-17.556611374715423,5.0,-0.6295582199782501
536516,-5.746999360385708,-4.93974429908819,1.0,-0.8072550612975178
536560,-9.241527243164926,-8.893480107398217,2.0,-0.3480471357667092
536758,-37.87818393904694,-40.69099381039283,12.0,2.812809871345891
537041,-13.557316971234433,-16.687064555103337,3.0,3.1297475838689035
537058,-2.576922538907115,-0.8739092546142408,0.0,-1.7030132842928742
537075,-24.9628816088509,-23.90363304943033,8.0,-1.0592485594205705
537123,-2.4248655647671318,-2.2995574461633623,0.0,-0.12530811860376945
537340,-58.658019967403,-61.513989541650176,29.0,2.855969574247176
537351,-28.087313431927534,-26.600725816579914,8.0,-1.48658761534762
537479,-36.76382468369563,-35.42009569261192,13.0,-1.343728991083708
537787,-7.397889663407604,-5.260546278955986,1.0,-2.1373433844516176
537916,-33.19732316876382,-31.043366378248543,10.0,-2.1539567905152808
537988,-2.058044848013484,-1.177625112814377,0.0,-0.880419735199107
538006,-26.98377732911465,-24.147895715599418,7.0,-2.8358816135152303
538008,-7.003476794991652,-10.251019058373725,1.0,3.2475422633820727
538015,-2.5881175610481737,-5.12593126941615,0.0,2.5378137083679766
538118,-2.6649213606189908,-1.7850568292146498,0.0,-0.879864531404341
538125,-9.31075531034813,-9.06042503438882,2.0,-0.25033027595931046
538209,-10.249154612070758,-14.51771761989831,3.0,4.268563007827552
538220,-24.04905574197786,-23.56360499544696,7.0,-0.48545074653090126
538533,-5.828180014812408,-5.334816632968301,1.0,-0.493363381844107
538624,-2.293354473696504,-1.177625112814377,0.0,-1.115729360882127
538745,-6.876502287555609,-6.20429448120584,1.0,-0.6722078063497694
538920,-22.88335087671319,-22.741064776806304,7.0,-0.14228609990688668
538944,-20.616133089493918,-22.327769791405323,6.0,1.7116367019114058
538970,-91.27563503210033,-83.18434922328552,34.0,-8.091285808814803
538980,-6.028023308769167,-4.994434104298297,1.0,-1.0335892044708697
539004,-10.803857183516044,-9.306994262770417,2.0,-1.4968629207456274
539136,-16.296225398149698,-14.938906377507616,4.0,-1.3573190206420822
539137,-5.638082870627177,-5.519916910799907,1.0,-0.1181659598272704
539224,-11.606832070903012,-8.721033820339583,2.0,-2.885798250563429
539248,-5.867884077536677,-5.0067669990285335,1.0,-0.8611170785081432
539327,-6.307012839103862,-6.042873857547174,1.0,-0.26413898155668836
539369,-5.945307362312055,-4.995220598588175,1.0,-0.9500867637238795
539379,-17.756480184982795,-15.48515070959483,4.0,-2.271329475387965
539381,-16.249649226014842,-15.562937247830773,4.0,-0.6867119781840696
539384,-2.008854130985341,-2.9999202620151957,0.0,0.9910661310298545
539398,-42.46583351359382,-35.477630386101076,12.0,-6.988203127492746
539788,-2.2545846103281444,-1.4813409710145136,0.0,-0.7732436393136308
539882,-5.824072446853697,-9.244452556126834,1.0,3.420380109273137
539912,-8.041370383058009,-8.595963405805538,2.0,0.5545930227475289
540177,-25.881680655560938,-25.39171562064719,8.0,-0.4899650349137481
540227,-2.4197398434328563,-0.991599253017984,0.0,-1.4281405904148723
540401,-17.54700455320814,-18.893540414108603,5.0,1.3465358609004632
540446,-20.101922072199038,-19.847093003585982,5.0,-0.25482906861305565
540620,-12.010724320064375,-15.527275522585844,3.0,3.5165512025214696
540683,-5.823348910694144,-5.127600400421953,1.0,-0.6957485102721916
540701,-38.64669669458047,-39.083450809625006,15.0,0.4367541150445362
540755,-18.501264460705805,-19.739203284848774,6.0,1.2379388241429687
540790,-23.957899154626773,-20.85732507345785,6.0,-3.100574081168922
540818,-17.340738577607144,-16.856966946533902,5.0,-0.4837716310732425
540872,-2.5415669147690134,-2.088772687414786,0.0,-0.45279422735422736
540922,-3.162514717582735,-2.6962044038150594,0.0,-0.4663103137676754
541044,-26.32566215478526,-26.192700712983143,8.0,-0.13296144180211655
541106,-32.621314584636224,-28.976238536388014,10.0,-3.6450760482482103
541289,-2.069371084475549,-3.1856984121794967,0.0,1.1163273277039476
541392,-9.251004690910626,-10.725919998023752,2.0,1.4749153071131254
541400,-19.744486400588954,-19.717817815321542,6.0,-0.026668585267412226
541581,-27.334631529576665,-28.31062422316989,7.0,0.9759926935932235
541594,-2.7490672123249853,-1.177625112814377,0.0,-1.5714420995106082
541603,-9.279232564943797,-8.614112481035301,2.0,-0.6651200839084961
541617,-31.484370866034087,-32.109035983138774,11.0,0.6246651171046871
541775,-88.87542897585053,-81.48081233704296,49.0,-7.3946166388075625
541789,-23.57249236881735,-26.901958164711814,7.0,3.329465795894464
541868,-89.16751344399256,-101.21370956828365,53.0,12.046196124291086
541979,-16.552286138957427,-17.90399582831553,4.0,1.3517096893581027
542063,-12.293047798665622,-12.278363709311428,3.0,-0.014684089354194185
542124,-15.510225134822397,-15.208558936495418,4.0,-0.30166619832697883
542187,-47.96813259093067,-42.88598152494513,12.0,-5.082151065985542
542224,-62.844042827701195,-53.87383500376788,26.0,-8.970207823933315
542231,-2.9199312234352193,-1.7850568292146498,0.0,-1.1348743942205695
542240,-24.893896597462987,-23.147097703428102,7.0,-1.7467988940348853
542356,-5.772665736474932,-5.1929140306283115,1.0,-0.5797517058466202
542449,-32.01184615737879,-32.608711316576034,9.0,0.5968651591972431
542579,-7.492904465120712,-5.543075794371792,1.0,-1.9498286707489196
542596,-6.648352130406821,-5.315150302160157,1.0,-1.333201828246664
542636,-6.189941455468574,-5.398485904097844,1.0,-0.7914555513707304
542690,-12.651187316481302,-11.910799156326132,3.0,-0.7403881601551703
542826,-2.2162556152762525,-3.303636120215332,0.0,1.0873805049390795
542849,-30.79110380208242,-29.907939011574445,11.0,-0.8831647905079762
542904,-13.524191849895074,-17.548430891360066,3.0,4.024239041464993
542932,-17.52964749783586,-17.52118400520608,5.0,-0.008463492629779523
542974,-44.32524014314309,-39.33092702474201,13.0,-4.994313118401081
543443,-72.64650187245344,-71.2545988406974,42.0,-1.3919030317560441
543554,-9.084988897938041,-9.529104735584054,2.0,0.44411583764601303
543642,-41.53483148962458,-38.275835389808144,14.0,-3.258996099816436
543646,-26.65836666810667,-23.61266883809181,6.0,-3.045697830014859
543681,-45.488122269517596,-47.465384013441934,17.0,1.9772617439243376
543714,-23.078602754737766,-23.27033025605669,6.0,0.19172750131892258
543822,-20.175099468754556,-16.74182246460973,5.0,-3.433277004144827
543826,-2.0606771734049993,-1.4813409710145136,0.0,-0.5793362023904858
544012,-14.017277799193822,-14.838507283150781,3.0,0.8212294839569587
544052,-10.535014273988418,-10.415487916514186,2.0,-0.11952635747423201
544153,-27.246286832188737,-29.79707807133134,8.0,2.5507912391426046
544206,-4.199587930900804,-1.7850568292146498,0.0,-2.414531101686154
544207,-2.046964674193706,-2.3924885456149223,0.0,0.3455238714212161
544211,-2.182413484665083,-1.4813409710145136,0.0,-0.7010725136505696
544259,-2.1416162393569143,-0.8739092546142408,0.0,-1.2677069847426734
544362,-9.340157132106832,-8.766936056284932,2.0,-0.5732210758219001
544607,-16.52732783508531,-17.710708096240467,5.0,1.1833802611551576
544631,-14.459309127556498,-15.027790953112355,4.0,0.5684818255558568
544677,-31.763616521665476,-30.53301795127749,10.0,-1.2305985703879863
544732,-3.5176552910254197,-0.266477538213968,0.0,-3.2511777528114516
544739,-2.1808222048965673,-2.3924885456149223,0.0,0.211666340718355
544928,-2.254871895005024,-3.607351978415468,0.0,1.3524800834104442
545085,-18.304948689576822,-18.02191396084096,5.0,-0.28303472873586344
545311,-32.39447925547745,-31.945294684982258,12.0,-0.44918457049519134
545330,-5.881862467473597,-5.117719193454072,1.0,-0.7641432740195251
545398,-5.9551893839429715,-4.9716422683362795,1.0,-0.983547115606692
545631,-13.396234683224565,-12.4586143592738,3.0,-0.9376203239507639
545771,-24.04875410564583,-25.263280894572777,8.0,1.2145267889269462
545855,-5.524150530151113,-5.040734935876955,1.0,-0.4834155942741578
545862,-9.531421517395959,-8.548195440858619,2.0,-0.9832260765373402
545885,-2.7662460783472778,-4.822215411216014,0.0,2.0559693328687363
545955,-35.85293333396427,-37.0568775676051,11.0,1.2039442336408257
546050,-10.836099757968183,-9.817558334902474,2.0,-1.0185414230657095
546065,-22.171233621977915,-24.06724817480046,7.0,1.896014552822546
546106,-6.58026900929312,-4.949509935698037,1.0,-1.6307590735950832
546217,-7.121617463691802,-1.4813409710145136,0.0,-5.640276492677288
546252,-29.97717230397464,-31.733167290992398,11.0,1.7559949870177576
546349,-14.062173235630205,-19.33661156541239,4.0,5.2744383297821855
546374,-6.129726277213072,-4.9900705826250356,1.0,-1.1396556945880363
546400,-5.79178088290178,-4.929054647377197,1.0,-0.8627262355245833
546412,-13.469871435250745,-16.43553908741013,4.0,2.965667652159386
546835,-6.256082424487736,-4.927349506249577,1.0,-1.3287329182381589
546927,-34.364982973846175,-71.8190464152196,15.0,37.45406344137343
546947,-8.32753797242959,-10.156524560631556,2.0,1.8289865882019658
546971,-11.733472401696277,-14.481219810071815,3.0,2.747747408375538
547034,-20.12257937768051,-19.06315849554577,4.0,-1.059420882134738
547314,-26.390606359666577,-24.890295581632515,8.0,-1.5003107780340628
547414,-9.397988803097245,-9.429539288421948,2.0,0.03155048532470239
547555,-2.737015000792636,-1.177625112814377,0.0,-1.559389887978259
547670,-12.348396460633166,-13.702080169464363,3.0,1.3536837088311966
547960,-58.54245469165461,-71.47566129001417,19.0,12.933206598359561
547997,-40.23340469527074,-38.25719341778494,15.0,-1.9762112774858025
548007,-2.5480854482076762,-1.4813409710145136,0.0,-1.0667444771931627
548059,-14.17800288293312,-14.609949705749475,4.0,0.43194682281635544
548088,-2.9145918220270914,-6.340794702216695,0.0,3.426202880189604
548135,-20.23150134683795,-15.12691771422234,4.0,-5.104583632615608
548164,-24.519007516933282,-22.938801173768056,7.0,-1.5802063431652265
548201,-2.786751672221737,-4.518499553015877,0.0,1.7317478807941398
548343,-25.44206823635221,-22.93540348262289,7.0,-2.5066647537293214
548653,-14.966470203270921,-14.481959592238026,4.0,-0.4845106110328956
548728,-3.0497214461137436,-1.7850568292146498,0.0,-1.2646646168990938
548770,-6.9832862982707296,-6.08004967295123,1.0,-0.9032366253194999
548850,-55.82084174039072,-60.05080574171981,29.0,4.229964001329094
548993,-71.56117662925573,-69.98469781165488,27.0,-1.5764788176008437
549123,-2.6754455364260568,-2.6962044038150594,0.0,0.020758867389002678
549190,-16.623248019668747,-20.17652092861472,5.0,3.5532729089459743
549197,-6.786795693079537,-9.197642359637173,1.0,2.410846666557637
549203,-2.4140390167318566,-3.911067836615605,0.0,1.4970288198837483
549292,-9.719291885215837,-11.170731654733268,2.0,1.4514397695174317
549322,-25.223808109896794,-22.121188432316846,6.0,-3.1026196775799484
549413,-45.74639863783794,-38.32623460670329,13.0,-7.420164031134654
549418,-8.210480484201717,-5.058875331536529,1.0,-3.151605152665188
549485,-43.72593646231177,-39.668173238506846,15.0,-4.057763223804926
549589,-2.3053091191342796,-9.074237426017923,0.0,6.768928306883644
549693,-37.6606993352307,-31.046882913019463,10.0,-6.61381642221124
549705,-3.0847889651692437,-1.177625112814377,0.0,-1.9071638523548666
549706,-39.416858785187976,-39.90815067747361,16.0,0.49129189228563064
549882,-6.433358280808021,-5.014170450011537,1.0,-1.419187830796484
549913,-120.56604498450305,-131.2169710010007,55.0,10.65092601649765
550087,-11.685918090418264,-11.737423538555127,3.0,0.05150544813686331
550509,-12.467596890638283,-15.33614883345592,3.0,2.8685519428176374
550579,-53.986597758790786,-45.89590555741935,20.0,-8.09069220137144
550721,-12.205021823146861,-12.395107821456294,3.0,0.19008599830943318
550807,-13.749882305164308,-16.29601373895442,4.0,2.546131433790114
550827,-43.826918151004385,-40.67413253390866,18.0,-3.1527856170957236
550970,-12.587881171664355,-12.165146149155916,3.0,-0.422735022508439
551014,-43.14318285168915,-52.1186184545971,11.0,8.97543560290795
551039,-2.1115200548280324,-1.4813409710145136,0.0,-0.6301790838135188
551062,-28.699345455799218,-26.11358076637576,8.0,-2.5857646894234563
551229,-6.348700750390939,-2.088772687414786,0.0,-4.259928062976153
551335,-84.4415704230504,-155.20640643667554,29.0,70.76483601362514
551403,-33.25013901371294,-35.19214530469883,8.0,1.9420062909858942
551439,-18.661425803605066,-27.908739689910895,6.0,9.247313886305829
551454,-63.946184692573205,-70.59250867248234,18.0,6.646323979909134
551457,-12.28681436610928,-12.176553627312446,3.0,-0.11026073879683373
551459,-20.91035346132422,-21.59874064891151,6.0,0.6883871875872885
551470,-8.440583906390426,-9.250302679806513,2.0,0.8097187734160869
551631,-23.474932830260453,-21.41057288718077,7.0,-2.0643599430796833
551866,-21.794192571190642,-22.90550327764284,6.0,1.1113107064521976
551956,-13.456571578562635,-17.618611669377124,3.0,4.1620400908144894
551968,-34.20610050556199,-32.00054632611257,13.0,-2.205554179449422
552078,-24.9641457235794,-23.871024839432586,8.0,-1.0931208841468134
552248,-9.312152642360058,-9.52323414995786,2.0,0.2110815075978021
552263,-65.40195646584945,-67.2312915011269,33.0,1.8293350352774524
552282,-18.920059322104066,-19.44506143191398,5.0,0.5250021098099147
552706,-13.232029608069718,-13.987615222201072,3.0,0.7555856141313537
552791,-45.56333775334267,-49.902555293304175,11.0,4.339217539961503
552841,-5.66417392256011,-4.928164504255843,1.0,-0.7360094183042669
552889,-13.5812014087432,-12.247909307778698,3.0,-1.333292100964501
552953,-15.350205029210445,-16.43043414567276,4.0,1.0802291164623146
553072,-9.493833048890565,-8.965212227140173,2.0,-0.5286208217503923
553135,-72.70054643684121,-66.9010115378624,35.0,-5.799534898978806
553172,-26.608406425006518,-24.439720399818185,7.0,-2.1686860251883324
553207,-14.638962153249382,-14.259288274879236,4.0,-0.37967387837014677
553222,-7.123184887559949,-5.7191464847894915,1.0,-1.4040384027704578
553291,-13.04332412539956,-14.240274597068497,3.0,1.1969504716689379
553322,-10.579607483143207,-9.592466884089658,2.0,-0.9871405990535482
553328,-21.01200265782694,-20.98405865522189,6.0,-0.027944002605050144
553412,-46.71465159773858,-44.09608504542177,14.0,-2.618566552316807
553538,-6.1986749168625455,-5.769302001859182,1.0,-0.4293729150033636
553557,-11.22083082366836,-12.08428476154314,3.0,0.8634539378747803
553563,-15.451400832198429,-16.338994565422148,4.0,0.8875937332237189
553568,-2.5643946508134454,-2.088772687414786,0.0,-0.47562196339865936
553570,-6.10635773466197,-6.452036070543585,1.0,0.34567833588161445
553676,-47.72558247206138,-56.709456161342445,20.0,8.983873689281062
553722,-32.7017888529758,-56.02211324935366,11.0,23.320324396377856
553773,-2.6981493860380135,-3.607351978415468,0.0,0.9092025923774547
553819,-6.2922279341746385,-5.099282862057394,1.0,-1.1929450721172445
554004,-23.17969271414003,-21.61204153811393,6.0,-1.5676511760261
554081,-1.1080945910888673,-1.7290435139781681,0.0,0.6209489228893008
554173,-8.51670394859865,-9.576946569068813,2.0,1.060242620470163
554235,-19.192541291553667,-18.2370415697048,5.0,-0.9554997218488666
554260,-53.580312326630434,-42.9651238957809,13.0,-10.615188430849535
554520,-15.51973156355601,-17.590427672017512,5.0,2.0706961084615028
554640,-20.28935568134672,-20.712256462261447,6.0,0.42290078091472694
554695,-3.5026760423118986,-3.303636120215332,0.0,-0.19903992209656662
554766,-2.2207233814329372,-3.0145284242364307,0.0,0.7938050428034935
554824,-109.43072572956551,-94.87066817009007,39.0,-14.560057559475439
554863,-3.193642077685037,-0.266477538213968,0.0,-2.927164539471069
554928,-5.77647706223645,-5.01552404139806,1.0,-0.7609530208383894
554952,-5.687114532922028,-7.116949408698105,1.0,1.429834875776077
554985,-12.531199233032059,-12.152295144471077,3.0,-0.3789040885609811
555052,-32.63007292771352,-34.187183570627354,13.0,1.557110642913834
555189,-2.3461608604815067,-1.7850568292146498,0.0,-0.5611040312668569
555195,-14.160816394845376,-14.490062984067727,4.0,0.3292465892223504
555208,-22.033003978096215,-24.494202170015836,5.0,2.461198191919621
555362,-20.496923751817434,-20.641738298227057,6.0,0.14481454640962355
555387,-4.414201210185255,-3.607351978415468,0.0,-0.8068492317697871
555425,-8.882838482081219,-8.596417040253023,2.0,-0.28642144182819607
555469,-9.371502694932898,-11.711959953385303,2.0,2.340457258452405
555560,-32.16293973874541,-31.95339660274463,11.0,-0.20954313600077867
555572,-5.854433948201274,-4.979116291304467,1.0,-0.8753176568968071
555787,-2.364354644539676,-2.3924885456149223,0.0,0.02813390107524638
556173,-56.21740681405625,-62.73913905717189,24.0,6.521732243115643
556249,-28.108074783531368,-31.013792316197783,10.0,2.905717532666415
556427,-5.759146005672251,-5.270569791888072,1.0,-0.4885762137841798
556433,-12.343765717851403,-12.318671230765503,3.0,-0.025094487085899786
556480,-14.838192488074666,-14.685922280421208,3.0,-0.15227020765345856
556612,-20.623949444760957,-19.467169148790216,5.0,-1.1567802959707407
556643,-17.14195009896636,-17.531672130822557,5.0,0.38972203185619847
556707,-2.1124002724881144,-15.90937277139129,0.0,13.796972498903175
556763,-25.74022193344323,-24.458569426432646,8.0,-1.281652507010584
556779,-9.046650330165404,-8.537968133265242,2.0,-0.5086821969001623
556858,-9.550290154482001,-9.57556004827782,2.0,0.025269893795819343
556931,-9.889282157402024,-9.475258775438961,2.0,-0.4140233819630623
556958,-14.139558294128879,-17.92272868509401,4.0,3.7831703909651324
556970,-113.51326565458707,-115.12495590329667,43.0,1.6116902487095928
557025,-2.4946662306502505,-0.5701933964141045,0.0,-1.9244728342361461
557165,-36.9183508103398,-34.56332720502818,10.0,-2.3550236053116222
557221,-46.2828001253028,-45.89317001426469,19.0,-0.38963011103810885
557312,-6.783816326041113,-5.536758844394239,1.0,-1.2470574816468742
557392,-32.49604411448624,-29.611430884479233,10.0,-2.8846132300070053
557439,-13.84537670648646,-12.852107435377231,3.0,-0.993269271109229
557452,-24.48033942249197,-31.186101478467087,8.0,6.705762055975118
557579,-16.3064185986009,-14.975604201432716,4.0,-1.330814397168183
557611,-36.38467556665287,-37.239252850632276,14.0,0.8545772839794097
557702,-20.643578896995848,-21.928573808571937,6.0,1.2849949115760886
557852,-22.934736765231584,-23.3353663980164,6.0,0.4006296327848169
557855,-13.160700222258,-14.300097402915759,3.0,1.1393971806577579
557974,-23.317731055343938,-23.87502680328895,7.0,0.5572957479450125
558028,-8.26998043506084,-9.546595535010075,2.0,1.276615099949236
558074,-9.621889616740047,-9.782959478673437,2.0,0.1610698619333899
558106,-50.04891427978659,-55.93068492060101,17.0,5.881770640814423
558259,-66.95809679027869,-50.18192826588008,16.0,-16.776168524398607
558448,-46.01690289984054,-52.35107058392709,15.0,6.334167684086552
558575,-21.420952794685874,-23.937822715458996,7.0,2.5168699207731215
558593,-28.494090263334655,-31.89358472792718,10.0,3.399494464592525
558657,-22.84440689013925,-21.198469331485864,6.0,-1.6459375586533866
558755,-5.805065055346977,-5.633629921788846,1.0,-0.17143513355813056
558791,-69.568413302489,-70.28485149322209,30.0,0.7164381907330863
558866,-8.776862145868407,-9.328808685354877,2.0,0.5519465394864707
559016,-2.6118128682537765,-2.271851765235827,0.0,-0.33996110301794946
559019,-61.637391864213946,-56.388507636383686,22.0,-5.24888422783026
559028,-12.152960736285745,-11.453380685113613,3.0,-0.6995800511721324
559152,-11.273397051121501,-11.701592557215625,3.0,0.4281955060941236
559502,-2.2033326234987847,-1.7850568292146498,0.0,-0.41827579428413486
559512,-9.796763601523612,-9.672410577765703,2.0,-0.12435302375790869
559517,-39.277700999333334,-36.51602442161979,12.0,-2.761676577713544
559536,-23.543928610500885,-35.12822715242942,7.0,11.584298541928533
559542,-49.528387949704126,-68.49292595390035,19.0,18.96453800419623
559609,-9.895429928349584,-9.589066705965369,2.0,-0.3063632223842152
559955,-12.456650483323338,-12.804338822044828,3.0,0.34768833872148974
559968,-13.421608706224845,-19.548030763604523,4.0,6.126422057379678
560013,-2.3529036210108605,-2.2803896766827134,0.0,-0.07251394432814706
560030,-121.44427047901453,-103.23623835597536,43.0,-18.208032123039175
560047,-11.929058464707698,-11.466672489824845,3.0,-0.46238597488285293
560146,-10.30856212814885,-9.31245983934037,2.0,-0.9961022888084798
560158,-53.651780212075245,-47.10681928754845,17.0,-6.544960924526798
560161,-2.1486270937413057,-2.088772687414786,0.0,-0.059854406326519616
560247,-2.2806753472189096,-1.177625112814377,0.0,-1.1030502344045325
560289,-45.19862655540795,-38.89449090647997,11.0,-6.304135648927975
560423,-14.656191799805866,-12.649705500837866,3.0,-2.0064862989679995
560536,-6.067555395386653,-5.083279762062854,1.0,-0.984275633323799
560620,-6.020505109130616,-10.761316069763792,1.0,4.740810960633176
560752,-5.860286854771239,-18.686811653083883,1.0,12.826524798312644
560814,-31.757103613126827,-36.95227978383277,12.0,5.195176170705945
560830,-2.260665341000964,-1.7850568292146498,0.0,-0.475608511786314
560831,-37.124326408857904,-35.76569430475072,14.0,-1.358632104107187
560855,-19.389855546457223,-18.645766420792995,6.0,-0.7440891256642281
560861,-3.7280609274984804,-2.3924885456149223,0.0,-1.335572381883558
561083,-26.810888300912897,-33.31507793839609,9.0,6.50418963748319
561090,-2.6269043507276533,-4.2147836948157416,0.0,1.5878793440880883
561172,-8.402322715368113,-8.311861950140681,2.0,-0.09046076522743185
561202,-2.3844165446231864,-0.266477538213968,0.0,-2.1179390064092183
561342,-6.057610405506188,-7.153760634500422,1.0,1.096150228994234
561489,-2.041923777474941,-1.177625112814377,0.0,-0.8642986646605639
561587,-5.8764471040181645,-5.352662781490464,1.0,-0.5237843225277006
561613,-126.87220856283462,-102.60102845244873,42.0,-24.271180110385885
561649,-4.887483170525585,-6.644510560416832,0.0,1.7570273898912472
562013,-6.620572120198221,-9.54996578606712,1.0,2.929393665868898
562063,-14.761604762448782,-19.165127720454667,5.0,4.403522958005885
562227,-2.822290893941849,-1.7850568292146498,0.0,-1.0372340647271994
562287,-12.077713980364766,-11.787802355469188,3.0,-0.28991162489557887
562308,-28.26220120485082,-33.1328527116731,8.0,4.870651506822281
562500,-6.323423903287167,-11.738706834477378,1.0,5.4152829311902115
562607,-6.1877043430171605,-21.507773493245626,1.0,15.320069150228466
562807,-12.346816775973881,-11.365946469515357,3.0,-0.9808703064585238
562831,-2.4753383184825273,-1.4813409710145136,0.0,-0.9939973474680137
562855,-17.71598809593379,-21.804665952405134,6.0,4.088677856471346
562949,-12.58162885323793,-12.235315082148725,3.0,-0.34631377108920525
562955,-41.8290121048565,-63.506421041215525,15.0,21.677408936359022
563008,-5.702742580094374,-4.933754108754096,1.0,-0.7689884713402781
563064,-9.63006911617941,-8.57422035653016,2.0,-1.0558487596492494
563091,-48.920576673647226,-47.091243622493856,22.0,-1.8293330511533696
563225,-18.23941580468091,-19.41736744065064,5.0,1.1779516359697304
563244,-9.815152104020829,-11.274591062584124,2.0,1.459438958563295
563297,-9.456489576591059,-8.587275838570152,2.0,-0.8692137380209068
563298,-2.032467663422572,-1.177625112814377,0.0,-0.8548425506081949
563412,-6.088098754055167,-4.8884765458815425,1.0,-1.1996222081736247
563423,-14.862662366906237,-16.472054874722005,4.0,1.6093925078157678
563533,-20.9564381875463,-19.812872903975947,6.0,-1.1435652835703536
563590,-32.54685629724697,-28.54246739930264,7.0,-4.004388897944327
563657,-35.242006895069636,-31.713601796435142,9.0,-3.5284050986344937
563661,-11.95730236018263,-14.289794328516733,3.0,2.332491968334102
563734,-2.684211982818665,-1.4813409710145136,0.0,-1.2028710118041515
563921,-8.071053966804529,-6.465891662117395,1.0,-1.6051623046871342
563986,-15.410671190327573,-15.791747646222547,4.0,0.3810764558949735
564027,-2.781150312380139,-1.4813409710145136,0.0,-1.2998093413656253
564040,-84.23636211221311,-73.53803624957101,47.0,-10.698325862642108
564260,-6.637698167015113,-5.077949863450209,1.0,-1.5597483035649038
564290,-47.5797159388133,-48.87987591651076,16.0,1.3001599776974615
564599,-2.384836656422426,-1.4885543858120807,0.0,-0.8962822706103455
564655,-23.12471175385727,-21.52801418805845,7.0,-1.59669756579882
564696,-7.263260386592966,-12.776468763491842,1.0,5.513208376898875
564867,-30.081820179552793,-38.966841775016235,13.0,8.885021595463442
564951,-55.33940146202461,-62.112392972722034,20.0,6.772991510697423
565026,-4.513818576793567,-2.3924885456149223,0.0,-2.121330031178645
565041,-26.08145051773725,-23.27640201656999,7.0,-2.80504850116726
565198,-11.993822272676702,-14.089861998656993,3.0,2.0960397259802903
565224,-10.26318325265568,-8.48167826765718,2.0,-1.7815049849984987
565348,-16.522364387883833,-19.365083348600184,4.0,2.8427189607163506
565352,-21.847636513719195,-22.33351381936061,6.0,0.4858773056414165
565522,-17.845177506732657,-17.721939303575002,5.0,-0.12323820315765488
565598,-118.08681992995797,-98.68067574750658,40.0,-19.406144182451385
565736,-8.842906660141308,-8.516422502013887,2.0,-0.32648415812742115
565851,-80.72155242738687,-77.90506388623422,34.0,-2.8164885411526512
565918,-26.356442005335484,-28.26506422619639,7.0,1.9086222208609058
565929,-2.0508054887290057,-1.4813409710145136,0.0,-0.5694645177144921
565967,-2.311724010536866,-1.177625112814377,0.0,-1.1340988977224888
566129,-12.41921197616818,-14.719322834978083,3.0,2.3001108588099033
566277,-6.150687228986941,-6.701962640678064,1.0,0.5512754116911234
566491,-6.804875035999997,-5.837399799546488,1.0,-0.9674752364535086
566493,-40.83402426671739,-47.502045604463326,17.0,6.668021337745934
566623,-3.3750209075052915,-1.177625112814377,0.0,-2.197395794690914
566759,-287.88410992002025,-247.77769267245526,315.0,-40.10641724756499
566878,-11.313654950513932,-13.345807529660213,3.0,2.032152579146281
566907,-2.7092089357804645,-1.4813409710145136,0.0,-1.227867964765951
567069,-2.12429818897291,-2.6962044038150594,0.0,0.5719062148421497
567089,-3.075239459407204,-5.12593126941615,0.0,2.050691810008946
567174,-27.34007798499423,-26.583161887546357,8.0,-0.7569160974478741
567279,-2.235870497627589,-1.2530337619346732,0.0,-0.982836735692916
567287,-15.32291018700265,-14.986628938757585,4.0,-0.336281248245065
567398,-9.58419628217586,-9.401159113992758,2.0,-0.18303716818310178
567404,-10.192605042661073,-10.008099429070311,2.0,-0.1845056135907619
567529,-2.0594923217063426,-1.177625112814377,0.0,-0.8818672088919655
567596,-16.448751470159337,-15.06616430903123,4.0,-1.3825871611281073
567647,-16.618487515189884,-14.995540503711064,4.0,-1.6229470114788196
567771,-18.38598139492669,-18.124999594660927,5.0,-0.260981800265764
567797,-2.924405578786623,-1.7850568292146498,0.0,-1.1393487495719734
567829,-2.6862170337115714,-0.266477538213968,0.0,-2.4197394954976033
567963,-9.712623495108405,-9.076902510412562,2.0,-0.6357209846958423
567983,-8.529430782257245,-7.211936237199992,1.0,-1.3174945450572535
568107,-5.589164787046162,-4.980911222143327,1.0,-0.6082535649028351
568119,-20.49422742095619,-21.02780155896095,6.0,0.5335741380047594
568142,-39.27972538584975,-39.334341332597084,14.0,0.054615946747333055
568168,-58.28251891442703,-52.264077955778596,26.0,-6.0184409586484335
568183,-129.36508812934727,-115.91738169182592,49.0,-13.447706437521347
568222,-9.222176072542123,-9.194822844299507,2.0,-0.027353228242615657
568394,-77.85607985857087,-80.2102468885736,35.0,2.3541670300027278
568649,-3.486068049215903,-1.7850568292146498,0.0,-1.701011220001253
568665,-22.8615916400564,-20.989506684832982,6.0,-1.8720849552234178
568864,-2.2130010973764653,-6.513278796931471,0.0,4.300277699555005
569220,-40.11097624491671,-38.65673441248052,13.0,-1.454241832436196
569223,-25.974289825979856,-26.590276519166867,8.0,0.6159866931870113
569246,-63.68939609983228,-55.34456360278639,24.0,-8.344832497045893
569297,-44.298338603852635,-39.70488107836512,16.0,-4.593457525487516
569301,-31.498604177018624,-28.557381611026763,10.0,-2.941222565991861
569358,-6.2940251733218355,-5.0796376460582175,1.0,-1.214387527263618
569428,-19.778606630675064,-24.70600054250336,7.0,4.927393911828297
569436,-159.24795528749297,-154.56360401127503,75.0,-4.684351276217939
569507,-18.516228138890042,-23.756056096998837,5.0,5.239827958108794
569509,-14.705415085383866,-16.179420693317486,4.0,1.47400560793362
569528,-9.223480104487907,-10.838717845429382,2.0,1.6152377409414758
569566,-5.829081651495117,-5.622733163260569,1.0,-0.2063484882345481
569586,-23.79506892248585,-25.572765770211976,7.0,1.7776968477261264
569695,-20.45283265841757,-19.95042158905281,6.0,-0.5024110693647614
569801,-10.275280831385603,-11.322422495063591,2.0,1.0471416636779889
569810,-12.5837628333976,-11.632937764718728,3.0,-0.9508250686788724
569935,-9.061496609116299,-8.49518759826514,2.0,-0.5663090108511586
569986,-11.25285095931087,-12.478107068422378,3.0,1.225256109111509
570098,-12.011309506240826,-11.49158788904819,3.0,-0.5197216171926353
570276,-2.9276671812290735,-16.908827920607436,0.0,13.981160739378362
570279,-12.402829317486807,-11.937832730182148,3.0,-0.4649965873046593
570396,-9.30050879826287,-9.483714035762798,2.0,0.18320523749992823
570634,-13.091606200935963,-11.855699924351917,3.0,-1.2359062765840463
570655,-13.999849979809133,-12.36426821002182,3.0,-1.6355817697873132
570672,-47.48811638240813,-41.90413191833543,15.0,-5.583984464072699
570705,-39.184901978212274,-38.658544859112844,14.0,-0.5263571190994298
570806,-8.989721961500884,-8.788477736358187,2.0,-0.20124422514269646
570856,-39.849845037751926,-56.84849647452241,20.0,16.998651436770487
571049,-26.395097131659902,-30.464297336264675,7.0,4.069200204604773
571256,-5.982685461284847,-4.987048901669764,1.0,-0.9956365596150825
571406,-8.688359394540852,-8.509957306124111,2.0,-0.17840208841674077
571988,-12.027292674419078,-12.236479654853682,3.0,0.2091869804346036
572017,-19.57728579437383,-28.587356687256793,5.0,9.010070892882965
572113,-30.339095205671,-27.621227939965113,9.0,-2.7178672657058875
572215,-13.063752413299841,-11.706777359503542,3.0,-1.3569750537962992
572224,-25.59192090866943,-26.66013981774431,7.0,1.0682189090748793
572362,-9.808411968543108,-9.24062998447667,2.0,-0.5677819840664391
572558,-28.191890684666543,-29.535101823809352,10.0,1.3432111391428094
572794,-5.916600126276445,-5.118830765014903,1.0,-0.7977693612615422
572810,-11.26915182224603,-9.915260176048028,2.0,-1.3538916461980026
572824,-2.0655042288020824,-2.088772687414786,0.0,0.023268458612703657
572860,-3.1161873478707083,-3.303636120215332,0.0,0.18744877234462365
572886,-74.71004481734809,-61.990739707658605,20.0,-12.719305109689486
572943,-9.538284316022478,-10.125487772223694,2.0,0.5872034562012161
573020,-17.62959147375574,-19.1320569918484,5.0,1.5024655180926594
573053,-21.001684085805326,-19.504294317601627,6.0,-1.4973897682036998
573127,-3.367166547278295,-1.7850568292146498,0.0,-1.582109718063645
573145,-33.1752937151774,-33.8567851065217,10.0,0.681491391344295
573355,-6.128168302656034,-5.885423326654198,1.0,-0.24274497600183587
573364,-20.232162248147855,-19.21720867477151,6.0,-1.0149535733763457
573421,-20.04251852300101,-20.986264864885026,5.0,0.9437463418840153
573463,-2.736634114728583,-15.14855459002065,0.0,12.411920475292067
573494,-30.3909172149211,-36.54228571711527,9.0,6.15136850219417
573517,-2.265995559760462,-1.4813409710145136,0.0,-0.7846545887459486
573531,-34.21132413054064,-34.39481062913076,13.0,0.18348649859012056
573579,-37.53759731262884,-31.271103632623813,11.0,-6.266493680005027
573688,-6.0460340354916955,-4.924508577279718,1.0,-1.1215254582119778
573720,-1.9085768898663655,-1.105602932539384,0.0,-0.8029739573269816
573807,-13.61080811815144,-13.126534881271109,3.0,-0.4842732368803304
573862,-21.690082398409544,-24.914434396310167,5.0,3.224351997900623
574037,-25.07693073344473,-23.008893176823378,7.0,-2.068037556621352
574047,-9.64721230801593,-9.5634310059046,2.0,-0.08378130211132984
574093,-1.8469417423125367,-1.693910846650517,0.0,-0.15303089566201966
574312,-13.338499757637672,-17.779895792876154,3.0,4.441396035238482
574345,-8.381823026517381,-8.673385459651515,2.0,0.29156243313413377
574428,-50.9404739561634,-43.857890158925684,19.0,-7.082583797237717
574461,-2.2309451583033666,-3.3171941399170803,0.0,1.0862489816137137
574470,-18.91082679313742,-17.50251950325227,4.0,-1.4083072898851512
574547,-10.50604544449404,-10.369388772645147,2.0,-0.1366566718488933
574693,-5.288776468359058,-4.875734622954937,1.0,-0.4130418454041207
574712,-17.06848745327592,-18.400943330956977,5.0,1.3324558776810562
574837,-36.16469309742474,-37.840214292684074,11.0,1.6755211952593356
574913,-9.71583887706614,-8.736796348071486,2.0,-0.979042528994654
574932,-5.69342549788837,-6.197827228471654,1.0,0.5044017305832842
575020,-2.481928134073228,-1.177625112814377,0.0,-1.304303021258851
575087,-3.221589179249769,-3.303636120215332,0.0,0.08204694096556286
575136,-14.061396104245826,-14.950894584299073,4.0,0.8894984800532466
575201,-16.813683829530156,-16.215482289632256,4.0,-0.5982015398979001
575343,-6.844793796911999,-7.7449935261259935,1.0,0.9001997292139947
575388,-8.989448994220597,-8.63129686665312,2.0,-0.35815212756747705
575634,-32.02467327983274,-31.56693209159082,10.0,-0.45774118824191845
575683,-2.435764503838499,-1.177625112814377,0.0,-1.258139391024122
575693,-24.422724786357804,-22.25929117591328,7.0,-2.1634336104445246
575733,-9.627364636828972,-8.805859833509341,2.0,-0.8215048033196304
575776,-23.618675258913814,-24.041715501267923,8.0,0.42304024235410864
576194,-5.763578699820581,-6.7661743135717005,1.0,1.0025956137511196
576283,-13.066699534387519,-11.9168416866136,3.0,-1.1498578477739194
576285,-2.555870984249932,-3.786490488940752,0.0,1.2306195046908202
576315,-2.0609100055374334,-2.2958983109299687,0.0,0.23498830539253523
576346,-6.651772662180767,-10.444437107299843,1.0,3.792664445119075
576485,-26.699680250172893,-27.622951993725458,8.0,0.923271743552565
576541,-9.021839195869386,-8.560670213663379,2.0,-0.4611689822060079
576758,-34.2847922689051,-35.51627766361421,13.0,1.231485394709111
576790,-28.58259311303185,-32.30437795767257,9.0,3.7217848446407196
576846,-9.359722082776447,-8.63929228622117,2.0,-0.7204297965552762
576882,-48.70429212626467,-45.66622928076749,22.0,-3.03806284549718
576931,-9.27638410226092,-10.716256063715331,2.0,1.4398719614544113
576965,-18.820266547607165,-18.63125217694207,5.0,-0.1890143706650953
577018,-24.69067073005189,-22.575561810513427,7.0,-2.1151089195384642
577125,-6.209897171222592,-5.825139360435609,1.0,-0.3847578107869829
577281,-33.473159585973555,-28.56671930279866,9.0,-4.906440283174895
577368,-12.97675165546694,-12.392754985386674,3.0,-0.5839966700802659
577447,-25.294304663868136,-20.86081666632636,5.0,-4.433487997541775
577471,-5.6887801673632765,-5.680125637476797,1.0,-0.008654529886479523
577537,-16.597959690279293,-16.833168730869378,4.0,0.2352090405900853
577636,-33.29480807378521,-29.44806048307759,9.0,-3.846747590707622
577694,-19.145911811839582,-17.61047844527648,4.0,-1.535433366563101
577718,-8.395941899488188,-8.869198012243244,2.0,0.4732561127550561
577737,-28.292830504333153,-41.82822427495683,8.0,13.535393770623678
577943,-5.408505424528915,-4.796493006261109,1.0,-0.6120124182678062
578011,-16.56405344017099,-19.144562810223277,4.0,2.5805093700522868
578187,-2.017072393510396,-6.0487382463951285,0.0,4.031665852884732
578326,-17.15240482784381,-15.416468184572748,4.0,-1.735936643271062
578332,-9.19896480693119,-8.536452775276752,2.0,-0.6625120316544386
578400,-23.294715361915028,-21.323296701032394,5.0,-1.9714186608826338
578600,-55.9115523157163,-47.309882298167224,13.0,-8.601670017549075
578603,-10.1904113899778,-9.2293259862285,2.0,-0.9610854037492995
578751,-12.530590172276508,-12.617750119384123,3.0,0.08715994710761521
578766,-25.226230839555534,-27.805675957433134,5.0,2.579445117877601
578857,-28.476400702927886,-24.775471763285164,8.0,-3.700928939642722
578859,-12.974088995198091,-12.528528338914196,3.0,-0.4455606562838952
579022,-5.8074639919427,-6.20570489072998,1.0,0.39824089878728053
579127,-32.544649413118684,-32.318179466992106,12.0,-0.22646994612657778
579155,-2.7349746999738387,-3.6249180396061704,0.0,0.8899433396323317
579293,-3.6712522341545144,-3.2669798886742973,1.0,-0.40427234548021707
579355,-6.565413092309032,-6.753227411453507,1.0,0.18781431914447477
579433,-43.93278466475881,-43.62418628051363,17.0,-0.3085983842451867
579460,-21.383887959111746,-19.265196393692573,6.0,-2.118691565419173
579483,-5.9311185296895905,-6.34639181913807,1.0,0.4152732894484794
579523,-6.687817364368376,-5.130672695145089,1.0,-1.5571446692232875
579610,-22.813029561353737,-21.012563975654544,6.0,-1.8004655856991931
579629,-15.072668539334321,-16.285761572991657,3.0,1.2130930336573353
579926,-81.40730194327261,-92.98207543185576,27.0,11.574773488583148
579959,-37.40695069401894,-32.60217208356528,12.0,-4.80477861045366
579960,-45.162450487526144,-42.362744862814736,17.0,-2.7997056247114074
580027,-19.14710522504165,-18.74811749275511,5.0,-0.39898773228653894
580041,-2.192007397267557,-2.9999202620151957,0.0,0.8079128647476388
580120,-9.7589472097741,-9.562186969398423,2.0,-0.19676024037567608
580137,-49.10018110570139,-47.80321280907028,16.0,-1.296968296631107
580141,-5.82519629757921,-4.988240186508845,1.0,-0.8369561110703652
580219,-33.932777324745764,-34.94690757103749,11.0,1.014130246291728
580260,-2.117406977799603,-1.177625112814377,0.0,-0.9397818649852259
580267,-5.8411953789139845,-5.023777849036708,1.0,-0.8174175298772761
580348,-16.24492722589973,-16.25537862522095,4.0,0.010451399321219412
580409,-8.320941490625088,-9.518810513019218,2.0,1.19786902239413
580667,-2.651036099235933,-9.074237426017923,0.0,6.4232013267819905
580702,-2.9207421394493243,-1.4813409710145136,0.0,-1.4394011684348107
580743,-8.9691664293427,-9.125231109816017,2.0,0.15606468047331745
580766,-24.44512343049853,-16.121841273717397,4.0,-8.323282156781133
580782,-5.8370469330274615,-39.04329592564885,1.0,33.20624899262139
580907,-20.49205408326838,-19.148645295019044,6.0,-1.3434087882493344
580923,-71.74133848645506,-59.5662141593214,24.0,-12.175124327133666
580999,-6.353699161498821,-16.984512043709643,1.0,10.630812882210822
581127,-102.24751111139115,-106.25518128135563,52.0,4.007670169964484
581454,-2.5194088025156027,-2.3924885456149223,0.0,-0.12692025690068043
581662,-3.2606930568000365,-5.12593126941615,0.0,1.8652382126161138
581850,-40.29552896160319,-42.08468702124226,12.0,1.789158059639071
581859,-17.93296857286488,-15.88734841986547,4.0,-2.04562015299941
581991,-51.82595782204038,-94.82193506522046,25.0,42.99597724318008
582015,-9.517722209669447,-12.935060367638805,2.0,3.4173381579693576
582143,-11.490108845346507,-9.133642391039457,2.0,-2.35646645430705
582200,-7.503908228424668,-7.5379089290637165,1.0,0.03400070063904881
582206,-19.44004521063693,-19.6861968935379,6.0,0.2461516829009689
582267,-2.232064385335596,-4.224298600581245,0.0,1.9922342152456491
582361,-10.532313609366652,-9.703540023637446,2.0,-0.8287735857292056
582634,-17.5697334905061,-16.43585742914221,4.0,-1.133876061363889
582713,-9.25821915189617,-8.68237361513589,2.0,-0.5758455367602799
582729,-19.920976542211154,-21.61774451155796,6.0,1.696767969346805
582813,-26.9887900770456,-24.724556343089095,8.0,-2.2642337339565053
582823,-15.662177395210508,-15.144913880713432,4.0,-0.5172635144970759
582875,-33.55701483738061,-38.621631484684855,12.0,5.064616647304241
582925,-20.39430491050871,-18.062821868845035,5.0,-2.331483041663674
582980,-51.010671676034164,-41.72730496002644,15.0,-9.283366716007727
583023,-2.3737045939616315,-1.9158706580781537,0.0,-0.45783393588347776
583045,-5.713762078499734,-11.385214436474499,1.0,5.671452357974765
583356,-6.142439834810334,-5.22016347365827,1.0,-0.9222763611520639
583605,-14.089549309332103,-15.369074295423268,4.0,1.2795249860911646
583698,-39.1359588860508,-34.907007730338215,13.0,-4.228951155712586
583725,-48.456578462579984,-90.40733994029573,21.0,41.950761477715744
583862,-6.0138498270024705,-5.170597550069794,1.0,-0.8432522769326765
583895,-10.325784303101106,-12.705657079398124,3.0,2.3798727762970184
583944,-2.3930772399410865,-8.46680570961765,0.0,6.073728469676564
584006,-8.933387200809092,-8.501253551906537,2.0,-0.4321336489025551
584026,-12.192576315540668,-16.176534269440435,3.0,3.9839579538997665
584290,-5.571012014342776,-5.036751754792484,1.0,-0.5342602595502921
584490,-36.269143497492315,-38.868310035319716,15.0,2.5991665378274007
584519,-9.437089088167031,-9.764611908935455,2.0,0.327522820768424
584526,-46.450190141384915,-45.890841410535074,18.0,-0.559348730849841
584647,-24.16329305910151,-22.249057366800333,5.0,-1.914235692301176
584651,-31.41327681097855,-30.610219885838113,11.0,-0.8030569251404387
584842,-6.402416746744104,-5.197382068880416,1.0,-1.2050346778636882
584847,-4.096072574754893,-1.7850568292146498,0.0,-2.311015745540243
584905,-3.671706257091614,-2.088772687414786,0.0,-1.582933569676828
584974,-3.365868042071643,-2.241843642016525,0.0,-1.1240244000551178
584988,-9.064660283758451,-8.556942777857682,2.0,-0.5077175059007697
585003,-31.687225370032493,-32.7279400415961,12.0,1.040714671563606
585305,-40.307436314875304,-55.06787605839366,17.0,14.760439743518354
585349,-2.0088733066064406,-2.0684402333662146,0.0,0.05956692675977404
585365,-25.803286581627365,-28.67655689665754,7.0,2.873270315030176
585413,-39.45079769895247,-83.28238507535906,16.0,43.83158737640659
585427,-11.676240568298859,-14.854434628127926,3.0,3.1781940598290674
585495,-19.432035212596592,-17.739265786335018,5.0,-1.6927694262615738
585562,-32.90540152711578,-30.501160344998443,10.0,-2.4042411821173353
585655,-2.427486877161673,-3.911067836615605,0.0,1.4835809594539318
585844,-12.857908470670033,-12.35965744171861,3.0,-0.49825102895142237
585880,-43.757394032375736,-44.63365192116549,17.0,0.8762578887897519
585890,-45.86559340376864,-47.20170578750337,19.0,1.3361123837347293
585955,-2.3281268874288603,-1.177625112814377,0.0,-1.1505017746144832
585958,-23.945488362359765,-22.538591599134712,6.0,-1.4068967632250526
585991,-10.326776110662188,-10.560027046737716,2.0,0.23325093607552816
586080,-11.868152070523218,-12.412139655994508,3.0,0.5439875854712906
586132,-5.719741713613061,-5.930247593414388,1.0,0.2105058798013273
586276,-19.054907733944365,-19.372524867712617,5.0,0.31761713376825185
586384,-11.619364331536453,-11.641331999030385,3.0,0.021967667493932197
586412,-29.56620695289908,-29.624845575079664,8.0,0.058638622180584576
586489,-5.462954442641766,-5.491697095550326,1.0,0.028742652908560373
586537,-22.459990233788552,-21.015554499220805,7.0,-1.4444357345677474
586544,-7.052841951453644,-5.488737585655845,1.0,-1.5641043657977987
586611,-3.339770962827746,-1.177625112814377,0.0,-2.162145850013369
586681,-10.090870224458007,-8.652854427093887,2.0,-1.4380157973641197
586697,-13.320445299814537,-13.516019513508699,3.0,0.1955742136941616
586910,-63.289214792693734,-57.50244630245903,24.0,-5.7867684902347065
586922,-16.25332027580931,-15.401456104908291,4.0,-0.8518641709010168
586938,-6.338000685006684,-5.230353077053453,1.0,-1.107647607953231
587084,-2.3719683271424903,-3.911067836615605,0.0,1.5390995094731146
587103,-12.085013628092895,-16.094982850163262,3.0,4.009969222070367
587289,-15.302054954661886,-14.31404102133759,4.0,-0.9880139333242948
587354,-17.253996939641702,-16.812519578436817,5.0,-0.44147736120488545
587359,-18.147151614577098,-17.53707540688174,5.0,-0.6100762076953572
587547,-101.47154392375975,-74.09747308499217,19.0,-27.37407083876758
587678,-6.211410322534825,-5.875114165576674,1.0,-0.3362961569581513
587877,-5.871389361287306,-7.665591461390056,1.0,1.7942021001027504
588267,-20.93197577550225,-23.102994328448673,6.0,2.1710185529464248
588805,-21.123751943783883,-22.76711267702015,6.0,1.6433607332362676
588852,-7.89497536110762,-9.408635863826822,2.0,1.513660502719202
588868,-16.306948369502244,-15.688188487226554,4.0,-0.6187598822756897
588883,-26.76772406599819,-38.832905567648865,8.0,12.065181501650674
588900,-19.816093359038824,-23.455526881672938,6.0,3.639433522634114
588999,-31.697628566456572,-32.729395527894845,11.0,1.0317669614382723
589026,-53.734258062692334,-44.00155079273622,13.0,-9.732707269956116
589045,-40.89408574074166,-41.146281572299294,11.0,0.2521958315576356
589050,-16.814777645333315,-18.33858112776629,4.0,1.5238034824329745
589053,-29.97206207242004,-29.68599963198443,10.0,-0.2860624404356109
589115,-18.920487250965955,-17.894380763421964,5.0,-1.0261064875439914
589177,-16.169540917000973,-17.53931834192406,5.0,1.369777424923086
589380,-15.615698979814706,-14.262823551078801,4.0,-1.3528754287359046
589424,-3.9855086133759796,-0.8739092546142408,0.0,-3.1115993587617385
589427,-18.262301811637265,-16.890226054571873,5.0,-1.3720757570653923
589469,-5.653335736542115,-5.284321129787183,1.0,-0.3690146067549316
589580,-5.694916260335579,-5.139073501244257,1.0,-0.5558427590913215
589593,-13.047175670797886,-12.528996255512562,3.0,-0.5181794152853243
589654,-13.582539190877526,-15.371733469021082,4.0,1.7891942781435564
589690,-31.50140984125621,-28.857509687426916,8.0,-2.6439001538292928
589708,-2.1293192316400553,-2.6962044038150594,0.0,0.5668851721750041
589948,-97.54508996253388,-85.63771045863433,49.0,-11.907379503899548
589957,-22.583687710968633,-28.748341053557052,7.0,6.164653342588419
590160,-11.86512356930218,-14.045260463452102,3.0,2.180136894149923
590264,-6.1589800065558755,-8.165521662825139,1.0,2.0065416562692633
590418,-25.668783759979547,-26.20660140978288,9.0,0.5378176498033334
590449,-112.71217187543328,-100.52598960950999,43.0,-12.186182265923293
590528,-3.339639344997351,-3.303636120215332,0.0,-0.03600322478201923
590574,-19.101924382845866,-19.549336332910453,5.0,0.44741195006458767
590952,-2.396079553075503,-8.163089851417514,0.0,5.767010298342011
591016,-3.561544463354829,-5.4296471276162865,0.0,1.8681026642614573
591248,-2.0429302236057705,-1.4813409710145136,0.0,-0.5615892525912569
591376,-2.187117549260076,-1.7850568292146498,0.0,-0.40206072004542603
591399,-28.197991535738925,-31.6430678871895,10.0,3.445076351450574
591420,-22.7233201159339,-22.437872157165746,6.0,-0.285447958768156
591432,-17.246826210144476,-21.27442638260281,5.0,4.027600172458335
591479,-12.018122203728517,-11.763304999172783,3.0,-0.2548172045557333
591486,-12.159176865829858,-12.745267764602186,3.0,0.5860908987723281
591547,-21.335673008419555,-24.09943854878444,7.0,2.7637655403648864
591616,-13.396160952309579,-12.653202017330608,3.0,-0.7429589349789705
591746,-2.200167992657665,-1.177625112814377,0.0,-1.0225428798432878
591803,-76.32433267586869,-76.87750621124725,40.0,0.5531735353785621
592023,-7.033434350790634,-5.7597772612499165,1.0,-1.273657089540717
592029,-6.2436070921657025,-5.87652888231645,1.0,-0.3670782098492529
592093,-5.78114339083512,-5.016211711870066,1.0,-0.7649316789650538
592160,-17.606670065727204,-16.710837666224005,5.0,-0.8958323995031989
592216,-2.703624382504773,-2.6962044038150594,0.0,-0.00741997868971378
592301,-28.395143881394937,-25.699091032047736,9.0,-2.6960528493472005
592381,-2.1819639209202055,-5.733362985816423,0.0,3.5513990648962173
592384,-2.081810875420878,-1.7850568292146498,0.0,-0.29675404620622814
592419,-25.315171449895647,-21.499108253420886,6.0,-3.8160631964747616
592430,-9.990415953128753,-9.152782130732133,2.0,-0.8376338223966204
592461,-2.613341542400371,-1.7850568292146498,0.0,-0.8282847131857212
592491,-18.430829353257202,-20.819198486583907,5.0,2.388369133326705
592722,-29.91163492809949,-27.666831537858062,9.0,-2.2448033902414295
592737,-22.503196769052572,-24.742510882150448,5.0,2.239314113097876
592741,-15.376787215330328,-14.184003640130262,4.0,-1.1927835752000657
592854,-21.138655114964354,-14.901865751066627,4.0,-6.236789363897728
592881,-2.5062577397846444,-2.088772687414786,0.0,-0.41748505236985833
592882,-5.92429003137437,-5.440914182434364,1.0,-0.48337584894000596
593233,-23.122337158002335,-23.963322868135478,8.0,0.8409857101331433
593283,-9.921874413939388,-8.990381041305557,2.0,-0.931493372633831
593419,-10.488710495441515,-17.561707587497068,2.0,7.072997092055553
593440,-2.358391018813712,-2.8029642155149053,0.0,0.4445731967011932
593527,-9.129749627461482,-8.835401610037547,2.0,-0.29434801742393546
593833,-56.67617864771601,-50.60085977763174,21.0,-6.075318870084267
594171,-15.569794443837468,-17.51675086167439,4.0,1.9469564178369207
594422,-16.223157444783034,-18.694828636880285,5.0,2.4716711920972507
594428,-7.387494542709221,-10.57056256060984,1.0,3.183068017900619
594540,-11.829671902582907,-16.287400507890727,3.0,4.457728605307819
594583,-9.396346305453303,-8.581136189186973,2.0,-0.8152101162663303
594753,-19.43099313106834,-18.071886938899148,5.0,-1.3591061921691932
594816,-28.154408917958005,-27.24906787885444,10.0,-0.9053410391035648
594882,-2.248198377782996,-1.4813409710145136,0.0,-0.7668574067684824
594934,-44.59027882520479,-38.583387409995694,10.0,-6.006891415209097
594941,-24.215713054384626,-21.75835001519103,7.0,-2.457363039193595
594992,-19.05929270617938,-20.096774178532407,5.0,1.0374814723530257
595041,-9.563772351788193,-8.637966854689251,2.0,-0.925805497098942
595078,-27.336812811472537,-29.183137868809542,8.0,1.8463250573370047
595087,-11.67977471533191,-8.711595195310613,2.0,-2.9681795200212964
595088,-9.68822787547353,-9.129679597350643,2.0,-0.5585482781228865
595162,-102.3823238746282,-140.81764915477876,48.0,38.435325280150565
595424,-50.115008075417414,-64.25290134970587,23.0,14.137893274288452
595433,-9.493476155144991,-10.692028027428428,2.0,1.1985518722834367
595502,-19.139801632462486,-17.345247405417634,5.0,-1.794554227044852
595554,-5.543300970400405,-6.094358517022932,1.0,0.5510575466225269
595657,-51.94841603727144,-52.20707355272058,25.0,0.25865751544913707
595807,-28.67957546604638,-27.831819102457732,10.0,-0.8477563635886476
595909,-18.314090564825904,-23.802285637739455,5.0,5.488195072913552
596054,-2.313636961252039,-1.7850568292146498,0.0,-0.5285801320373893
596302,-20.463894612638462,-19.536082186393575,6.0,-0.9278124262448877
596349,-26.717517351127587,-22.728294132028967,7.0,-3.989223219098619
596476,-40.02891442086777,-37.21388750610657,15.0,-2.815026914761198
596493,-35.80839475854095,-37.2847987619265,11.0,1.4764040033855537
596502,-12.27833352631278,-12.582506508078126,3.0,0.3041729817653458
596648,-9.578387801567374,-11.951110365206802,2.0,2.372722563639428
596655,-68.16224411369662,-67.21454316787796,36.0,-0.9477009458186529
596770,-2.237301895719224,-2.181293638707806,0.0,-0.056008257011418205
596784,-5.83186533018413,-5.103180320557456,1.0,-0.7286850096266742
596821,-2.008979518458311,-3.607351978415468,0.0,1.5983724599571572
596901,-13.998458992964945,-14.63015463636691,3.0,0.6316956434019652
596919,-32.037644318010486,-38.73303639431119,12.0,6.695392076300706
596927,-24.476036408817304,-22.26722712331272,6.0,-2.2088092855045858
596948,-18.60427445598337,-16.983842831358864,5.0,-1.620431624624505
597005,-15.449547243220191,-14.32822347812838,4.0,-1.1213237650918106
597021,-17.077445236890803,-15.398873987485704,3.0,-1.678571249405099
597026,-12.918957017497304,-16.678367529376185,3.0,3.7594105118788814
597308,-2.578703120333821,-3.607351978415468,0.0,1.028648858081647
597373,-21.176529222643975,-24.855723418228635,6.0,3.6791941955846603
597374,-101.48451339206358,-91.85860285293583,38.0,-9.625910539127744
597605,-10.364666176578355,-9.251641081246104,2.0,-1.113025095332251
597835,-2.0717933380980784,-2.6962044038150594,0.0,0.624411065716981
597925,-13.194674010470296,-14.317727339949439,4.0,1.1230533294791432
598029,-15.369493300377357,-14.361333798787522,4.0,-1.0081595015898355
598047,-16.100677300413658,-17.989177900895346,4.0,1.888500600481688
598171,-5.6436806952266005,-11.329808590986808,1.0,5.686127895760207
598411,-47.23341012869833,-63.50545192736162,17.0,16.272041798663288
598474,-27.400069314254985,-29.2214315861288,8.0,1.8213622718738165
598509,-5.7390998329538,-5.118830765014903,1.0,-0.6202690679388967
598700,-14.628874630161276,-17.664998641986404,3.0,3.0361240118251285
598768,-15.794770910251534,-16.133403194196617,4.0,0.33863228394508305
598782,-3.0480669645033123,-1.4813409710145136,0.0,-1.5667259934887987
598973,-21.03072235259067,-27.90818607100099,5.0,6.877463718410322
599041,-28.008569372465104,-43.94733674731132,8.0,15.938767374846215
599113,-5.884014454010577,-5.104997587459201,1.0,-0.7790168665513759
599317,-5.780228272925217,-6.277626452377089,1.0,0.4973981794518725
599413,-13.047109311571445,-9.851641013155268,2.0,-3.195468298416177
599512,-24.581200360187843,-27.42516314886523,8.0,2.8439627886773877
599615,-21.386136607726847,-27.02890697360809,6.0,5.642770365881244
599695,-6.084445067495205,-4.984607418197858,1.0,-1.0998376492973465
599984,-14.566874303604793,-17.152500814470358,4.0,2.5856265108655645
600013,-2.3697302960036053,-1.177625112814377,0.0,-1.1921051831892282
600060,-17.000223869796546,-3.1126640042205755,0.0,-13.88755986557597
600097,-2.3174348461662544,-2.088772687414786,0.0,-0.22866215875146834
600131,-2.2851762341939175,-2.7093336165515605,0.0,0.424157382357643
600288,-11.785906775313924,-12.218851542035122,3.0,0.43294476672119764
600294,-18.978450563082603,-19.02907658483174,6.0,0.05062602174913522
600296,-3.133694052361879,-8.163089851417514,0.0,5.029395799055635
600521,-3.0541286840676922,-2.6962044038150594,0.0,-0.3579242802526328
600735,-9.328083570571728,-8.632749572003034,2.0,-0.6953339985686942
600953,-35.317401467969866,-35.28823089381919,10.0,-0.029170574150676032
601085,-2.089326133354033,-3.303636120215332,0.0,1.214309986861299
601204,-8.546437530579908,-8.597033136181164,2.0,0.050595605601255755
601243,-39.781753495835375,-36.83366914375997,17.0,-2.948084352075405
601274,-2.3219591611212995,-3.911067836615605,0.0,1.5891086754943053
601432,-2.090781532749004,-0.8739092546142408,0.0,-1.216872278134763
601467,-20.205541226124467,-18.073643810049052,5.0,-2.1318974160754145
601585,-8.863813784130405,-13.092022106801558,2.0,4.228208322671152
601712,-30.71823445113337,-30.21178722186845,9.0,-0.5064472292649214
601737,-6.462642528186019,-5.305490028450277,1.0,-1.1571524997357425
601933,-6.382529084672815,-5.505900602197674,1.0,-0.8766284824751409
602055,-3.4130877433536444,-1.177625112814377,0.0,-2.235462630539267
602068,-6.931813454652656,-7.312806504688255,1.0,0.3809930500355989
602082,-8.891165410247128,-8.43490610120216,2.0,-0.4562593090449685
602130,-19.72892400809794,-27.11718643919807,5.0,7.388262431100127
602166,-10.235187778334671,-8.550664982762838,2.0,-1.6845227955718336
602207,-94.60854741821174,-74.76143944340137,17.0,-19.84710797481037
602339,-2.1132336525147215,-2.088772687414786,0.0,-0.02446096509993545
602388,-27.085589417765405,-24.63262247665275,7.0,-2.4529669411126562
602392,-29.444306160083265,-26.264063110494796,7.0,-3.1802430495884693
602449,-2.465015255213079,-0.5701933964141045,0.0,-1.8948218587989745
602459,-13.42721215961223,-11.708008045851582,3.0,-1.7192041137606484
602518,-20.09399993787763,-21.1082344063982,5.0,1.01423446852057
602599,-9.030833139678569,-8.39632774098622,2.0,-0.6345053986923492
602686,-33.31318531589467,-31.763067273340713,11.0,-1.550118042553958
602840,-27.93656097179979,-28.88844835225413,8.0,0.9518873804543411
602908,-9.780356536437484,-10.900896500133864,2.0,1.1205399636963804
603094,-9.804153279841149,-9.499563686755023,2.0,-0.304589593086126
603185,-6.05509410217087,-5.518094648306305,1.0,-0.5369994538645653
603216,-6.763031647463677,-5.969895430674639,1.0,-0.7931362167890379
603218,-31.37814517820927,-36.60410642423815,11.0,5.225961246028877
603221,-18.660268459938276,-17.469674610238833,5.0,-1.190593849699443
603241,-9.06220716046417,-9.933062623499861,2.0,0.8708554630356904
603338,-9.032261557243539,-12.526358822902864,2.0,3.4940972656593257
603355,-18.064642359902226,-17.848364592534,5.0,-0.21627776736822568
603404,-12.039396952356812,-11.760418389963085,3.0,-0.27897856239372665
603620,-20.956228027436854,-23.084898006456662,6.0,2.128669979019808
603834,-49.487168092940344,-47.09755938755833,22.0,-2.3896087053820168
603868,-51.83237859918874,-58.031690692255026,19.0,6.199312093066283
603878,-6.862734808987061,-5.885423326654198,1.0,-0.9773114823328628
603940,-6.737116806218464,-10.054711509942573,1.0,3.317594703724109
604151,-40.91380190702569,-36.58700065520746,14.0,-4.326801251818232
604206,-18.965983383525103,-21.60874655987438,6.0,2.642763176349277
604284,-17.66444191324226,-19.48171317967829,6.0,1.8172712664360304
604422,-10.016256678225151,-8.75116168399847,2.0,-1.265094994226681
604427,-10.057608582885406,-9.6211597076034,2.0,-0.4364488752820055
604457,-60.22967294678165,-56.7034398928073,16.0,-3.5262330539743445
604510,-3.2012867017291797,-3.6997985615320172,1.0,0.4985118598028375
604674,-5.700921366950042,-10.667790836798178,1.0,4.9668694698481355
604703,-48.170428732483735,-43.848941069257826,16.0,-4.321487663225909
604782,-61.46405269795616,-67.91313082140249,22.0,6.449078123446327
604788,-36.65289273898643,-32.548142158836875,13.0,-4.104750580149556
604884,-82.19451199497655,-78.21162180944992,46.0,-3.982890185526628
604949,-31.115905197989026,-27.857027464359728,10.0,-3.258877733629298
604986,-65.82891133216012,-81.83730640857084,30.0,16.00839507641072
604990,-5.975400039590198,-5.0244584784860375,1.0,-0.9509415611041607
605047,-5.611678655386786,-5.0042138182440565,1.0,-0.6074648371427296
605063,-12.03633142392302,-11.715558493154942,3.0,-0.32077293076807756
605088,-3.1888444764892183,-1.177625112814377,0.0,-2.011219363674841
605143,-5.761043810247609,-4.929945904905384,1.0,-0.8310979053422249
605257,-18.444502027059,-17.53728839068371,5.0,-0.907213636375289
605377,-2.042274587866987,-1.973845814592457,0.0,-0.06842877327453012
605395,-8.565061952255238,-8.43397813318575,2.0,-0.13108381906948807
605404,-5.033963577311492,-6.9037551515131845,1.0,1.8697915742016926
605438,-2.0621871805137437,-1.8911596546318992,0.0,-0.17102752588184456
605484,-22.6730167989177,-23.939679740014988,7.0,1.2666629410972874
605674,-34.55031394823274,-34.91876812404786,12.0,0.36845417581511697
605741,-162.90469365685573,-148.60062749974526,146.0,-14.30406615711047
605857,-32.600911046459295,-31.93152367260719,11.0,-0.6693873738521035
605889,-25.852666747315155,-29.51527209918388,7.0,3.6626053518687236
605960,-6.04944140768323,-4.989319647917328,1.0,-1.0601217597659023
606012,-58.23691276230647,-71.47537474898147,19.0,13.238461986674999
606055,-29.02691540847417,-30.70013880061142,9.0,1.673223392137249
606070,-38.10784327709889,-38.14699920157876,16.0,0.039155924479871373
606147,-15.653390452919524,-17.190754931902788,4.0,1.537364478983264
606186,-6.8821873277971095,-6.33916508780498,1.0,-0.5430222399921298
606365,-45.28918209898907,-45.966693005038294,13.0,0.6775109060492213
606460,-5.675970031904152,-5.86632552570359,1.0,0.19035549379943806
606543,-15.778424336172193,-14.370295195997784,4.0,-1.4081291401744096
606635,-45.028386170081525,-46.05716271184329,13.0,1.028776541761765
606648,-13.365408315917252,-17.763098654579917,4.0,4.397690338662665
606696,-22.985288369558237,-22.88022207463054,7.0,-0.10506629492769548
606701,-6.207291010812278,-4.95994270099938,1.0,-1.2473483098128977
606840,-28.187780863548372,-30.908170739455517,7.0,2.720389875907145
606893,-53.200875067380096,-52.74587885147738,24.0,-0.45499621590271744
606974,-9.312849816118806,-8.350909343445833,2.0,-0.961940472672973
607069,-2.1575860596235565,-2.4041388088666906,0.0,0.24655274924313408
607108,-28.911331992866884,-39.19194127800835,9.0,10.280609285141466
607312,-7.961163892715106,-20.814460590472414,2.0,12.853296697757308
607361,-39.94731675522396,-65.1236459414396,12.0,25.176329186215646
607412,-33.73791652420651,-30.344415346597163,11.0,-3.393501177609348
607527,-26.53519137166849,-30.665869048743218,7.0,4.130677677074729
607683,-6.104911013150319,-6.237483711470633,1.0,0.13257269832031415
607711,-10.665378734410469,-9.587048055641272,2.0,-1.0783306787691966
607780,-30.890758994114965,-27.815597497895027,7.0,-3.0751614962199376
607874,-65.5273977039257,-68.3821040468898,13.0,2.854706342964093
607885,-15.705788964368788,-5.145139153121103,1.0,-10.560649811247686
608099,-18.77603042076878,-19.02103368082655,6.0,0.2450032600577714
608219,-7.231896604883428,-6.0157818461807215,1.0,-1.2161147587027061
608236,-13.238743360340703,-11.624758708717124,3.0,-1.6139846516235785
608253,-65.45321085106708,-62.11638988113522,33.0,-3.336820969931864
608331,-48.3436375150161,-44.08553629534569,18.0,-4.258101219670408
608341,-2.5484196397149144,-0.8739092546142408,0.0,-1.6745103851006735
608355,-48.511640397834206,-47.156588368360914,19.0,-1.355052029473292
608361,-41.754497996697864,-43.4399594988028,16.0,1.6854615021049355
608406,-2.209149326749645,-1.177625112814377,0.0,-1.031524213935268
608458,-54.92681721952522,-57.257482598412906,14.0,2.330665378887687
608534,-26.71363847068928,-24.91607636334479,7.0,-1.7975621073444898
608826,-11.668915623512717,-12.779040843249417,3.0,1.1101252197367
608903,-59.33506729445067,-133.38634899308843,39.0,74.05128169863777
609001,-3.8900784922585276,-1.177625112814377,0.0,-2.7124533794441508
609053,-28.452525701335702,-31.43517761428212,8.0,2.9826519129464195
609059,-34.218311549363904,-34.713137148920275,13.0,0.4948255995563713
609065,-14.898760833484921,-14.608956752698898,4.0,-0.2898040807860234
609066,-3.5909616431921156,-1.1944052231888247,0.0,-2.396556420003291
609167,-7.0890264528914635,-10.592816717018605,0.0,3.503790264127142
609260,-22.418887129169484,-24.52806204116129,7.0,2.1091749119918077
609292,-2.4204980451248272,-2.3924885456149223,0.0,-0.028009499509904945
609429,-37.36205686008879,-42.99638945676419,9.0,5.634332596675399
609443,-13.290480557826523,-13.725659499485012,3.0,0.4351789416584886
609554,-2.6993522276461714,-1.177625112814377,0.0,-1.5217271148317943
609557,-6.309130394827987,-6.644152871465259,1.0,0.33502247663727225
609587,-6.061792468833052,-6.533003509205173,1.0,0.471211040372121
609663,-10.353514093557116,-8.642114736442153,2.0,-1.7113993571149635
609818,-36.58573197041614,-39.855370479804705,13.0,3.269638509388564
609853,-24.992538776960583,-33.40997299955867,8.0,8.417434222598086
609902,-70.36689386354875,-66.30950772640449,27.0,-4.057386137144263
609935,-13.251375424271602,-11.69914104400566,3.0,-1.5522343802659417
610007,-5.467622131392167,-6.680964097267576,1.0,1.2133419658754088
610008,-27.021698327856363,-32.35818258309665,9.0,5.336484255240286
610305,-18.802685666409854,-19.05134541209235,5.0,0.24865974568249527
610307,-2.747540598812513,-2.3924885456149223,0.0,-0.3550520531975905
610343,-2.115581218512562,-1.4813409710145136,0.0,-0.6342402474980484
610439,-139.2974197960036,-133.57494379738122,63.0,-5.722475998622372
610556,-10.785275147545732,-9.708261839668568,2.0,-1.0770133078771646
610587,-38.19602353409998,-36.748237232726154,14.0,-1.4477863013738244
610595,-12.386529748107087,-11.357916833876956,3.0,-1.0286129142301306
610673,-4.457387945842236,-1.177625112814377,0.0,-3.279762833027859
610940,-24.890493900871594,-25.492554881827157,7.0,0.6020609809555637
611086,-3.6562486109220855,-5.733362985816423,0.0,2.0771143748943373
611106,-112.27434145539773,-79.54901113293909,32.0,-32.725330322458646
611221,-13.796720783256474,-12.65564096944677,3.0,-1.1410798138097036
611426,-11.460011950042013,-11.863130910309462,3.0,0.40311896026744876
611472,-34.326992700012475,-29.645357114829768,10.0,-4.681635585182708
611604,-6.375723310994504,-4.991167307448308,1.0,-1.3845560035461961
611613,-5.590777905193949,-4.96184246122413,1.0,-0.6289354439698194
611694,-9.425858998020605,-8.56278504303142,2.0,-0.8630739549891846
611955,-17.636515352260933,-16.857710743202603,5.0,-0.77880460905833
611961,-48.41901341573904,-42.656371468775475,18.0,-5.762641946963562
611964,-98.56798716676971,-91.95850619344127,41.0,-6.609480973328445
611990,-12.73336381628165,-12.263733344064168,3.0,-0.46963047221748155
612074,-28.02560432055345,-40.66350618533453,8.0,12.637901864781082
612078,-2.2208115287546453,-1.4813409710145136,0.0,-0.7394705577401317
612106,-2.1607517644777814,-0.9067527274760621,0.0,-1.2539990370017193
612224,-18.504300098573772,-15.389183245977978,4.0,-3.1151168525957935
612242,-66.64981606917347,-74.17898000993843,32.0,7.52916394076496
612378,-4.167490319592707,-2.8321990775384047,0.0,-1.3352912420543022
612508,-75.72709618968109,-70.35441538326346,38.0,-5.372680806417634
612605,-137.0174008699043,-115.75390785346171,93.0,-21.26349301644258
612635,-16.361034721800916,-17.42967542353546,5.0,1.0686407017345445
612859,-12.16932269960495,-13.795142779439313,3.0,1.625820079834364
612912,-47.21087129643816,-41.932076430981176,12.0,-5.27879486545698
613023,-65.22251258808869,-53.250787717390466,23.0,-11.971724870698225
613223,-6.371686400893821,-5.058335470334234,1.0,-1.3133509305595865
613260,-6.437044534893846,-5.265420212447787,1.0,-1.1716243224460587
613262,-4.833176043379385,-4.804173951446542,1.0,-0.029002091932843754
613269,-95.17643182377184,-80.25399591833526,33.0,-14.922435905436572
613324,-19.073133528785693,-20.412832835340883,5.0,1.3396993065551897
613434,-6.023906235836052,-6.778966087601439,1.0,0.7550598517653864
613447,-16.32508681914245,-13.7920857339066,3.0,-2.533001085235849
613519,-6.32847536555181,-6.483322642428574,1.0,0.15484727687676347
613757,-2.008928150854866,-2.3924885456149223,0.0,0.3835603947600563
613765,-22.08042004709517,-28.545834232351257,5.0,6.465414185256087
613848,-3.665993972849345,-1.7850568292146498,0.0,-1.880937143634695
613924,-9.064356239074923,-9.538071064503619,2.0,0.47371482542869536
613992,-2.589606394590324,-1.4391055835406474,0.0,-1.1505008110496764
614021,-14.381068406952302,-12.356893209066309,3.0,-2.0241751978859934
614201,-28.45590263266685,-27.735907437321497,10.0,-0.7199951953453514
614560,-10.088528697724675,-9.664533145925802,2.0,-0.42399555179887294
614568,-44.20906873862376,-47.24744201830119,14.0,3.0383732796774297
614701,-2.6130470710502993,-3.303636120215332,0.0,0.6905890491650326
614720,-64.42975016008995,-55.76184920052427,23.0,-8.667900959565685
614731,-5.557843199858088,-9.396568355783074,1.0,3.838725155924986
614753,-11.752617439909416,-11.52422755795122,3.0,-0.2283898819581971
614828,-10.880694847023765,-11.936191292456405,3.0,1.0554964454326399
615056,-16.29726118513446,-15.162440751756797,4.0,-1.1348204333776621
615063,-9.229840154601394,-8.498797558820927,2.0,-0.7310425957804672
615086,-25.093438493667193,-24.237481658108052,7.0,-0.8559568355591409
615193,-15.423088497185848,-21.635074846102725,4.0,6.211986348916877
615204,-6.2155028669579515,-5.095613776606004,1.0,-1.1198890903519478
615263,-2.192455556144217,-2.6962044038150594,0.0,0.5037488476708423
615332,-15.476815945933327,-18.680437011167392,4.0,3.2036210652340653
615395,-37.07468314274138,-34.89863532773632,13.0,-2.176047815005056
615435,-10.337060106574077,-9.22832966559757,2.0,-1.1087304409765064
615438,-58.773885793694866,-59.24006133010189,25.0,0.4661755364070217
615519,-25.59647363507905,-23.85490509747881,7.0,-1.7415685376002408
615589,-8.865173735010695,-8.744505348689724,2.0,-0.1206683863209701
615631,-2.6061232870534266,-1.7850568292146498,0.0,-0.8210664578387767
615743,-20.798077354559616,-23.035599451575493,6.0,2.2375220970158765
615767,-49.50989567879649,-48.019008666313134,21.0,-1.4908870124833555
615855,-22.863648281809294,-22.696353574672084,5.0,-0.1672947071372093
616048,-20.73000787138961,-19.34416106190919,5.0,-1.3858468094804195
616119,-36.524197649292105,-37.81225639211816,15.0,1.2880587428260526
616202,-96.4804073547452,-177.9434334858847,40.0,81.4630261311395
616623,-53.36724020351028,-54.037277513208544,18.0,0.6700373096982659
616652,-10.659740707723797,-9.784173133049475,2.0,-0.8755675746743226
616729,-3.9654281012764234,-3.607351978415468,0.0,-0.35807612286095525
616769,-41.67281799862173,-38.49130457042022,16.0,-3.1815134282015123
616798,-9.760862429710018,-8.577345875899038,2.0,-1.1835165538109802
617004,-12.005172417838658,-12.240060265460226,3.0,0.2348878476215681
617282,-13.718056309020366,-16.66693806363632,4.0,2.948881754615954
617313,-2.15197499954372,-1.177625112814377,0.0,-0.9743498867293428
617321,-11.993028031259788,-12.683216674218869,3.0,0.6901886429590807
617351,-2.17025226119214,-2.3924885456149223,0.0,0.22223628442278232
617362,-16.162363539064582,-16.710398024130345,4.0,0.548034485065763
617381,-2.0296560434709887,-1.8101606536822767,0.0,-0.21949538978871197
617426,-14.434853527456259,-16.988421281576656,4.0,2.5535677541203974
617497,-45.32059765314953,-48.64702196525809,20.0,3.326424312108564
617563,-51.95987847148768,-47.65302642971044,18.0,-4.3068520417772405
617588,-18.684079430278505,-27.406265004719785,5.0,8.72218557444128
617705,-11.863374346158626,-12.55657213293365,3.0,0.6931977867750252
617853,-3.4692027372162038,-0.8739092546142408,0.0,-2.5952934826019627
617864,-122.89784949349209,-106.34279166873266,65.0,-16.55505782475943
617967,-2.405997953525287,-2.088772687414786,0.0,-0.31722526611050084
618001,-17.329479583878573,-16.169619073439513,4.0,-1.15986051043906
618055,-1.4612001773229844,-1.9248669634771514,0.0,0.463666786154167
618080,-14.460291486764463,-17.165538313388325,4.0,2.7052468266238616
618082,-57.703443330130185,-83.14890216562632,27.0,25.44545883549614
618153,-10.053552863906146,-12.824812468448288,2.0,2.7712596045421414
618207,-19.361193676249663,-21.364170741252753,5.0,2.0029770650030905
618304,-23.30145147369728,-29.365314583149768,6.0,6.0638631094524875
618325,-18.247972375718966,-17.62211182684783,5.0,-0.6258605488711346
618346,-41.83603652793516,-41.19311553081158,13.0,-0.642920997123575
618500,-20.383506894091333,-26.682306987450968,6.0,6.298800093359635
618627,-9.942082937034844,-8.80360099806679,2.0,-1.138481938968054
618636,-36.33320471222608,-42.75905778971644,13.0,6.425853077490359
618681,-5.736947469665129,-5.010387054995299,1.0,-0.7265604146698301
618700,-10.604947645345643,-9.543550169764385,2.0,-1.0613974755812574
618777,-9.059106256096294,-10.97714739659757,2.0,1.9180411405012752
618778,-7.805646508208867,-9.569931228857632,2.0,1.7642847206487646
618824,-28.29792372810573,-28.475861921743924,8.0,0.17793819363819452
618885,-2.34653510255395,-1.4813409710145136,0.0,-0.8651941315394365
619024,-13.154896776871611,-13.227790814193305,3.0,0.07289403732169397
619171,-3.938078822722035,-10.289100858818468,0.0,6.351022036096433
619189,-27.373754015739518,-35.80092222553235,8.0,8.427168209792828
619254,-31.365299365170575,-29.10826474059955,8.0,-2.2570346245710233
619798,-32.91512009140619,-45.84361961665736,9.0,12.92849952525117
619854,-5.486100630642992,-8.152264296410577,1.0,2.666163665767585
619910,-9.80881286193877,-9.084066550813858,2.0,-0.7247463111249122
620435,-18.33094747144841,-17.627677042730493,5.0,-0.7032704287179179
620575,-5.058401659728746,-1.502448762216766,0.0,-3.5559528975119803
620697,-12.60506731227725,-11.641178272022868,3.0,-0.9638890402543812
620771,-9.29213691816728,-8.533221325940934,2.0,-0.7589155922263462
620781,-161.84738716412883,-147.6818313126075,86.0,-14.165555851521333
620787,-3.2464619836991013,-0.9620982435415126,0.0,-2.2843637401575885
620821,-2.702770686209575,-1.177625112814377,0.0,-1.525145573395198
620852,-2.2204614476315583,-0.5701933964141045,0.0,-1.650268051217454
620854,-23.38914958662301,-23.585435652847593,7.0,0.19628606622458378
620865,-2.563047417842532,-0.9538145604475403,0.0,-1.609232857394992
621248,-20.100976812029305,-22.000351875576335,6.0,1.89937506354703
621283,-16.06267796907609,-14.957143369825497,4.0,-1.1055345992505945
621310,-8.503267788676242,-10.4586369595093,2.0,1.955369170833059
621362,-18.995682491736744,-21.020854106053143,5.0,2.025171614316399
621397,-2.0250571139114895,-1.177625112814377,0.0,-0.8474320010971124
621461,-7.952908626720744,-8.436693329583209,2.0,0.4837847028624651
621479,-21.745267254145638,-22.74523113091618,6.0,0.9999638767705434
621488,-22.657262727351497,-25.183699387550018,7.0,2.52643666019852
621736,-44.964656482834265,-44.20930448205493,18.0,-0.7553520007793324
621790,-16.368528194152656,-15.1672386368214,4.0,-1.2012895573312559
621878,-27.48266426201327,-25.525545636168864,6.0,-1.957118625844405
621901,-17.711232498405032,-18.28223907728607,4.0,0.5710065788810397
621923,-7.489384959857555,-6.683354865086953,1.0,-0.8060300947706018
622219,-28.995805420241084,-32.23819131802211,10.0,3.242385897781027
622346,-8.687748557891107,-11.012924020970546,2.0,2.3251754630794395
622388,-11.131120530268575,-12.570687109017864,3.0,1.4395665787492895
622451,-12.837100859992384,-15.738385814512874,3.0,2.9012849545204897
622565,-28.28360839742195,-27.28619749538933,9.0,-0.9974109020326196
622603,-30.76572843625348,-29.988327545368506,9.0,-0.777400890884973
622879,-2.9700817502951096,-3.607351978415468,0.0,0.6372702281203586
622953,-13.224745761546552,-9.603292076773057,2.0,-3.6214536847734955
623022,-6.020245318875851,-4.980125260226596,1.0,-1.0401200586492552
623121,-2.0497487051473247,-0.266477538213968,0.0,-1.7832711669333565
623232,-5.965995185492512,-5.010196454677137,1.0,-0.955798730815375
623337,-14.039741443770318,-15.72735655567043,4.0,1.6876151119001115
623390,-16.912542053501223,-17.04544196027323,4.0,0.13289990677200691
623489,-19.37917663244482,-20.08516215348624,5.0,0.7059855210414199
623680,-21.441840755216493,-22.570142388276437,7.0,1.1283016330599445
623764,-14.558848238839735,-14.161671677415951,4.0,-0.3971765614237839
624052,-8.117426762365954,-8.724927101752229,2.0,0.6075003393862755
624059,-5.777069654268997,-4.880237460035042,1.0,-0.896832194233955
624071,-4.539696422009194,-1.177625112814377,0.0,-3.3620713091948167
624113,-2.5946052838745506,-3.412617812689639,0.0,0.8180125288150886
624146,-11.991167289555122,-12.220756752835873,3.0,0.22958946328075136
624349,-27.174198337665914,-27.919130748522328,10.0,0.7449324108564142
624469,-9.889332921324929,-9.287313476287448,2.0,-0.602019445037481
624593,-27.27967478753714,-28.402124786731214,9.0,1.1224499991940746
624612,-13.692097139350796,-12.744358795928626,3.0,-0.94773834342217
624648,-2.1483632078855983,-6.037078844016559,0.0,3.8887156361309607
624742,-16.688040686003234,-24.079272501233675,4.0,7.391231815230441
624753,-6.27037978262159,-5.015908535641666,1.0,-1.2544712469799242
624830,-41.08754819373046,-43.7193607169647,17.0,2.631812523234238
624912,-72.8841765716099,-61.459358869262154,34.0,-11.424817702347745
624981,-11.771714491348424,-14.642486335055727,2.0,2.8707718437073027
624990,-16.129571904008042,-15.261688901433294,4.0,-0.8678830025747484
625022,-1.5964657955019,-1.788083297930967,0.0,0.19161750242906717
625048,-52.089887107170945,-48.53458048153318,14.0,-3.555306625637762
625054,-5.5633120130563585,-1.4813409710145136,0.0,-4.081971042041845
625132,-105.2706262904002,-80.1757397183216,32.0,-25.094886572078607
625265,-20.32543782228243,-19.821218951792186,6.0,-0.504218870490245
625284,-19.876774317624257,-18.528779328253385,5.0,-1.3479949893708714
625385,-7.1559765320262505,-1.923718112949924,0.0,-5.232258419076326
625443,-42.02618179836847,-32.670307658868126,9.0,-9.355874139500344
625483,-59.80186861837024,-55.87028141156831,20.0,-3.931587206801936
625690,-25.944511194805248,-29.020264592099537,10.0,3.0757533972942888
625781,-6.247376309736196,-7.198957867228473,1.0,0.9515815574922772
626074,-10.868359814791123,-13.916664483479943,3.0,3.0483046686888198
626146,-12.791802754365118,-11.956930531132755,3.0,-0.8348722232323631
626155,-12.25790215526092,-11.693043645527858,3.0,-0.5648585097330621
626161,-42.92693628924127,-47.298209746959,15.0,4.371273457717734
626218,-35.03794184980854,-45.23161416490396,11.0,10.19367231509542
626317,-15.107912219744234,-18.00470359350967,5.0,2.8967913737654367
626403,-25.200515771416665,-26.063351275978377,7.0,0.862835504561712
626451,-2.617715369127035,-0.8739092546142408,0.0,-1.7438061145127943
626588,-6.1016716999198435,-5.553933834192686,1.0,-0.5477378657271572
626665,-22.922949093336936,-21.215542303648462,6.0,-1.7074067896884735
626773,-17.09525645081557,-17.152248735704262,4.0,0.056992284888693234
626797,-2.1267610088980673,-2.3924885456149223,0.0,0.265727536716855
626869,-2.901127048846172,-9.377953284218059,0.0,6.476826235371886
626967,-15.925317779850053,-15.817743468303023,4.0,-0.10757431154702957
627025,-6.04637826470788,-5.477022986193391,1.0,-0.5693552785144895
627253,-13.09867478059997,-14.620679772389545,3.0,1.5220049917895757
627280,-2.3466862949340634,-2.3924885456149223,0.0,0.04580225068085886
627452,-5.743498805126225,-5.133425057296721,1.0,-0.610073747829504
627560,-26.66845297287092,-29.759340396679008,9.0,3.0908874238080877
627664,-71.33954847573119,-61.01451178033102,30.0,-10.325036695400172
627692,-8.752661657738535,-8.57205225672256,2.0,-0.18060940101597467
627767,-43.20512556360094,-43.81888077600852,14.0,0.6137552124075825
627867,-36.9609755008027,-36.63118488474949,13.0,-0.32979061605320936
627913,-152.14286386318778,-124.07000078386073,65.0,-28.07286307932705
628021,-2.813486777684604,-1.4813409710145136,0.0,-1.3321458066700904
628282,-59.16403930978593,-54.15675940203808,24.0,-5.007279907747851
628444,-18.981964473516854,-21.64420655458804,6.0,2.662242081071188
628522,-31.78146172480655,-44.63985845034322,11.0,12.858396725536668
628633,-9.261509957169984,-8.677791174649096,2.0,-0.5837187825208883
628660,-16.655139864591053,-15.668144041209715,5.0,-0.9869958233813385
628670,-8.872022537982579,-8.584089171311739,2.0,-0.28793336667084013
628689,-22.314088064113143,-20.658806357817724,6.0,-1.655281706295419
628694,-31.071464748696155,-28.423516656839215,8.0,-2.6479480918569394
628802,-2.5571656499675206,-2.9999202620151957,0.0,0.4427546120476751
628847,-28.86894338390671,-28.19420729205879,8.0,-0.6747360918479224
628966,-19.803391055339624,-19.29437614686814,6.0,-0.5090149084714852
629024,-20.800450489152833,-19.827765675747045,6.0,-0.9726848134057882
629054,-17.10689956602054,-15.439360457937783,4.0,-1.6675391080827584
629226,-8.991764902030784,-8.588430239759736,2.0,-0.40333466227104786
629272,-15.142696636709742,-19.464561382101156,4.0,4.321864745391414
629391,-46.031721695004045,-53.53811155979242,21.0,7.506389864788375
629409,-2.4022462302116394,-2.088772687414786,0.0,-0.31347354279685335
629468,-26.70145723603871,-28.687919551258354,8.0,1.9864623152196437
629498,-10.069717738844394,-9.605221387475325,2.0,-0.4644963513690694
629507,-16.835839637830034,-14.642218273134212,3.0,-2.1936213646958223
629574,-22.158935510588538,-25.496896828202942,7.0,3.337961317614404
629644,-6.162415524004257,-5.317186997502678,1.0,-0.8452285265015789
629654,-2.554013214970834,-0.917988629225791,0.0,-1.6360245857450428
629782,-5.676875092218866,-6.440809408538681,1.0,0.7639343163198147
629822,-11.250091840436077,-22.066270531933657,3.0,10.81617869149758
630093,-5.015665828517715,-7.884253064621207,1.0,2.868587236103492
630201,-25.984284905464214,-24.346676168325704,7.0,-1.6376087371385104
630270,-24.87244088110581,-21.45569301892611,6.0,-3.416747862179701
630644,-15.11539923697481,-14.21800915429333,4.0,-0.8973900826814791
630951,-12.88244594559734,-12.261347721603737,3.0,-0.6210982239936023
631050,-63.855664471547065,-56.28213159396499,31.0,-7.573532877582075
631051,-7.766004039642139,-5.304520851980657,1.0,-2.461483187661482
631117,-23.42488343120749,-18.88983935583691,5.0,-4.535044075370582
631169,-23.323881509929763,-22.047603681655524,6.0,-1.2762778282742389
631179,-2.243452363585188,-4.040087733694467,0.0,1.7966353701092785
631297,-2.1131345510604165,-1.177625112814377,0.0,-0.9355094382460394
631344,-5.769283103758102,-5.988400958606176,1.0,0.2191178548480739
631445,-52.85435458046693,-50.61342408011807,21.0,-2.2409305003488598
631639,-27.870129101611948,-26.70379455732856,9.0,-1.1663345442833872
631694,-2.5661660419177634,-4.518499553015877,0.0,1.9523335110981135
631706,-2.855262154737748,-3.911067836615605,0.0,1.0558056818778567
631748,-8.624680755445103,-8.719330865036834,2.0,0.09465010959173092
631785,-16.478451620489658,-18.579900617664325,5.0,2.1014489971746677
631819,-36.9345325286042,-33.403455195808434,12.0,-3.5310773327957676
631834,-3.2582284804373263,-2.088772687414786,0.0,-1.1694557930225402
631865,-15.1940052047766,-15.448763147926261,4.0,0.25475794314966116
631908,-69.79598952774047,-84.26616907058988,29.0,14.470179542849408
632036,-23.231112436176176,-22.93514531528544,7.0,-0.2959671208907366
632165,-12.83650636304873,-11.45992876654324,3.0,-1.3765775965054914
632186,-5.927622946451135,-4.926864120475541,1.0,-1.000758825975594
632373,-36.64706175122325,-32.52585657559147,8.0,-4.121205175631779
632396,-23.21307169849311,-22.048812935471265,7.0,-1.164258763021845
632417,-8.845416408475291,-8.602750571686268,2.0,-0.24266583678902265
632524,-38.52127426542942,-40.72432580567674,11.0,2.2030515402473227
632598,-10.465125924531662,-8.501417099776237,2.0,-1.9637088247554253
632613,-9.12135777777902,-8.591122000464702,2.0,-0.5302357773143171
632642,-8.972745311850064,-10.649171039932213,2.0,1.6764257280821493
632666,-17.051416582218287,-16.174664156390925,4.0,-0.8767524258273625
632700,-19.40974371546001,-18.895699163919428,6.0,-0.5140445515405823
632720,-6.075325653564107,-4.92191217862391,1.0,-1.153413474940197
633021,-6.576835729312075,-5.994255602701393,1.0,-0.582580126610682
633185,-36.27025290006202,-33.84805642431849,10.0,-2.422196475743526
633277,-21.79941019956474,-21.28474476287169,5.0,-0.5146654366930505
633366,-36.52076351391508,-33.880368992896805,11.0,-2.6403945210182727
633434,-8.238937764974812,-8.495345986040443,2.0,0.2564082210656302
633459,-32.30256195499432,-27.2387350364263,7.0,-5.063826918568019
633463,-5.702975426382036,-2.9999202620151957,0.0,-2.70305516436684
633497,-29.620848250068047,-31.43963544982164,10.0,1.8187871997535936
633757,-13.579894005232735,-14.776510819635115,3.0,1.1966168144023808
633814,-2.027950715385994,-2.3924885456149223,0.0,0.36453783022892816
633851,-49.99707200458374,-52.91451785464132,20.0,2.9174458500575753
633907,-70.4735201935195,-58.82130887351922,33.0,-11.652211320000283
634137,-47.78686466699398,-42.40880786524466,18.0,-5.378056801749317
634181,-17.047489810149308,-20.11649182924002,5.0,3.0690020190907106
634509,-2.184505920590519,-2.4041388088666906,0.0,0.21963288827617156
634619,-36.63214870575461,-34.84858722577461,13.0,-1.7835614799800013
634629,-8.83886648246881,-9.381872118683155,2.0,0.543005636214346
634827,-15.39599976718991,-19.19298788377935,4.0,3.7969881165894392
634925,-64.57034822522492,-57.001729828537044,26.0,-7.568618396687874
634964,-8.771890528964892,-8.582211978746706,2.0,-0.18967855021818636
635065,-5.924413163445316,-5.023820257376556,1.0,-0.9005929060687601
635203,-20.46646096369246,-23.59844147333659,7.0,3.13198050964413
635355,-20.6465514365542,-19.734449007483455,6.0,-0.912102429070746
635567,-10.115290220164091,-8.976216178561213,2.0,-1.1390740416028784
635639,-5.8579391160600744,-6.242641404493186,1.0,0.38470228843311194
635708,-2.5389632439450964,-1.7850568292146498,0.0,-0.7539064147304466
635710,-2.899563924021417,-4.822215411216014,0.0,1.9226514871945972
635827,-9.77258074683209,-10.366877726339057,2.0,0.5942969795069661
635863,-122.83257727774318,-104.1429240044472,42.0,-18.68965327329599
636037,-32.41111480019448,-32.54446688576017,12.0,0.13335208556569
636110,-9.398663207480002,-9.48979851721549,2.0,0.09113530973548833
636176,-59.95886074766879,-77.70675402885996,14.0,17.747893281191175
636206,-28.541723884858268,-26.084580136886384,9.0,-2.457143747971884
636256,-10.492794325307285,-11.511757855251544,2.0,1.0189635299442585
636362,-9.604186977309183,-9.857196621509592,2.0,0.25300964420040906
636544,-24.593851894047148,-31.694052008969045,7.0,7.100200114921897
636866,-2.2232701567135025,-1.177625112814377,0.0,-1.0456450438991254
636884,-5.862061808439733,-28.78194312568372,1.0,22.919881317243988
636933,-2.2547931702052946,-1.177625112814377,0.0,-1.0771680573909175
637103,-15.827865774511976,-15.86106222129254,4.0,0.03319644678056477
637353,-40.12190530834956,-42.74558143379457,14.0,2.6236761254450087
637456,-21.36439333139623,-21.813889489537047,7.0,0.44949615814081767
637458,-16.463670526511716,-24.540936241777064,6.0,8.077265715265348
637489,-5.894951556890811,-5.085267083782174,1.0,-0.8096844731086366
637568,-6.11822852146276,-5.009154747666586,1.0,-1.1090737737961742
637573,-10.741196963109642,-8.502038336730344,2.0,-2.2391586263792984
637634,-15.613164995297725,-14.249434690078044,4.0,-1.363730305219681
637647,-12.930532955878279,-13.183586841281262,3.0,0.25305388540298246
637674,-20.82739837595378,-22.352913368448487,7.0,1.5255149924947062
637689,-2.4685216206632052,-3.607351978415468,0.0,1.138830357752263
637744,-9.532339129212092,-8.496593070958854,2.0,-1.0357460582532383
637884,-26.366113648040656,-23.78470165892967,8.0,-2.581411989110986
637961,-30.147098020768382,-30.323853873682452,9.0,0.17675585291407003
637972,-15.214529560902715,-15.377503544622712,4.0,0.16297398371999705
638118,-17.31897183769447,-17.39083227281512,5.0,0.07186043512065154
638151,-6.317580250271356,-5.843520376584919,1.0,-0.4740598736864374
638168,-23.11988326381612,-25.099708015422685,8.0,1.9798247516065643
638499,-45.864066080790764,-43.35302325611588,18.0,-2.511042824674881
638508,-62.42502722371121,-66.83715241127952,29.0,4.412125187568307
638607,-10.308553049119928,-9.731818134660832,2.0,-0.5767349144590952
638704,-2.6206522333565054,-4.822215411216014,0.0,2.2015631778595086
638974,-3.1710119449411946,-2.6962044038150594,0.0,-0.4748075411261352
639078,-8.652530040369877,-8.990483766316466,2.0,0.3379537259465888
639239,-44.107283177159744,-47.978583038342755,18.0,3.8712998611830116
639508,-3.1482244846214735,-0.8739092546142408,0.0,-2.2743152300072325
639924,-6.5329224253101215,-9.177842386031037,1.0,2.644919960720915
639956,-23.47897408647963,-22.912789023941905,6.0,-0.5661850625377269
640018,-34.609719532211514,-30.926196276542722,11.0,-3.683523255668792
640152,-10.996324618439758,-9.50671013905083,2.0,-1.489614479388928
640439,-9.668386916898594,-9.135491131993692,2.0,-0.5328957849049019
640518,-19.760205230804317,-18.602949367169785,5.0,-1.157255863634532
640608,-6.877162031603049,-5.781123107906331,1.0,-1.0960389236967183
640660,-2.6368482065404435,-0.8739092546142408,0.0,-1.7629389519262026
641013,-9.940236710062997,-9.560762625085742,2.0,-0.37947408497725554
641188,-25.970988790720796,-25.87264498994803,8.0,-0.09834380077276705
641499,-2.3214578801128463,-1.177625112814377,0.0,-1.1438327672984692
641591,-2.878186150021408,-1.177625112814377,0.0,-1.700561037207031
641619,-8.963165644451388,-10.707766903038532,2.0,1.744601258587144
642047,-22.114776799133622,-21.371414297944717,7.0,-0.7433625011889049
642291,-20.36916759210137,-18.28822137358403,5.0,-2.08094621851734
642321,-15.007220497531568,-14.07837655741834,4.0,-0.9288439401132287
642390,-2.9298073005421,-1.177625112814377,0.0,-1.7521821877277228
642396,-57.05726103373981,-77.58876055622127,27.0,20.53149952248146
642629,-20.644670587881112,-22.404002109074405,7.0,1.7593315211932925
642632,-104.6728828422356,-90.40405577799719,29.0,-14.268827064238408
642650,-2.427620929751948,-1.177625112814377,0.0,-1.249995816937571
642701,-9.359570468860902,-10.074714352855713,2.0,0.715143883994811
642705,-26.875992494419823,-31.155403718914126,9.0,4.279411224494304
642706,-58.60003665382294,-69.2512000871282,21.0,10.651163433305257
642825,-52.76304976288337,-53.808233004559426,24.0,1.0451832416760567
642840,-24.19432155854006,-23.666275469771932,8.0,-0.5280460887681286
642937,-44.29479101354317,-62.908752319789244,15.0,18.613961306246075
643027,-6.416466485952048,-11.38287209314921,1.0,4.966405607197162
643028,-22.941146060508988,-20.255930527433758,6.0,-2.6852155330752296
643038,-13.923126812942346,-14.002712446953753,3.0,0.07958563401140673
643358,-2.80272662249263,-1.7850568292146498,0.0,-1.0176697932779804
643457,-9.201266563885937,-8.894972187441683,2.0,-0.3062943764442547
643501,-33.66460467225157,-36.478219870773565,11.0,2.813615198521994
643571,-20.33778941416703,-20.679478826232632,6.0,0.34168941206560177
643776,-5.965216805930592,-5.065435220786979,1.0,-0.8997815851436135
643820,-14.99572194314725,-14.271564544801755,4.0,-0.7241573983454952
643899,-30.238660971802474,-26.98928702946272,9.0,-3.249373942339755
643949,-12.62401464511955,-12.099173411258997,3.0,-0.5248412338605526
643963,-7.429984294020815,-5.22016347365827,1.0,-2.2098208203625447
644021,-45.049658480617865,-41.905102312417725,16.0,-3.1445561682001397
644118,-34.1764815068043,-59.22023414235379,14.0,25.043752635549488
644176,-2.550647801470028,-2.3924885456149223,0.0,-0.15815925585510549
644194,-38.55631382173755,-41.7058294730018,13.0,3.1495156512642524
644206,-57.38306984855504,-53.60103943627276,24.0,-3.782030412282282
644265,-6.294514924337961,-6.099856817818513,1.0,-0.19465810651944793
644376,-55.71429011375241,-63.35010388352029,19.0,7.6358137697678785
644682,-2.8036075453873868,-6.644510560416832,0.0,3.8409030150294456
644853,-9.131593643256789,-8.841428915924824,2.0,-0.2901647273319643
644964,-2.4405388433595516,-2.9999202620151957,0.0,0.5593814186556441
645144,-33.962008221557426,-30.036554146285866,10.0,-3.92545407527156
645162,-14.748392336140833,-13.34120052227009,3.0,-1.4071918138707442
645310,-6.466571502341563,-5.68893634722781,1.0,-0.777635155113753
645373,-6.549369304963234,-4.949639521574643,1.0,-1.5997297833885904
645404,-25.16302552526983,-26.431058592493375,7.0,1.268033067223545
645524,-6.292217687217102,-6.030415626437434,1.0,-0.26180206077966783
645750,-60.8828647625053,-59.18018703435731,32.0,-1.7026777281479895
645793,-3.286943606205911,-0.8739092546142408,0.0,-2.41303435159167
645804,-9.119627692116469,-8.648611597318887,2.0,-0.4710160947975819
645818,-19.92942187940007,-22.171338428755927,7.0,2.2419165493558566
645819,-11.72271468287237,-10.758572665968966,3.0,-0.9641420169034038
645846,-13.55255825237854,-16.848275655816014,3.0,3.2957174034374734
645869,-5.768263123126652,-5.399943043780918,1.0,-0.3683200793457342
645874,-52.7607612294222,-92.35311533234517,17.0,39.59235410292297
645881,-3.5544125278997467,-3.607351978415468,0.0,0.052939450515721465
646031,-1.8939125327759738,-6.1243069801113785,0.0,4.230394447335405
646136,-2.377125201704097,-3.1357418134493047,0.0,0.7586166117452078
646271,-6.833939001211997,-5.490636588471568,1.0,-1.343302412740429
646323,-11.24191733725037,-12.247582221375628,3.0,1.0056648841252578
646376,-2.4213454792923255,-0.9143578597416491,0.0,-1.5069876195506764
646403,-5.95843042824233,-4.935928541338466,1.0,-1.0225018869038642
646679,-13.445341409084362,-12.34946130293039,3.0,-1.095880106153972
646746,-42.34336109328426,-37.96036011684268,10.0,-4.383000976441579
646816,-7.30349917182848,-5.005369732719546,1.0,-2.2981294391089335
646925,-12.438188987797085,-15.028817144456687,3.0,2.5906281566596014
646958,-6.100103669446923,-5.225645254083669,1.0,-0.8744584153632537
647213,-5.64348804640157,-5.7389052637745595,1.0,0.09541721737298925
647228,-27.274466136746693,-30.554865837936028,10.0,3.280399701189335
647332,-12.520015430273139,-12.500961528884163,3.0,-0.019053901388975447
647550,-22.31722632364662,-25.034654753486656,7.0,2.7174284298400373
647552,-19.40168213661217,-19.058038720055716,5.0,-0.3436434165564535
647558,-2.4002105063883596,-1.177625112814377,0.0,-1.2225853935739825
647879,-95.50676657115385,-123.83503153596249,51.0,28.32826496480864
647887,-14.46376413805681,-15.318839365391028,4.0,0.8550752273342184
648160,-8.450491749738411,-4.9791700905721905,1.0,-3.471321659166221
648192,-2.1687118891045474,-2.9999202620151957,0.0,0.8312083729106483
648211,-3.385203748854359,-7.859373993217377,0.0,4.474170244363018
648376,-5.9730569925642,-10.053455986789528,1.0,4.080398994225328
648471,-5.5561116521264475,-4.927231030884438,1.0,-0.6288806212420095
648578,-9.054753282837092,-9.194476137646792,2.0,0.13972285480969937
648587,-22.15268650234402,-22.038435563201002,7.0,-0.11425093914301954
648591,-13.336218740966546,-16.692754194159434,3.0,3.3565354531928886
648624,-22.400617042140578,-22.07329632287335,7.0,-0.3273207192672274
648715,-22.813499177620358,-21.626839095004264,7.0,-1.1866600826160933
648837,-13.12082057630079,-12.498442439182329,3.0,-0.6223781371184618
648910,-24.800320903398948,-23.78963578015276,7.0,-1.010685123246187
648976,-6.76479162597472,-5.7191464847894915,1.0,-1.0456451411852283
649082,-16.245478589172503,-17.985808705894705,4.0,1.7403301167222018
649090,-2.118790703143828,-2.4490584612315653,0.0,0.33026775808773756
649173,-10.337598137276611,-11.077260043300187,2.0,0.7396619060235761
649233,-40.57488474788431,-38.738682901854816,17.0,-1.8362018460294962
649311,-5.798071598404598,-5.488737585655845,1.0,-0.30933401274875294
649341,-19.658064366838026,-21.058025084839077,5.0,1.3999607180010507
649389,-12.657141319993798,-13.182365154492427,3.0,0.5252238344986289
649490,-6.466500762982531,-5.915628539053188,1.0,-0.5508722239293435
649602,-6.3585953458969815,-5.678139008748259,1.0,-0.6804563371487227
649701,-17.213073980487255,-14.605415498437829,4.0,-2.607658482049427
649734,-2.764593173538463,-2.088772687414786,0.0,-0.6758204861236767
649947,-9.090894112852853,-10.598345170232882,2.0,1.5074510573800293
649967,-2.761133750571229,-2.3924885456149223,0.0,-0.3686452049563065
650005,-2.385318613290901,-1.7850568292146498,0.0,-0.6002617840762512
650019,-33.507596512526305,-30.977920780432484,9.0,-2.5296757320938212
650153,-6.098683384432272,-4.936119141656627,1.0,-1.1625642427756455
650154,-9.016067286342759,-8.619223242920851,2.0,-0.3968440434219076
650221,-6.189032303739499,-5.0244584784860375,1.0,-1.1645738252534619
650257,-17.27222838577187,-17.092445534889542,4.0,-0.17978285088232937
650291,-2.1381182211952723,-1.177625112814377,0.0,-0.9604931083808952
650322,-24.56750127258463,-23.70758859635711,7.0,-0.8599126762275198
650481,-14.441539783947766,-16.44053246707395,4.0,1.9989926831261844
650939,-26.72655792222816,-22.303608159705224,6.0,-4.422949762522936
651119,-2.1732993478353646,-2.3924885456149223,0.0,0.2191891977795577
651131,-9.44620554302787,-9.94553272171698,2.0,0.4993271786891089
651174,-4.490183608222412,-2.088772687414786,0.0,-2.401410920807626
651285,-80.20726612415834,-78.23734416364512,37.0,-1.9699219605132186
651323,-7.563964841135194,-5.887080666323087,1.0,-1.6768841748121073
651434,-2.168911771803602,-0.266477538213968,0.0,-1.9024342335896338
651444,-20.578767365055565,-23.82061831207983,7.0,3.2418509470242647
651456,-33.66715814359393,-36.70267594778212,12.0,3.0355178041881885
651689,-35.52981303057889,-32.71960792833586,11.0,-2.8102051022430317
651754,-12.990761668661756,-11.572431190195026,3.0,-1.4183304784667303
651787,-10.433039727638464,-9.263367577024596,2.0,-1.1696721506138683
651819,-17.69902778787426,-17.278214867282106,5.0,-0.42081292059215514
651975,-6.570890274118228,-4.994434104298297,1.0,-1.5764561698199309
652062,-11.166644559814822,-11.62529413154424,3.0,0.4586495717294188
652067,-49.958240963000165,-43.43552951945688,16.0,-6.522711443543287
652084,-5.21030917735042,-5.343774500854974,1.0,0.13346532350455398
652088,-5.905043184758029,-5.049593214104749,1.0,-0.8554499706532805
652219,-2.7697520457531892,-2.3924885456149223,0.0,-0.3772635001382669
652530,-41.234066042923324,-36.82795182641243,12.0,-4.406114216510893
652564,-2.427555490523378,-1.549904355232325,0.0,-0.8776511352910528
652626,-2.1746923174067603,-2.3924885456149223,0.0,0.21779622820816202
652701,-21.09148204427983,-21.19357810759483,5.0,0.10209606331500254
652806,-20.649477978580528,-22.784707467525454,6.0,2.135229488944926
652937,-9.128483377164114,-9.470560116916856,2.0,0.34207673975274133
652957,-2.6716454639943388,-1.177625112814377,0.0,-1.4940203511799617
653148,-2.3045659453212406,-2.9999202620151957,0.0,0.6953543166939551
653223,-16.6239168293942,-18.933346065327626,4.0,2.3094292359334254
653336,-9.189205995901808,-8.467903386953616,2.0,-0.7213026089481929
653437,-2.2424877388344338,-1.177625112814377,0.0,-1.0648626260200567
653496,-25.618215227419697,-22.871989671346924,7.0,-2.7462255560727726
653512,-42.85373977372118,-38.73154394149628,14.0,-4.122195832224904
653545,-21.630841720297227,-21.04489962657312,6.0,-0.5859420937241069
653593,-2.4594088846147257,-1.4813409710145136,0.0,-0.9780679136002122
653665,-12.83669097203064,-12.716445580371426,3.0,-0.12024539165921411
653692,-3.471118407759083,-2.088772687414786,0.0,-1.382345720344297
653750,-10.99312375188234,-9.914268259948868,2.0,-1.0788554919334725
653767,-2.0179180783445223,-1.4813409710145136,0.0,-0.5365771073300087
653787,-15.019835465008127,-14.948665257102547,4.0,-0.07117020790557937
653910,-24.913756823849415,-26.504779109407806,8.0,1.5910222855583918
654054,-39.012184370433935,-35.659018922762534,12.0,-3.353165447671401
654058,-2.3960888472585355,-2.3924885456149223,0.0,-0.0036003016436132462
654153,-2.503609687073621,-4.518499553015877,0.0,2.014889865942256
654497,-44.51706199229746,-40.38060200895116,18.0,-4.136459983346299
654689,-27.562485530338556,-27.2200418064403,9.0,-0.3424437238982563
654747,-25.554667915451972,-39.142583489317374,7.0,13.587915573865402
654774,-2.5117538627203886,-1.177625112814377,0.0,-1.3341287499060115
654777,-17.73725358432937,-20.16573621573736,5.0,2.4284826314079915
654789,-18.32483384819344,-16.755777472032715,4.0,-1.5690563761607237
654793,-32.0889763430493,-30.30674952494074,11.0,-1.7822268181085619
655003,-9.696063283754022,-9.1532001332272,2.0,-0.5428631505268218
655407,-12.015582532634262,-12.066249686693034,3.0,0.05066715405877176
655477,-16.224592926551832,-15.838987694620377,4.0,-0.38560523193145535
655695,-9.454870161961118,-8.759780415820462,2.0,-0.6950897461406562
655708,-32.48061457389368,-33.39952179814689,11.0,0.9189072242532106
655782,-13.150506630220026,-14.207247852246017,3.0,1.056741222025991
655806,-27.23499696943801,-25.056103047995435,8.0,-2.178893921442576
656001,-8.844941481389542,-4.9585911348904,1.0,-3.8863503464991416
656090,-6.009667784420905,-6.098601294665469,1.0,0.08893351024456386
656115,-3.0517938174202643,-1.1321832202876931,0.0,-1.9196105971325712
656325,-6.234095721159016,-5.166806559531404,1.0,-1.0672891616276123
656388,-25.02552401419524,-34.733630012987064,6.0,9.708105998791822
656408,-16.74297545380383,-16.67209634426506,4.0,-0.07087910953876886
656614,-40.881960225858776,-44.294962596881184,15.0,3.413002371022408
656677,-53.54112907180824,-58.83505904946192,19.0,5.293929977653676
656708,-14.202214124847133,-13.283689225065018,3.0,-0.9185248997821152
656841,-68.6138562764874,-69.4173327206568,35.0,0.8034764441694051
657037,-33.802841900882,-47.63981841706355,8.0,13.83697651618155
657134,-8.686450006581362,-11.334217167828177,2.0,2.647767161246815
657240,-23.192848749559417,-20.98767673030295,6.0,-2.205172019256466
657377,-3.1461678065310132,-11.503964291619015,0.0,8.357796485088002
657385,-23.14463825398935,-22.029842169011204,7.0,-1.1147960849781455
657630,-31.259885170711527,-26.574523231374325,6.0,-4.685361939337202
657661,-2.793454639580077,-0.8739092546142408,0.0,-1.9195453849658362
657704,-26.2882390844318,-29.854897778844137,8.0,3.566658694412336
657722,-6.3103429855231665,-7.21756505662018,1.0,0.9072220710970136
657760,-72.2974568305635,-61.46881241799727,27.0,-10.828644412566234
657790,-6.6694630153846175,-5.009154747666586,1.0,-1.6603082677180314
657841,-15.674453761010543,-23.88430702513621,4.0,8.209853264125666
657979,-5.468344965153076,-5.690105509494671,1.0,0.22176054434159553
658088,-6.600082976886165,-5.872771822251384,1.0,-0.7273111546347817
658186,-44.36082958153429,-53.23517786512343,19.0,8.874348283589143
658204,-24.24345397802173,-22.028893195019492,7.0,-2.214560783002238
658209,-6.6088604595183185,-4.973140657369677,1.0,-1.6357198021486417
658241,-15.499948219663285,-15.911613330927484,4.0,0.4116651112641989
658278,-39.05253824349904,-49.30680344554507,13.0,10.254265202046028
658455,-3.0540744926358823,-2.088772687414786,0.0,-0.9653018052210962
658471,-2.5261598204834295,-1.177625112814377,0.0,-1.3485347076690524
658475,-35.767145951596255,-36.48703174725168,9.0,0.7198857956554221
658547,-2.829676264800135,-5.733362985816423,0.0,2.903686721016288
658549,-17.585140320258255,-18.30684942909353,5.0,0.7217091088352738
658744,-6.085545804579069,-5.492552221741192,1.0,-0.5929935828378765
658878,-35.14413684550803,-44.207815783671656,11.0,9.063678938163626
658945,-17.206120088041995,-17.569815541438903,5.0,0.36369545339690745
658994,-23.336802606105397,-23.239874656903503,8.0,-0.09692794920189485
659003,-31.412202903282097,-41.5681683563623,12.0,10.155965453080203
659041,-9.048915056550936,-8.776869499150742,2.0,-0.27204555740019387
659051,-98.06958779137771,-107.46061518363176,26.0,9.391027392254045
659087,-27.296057836375457,-27.51449769964362,9.0,0.21843986326816278
659144,-7.538843330794558,-8.146328026607891,1.0,0.6074846958133335
659230,-22.83910926672399,-22.37414284118028,7.0,-0.4649664255437109
659311,-9.209864423155047,-9.519587180926177,2.0,0.3097227577711301
659418,-12.404509372436056,-14.492377773558596,3.0,2.08786840112254
659456,-88.39857033243892,-109.81936006320268,39.0,21.420789730763758
659810,-1.9853102271469558,-7.5636612693836,0.0,5.578351042236644
659961,-9.175296679007056,-8.63334780162147,2.0,-0.5419488773855861
659980,-20.866339144917898,-19.542296574816397,6.0,-1.3240425701015006
660050,-28.00361031337446,-32.522620156339364,10.0,4.5190098429649055
660258,-21.55433216617375,-21.400714100188452,5.0,-0.1536180659852988
660294,-11.79211228841376,-11.529818308817084,3.0,-0.26229397959667544
660352,-24.654568976202125,-5.617583583820284,1.0,-19.03698539238184
660368,-15.590299277703341,-14.766871817389665,4.0,-0.8234274603136758
660637,-33.386272191575394,-31.18989606247051,10.0,-2.196376129104884
660664,-45.88179659994673,-43.52166211874653,18.0,-2.3601344812002054
660717,-14.939606423821095,-13.509178505578726,3.0,-1.4304279182423691
660803,-15.501756932048826,-14.470292170107568,4.0,-1.0314647619412582
660861,-2.1346291295124216,-2.088772687414786,0.0,-0.04585644209763551
660881,-6.269524555721989,-5.174189674147462,1.0,-1.0953348815745274
660997,-23.07672803369559,-21.760347656110476,7.0,-1.3163803775851157
661022,-2.438518715719303,-2.9999202620151957,0.0,0.5614015462958926
661216,-15.777479250333071,-16.298980037517527,4.0,0.5215007871844559
661235,-6.36313813463791,-5.195797624980317,1.0,-1.1673405096575928
661285,-56.886996883272566,-54.045378523476415,21.0,-2.8416183597961506
661460,-9.505822187652978,-9.298234591395142,2.0,-0.20758759625783618
661977,-34.53988620557755,-30.507026981461394,9.0,-4.032859224116159
662138,-6.255007518567122,-8.678538006183492,1.0,2.423530487616371
662192,-37.95826501804086,-49.94002070026464,8.0,11.981755682223778
662199,-31.686146709505792,-35.14552751555545,12.0,3.4593808060496585
662248,-6.360401376520442,-6.703154838693091,1.0,0.3427534621726487
662362,-33.36917096627287,-37.398582412460435,11.0,4.0294114461875665
662519,-26.88646192060553,-26.39911858532988,9.0,-0.48734333527565
662628,-52.01385602644316,-53.10238015563541,19.0,1.0885241291922512
662712,-7.051401563071869,-6.601701753792846,1.0,-0.4496998092790232
663178,-7.670229797501279,-8.909433946824539,2.0,1.2392041493232595
663233,-12.403237506386413,-12.654557959606084,3.0,0.25132045321967134
663369,-2.517081453167009,-1.7937491934969505,0.0,-0.7233322596700584
663431,-13.063761389209125,-12.388684008246237,3.0,-0.6750773809628878
663459,-6.318018864777711,-6.994408345204738,1.0,0.6763894804270265
663465,-48.60261732878464,-43.85402697777949,18.0,-4.748590351005149
663578,-17.369215269801842,-19.735035399899775,5.0,2.3658201300979336
663643,-2.380645779566367,-1.177625112814377,0.0,-1.2030206667519898
663764,-21.747880288030338,-24.639543741245642,7.0,2.8916634532153047
663790,-39.54513600775748,-34.42776374881466,11.0,-5.117372258942815
663902,-14.155991286909314,-17.171532260084046,3.0,3.0155409731747316
663939,-17.63709797653483,-16.26542380244957,4.0,-1.3716741740852605
663960,-58.665160010980536,-54.894943127909535,20.0,-3.770216883071001
663988,-2.1443299460745733,-1.4813409710145136,0.0,-0.6629889750600597
664081,-2.0574348848469874,-3.911067836615605,0.0,1.8536329517686174
664180,-16.507768530342215,-15.084903631472379,4.0,-1.422864898869836
664207,-12.258124563962202,-12.681136380657001,3.0,0.4230118166947996
664273,-12.947293717810906,-11.750764146398037,3.0,-1.196529571412869
664382,-27.756332702773026,-24.62345132980244,8.0,-3.132881372970587
664414,-16.86050288179463,-15.601396567421986,4.0,-1.2591063143726444
664438,-10.110968595189725,-9.669733084065669,2.0,-0.4412355111240558
664567,-10.948946376746136,-8.571961897236498,2.0,-2.3769844795096375
664569,-6.112946326645641,-5.3439715163133,1.0,-0.7689748103323408
664694,-6.37652308858189,-5.053776302868574,1.0,-1.3227467857133162
664871,-21.36702581239456,-25.79206750707491,6.0,4.425041694680353
664877,-2.2528168407347806,-1.4813409710145136,0.0,-0.771475869720267
664917,-6.233681285979257,-5.231984579705419,1.0,-1.0016967062738376
665011,-12.13790547156445,-13.225434748339058,3.0,1.0875292767746085
665054,-23.213507891499354,-22.99570504217763,7.0,-0.21780284932172478
665157,-12.20731949435048,-16.077101038099396,3.0,3.869781543748916
665182,-10.205015895728202,-9.06477499959862,2.0,-1.1402408961295816
665204,-9.67003831766204,-8.573874569646364,2.0,-1.0961637480156767
665239,-53.560213877726284,-68.64833422002995,23.0,15.088120342303668
665377,-9.306841029197628,-8.586703708999659,2.0,-0.7201373201979688
665455,-50.065082358145375,-52.506894726211854,15.0,2.441812368066479
665495,-29.91909602589729,-39.22134935575188,8.0,9.302253329854594
665586,-2.715720801110505,-6.037078844016559,0.0,3.321358042906054
665636,-22.674273211752055,-19.824956617371747,5.0,-2.8493165943803085
665710,-23.109842069356343,-21.343045719053755,6.0,-1.766796350302588
665764,-10.480888868260305,-13.076115922634369,3.0,2.595227054374064
665803,-15.067515750053065,-16.94912450676075,3.0,1.881608756707685
666018,-5.8474031446812,-6.109079160391221,1.0,0.2616760157100204
666125,-2.0320620039072446,-1.4813409710145136,0.0,-0.550721032892731
666275,-12.109091507737118,-16.42604865921996,3.0,4.316957151482841
666326,-5.8020725489913865,-8.224904697450103,1.0,2.422832148458717
666340,-13.256610916024938,-12.614088782570603,3.0,-0.6425221334543352
666356,-45.94758308894611,-60.77759966694925,10.0,14.83001657800314
666468,-27.55651581852116,-25.88609061228387,9.0,-1.6704252062372902
666658,-15.814280465021037,-14.913346043632087,4.0,-0.9009344213889499
666679,-10.551435704397415,-9.130481417586303,2.0,-1.4209542868111118
666696,-66.56685831176857,-67.09783665129986,26.0,0.5309783395312877
666772,-161.45976507360422,-124.80338985069983,62.0,-36.65637522290439
666882,-5.997486425479779,-5.865787219394465,1.0,-0.1316992060853135
667048,-3.294825620172007,-2.3924885456149223,0.0,-0.9023370745570847
667098,-5.768360939436583,-5.556330717116852,1.0,-0.212030222319731
667338,-9.942267089738081,-11.521567899295238,2.0,1.5793008095571572
667342,-2.315120190997334,-3.412617812689639,0.0,1.0974976216923054
667450,-15.199687163645535,-13.903616911773845,3.0,-1.29607025187169
667477,-94.93010040275774,-75.02845272616001,31.0,-19.901647676597733
667580,-2.5562064154286244,-1.8024345770420178,0.0,-0.7537718383866066
667593,-14.168832085772511,-12.901846185629266,3.0,-1.2669859001432453
667598,-6.506698747874159,-5.222210932885856,1.0,-1.284487814988303
667600,-17.350406101577025,-15.006963635171417,4.0,-2.343442466405609
667664,-26.87511094714499,-24.606808265816532,8.0,-2.268302681328457
667693,-31.351981543946653,-35.830829483801054,10.0,4.4788479398544006
667765,-5.794174766636358,-5.893110044514212,1.0,0.09893527787785406
667798,-9.905435209053463,-8.646225817393189,2.0,-1.2592093916602742
667875,-5.9328504982008665,-7.222761572415598,1.0,1.2899110742147313
667902,-2.3785574454067806,-4.518499553015877,0.0,2.1399421076090963
668075,-19.01857017042449,-18.174074804230845,5.0,-0.8444953661936445
668100,-47.65490446240987,-43.95834558570414,17.0,-3.69655887670573
668146,-6.010706090483448,-5.36880038031874,1.0,-0.6419057101647079
668154,-14.789567016156832,-20.670037221883053,4.0,5.880470205726221
668284,-6.410748936767237,-5.674841495768565,1.0,-0.7359074409986723
668287,-5.760375979788508,-5.578931752454721,1.0,-0.1814442273337873
668314,-2.230495345504572,-1.8993620717143938,0.0,-0.3311332737901782
668418,-39.38470107999864,-39.27029662820938,14.0,-0.1144044517892624
668550,-9.067175410717589,-8.550658386780363,2.0,-0.5165170239372259
668577,-33.97082121965248,-32.09768716072975,11.0,-1.87313405892273
668944,-43.13315612135378,-43.360028800480414,16.0,0.226872679126636
668953,-9.922561149898156,-9.237671875532268,2.0,-0.6848892743658883
668955,-2.284656984478429,-1.7850568292146498,0.0,-0.4996001552637792
668958,-34.04628238812088,-30.297542894640085,7.0,-3.7487394934807945
669196,-2.1787678058971416,-2.7712957305303125,0.0,0.5925279246331709
669282,-7.486842829223319,-9.15314476033952,2.0,1.6663019311162017
669321,-11.965734400317126,-13.298591639485462,3.0,1.3328572391683355
669397,-17.252879165997044,-15.022640900893883,4.0,-2.2302382651031607
669699,-49.064662069041574,-55.439584281645566,22.0,6.374922212603991
669852,-2.185245976658859,-2.6962044038150594,0.0,0.5109584271562007
669860,-12.916021716677143,-11.702877276708584,3.0,-1.2131444399685591
669888,-17.51404507399549,-18.77284338917369,5.0,1.2587983151782005
670113,-6.0266274041855565,-7.048915528996363,1.0,1.0222881248108067
670415,-2.1405882594299217,-2.3924885456149223,0.0,0.2519002861850006
670426,-26.065355133213153,-25.67309826121008,7.0,-0.3922568720030739
670455,-68.20250482346914,-57.42037296447959,20.0,-10.782131858989551
670468,-91.09204532620906,-94.5094519467408,46.0,3.417406620531736
670598,-43.895018001823644,-39.303643927275274,15.0,-4.591374074548369
670635,-16.284565412690075,-15.341817104621043,4.0,-0.9427483080690315
670653,-10.623100312263572,-8.63421607814485,2.0,-1.9888842341187232
670683,-24.96266861580958,-24.09196819643995,8.0,-0.8707004193696299
671045,-6.170620976012993,-5.908555097666455,1.0,-0.2620658783465375
671253,-9.925512063311812,-8.435894516947826,2.0,-1.489617546363986
671384,-5.841545570034654,-5.232216194642282,1.0,-0.6093293753923721
671415,-5.728225100102315,-5.482500068295355,1.0,-0.24572503180695993
671504,-14.714474652038913,-21.411531876112143,4.0,6.69705722407323
671619,-6.711857381511775,-5.560380130740482,1.0,-1.1514772507712934
671634,-72.66705540992805,-64.06222466918935,34.0,-8.604830740738706
671728,-9.456121568216483,-8.577613596556628,2.0,-0.8785079716598556
671740,-3.2039269288722205,-1.7850568292146498,0.0,-1.4188700996575707
671778,-51.249069223336875,-44.46388769511304,15.0,-6.785181528223838
671868,-2.1870558877906627,-1.7850568292146498,0.0,-0.4019990585760129
671912,-9.02851071429862,-9.634621058649111,2.0,0.6061103443504923
671934,-38.83499864093038,-52.45989522152176,16.0,13.624896580591383
672100,-2.17741839703652,-1.7850568292146498,0.0,-0.39236156782187015
672165,-25.20031490722994,-30.080991695240535,7.0,4.880676788010593
672184,-18.426720145102202,-19.137548931244197,5.0,0.7108287861419953
672322,-8.551426531389673,-8.448039477437037,2.0,-0.10338705395263581
672434,-9.461935823601237,-8.561135920259632,2.0,-0.9007999033416052
672471,-2.1247840766786923,-2.6962044038150594,0.0,0.5714203271363671
672494,-10.00453675699244,-10.129998882527472,2.0,0.1254621255350319
672677,-15.874357330178809,-15.033062372530003,4.0,-0.841294957648806
672681,-148.84184300981886,-154.61368667972278,60.0,5.771843669903916
672853,-12.992904692446618,-11.575313170209936,3.0,-1.4175915222366822
672865,-9.108040627585705,-8.574003780102759,2.0,-0.5340368474829464
672878,-5.88795832521779,-6.0799045748766325,1.0,0.19194624965884266
673006,-39.60859140461509,-35.41166125931986,10.0,-4.196930145295234
673136,-2.8823896103914235,-2.3924885456149223,0.0,-0.4899010647765012
673142,-8.61182240604263,-8.903483953736522,2.0,0.2916615476938915
673332,-133.2697915431795,-111.91904349172493,58.0,-21.350748051454573
673540,-59.792163444871974,-52.71918843789743,25.0,-7.072975006974545
673630,-41.39925461439277,-37.54086168378975,15.0,-3.858392930603017
673692,-2.574464001353015,-6.340794702216695,0.0,3.7663307008636804
673738,-21.73499833374799,-20.995285478521534,6.0,-0.739712855226454
673772,-5.897818884578773,-5.3623038205905305,1.0,-0.5355150639882424
673806,-2.333599245538368,-3.8873039610669604,0.0,1.5537047155285926
673949,-6.521391402762573,-7.877373241215371,1.0,1.3559818384527977
673970,-74.31905177033686,-65.16858312143596,17.0,-9.150468648900898
674081,-9.487525253831068,-9.78108293336194,2.0,0.2935576795308723
674131,-21.55153228466759,-19.506597425113526,5.0,-2.044934859554065
674170,-12.875455228195035,-13.293320103345483,3.0,0.4178648751504479
674323,-13.406925753079252,-11.566539912470036,3.0,-1.8403858406092155
674361,-57.56949129079059,-48.02652745636088,20.0,-9.542963834429706
674443,-6.392055002619389,-4.94294944482254,1.0,-1.449105557796849
674527,-20.278882647127627,-21.002781643150566,6.0,0.723898996022939
674704,-53.25173839600164,-80.42896006650085,24.0,27.177221670499208
674741,-307.0707755484719,-245.23473215136582,136.0,-61.83604339710607
674758,-6.597944391183571,-7.729017395578207,1.0,1.1310730043946364
674782,-19.61080864683141,-19.50448712896972,6.0,-0.1063215178616872
674954,-25.095063793719152,-22.785137334738955,6.0,-2.309926458980197
675020,-92.44670538129408,-72.23003098156663,32.0,-20.216674399727452
675060,-9.390648655402284,-13.292262298238333,2.0,3.9016136428360486
675077,-9.581795190859953,-9.290671163516485,2.0,-0.2911240273434679
675084,-12.74289331172611,-12.541420773991643,3.0,-0.2014725377344675
675133,-19.297431375703102,-27.902193640700137,5.0,8.604762264997035
675134,-22.758649530523126,-24.752354268692336,9.0,1.9937047381692103
675138,-22.309184852759607,-22.391789680111472,6.0,0.08260482735186514
675228,-5.457151434621736,-2.088772687414786,0.0,-3.3683787472069495
675268,-6.704326365290128,-6.340982354706725,1.0,-0.36334401058340315
675421,-27.192187806539522,-24.79206224125558,8.0,-2.4001255652839433
675427,-10.229566543093465,-12.339521128602335,2.0,2.10995458550887
675600,-12.970807369185477,-18.601035929335115,3.0,5.630228560149638
675647,-5.52715722404423,-8.938891769961696,1.0,3.411734545917466
675667,-3.2263598062169687,-4.518499553015877,0.0,1.2921397467989082
676017,-18.86297772958119,-18.575975847772003,5.0,-0.28700188180918573
676089,-24.238745022370747,-23.985546607895106,6.0,-0.25319841447564073
676128,-235.6014227897365,-436.17752391824644,97.0,200.57610112850995
676228,-2.075872255303054,-1.177625112814377,0.0,-0.8982471424886771
676326,-9.008289155990822,-9.5571660045124,2.0,0.5488768485215783
676470,-14.56368576831115,-19.994042690590195,4.0,5.430356922279046
676565,-18.9496444610457,-16.155311467572538,4.0,-2.794332993473162
676779,-10.128114232705075,-9.291901784779327,2.0,-0.8362124479257478
676824,-27.36936220475873,-26.581832909576207,8.0,-0.787529295182523
676871,-15.553968728542761,-18.6312648216995,4.0,3.077296093156738
677022,-33.989304168371895,-43.37450778284149,7.0,9.385203614469596
677032,-175.58593570989254,-255.15814194113761,85.0,79.57220623124508
677042,-11.892140812758822,-11.696260677620309,3.0,-0.19588013513851266
677058,-81.9506919530704,-70.57218529354473,35.0,-11.37850665952567
677073,-5.9046723629976565,-5.166806559531404,1.0,-0.7378658034662529
677111,-35.46004391559056,-41.79534847277223,12.0,6.335304557181672
677114,-5.389041178666063,-6.216895989390849,1.0,0.8278548107247863
677162,-2.5676226022600654,-0.8739092546142408,0.0,-1.6937133476458246
677222,-9.718093799431426,-9.735484713901373,2.0,0.01739091446994756
677242,-12.58270707017802,-11.941018003071058,3.0,-0.641689067106963
677324,-31.134823697753472,-29.497459661913894,10.0,-1.6373640358395782
677331,-69.49828248792619,-66.3180897966406,35.0,-3.1801926912855834
677437,-5.791049370044685,-4.985729979822641,1.0,-0.8053193902220439
677521,-14.728721769947532,-14.23605733339423,4.0,-0.4926644365533015
677543,-37.37970766010186,-35.746462988872665,13.0,-1.6332446712291926
677590,-29.45595909348572,-27.191874483239356,9.0,-2.264084610246364
677610,-2.6824232833569237,-1.177625112814377,0.0,-1.5047981705425466
677649,-14.028152209449882,-12.109003617453782,3.0,-1.9191485919961
677872,-8.420092967004939,-8.688915829814961,2.0,0.26882286281002266
677940,-6.225732920043385,-4.920680276583964,1.0,-1.3050526434594216
677996,-8.437323801892884,-8.535922978724761,2.0,0.09859917683187724
678007,-29.136926781147512,-28.73348671553064,8.0,-0.4034400656168735
678013,-13.325118325731285,-16.592446905674848,4.0,3.2673285799435625
678040,-21.77147868708935,-20.121027065133255,6.0,-1.650451621956094
678184,-33.01559682760474,-37.07312680587362,12.0,4.057529978268882
678191,-29.91303370933886,-32.02190996854296,11.0,2.1088762592040986
678253,-9.102631055463599,-4.940364552884816,1.0,-4.162266502578783
678289,-25.760339801989517,-24.975380629941696,6.0,-0.7849591720478202
678322,-29.379650084415122,-28.402365033527975,10.0,-0.9772850508871471
678407,-26.0354380756002,-25.99972148304314,9.0,-0.035716592557061944
678725,-24.327304508806108,-27.666058717491904,8.0,3.3387542086857955
678738,-26.600369575658394,-33.336739498816364,7.0,6.7363699231579695
678741,-12.923811558003479,-11.815955449928035,3.0,-1.1078561080754437
678979,-6.143149919116388,-4.866096639546145,1.0,-1.277053279570243
679055,-5.770888080227985,-5.553933834192686,1.0,-0.21695424603529911
679061,-7.794898971472902,-5.551897138850167,1.0,-2.243001832622735
679078,-34.02055062077958,-30.616046246908894,11.0,-3.4045043738706866
679213,-3.012689951488517,-2.9999202620151957,0.0,-0.012769689473321133
679240,-70.9935728430844,-99.71169998657349,25.0,28.7181271434891
679275,-9.229818163529552,-8.450837372887838,2.0,-0.7789807906417145
679301,-2.1584541836654636,-1.177625112814377,0.0,-0.9808290708510865
679316,-10.736138990320406,-12.568210421572237,3.0,1.8320714312518316
679332,-7.054012497665762,-13.661936240076274,1.0,6.607923742410512
679508,-26.256340778754126,-25.627539114811583,8.0,-0.6288016639425429
679623,-2.3855692824421806,-3.303636120215332,0.0,0.9180668377731513
679720,-2.547131346399442,-2.3924885456149223,0.0,-0.15464280078451953
679759,-14.416925248046613,-14.256645437982009,4.0,-0.1602798100646048
679830,-29.838577533977755,-37.20816977095273,10.0,7.369592236974974
679960,-46.715034432681,-38.17552265537752,13.0,-8.539511777303481
680069,-12.521116331943082,-8.929424415098632,2.0,-3.59169191684445
680213,-25.673489743685124,-24.802576899712623,8.0,-0.8709128439725013
680314,-28.115325339173086,-27.59606304242303,10.0,-0.5192622967500569
680350,-9.002791658595575,-18.249497974389428,2.0,9.246706315793853
680358,-10.31803177655747,-9.605320434712942,2.0,-0.7127113418445283
680465,-61.38056899737574,-59.967219509138296,13.0,-1.4133494882374436
680469,-5.642395685364384,-5.622733163260569,1.0,-0.019662522103815583
680674,-5.619841869241788,-5.384468114757993,1.0,-0.2353737544837946
680830,-8.317266889666836,-8.585876159970866,2.0,0.2686092703040295
680878,-22.820833173398434,-27.184394976229452,8.0,4.363561802831018
680922,-14.367601112634484,-17.066291694649962,4.0,2.6986905820154785
681047,-2.2792894703884055,-0.8739092546142408,0.0,-1.4053802157741646
681069,-2.845074225540595,-3.911067836615605,0.0,1.06599361107501
681318,-61.468623671389665,-65.95513133859689,23.0,4.486507667207221
681323,-5.491562621445158,-6.683354865086953,1.0,1.1917922436417951
681466,-6.930297497832663,-5.053966903186734,1.0,-1.8763305946459283
681511,-8.133032286731778,-5.179386189942878,1.0,-2.9536460967888996
681563,-29.334018319117597,-38.52248284455645,8.0,9.188464525438853
681606,-12.338156163683259,-11.525783418924204,3.0,-0.8123727447590543
681659,-17.33438845152575,-17.804883600938588,5.0,0.4704951494128373
681673,-5.763733708669259,-5.123217494249653,1.0,-0.6405162144196055
681775,-4.260491172520881,-1.7850568292146498,0.0,-2.4754343433062314
681882,-9.143315313994952,-8.656200279168116,2.0,-0.4871150348268358
681999,-27.192927102205836,-24.624351706527214,8.0,-2.5685753956786215
682171,-2.137340793633867,-2.088772687414786,0.0,-0.04856810621908103
682208,-16.342936436430076,-26.040931453450398,5.0,9.697995017020322
682224,-5.568840810471663,-2.088772687414786,0.0,-3.480068123056877
682249,-5.8181974340421485,-5.712718138225891,1.0,-0.10547929581625759
682409,-3.4727201252422666,-6.948226418616968,0.0,3.475506293374701
682477,-20.10911153640272,-19.947438368754337,6.0,-0.16167316764838446
682504,-12.289323759959018,-11.52956448402217,3.0,-0.7597592759368474
682598,-45.06062707392231,-49.219225510834136,20.0,4.158598436911824
682636,-2.2233899722553643,-1.4813409710145136,0.0,-0.7420490012408507
682644,-17.343645873490775,-17.344271579129554,5.0,0.0006257056387788396
682652,-19.82940754293205,-18.46841623788601,5.0,-1.3609913050460385
682690,-7.227756255389941,-8.2105958533784,1.0,0.9828395979884599
682861,-5.276582594591333,-4.773190053318434,1.0,-0.5033925412728992
682898,-13.235001344345976,-15.751264833511984,4.0,2.5162634891660076
682950,-17.534293489940435,-19.359163890339193,5.0,1.8248704003987584
683019,-33.79560204133748,-38.090205436631415,13.0,4.294603395293933
683059,-26.091102269969674,-26.269991451936626,8.0,0.17888918196695158
683073,-43.49509266423783,-41.3915971847555,16.0,-2.1034954794823335
683143,-20.589785191257445,-19.025708266075437,6.0,-1.5640769251820075
683222,-9.947225314099715,-8.867486973688816,2.0,-1.0797383404108984
683447,-16.09436800663801,-19.03440560636751,5.0,2.9400375997295
683465,-2.654480861600298,-3.252122486418653,0.0,0.5976416248183547
683481,-6.288196363964789,-5.5677976096799275,1.0,-0.7203987542848616
683517,-9.161610733253118,-9.012469782652166,2.0,-0.14914095060095178
683758,-12.637435164028911,-12.451970946967094,3.0,-0.18546421706181704
683891,-43.57352971248271,-40.17479691744907,17.0,-3.398732795033638
683970,-17.343372444680405,-20.074010925060215,5.0,2.7306384803798096
684027,-15.045988224949896,-15.463683137912597,4.0,0.4176949129627001
684152,-25.015455512785735,-24.9313753766953,7.0,-0.08408013609043508
684346,-5.673987256220911,-5.665177175225759,1.0,-0.00881008099515146
684629,-37.24334322749789,-41.67784878479719,11.0,4.434505557299303
684751,-2.118002905760607,-1.4813409710145136,0.0,-0.6366619347460936
684777,-20.495232234791217,-18.566167982358778,5.0,-1.9290642524324397
684789,-5.917529086831491,-5.56867302205499,1.0,-0.3488560647765011
684990,-5.839342008628345,-5.230353077053453,1.0,-0.608988931574892
685120,-23.782941264831667,-22.909263912154582,8.0,-0.8736773526770847
685173,-5.909069714753799,-7.109421351883593,1.0,1.2003516371297938
685181,-13.903978800621548,-13.756374221005773,3.0,-0.14760457961577522
685244,-28.698506737622854,-29.096389568813766,10.0,0.3978828311909126
685272,-30.567355563201478,-36.47814404423351,10.0,5.910788481032032
685372,-20.90368662778961,-20.616189079605086,6.0,-0.28749754818452544
685516,-6.525461722717704,-6.4742268119691,1.0,-0.051234910748604534
685563,-9.559847329892754,-9.242922035540975,2.0,-0.31692529435177974
685761,-70.85146771977962,-63.059560993525764,26.0,-7.791906726253856
685806,-3.6291547851644186,-7.507443005712424,0.0,3.878288220548005
685808,-8.742009633037533,-8.706714641784997,2.0,-0.035294991252536434
685816,-14.007865488121752,-12.292091259689725,3.0,-1.7157742284320268
685884,-2.802864174549079,-1.7850568292146498,0.0,-1.0178073453344294
685892,-13.376278902242067,-18.980398724952998,4.0,5.604119822710931
685995,-2.967571218083693,-4.822215411216014,0.0,1.8546441931323212
686117,-6.132809456451508,-5.001717838286476,1.0,-1.1310916181650317
686148,-21.65470847328585,-21.92491629391112,7.0,0.27020782062527005
686210,-76.85510335852018,-76.82928353572274,24.0,-0.025819822797444658
686218,-112.70116195936704,-97.89969877390175,43.0,-14.801463185465295
686472,-16.07821548038755,-19.063309670605907,5.0,2.9850941902183585
686542,-33.15070509565302,-33.73091759615356,11.0,0.5802125005005436
686568,-19.0630317867816,-25.359178429028052,6.0,6.296146642246452
686619,-9.266335433372866,-1.177625112814377,0.0,-8.088710320558489
686620,-59.30517101492567,-60.24370232250286,27.0,0.9385313075771933
686915,-3.181606507486204,-0.5836755058183201,0.0,-2.597931001667884
687312,-28.92088608488741,-25.860018842893382,8.0,-3.0608672419940284
687420,-2.725096858838167,-2.6962044038150594,0.0,-0.028892455023107555
687426,-21.200338370651014,-21.38278205256015,6.0,0.18244368190913463
687664,-17.69824251059022,-17.951597685308485,5.0,0.25335517471826563
687817,-11.631853006200926,-16.882192799847,3.0,5.250339793646075
688101,-45.16360111252003,-42.56028133429694,18.0,-2.6033197782230886
688114,-80.75540212747511,-70.2305669190989,36.0,-10.524835208376203
688187,-5.413415865709768,-4.9146440136929215,1.0,-0.49877185201684693
688307,-2.332381200669797,-1.2164730891727396,0.0,-1.1159081114970575
688387,-14.26769837075516,-17.10370410008211,4.0,2.836005729326949
688582,-2.0993576400545066,-1.4813409710145136,0.0,-0.6180166690399931
688595,-45.76307373261658,-47.26367661152299,19.0,1.500602878906406
688712,-4.275248168552609,-2.088772687414786,0.0,-2.1864754811378226
688752,-71.87082972334889,-64.57739682262724,35.0,-7.293432900721655
688756,-17.34164752186188,-17.531128926860635,5.0,0.1894814049987552
688853,-15.775440365700316,-17.872340568731737,4.0,2.0969002030314208
688866,-6.300423382574082,-5.566824258736214,1.0,-0.7335991238378679
688879,-6.063103617626597,-5.083374385918461,1.0,-0.9797292317081361
689132,-2.14517741552786,-2.088772687414786,0.0,-0.056404728113073954
689172,-9.504399861139955,-8.685047255785905,2.0,-0.8193526053540499
689268,-44.258576158472856,-55.86181392317816,18.0,11.603237764705305
689394,-6.482739591607184,-7.45457332712603,1.0,0.971833735518846
689405,-2.0596464192685824,-1.4813409710145136,0.0,-0.5783054482540688
689435,-2.063299947760128,-1.7850568292146498,0.0,-0.2782431185454781
689472,-28.256650415477104,-26.992055823588586,8.0,-1.2645945918885175
689525,-6.129870632420081,-5.179386189942878,1.0,-0.9504844424772028
689629,-9.144818293068951,-10.9661360300374,2.0,1.8213177369684495
689822,-9.929592636422603,-10.086747356094849,2.0,0.1571547196722456
689965,-2.0807701582198193,-3.3972044652492017,0.0,1.3164343070293825
689967,-10.288219153150212,-11.819298325021128,2.0,1.5310791718709158
689975,-26.622640752741418,-29.185050851204693,8.0,2.5624100984632747
690184,-9.707710653842783,-8.955661348116614,2.0,-0.7520493057261692
690202,-17.56853498894184,-17.717741433827246,5.0,0.14920644488540802
690292,-6.878407728961762,-5.297236744678808,1.0,-1.581170984282954
690293,-80.05942852758106,-104.23343987616077,35.0,24.17401134857971
690310,-3.377577253219206,-2.088772687414786,0.0,-1.28880456580442
690507,-44.23924311967396,-45.029651798400266,15.0,0.7904086787263083
690609,-47.275445332467214,-47.54887467660037,20.0,0.2734293441331559
690906,-34.70190524989678,-36.43164914342079,11.0,1.7297438935240095
691080,-63.40388335352391,-76.54174493628258,25.0,13.137861582758674
691190,-15.212316332364454,-17.451641655271807,4.0,2.2393253229073533
691200,-11.599893684759214,-9.925988028495624,2.0,-1.6739056562635906
691271,-31.871909943710754,-32.17104879731596,11.0,0.2991388536052071
691325,-3.34168820645496,-1.7850568292146498,0.0,-1.55663137724031
691359,-93.21171961919704,-92.80749933748159,40.0,-0.4042202817154532
691424,-6.0656506862911765,-4.866096639546145,1.0,-1.1995540467450319
691579,-2.732994064518571,-6.037078844016559,0.0,3.304084779497988
691675,-54.5651899430503,-75.85162631750566,22.0,21.286436374455363
691683,-2.435612256126883,-0.266477538213968,0.0,-2.169134717912915
691887,-50.35174550141301,-63.36794118664216,20.0,13.01619568522915
691921,-15.840595479133366,-16.55002434212593,4.0,0.7094288629925636
691963,-6.927494467638837,-8.392123545006116,2.0,1.4646290773672792
692088,-4.070731341998889,-4.2147836948157416,0.0,0.14405235281685247
692174,-12.754077737447549,-13.335582812699927,3.0,0.5815050752523785
692178,-5.543522624887024,-4.969887973140411,1.0,-0.5736346517466133
692216,-10.88943488293496,-9.466059308957973,2.0,-1.4233755739769869
692389,-6.37592828515922,-5.711579940838039,1.0,-0.6643483443211808
692470,-2.0507362441285313,-6.340794702216695,0.0,4.290058458088164
692622,-37.322001412455386,-41.91630910456498,15.0,4.594307692109595
692634,-16.78962004514826,-20.15560670770955,4.0,3.365986662561287
692637,-36.50254923337341,-42.65850542799507,11.0,6.155956194621659
692646,-21.68562918898966,-21.395741165208445,7.0,-0.2898880237812165
692790,-14.572877396558685,-13.576046886471278,5.0,-0.9968305100874062
692913,-29.976115084799797,-28.808402721365066,11.0,-1.167712363434731
693027,-13.919348475559158,-16.682122214747448,4.0,2.7627737391882903
693074,-26.514697850400708,-24.55917205815227,7.0,-1.9555257922484373
693080,-37.2555489782813,-36.058179663941324,12.0,-1.1973693143399728
693086,-9.013415268455763,-12.795997771323396,2.0,3.7825825028676334
693114,-26.773896846790507,-27.143393915099306,10.0,0.36949706830879947
693283,-12.301715585202082,-11.781431932091671,3.0,-0.5202836531104111
693381,-47.912468704266466,-45.58330314264656,19.0,-2.3291655616199094
693477,-6.012654188996201,-5.694348287137208,1.0,-0.3183059018589933
693578,-12.568642082758076,-11.888274353721567,3.0,-0.6803677290365098
693610,-6.760901146024167,-4.927231030884438,1.0,-1.8336701151397286
693665,-9.904483187644125,-11.468832417879117,3.0,1.564349230234992
693750,-20.447379727454045,-19.7478610521731,6.0,-0.6995186752809452
693778,-9.17675901186829,-37.3198122386306,0.0,28.143053226762305
693807,-150.17837796318878,-176.17563126010742,35.0,25.997253296918643
693879,-25.318770192405367,-33.98945530574908,6.0,8.670685113343715
693959,-7.1754475797270025,-6.978902668331797,1.0,-0.1965449113952058
694020,-62.71566984520111,-57.87163353668204,26.0,-4.8440363085190725
694023,-31.557605682880205,-33.00680493276306,10.0,1.4491992498828559
694039,-13.471026215644667,-12.422268945276265,3.0,-1.0487572703684016
694150,-2.339618550351993,-1.7850568292146498,0.0,-0.5545617211373433
694156,-17.53908548684699,-15.772048333837077,4.0,-1.7670371530099125
694396,-27.355436481026832,-25.118900391937174,7.0,-2.2365360890896575
694452,-9.329846090535826,-8.960969783238083,2.0,-0.368876307297743
694565,-19.024798583699173,-17.79055755328672,5.0,-1.234241030412452
694791,-8.688525983240202,-9.29871791289804,2.0,0.6101919296578373
694802,-10.898107569778437,-11.902117528712893,3.0,1.0040099589344553
694826,-9.453185419637467,-9.23643236198143,2.0,-0.21675305765603703
694917,-24.488956713430248,-25.963142616516503,7.0,1.474185903086255
694972,-15.393613600213605,-14.329609821080833,4.0,-1.064003779132772
695306,-34.86019769724006,-34.51695075847382,11.0,-0.34324693876624224
695382,-7.0525508344137,-8.385741166904767,1.0,1.3331903324910668
695433,-6.624643990280088,-8.152382771775715,1.0,1.5277387814956267
695443,-66.76537249612389,-62.8164551174263,40.0,-3.948917378697587
695486,-19.289431974850608,-18.38382742031001,5.0,-0.9056045545405986
695594,-7.583106975004778,-7.922445335802343,1.0,0.33933836079756485
695621,-31.24139073103361,-48.81863804548993,8.0,17.577247314456315
695652,-40.32246024217059,-35.90868304244299,12.0,-4.413777199727605
695868,-2.585255780421935,-2.088772687414786,0.0,-0.4964830930071491
695910,-33.8660842058409,-38.715002162165206,8.0,4.848917956324307
696192,-22.55001992933045,-22.297879758594625,7.0,-0.2521401707358244
696323,-17.758688848518982,-18.27832656361548,5.0,0.519637715096497
696358,-20.886898374271247,-24.606338996316545,5.0,3.7194406220452976
696531,-2.2313283705907576,-1.8024345770420178,0.0,-0.4288937935487398
696815,-50.65849369168666,-47.33006860608815,18.0,-3.3284250855985107
696849,-2.0184855512310325,-1.7850568292146498,0.0,-0.23342872201638265
696850,-4.373935255383139,-5.733362985816423,0.0,1.3594277304332838
697154,-74.44307743475204,-61.108024349020376,24.0,-13.335053085731666
697235,-5.348692648321259,-4.87390143272944,1.0,-0.4747912155918188
697266,-14.244651100642443,-14.940482557695406,4.0,0.6958314570529627
697349,-18.557402875555457,-24.5026348216527,6.0,5.945231946097241
697369,-58.52511264167745,-46.389583974628714,17.0,-12.135528667048739
697451,-2.6235174197560127,-3.607351978415468,0.0,0.9838345586594555
697595,-5.962356447948091,-5.179386189942878,1.0,-0.7829702580052125
697598,-28.431731046927492,-23.657044729078383,6.0,-4.77468631784911
697647,-29.0714347102656,-27.45163875341903,9.0,-1.6197959568465699
697655,-21.364193338082362,-21.2962368018516,7.0,-0.06795653623076348
697702,-19.12805157592193,-22.791534870834038,6.0,3.6634832949121083
697892,-6.442967618091691,-5.127409800103793,1.0,-1.315557817987898
698039,-14.778174924422215,-15.298412822453503,4.0,0.5202378980312883
698193,-6.9100103082121525,-6.249444116965957,1.0,-0.6605661912461951
698195,-9.154919517198278,-9.83423294056396,2.0,0.6793134233656808
698258,-15.730868711098452,-15.177586923603656,4.0,-0.5532817874947966
698432,-27.050680365563814,-28.794500864707196,9.0,1.743820499143382
698438,-20.511171424083873,-17.511320557427695,4.0,-2.9998508666561783
698515,-42.66726752184235,-38.46766094054369,14.0,-4.19960658129866
698846,-47.96859735879393,-44.74204672039559,21.0,-3.2265506383983364
698881,-23.090441866987195,-21.064524853792317,6.0,-2.025917013194878
698925,-2.7071360537172637,-17.57828145562174,0.0,14.871145401904478
698944,-32.588704623444045,-31.68773328054076,10.0,-0.9009713429032864
698990,-7.027985584102123,-5.176088676963185,1.0,-1.8518969071389382
699018,-10.72794599908293,-11.903491335941212,2.0,1.1755453368582813
699096,-20.43718891606554,-20.371056131725787,5.0,-0.06613278433975367
699100,-10.144494245374636,-8.637626995467752,2.0,-1.5068672499068843
699200,-33.14918263340916,-33.94889584027406,13.0,0.7997132068649009
699234,-2.283564376315885,-1.6380087332613011,0.0,-0.6455556430545837
699275,-6.731140430877071,-7.662839099238424,1.0,0.9316986683613528
699644,-3.0426596261285925,-2.797533821828502,0.0,-0.24512580430009034
699675,-39.4875378643524,-39.730886327673126,14.0,0.24334846332072857
699694,-14.831701516278676,-14.992449640388264,3.0,0.16074812410958828
699696,-6.114841985678423,-5.483108766235657,1.0,-0.6317332194427658
699950,-3.3539353655383106,-0.5701933964141045,0.0,-2.7837419691242062
700185,-11.82381751509449,-12.297430588116036,3.0,0.4736130730215464
700226,-31.606977435702174,-30.114049017153494,9.0,-1.4929284185486793
700260,-2.3011899126768496,-2.088772687414786,0.0,-0.21241722526206352
700447,-2.206144749763397,-2.6962044038150594,0.0,0.49005965405166263
700497,-9.570493665367792,-10.966801765047874,2.0,1.3963080996800823
700635,-19.325402376279065,-29.36035026776976,5.0,10.034947891490695
700678,-6.4577744938969515,-5.704826152862959,1.0,-0.7529483410339921
700731,-21.689570849001303,-22.47254242543466,5.0,0.7829715764333578
700884,-24.621128223921033,-22.12151586452447,7.0,-2.499612359396565
700900,-19.842994278948133,-18.597844959595065,5.0,-1.245149319353068
701182,-6.199864933547266,-4.98388232029166,1.0,-1.2159826132556057
701234,-23.396840376164437,-23.02816233367882,7.0,-0.368678042485616
701277,-42.06531758066298,-41.40845244780618,12.0,-0.6568651328568009
701467,-18.799511559429252,-19.9088065604103,5.0,1.1092950009810494
701590,-26.142367755733552,-27.970782905070767,9.0,1.8284151493372143
701622,-9.22873245927295,-9.159434025931674,2.0,-0.06929843334127561
701628,-76.31096618339399,-90.77024661345115,35.0,14.459280430057163
701672,-12.52869736425638,-12.476451514013409,3.0,-0.052245850242972125
701859,-17.227739704241426,-19.13859741164235,4.0,1.9108577074009254
701901,-22.6525564147327,-20.76953732021109,6.0,-1.883019094521611
701981,-2.3306990296383874,-1.88316558578092,0.0,-0.4475334438574674
702127,-2.0513070044463095,-0.29584741738338427,0.0,-1.7554595870629253
702132,-22.58620275096058,-22.18860230963399,6.0,-0.3976004413265919
702240,-24.211269060378253,-25.694099909309855,8.0,1.4828308489316022
702307,-15.434196141551707,-15.184166196397669,4.0,-0.2500299451540382
702310,-22.822182026133728,-21.89431206256976,7.0,-0.9278699635639676
702316,-62.252427774303875,-54.16055456652184,20.0,-8.091873207782037
702376,-12.781685404819244,-16.863146566054688,3.0,4.081461161235444
702394,-15.986276976630528,-12.741856837293367,3.0,-3.2444201393371603
702425,-3.1149129744225377,-1.7850568292146498,0.0,-1.3298561452078879
702444,-20.00302355524489,-18.943094053777752,6.0,-1.0599295014671384
702521,-2.8488006855102874,-2.3924885456149223,0.0,-0.4563121398953651
702534,-2.4194855108055933,-3.607351978415468,0.0,1.187866467609875
702549,-7.308623369934172,-5.272562681201074,1.0,-2.036060688733098
702759,-33.45112563237769,-35.48244841040882,10.0,2.0313227780311323
702887,-10.21209146890014,-9.116607810855458,2.0,-1.0954836580446816
702964,-35.11012348982684,-45.48315003661749,12.0,10.373026546790648
702965,-9.28045793496587,-9.763198826505558,2.0,0.482740891539688
702998,-3.4503849060569562,-3.911067836615605,0.0,0.4606829305586486
703105,-24.644972011993737,-21.91659760657011,6.0,-2.728374405423626
703220,-14.26228122268723,-15.509643925842061,4.0,1.247362703154831
703261,-13.407594726346936,-16.713218170703556,3.0,3.3056234443566197
703320,-36.76620487677636,-31.10390342931905,10.0,-5.662301447457306
703329,-2.39908552246055,-3.911067836615605,0.0,1.511982314155055
703353,-2.4451577801998075,-1.177625112814377,0.0,-1.2675326673854304
703387,-2.1753316371683953,-0.8739092546142408,0.0,-1.3014223825541544
703443,-15.95193990793143,-15.600502197583038,4.0,-0.35143771034839233
703448,-23.663906387652553,-21.943156736454988,7.0,-1.7207496511975648
703456,-5.4908557797956705,-5.490636588471568,1.0,-0.0002191913241027521
703467,-9.461609597462687,-18.487828145050425,2.0,9.026218547587739
703483,-15.370963218200075,-14.963610834948813,4.0,-0.40735238325126133
703758,-15.692929972743997,-14.635800541484933,4.0,-1.0571294312590638
703805,-58.03302929809073,-65.88976283407762,17.0,7.8567335359868835
703872,-11.2877457177465,-11.389591345731725,2.0,0.10184562798522556
703907,-16.541808718728635,-17.307276017481687,5.0,0.7654672987530518
703927,-35.75658492139262,-32.05944734459822,11.0,-3.697137576794404
703944,-8.991504201578714,-8.801149242146616,2.0,-0.19035495943209746
704107,-30.74500804577368,-25.636292432621445,8.0,-5.108715613152235
704236,-9.294610806415148,-8.448953907401803,2.0,-0.8456568990133455
704316,-2.4144055194335823,-1.4813409710145136,0.0,-0.9330645484190687
704407,-12.735954490826465,-14.762360039332965,3.0,2.0264055485064993
704415,-8.413773896758672,-8.814544071102308,1.0,0.40077017434363604
704445,-14.713070260630943,-16.95502595848347,4.0,2.2419556978525286
704470,-83.24132989783175,-66.83680664873177,30.0,-16.40452324909998
704535,-18.310824823155617,-18.291053760425388,5.0,-0.01977106273022855
704549,-4.625749672201545,-0.8739092546142408,0.0,-3.751840417587304
704555,-91.54733987232937,-76.66331144537422,38.0,-14.884028426955155
704603,-13.217468548508704,-12.910220564560474,3.0,-0.30724798394822983
704637,-6.2995133280140365,-5.398875625746587,1.0,-0.9006377022674492
704694,-11.87187595134126,-13.13901426796754,3.0,1.26713831662628
704834,-9.594973884185041,-10.848613235267752,2.0,1.253639351082711
704988,-15.537753264681601,-19.981553760940262,4.0,4.44380049625866
705001,-6.044931784023264,-5.534448474927775,1.0,-0.5104833090954894
705059,-34.977737272259276,-30.502617515823015,9.0,-4.475119756436261
705167,-24.3214580652467,-26.750232193343848,8.0,2.4287741280971495
705393,-8.92289941866063,-8.153096639839399,2.0,-0.7698027788212318
705396,-9.985588335174235,-9.277607516429054,2.0,-0.707980818745181
705398,-9.158075009225014,-8.472997802336298,2.0,-0.6850772068887157
705525,-2.2792091198361923,-2.371003073525983,0.0,0.09179395368979071
705608,-2.080455205299972,-2.6962044038150594,0.0,0.6157491985150876
705862,-23.866012973821142,-27.91307823466188,9.0,4.047065260840739
705904,-5.6706949009079,-4.918903993262377,1.0,-0.7517909076455238
705975,-17.81300160943108,-19.59162668436956,4.0,1.778625074938482
705986,-54.8862307532085,-46.92413990716474,15.0,-7.962090846043765
706104,-9.37906835540907,-8.702681746900758,2.0,-0.6763866085083112
706222,-14.261081732943493,-16.402569641648878,4.0,2.1414879087053844
706270,-7.950551743546819,-4.929054647377197,1.0,-3.0214970961696217
706423,-11.403910824591723,-11.807443683633196,3.0,0.40353285904147285
706425,-10.564827220216252,-10.889539969867323,2.0,0.3247127496510718
706469,-16.92717617109074,-14.90623544025347,4.0,-2.0209407308372693
706542,-11.32954273833454,-12.464516752845238,3.0,1.1349740145106981
706562,-2.0984488926133786,-1.177625112814377,0.0,-0.9208237797990015
706603,-31.903977813695715,-28.296745234708478,9.0,-3.6072325789872366
706631,-2.218046891057664,-4.073723727275186,0.0,1.8556768362175222
706633,-33.46805004683958,-31.059315772023474,10.0,-2.408734274816105
706863,-14.178006377083166,-15.254307417478662,4.0,1.0763010403954958
706935,-40.038217219649354,-34.30384898325413,12.0,-5.734368236395227
707000,-21.7860465466271,-19.752740085831036,6.0,-2.033306460796066
707076,-3.06765872254477,-2.6962044038150594,0.0,-0.3714543187297106
707091,-24.316501312085517,-28.196550029515006,10.0,3.8800487174294886
707233,-19.170547575397727,-17.337111464746076,5.0,-1.8334361106516504
707238,-65.88277461172238,-61.625457729946966,33.0,-4.257316881775417
707325,-28.643728898932643,-33.305849983688184,7.0,4.66212108475554
707348,-13.8337360418764,-14.549502718914114,4.0,0.7157666770377151
707374,-8.372730484453742,-8.422660964108916,2.0,0.049930479655174054
707438,-3.204830997388166,-1.9993868521834517,0.0,-1.2054441452047144
707451,-64.43665688338224,-55.131644806714284,26.0,-9.305012076667957
707663,-3.4576825285252424,-5.12593126941615,0.0,1.668248740890908
707771,-6.2550888275769205,-4.876655439834392,1.0,-1.378433387742528
707869,-53.49400389013694,-42.61719713315226,16.0,-10.876806756984678
708063,-2.303003781504959,-0.266477538213968,0.0,-2.0365262432909907
708065,-2.071830869289247,-1.4813409710145136,0.0,-0.5904898982747335
708220,-3.0001349499375465,-1.3572876748712321,0.0,-1.6428472750663143
708243,-48.30731678498679,-63.099682285587335,14.0,14.792365500600546
708504,-3.1051459375063746,-8.843046448744188,0.0,5.737900511237813
708552,-9.551710767043392,-10.251251064604281,2.0,0.6995402975608886
708766,-18.640493757019634,-18.91562209019187,6.0,0.27512833317223695
708785,-238.12665399623498,-187.8630711127349,125.0,-50.26358288350008
709149,-17.693961751676532,-16.763122637788932,5.0,-0.9308391138876004
709172,-61.56821569600742,-66.58357630003995,25.0,5.01536060403253
709206,-15.810341276946106,-15.875880434433896,4.0,0.06553915748778927
709220,-5.681184304988313,-5.196818385683893,1.0,-0.48436591930441963
709237,-6.96633084871431,-4.950190565147365,1.0,-2.016140283566944
709273,-30.97615058423395,-29.733249431786852,11.0,-1.2429011524470965
709319,-12.117762187018773,-12.393377116073514,3.0,0.2756149290547416
709329,-18.93264591756735,-19.13292142915644,6.0,0.20027551158909063
709499,-19.545434488178337,-20.906954321614446,6.0,1.361519833436109
709515,-24.85222272856094,-24.393368223578374,7.0,-0.45885450498256475
709672,-20.94029886713924,-27.82330344042943,7.0,6.88300457329019
709812,-9.400520191413554,-9.610683274453278,2.0,0.21016308303972409
709896,-6.339404031774769,-5.056976328720807,1.0,-1.282427703053962
709906,-26.44098278590415,-23.608667759292427,7.0,-2.832315026611724
710225,-3.3464570920602985,-1.7850568292146498,0.0,-1.5614002628456487
710300,-9.630269350151131,-9.694268345648826,2.0,0.06399899549769472
710322,-19.66159544666249,-17.704521932136817,5.0,-1.9570735145256712
710331,-15.222400747241847,-15.683461299981843,4.0,0.4610605527399958
710346,-9.190486392907008,-10.888215841320866,2.0,1.6977294484138579
710393,-2.714949063860474,-0.8739092546142408,0.0,-1.8410398092462332
710395,-18.780627512161466,-16.941592007220184,5.0,-1.8390355049412825
710408,-2.521935747819988,-0.8739092546142408,0.0,-1.6480264932057473
710437,-44.871208667124776,-51.184185324077625,16.0,6.3129766569528485
710617,-26.97510959823258,-26.786748131885535,9.0,-0.18836146634704676
710646,-3.066610560360419,-3.308810070127736,0.0,0.24219950976731708
710707,-10.28173481335969,-9.720464739795476,2.0,-0.5612700735642147
710741,-21.285060232040422,-21.839026831560766,5.0,0.5539665995203436
710906,-31.832959773419226,-28.400539371926886,9.0,-3.4324204014923403
711158,-32.42156583938855,-30.41329923152458,11.0,-2.0082666078639697
711339,-9.43965838631233,-9.717327448512483,2.0,0.27766906220015386
711359,-9.865261028422578,-9.283212751227943,2.0,-0.5820482771946356
711552,-27.813738803104805,-36.01448116557456,9.0,8.200742362469754
711589,-21.23334279086475,-26.596380564129944,6.0,5.363037773265194
711686,-6.353407266925237,-5.505900602197674,1.0,-0.8475066647275629
711853,-38.18662033555677,-38.2464196228757,13.0,0.05979928731893125
711861,-9.237481320070057,-8.52863199114235,2.0,-0.7088493289277071
711890,-18.348958426618182,-17.268854101998436,5.0,-1.0801043246197466
711947,-17.047787273910853,-15.464962358475809,4.0,-1.5828249154350438
711994,-2.119947271319434,-2.9999202620151957,0.0,0.8799729906957618
712042,-75.21658946299985,-77.18426637448908,37.0,1.9676769114892352
712062,-23.050142256349133,-18.879702912172405,5.0,-4.170439344176728
712334,-22.188766389522097,-20.92652814965185,7.0,-1.2622382398702463
712367,-17.20543135565128,-18.545665702530762,5.0,1.3402343468794804
712608,-30.253214998554874,-48.10440456168026,8.0,17.851189563125388
712632,-26.73405560953899,-29.884851816302888,9.0,3.1507962067638964
712656,-82.316982917735,-93.24610927586049,33.0,10.929126358125487
712701,-5.778237221501794,-4.999357263750321,1.0,-0.7788799577514727
712861,-18.30264050654309,-19.38539949916606,5.0,1.0827589926229706
712961,-6.033430358664524,-4.93068181403096,1.0,-1.102748544633564
713220,-15.50107050515461,-17.496101405115937,5.0,1.9950308999613267
713312,-20.45726784809434,-23.39154563973413,5.0,2.93427779163979
713422,-9.497678020535911,-14.996763011586937,2.0,5.499084991051026
713445,-2.236620569434587,-2.6962044038150594,0.0,0.45958383438047257
713541,-9.254153469301329,-8.601370255214073,2.0,-0.6527832140872558
713604,-10.030359726005198,-10.34098392210267,2.0,0.3106241960974714
713779,-63.053584087302,-62.580681446522064,27.0,-0.47290264077993527
713783,-28.557864334605096,-30.10671140246753,11.0,1.5488470678624324
713881,-18.383231676324076,-18.20462704571027,5.0,-0.17860463061380472
714060,-13.453569451734202,-19.544979940274796,4.0,6.091410488540594
714380,-12.823457548654929,-13.584175657065316,3.0,0.7607181084103871
714398,-2.1970701832379196,-3.303636120215332,0.0,1.1065659369774123
714457,-5.771962566298263,-5.107481693515759,1.0,-0.6644808727825033
714627,-24.268805136386298,-25.224633515065513,7.0,0.9558283786792146
714847,-20.90400621425676,-20.124599031334352,6.0,-0.7794071829224087
714880,-22.79434046248485,-20.079281126367658,6.0,-2.715059336117193
714897,-3.1655876459468884,-0.8739092546142408,0.0,-2.2916783913326473
714922,-24.60443746015785,-22.18994472350948,5.0,-2.41449273664837
715118,-59.27992534639875,-53.095639411437844,26.0,-6.184285934960904
715190,-7.334412890389621,-4.9827084153821355,1.0,-2.3517044750074856
715195,-2.1394157460008327,-2.9999202620151957,0.0,0.860504516014363
715368,-19.328608651965563,-19.841305419694358,5.0,0.5126967677287944
715511,-20.204381401025728,-21.127208549456927,5.0,0.9228271484311996
715525,-2.174833391018171,-1.4813409710145136,0.0,-0.6934924200036576
715564,-2.263012899036746,-4.2147836948157416,0.0,1.9517707957789954
715710,-25.566098954546717,-23.775649835038383,6.0,-1.7904491195083345
715900,-6.959130575832581,-5.725287221708805,1.0,-1.2338433541237759
715973,-11.474620140752336,-11.66580588136797,3.0,0.19118574061563365
716038,-12.163470790377904,-11.857459049590146,3.0,-0.30601174078775806
716060,-7.23192670749368,-8.970939965309688,1.0,1.7390132578160076
716091,-3.0474028830154074,-1.4813409710145136,0.0,-1.5660619120008938
716145,-12.315862498864991,-12.747159427425848,3.0,0.43129692856085633
716148,-10.098265239127223,-13.895609373838345,2.0,3.797344134711123
716163,-18.02382714861505,-22.26790746708536,7.0,4.24408031847031
716174,-5.751417408702385,-4.935657407062225,1.0,-0.81576000164016
716447,-36.76585144982985,-34.31233169085772,13.0,-2.453519758972135
716618,-71.70295601884138,-78.63108317537393,30.0,6.928127156532554
716878,-44.46721934473948,-47.03635206801783,17.0,2.5691327232783436
717128,-35.87007178217005,-36.99231191110073,10.0,1.1222401289306774
717242,-25.47933503440188,-34.86887375065262,9.0,9.389538716250737
717268,-2.8310524231895355,-5.4296471276162865,0.0,2.598594704426751
717285,-51.3411230174252,-53.15390898347949,22.0,1.8127859660542924
717401,-9.25141663210767,-9.128860855400701,2.0,-0.12255577670696916
717425,-11.699810350191933,-9.261298528949089,2.0,-2.4385118212428445
717518,-9.546186990135155,-8.883755301068836,2.0,-0.6624316890663184
717530,-5.742435832663606,-5.280014504729605,1.0,-0.4624213279340008
717620,-15.756092663334043,-17.15419019381977,5.0,1.3980975304857264
717646,-63.13699061835441,-52.80070921772296,18.0,-10.33628140063145
717713,-5.829224917549446,-5.366983113416995,1.0,-0.462241804132451
717846,-41.16149183355994,-88.54848850597138,19.0,47.386996672411435
717848,-5.814093094005671,-6.874633197433945,1.0,1.0605401034282735
717886,-9.891763417298483,-8.746034635197747,2.0,-1.1457287821007363
717965,-15.796694932163918,-15.019078352868908,3.0,-0.7776165792950103
717969,-14.940101986782187,-15.850554338291618,4.0,0.9104523515094307
718034,-64.21849123898014,-64.49173055640904,23.0,0.27323931742890295
718047,-2.2422713247677866,-5.733362985816423,0.0,3.491091661048636
718071,-13.832485224418047,-15.691035736089582,4.0,1.8585505116715346
718091,-5.675230501066923,-5.056109630741788,1.0,-0.6191208703251352
718099,-27.689357965851926,-26.00428967692921,9.0,-1.6850682889227144
718162,-5.781057506141636,-5.484607155269052,1.0,-0.29645035087258353
718253,-3.746587406262296,-2.3924885456149223,0.0,-1.3540988606473738
718258,-10.595549589158178,-9.819468674211281,2.0,-0.7760809149468972
718343,-9.180504054741654,-10.70354029057815,2.0,1.5230362358364964
718508,-2.4595569330656972,-6.285180042804406,0.0,3.8256231097387086
718653,-2.6892005198744338,-1.7850568292146498,0.0,-0.904143690659784
718654,-9.092120630464269,-11.069718506457132,2.0,1.9775978759928634
718989,-50.949173784526494,-49.47366086704006,24.0,-1.4755129174864337
719155,-5.9230908054458995,-5.0023179170448735,1.0,-0.920772888401026
719301,-5.829706959850795,-5.75064927547034,1.0,-0.07905768438045513
719372,-2.1451197351117455,-1.177625112814377,0.0,-0.9674946222973684
719611,-11.449772587028942,-11.856138676162585,3.0,0.4063660891336429
719642,-25.527573631529428,-27.137407375225447,9.0,1.6098337436960186
719761,-36.59606131185267,-37.92277856535026,14.0,1.3267172534975842
719769,-9.031654200498432,-8.416887071398488,2.0,-0.6147671290999437
719812,-16.69029974397452,-15.486018841844109,4.0,-1.204280902130412
719859,-6.184074136533432,-6.467624052284071,1.0,0.2835499157506387
719900,-2.992427212214955,-7.617725198319938,0.0,4.625297986104983
719911,-2.5155874607205795,-0.5701933964141045,0.0,-1.945394064306475
719943,-28.41416646115764,-26.93616052286682,9.0,-1.4780059382908206
720021,-2.3945129390076754,-10.592816717018605,0.0,8.19830377801093
720174,-18.357382700462114,-16.39431165442826,4.0,-1.9630710460338534
720212,-29.92907763337338,-30.529181145322607,8.0,0.6001035119492251
720305,-14.849467828319879,-17.77158332853185,4.0,2.922115500211971
720536,-19.242726274697368,-21.093225220422358,5.0,1.8504989457249899
720675,-32.70928628648631,-32.314310272299096,11.0,-0.39497601418721473
720732,-28.934134913221907,-27.821799471143255,9.0,-1.1123354420786526
720788,-31.43986206474386,-30.23665782281443,9.0,-1.2032042419294307
721103,-76.70610185781403,-81.56025201803398,44.0,4.854150160219945
721121,-3.4135388029455904,-4.2147836948157416,0.0,0.8012448918701511
721140,-20.47689484036668,-20.056715462597563,6.0,-0.4201793777691165
721170,-12.74541572356334,-16.023843013927127,3.0,3.278427290363787
721238,-12.261249120944465,-9.603618755574052,2.0,-2.6576303653704123
721313,-2.1784463487705086,-2.088772687414786,0.0,-0.08967366135572252
721338,-5.983951225599685,-5.1522177767888815,1.0,-0.8317334488108035
721403,-22.252271347560473,-26.03198560961708,6.0,3.7797142620566078
721514,-2.3651973870011034,-0.3412768363418131,0.0,-2.02392055065929
721542,-6.351507343579264,-4.913466665636709,1.0,-1.4380406779425554
721579,-2.468232936224345,-2.371003073525983,0.0,-0.09722986269836209
721853,-24.722249284436543,-23.720815553341925,8.0,-1.0014337310946182
721856,-46.39167419979086,-45.56972325963577,19.0,-0.8219509401550908
721969,-9.458526366044554,-10.518454257006482,2.0,1.0599278909619283
722070,-2.693839276713761,-2.9999202620151957,0.0,0.3060809853014348
722178,-9.0419447615452,-8.453909667610974,2.0,-0.5880350939342254
722258,-9.691396948780204,-8.583614891116799,2.0,-1.107782057663405
722462,-6.507288774881095,-6.937288987637553,1.0,0.4300002127564575
722517,-21.401628954401048,-22.328726053169166,7.0,0.9270970987681189
722573,-113.09794341221662,-115.16670526577843,47.0,2.06876185356181
722630,-34.86738657394682,-43.09594402365089,13.0,8.22855744970407
722651,-11.960140604107936,-12.833380355873803,3.0,0.8732397517658672
722655,-37.956181243794504,-39.476470897801995,15.0,1.5202896540074917
722801,-9.251330472361737,-10.805768499617473,2.0,1.5544380272557365
722876,-24.154013301825273,-22.814889819174475,7.0,-1.3391234826507983
722880,-69.9496071044714,-59.2894117570713,29.0,-10.660195347400098
722986,-21.325651228102792,-19.81131710008971,6.0,-1.5143341280130826
723376,-50.34212131372452,-47.00209812856601,16.0,-3.3400231851585076
723418,-6.274931023777149,-6.839280170970447,1.0,0.5643491471932984
723648,-2.356502654495035,-2.088772687414786,0.0,-0.2677299670802489
723687,-10.250270366537052,-9.021887157136739,2.0,-1.228383209400313
723903,-9.221622364132573,-10.735109286106415,2.0,1.5134869219738416
723915,-2.5135534488689077,-1.7850568292146498,0.0,-0.7284966196542579
723939,-17.939540986523497,-21.815959684488817,6.0,3.8764186979653203
723986,-60.13741240373358,-67.34004050884286,28.0,7.202628105109284
724013,-36.552308851187384,-31.607618337793006,9.0,-4.944690513394377
724126,-2.5039781694481364,-0.5701933964141045,0.0,-1.933784773034032
724165,-6.633770713141094,-5.836719170097159,1.0,-0.7970515430439349
724193,-9.599700473206468,-9.269872945483128,2.0,-0.32982752772334045
724212,-13.024948531304352,-11.702647856449824,3.0,-1.322300674854528
724246,-6.699265141909145,-9.20605756064732,1.0,2.5067924187381747
724291,-18.538032196094992,-17.529484873344607,5.0,-1.0085473227503847
724451,-9.404683958220678,-11.617767360309191,2.0,2.213083402088513
724590,-81.19780091202726,-75.5995149166155,45.0,-5.598285995411757
724608,-12.99604866725541,-8.631542701655361,2.0,-4.364505965600049
724872,-31.583518191228194,-32.884367935181054,12.0,1.3008497439528597
724989,-39.27887522963264,-42.333719805321344,15.0,3.054844575688705
725116,-15.220368996419047,-15.71142090074619,4.0,0.49105190432714174
725153,-46.11513272398278,-40.00970477945043,12.0,-6.105427944532352
725212,-18.786233379704218,-28.503117015109794,5.0,9.716883635405576
725214,-35.90008773464479,-44.81867659707413,13.0,8.918588862429338
725219,-5.745924126974463,-5.011761635037316,1.0,-0.7341624919371474
725398,-34.97012565808693,-37.47179065122606,14.0,2.50166499313913
725501,-37.34927818616648,-37.7152322942484,10.0,0.3659541080819224
725540,-20.269019089943228,-21.440752240164446,6.0,1.1717331502212183
725618,-44.05672351667555,-47.71863633320436,19.0,3.6619128165288117
725679,-2.166187503318943,-2.3924885456149223,0.0,0.22630104229597947
726133,-20.993049543240776,-21.191037590281763,5.0,0.19798804704098671
726430,-10.191049714409461,-8.797668575402646,2.0,-1.3933811390068147
726519,-5.7684206445117505,-4.9791700905721905,1.0,-0.78925055393956
726520,-25.59276460314069,-21.542150063902127,5.0,-4.050614539238563
726663,-8.960499450795128,-10.328242124462847,2.0,1.3677426736677187
726707,-18.95566514013139,-18.85828815758588,5.0,-0.09737698254551219
726727,-7.070579947722214,-5.011761635037316,1.0,-2.058818312684898
726825,-7.574648192540679,-9.719660857604055,1.0,2.1450126650633754
727099,-12.46599544876238,-17.361996787198315,3.0,4.896001338435935
727110,-9.417902445027535,-10.00966733884509,2.0,0.5917648938175546
727285,-28.25262173518062,-27.416955452460822,10.0,-0.8356662827197994
727439,-58.62543873589006,-77.8469507144642,16.0,19.221511978574142
727515,-2.301253059649743,-2.1938428221547297,0.0,-0.10741023749501322
727521,-15.903596913073377,-14.273776108306567,4.0,-1.6298208047668101
727590,-9.408361972852923,-8.975253589761573,2.0,-0.4331083830913496
727641,-18.732018326215876,-17.390274885372854,5.0,-1.3417434408430218
727643,-27.35606338140957,-31.231141945220195,11.0,3.875078563810625
727785,-8.92039047390491,-9.68474757685442,2.0,0.7643571029495106
727811,-15.769051594337874,-15.624211294942771,4.0,-0.1448402993951028
728051,-14.000512548391871,-28.376215689265905,3.0,14.375703140874034
728065,-2.385263849162581,-0.8739092546142408,0.0,-1.51135459454834
728090,-12.006176419208586,-15.897945257235149,3.0,3.8917688380265627
728205,-23.126351125829544,-31.503677573046645,6.0,8.3773264472171
728248,-50.21054040386833,-45.9717342958018,19.0,-4.238806108066527
728486,-40.34437666671543,-38.50994294399469,14.0,-1.8344337227207461
728505,-24.10102854069669,-21.286157262362398,6.0,-2.814871278334291
728524,-28.053838774372814,-28.446375164324838,7.0,0.3925363899520242
728551,-3.366875875929694,-1.6488634972337992,0.0,-1.7180123786958947
728583,-12.841938140857295,-14.581529870634677,3.0,1.7395917297773824
728737,-2.309746160587815,-1.1890894381572672,0.0,-1.120656722430548
728772,-2.7256747762984324,-1.4813409710145136,0.0,-1.2443338052839188
728775,-35.9061807402795,-35.43397605956104,12.0,-0.47220468071846255
728828,-9.63461225887456,-9.506308418961362,2.0,-0.1283038399131975
729086,-12.144299384334527,-11.584773990188259,3.0,-0.5595253941462683
729089,-5.995689075116074,-5.398223328123836,1.0,-0.5974657469922375
729414,-2.008854116484367,-3.607351978415468,0.0,1.5984978619311012
729554,-5.505102328197732,-5.115938173702083,1.0,-0.38916415449564923
729555,-37.491970058007944,-37.57858238294761,11.0,0.08661232493966509
729569,-15.41312864429229,-16.045733982047835,4.0,0.6326053377555461
729610,-46.18159215418266,-47.40953060543947,18.0,1.2279384512568114
729737,-5.162470432736247,-1.4819022918830835,0.0,-3.680568140853163
729949,-2.2095791249887373,-0.8739092546142408,0.0,-1.3356698703744965
730004,-50.124211499826636,-55.38100874929713,17.0,5.256797249470495
730081,-19.128187459719808,-18.434867910051835,5.0,-0.6933195496679723
730147,-86.60228649230854,-81.46700030978762,35.0,-5.135286182520915
730166,-10.699232427989566,-8.886847982570128,2.0,-1.812384445419438
730193,-37.55348512456499,-46.34317955078989,12.0,8.789694426224898
730459,-49.053948814569814,-47.446117036143505,20.0,-1.6078317784263092
730599,-6.0941505236775715,-4.928669945849553,1.0,-1.1654805778280188
730668,-2.832935903390134,-1.177625112814377,0.0,-1.6553107905757567
730758,-5.727026350895185,-8.937558463075005,1.0,3.21053211217982
730877,-47.1707753039854,-44.45035242721474,16.0,-2.7204228767706624
731006,-26.53524100646166,-22.63970588833467,7.0,-3.8955351181269897
731043,-8.535587036745198,-5.696134887685797,1.0,-2.839452149059402
731089,-16.604602844417254,-17.384722400159795,5.0,0.7801195557425409
731194,-23.142653826516415,-22.993934069653474,7.0,-0.14871975686294192
731209,-12.48125445884209,-11.746514725348048,3.0,-0.7347397334940418
731215,-26.289185754574095,-25.949264777491347,6.0,-0.33992097708274827
731327,-2.2694476838550512,-1.23702370394456,0.0,-1.0324239799104913
731546,-3.5157879513207155,-1.177625112814377,0.0,-2.3381628385063387
731599,-6.128809220740938,-7.859373993217377,0.0,1.7305647724764395
731604,-13.66353273799478,-15.555572783801503,3.0,1.8920400458067235
731621,-29.94970420019263,-35.21654513162858,8.0,5.266840931435947
731798,-17.857117676956644,-19.865896445727632,6.0,2.0087787687709877
731802,-14.629309242998302,-12.400819220203136,3.0,-2.2284900227951656
731813,-4.59998943636393,-4.822215411216014,0.0,0.22222597485208428
731915,-2.746643120050483,-1.2690158301952144,0.0,-1.4776272898552687
732011,-2.2339020917472503,-1.177625112814377,0.0,-1.0562769789328732
732031,-48.07114533828193,-44.828956226060555,18.0,-3.242189112221375
732420,-43.06610258665553,-42.35819045169884,18.0,-0.7079121349566933
732431,-5.605927141896284,-4.963579002061045,1.0,-0.6423481398352395
732439,-26.74749756762906,-25.69420157612434,8.0,-1.0532959915047222
732502,-24.001692767210397,-22.337736563509722,7.0,-1.6639562037006748
732550,-5.707693233043311,-4.982467603551886,1.0,-0.7252256294914252
732774,-5.746509623688773,-5.067139666089175,1.0,-0.6793699575995982
732953,-2.187501579650219,-1.4813409710145136,0.0,-0.7061606086357055
732994,-6.469261104965018,-4.9716422683362795,1.0,-1.4976188366287388
733161,-50.118506889012274,-51.632643758346845,20.0,1.5141368693345711
733231,-30.534394749522413,-27.42317111371425,9.0,-3.1112236358081624
733415,-15.362627644454717,-15.3812080699461,4.0,0.018580425491382613
733486,-33.357901997569726,-31.407231582823137,12.0,-1.9506704147465896
733512,-30.327039464658505,-30.08276985499518,10.0,-0.24426960966332345
733519,-48.27625227028547,-40.29306027909569,15.0,-7.983191991189777
733547,-2.4497069794865363,-1.177625112814377,0.0,-1.2720818666721592
733560,-2.169738661487695,-0.266477538213968,0.0,-1.9032611232737269
733567,-12.264982473780208,-12.518559109548756,3.0,0.25357663576854783
733641,-111.61003380228425,-93.87827649083017,56.0,-17.731757311454075
733895,-2.703472660636566,-3.607351978415468,0.0,0.9038793177789022
733914,-23.74854452135503,-33.93403672851437,9.0,10.185492207159342
733915,-2.787517821383883,-2.088772687414786,0.0,-0.6987451339690969
733942,-2.602650177075273,-2.3924885456149223,0.0,-0.2101616314603505
734064,-38.39703367922908,-29.626834414016407,13.0,-8.770199265212675
734095,-8.238553894998587,-5.127409800103793,1.0,-3.1111440948947937
734164,-21.966759727412487,-22.745664446941266,7.0,0.7789047195287786
734165,-36.31623450169113,-33.98216442888104,13.0,-2.3340700728100856
734175,-2.5639268755831344,-7.859373993217377,0.0,5.295447117634243
734183,-4.05544187809895,-1.4813409710145136,0.0,-2.5741009070844365
734241,-40.83374497240807,-37.989409069413554,13.0,-2.8443359029945157
734351,-42.03682524122231,-35.078199698568625,13.0,-6.958625542653685
734589,-87.28166821646349,-77.07704961784907,22.0,-10.204618598614417
734679,-14.2833903063119,-17.236601203316255,4.0,2.9532108970043556
734793,-49.47415898026778,-43.76941853866952,17.0,-5.704740441598261
734825,-15.773539842688189,-15.090579394158786,4.0,-0.6829604485294034
735166,-12.908690093290701,-12.446710129394788,3.0,-0.46197996389591367
735174,-6.453689151822436,-6.790479408659264,1.0,0.33679025683682795
735184,-29.255302424829946,-28.918772869209402,9.0,-0.3365295556205439
735222,-6.385227061673011,-6.083806733016295,1.0,-0.3014203286567163
735467,-71.83443145348942,-71.65799570281946,45.0,-0.17643575066995254
735471,-68.51205779547172,-61.470263846895854,14.0,-7.041793948575865
735652,-26.86473173676127,-25.513232776422555,9.0,-1.3514989603387164
735936,-12.379557761241939,-11.670156373284595,3.0,-0.7094013879573442
735943,-43.989331220739444,-43.42072875461494,17.0,-0.5686024661245028
736116,-32.167666903707705,-30.987472588558152,10.0,-1.1801943151495529
736139,-21.36431795497532,-25.1100060782578,6.0,3.7456881232824806
736218,-12.196893437456199,-11.615010907029767,3.0,-0.5818825304264319
736231,-9.722918925598378,-9.352347893140974,2.0,-0.37057103245740386
736364,-6.448562798097452,-5.891323443965623,1.0,-0.5572393541318288
736412,-18.11362682469283,-16.860165035006307,4.0,-1.253461789686522
736657,-29.135288029211498,-30.256411548636237,6.0,1.1211235194247386
737006,-2.0248600556103775,-5.733362985816423,0.0,3.7085029302060453
737059,-92.03723949026845,-114.72756555114144,48.0,22.69032606087299
737112,-2.45922736635295,-0.266477538213968,0.0,-2.192749828138982
737231,-12.760418925963192,-11.581225805207216,3.0,-1.1791931207559756
737250,-5.698558214037156,-5.793852543203776,1.0,0.09529432916662017
737411,-15.29260812855967,-20.256710891980408,4.0,4.964102763420737
737495,-27.418546118493804,-24.41658436029057,7.0,-3.001961758203233
737526,-2.3618857460597966,-4.2147836948157416,0.0,1.852897948755945
737681,-15.258437687408227,-14.939798778022933,4.0,-0.31863890938529416
737698,-10.055233688240039,-14.331437341529831,2.0,4.276203653289793
737707,-16.312385602059766,-17.417820264930764,5.0,1.105434662870998
737720,-54.79160712933816,-50.648697691031586,20.0,-4.1429094383065745
737724,-47.07197012920019,-42.077326844635316,19.0,-4.994643284564873
737747,-10.697593624552608,-12.50097916690174,2.0,1.8033855423491314
737923,-3.2775256394950447,-5.12593126941615,0.0,1.8484056299211056
737978,-3.801464750428845,-3.8633921878225648,1.0,0.06192743739371975
738119,-51.51972215053387,-54.71833081501248,27.0,3.1986086644786056
738269,-2.054065433422676,-10.89653257521874,0.0,8.842467141796064
738276,-2.012483300495575,-1.3444868016928988,0.0,-0.6679964988026763
738372,-9.229200168916396,-12.244392275280367,3.0,3.015192106363971
738547,-15.335317706120366,-17.84542495479984,3.0,2.510107248679473
738586,-26.15501383394342,-33.711605190003276,9.0,7.5565913560598545
738641,-20.714812473196726,-19.43816859954345,5.0,-1.2766438736532777
738684,-2.767298163887158,-2.088772687414786,0.0,-0.6785254764723718
738799,-6.839354665256372,-7.6597668045152885,1.0,0.8204121392589165
738814,-43.69470211429871,-38.3259848924649,9.0,-5.368717221833805
738850,-50.2953054095332,-51.63481814493855,14.0,1.33951273540535
738990,-6.459037208910662,-5.985666281400874,1.0,-0.47337092750978726
739159,-59.65239725274665,-64.64628148725097,25.0,4.993884234504321
739222,-24.688032292533528,-22.348772087208065,6.0,-2.3392602053254627
739278,-34.653450960103356,-36.132663733218315,8.0,1.4792127731149591
739551,-13.530116205466646,-13.3189325576392,3.0,-0.21118364782744514
739554,-19.912375116521925,-17.642943767190474,5.0,-2.2694313493314517
739603,-5.93364439332911,-5.010387054995299,1.0,-0.9232573383338112
739905,-2.2229263044142504,-3.984393589802299,0.0,1.7614672853880484
740009,-9.956304016544868,-8.95771455185623,2.0,-0.9985894646886386
740063,-36.86535082838386,-34.589917303306805,11.0,-2.275433525077055
740152,-25.42416967649357,-24.615446727892415,7.0,-0.8087229486011545
740198,-9.353368065109114,-8.633677771835725,2.0,-0.7196902932733895
740247,-35.43626436144789,-33.50361826942288,11.0,-1.93264609202501
740398,-18.423168096890944,-20.69852133574342,5.0,2.2753532388524746
740489,-14.874577065427008,-14.43273171063679,4.0,-0.44184535479021747
740682,-20.54897159976721,-21.906231664361115,6.0,1.3572600645939055
740734,-6.739961945392073,-7.839032039650451,1.0,1.0990700942583782
740826,-14.451917648089998,-14.694627080328416,4.0,0.2427094322384189
740853,-17.797461619594714,-20.121147863664444,5.0,2.32368624406973
740935,-8.456538680755392,-8.961761935611946,2.0,0.5052232548565545
740959,-5.291662197497698,-6.902837561754316,1.0,1.611175364256618
740999,-5.721601171032203,-5.287580641896247,1.0,-0.4340205291359558
741050,-14.76745385328722,-15.169112744305359,4.0,0.4016588910181387
741369,-23.265719993058422,-21.06084019168566,6.0,-2.204879801372762
741436,-12.559506823383835,-12.150554811371864,3.0,-0.4089520120119712
741482,-12.160879801324135,-12.24907854016218,3.0,0.08819873883804519
741505,-13.803441515462687,-20.383102533337276,3.0,6.579661017874589
741563,-37.211192712940964,-32.73079962565048,12.0,-4.480393087290487
741583,-2.047005007125137,-1.4813409710145136,0.0,-0.5656640361106233
741633,-6.072435256200901,-5.040871994188457,1.0,-1.031563262012444
741970,-13.72695905553649,-16.603011487366384,5.0,2.876052431829894
741995,-5.985709838586538,-5.130672695145089,1.0,-0.8550371434414492
742013,-20.63316797373184,-19.788759622820542,6.0,-0.8444083509112978
742060,-15.930095130095179,-14.940696931061558,4.0,-0.9893981990336211
742109,-2.4520296549383382,-1.177625112814377,0.0,-1.2744045421239611
742147,-13.48310056030031,-11.73789867536182,3.0,-1.7452018849384903
742249,-10.188956154574232,-8.855970260776,2.0,-1.3329858937982326
742258,-12.612524467049381,-20.822915357379866,3.0,8.210390890330485
742337,-3.0198701949812574,-12.111396008019288,0.0,9.09152581303803
742357,-88.82399851915702,-116.84149813917416,58.0,28.017499620017148
742375,-2.3118074652156753,-2.3924885456149223,0.0,0.08068108039924704
742494,-26.1111639065688,-23.610478924335577,8.0,-2.500684982233224
742783,-142.55316835454167,-172.555108040755,69.0,30.00193968621332
743052,-2.493989026769978,-2.1656683065721833,0.0,-0.32832072019779446
743093,-14.64500313455573,-18.70604948815678,4.0,4.06104635360105
743148,-21.768526310146548,-20.91321014791923,7.0,-0.855316162227318
743157,-34.27898925821724,-30.236840480076943,11.0,-4.0421487781402945
743206,-33.17295217696629,-30.863552614527837,10.0,-2.309399562438454
743212,-11.383872444814257,-12.53299825454186,3.0,1.1491258097276038
743331,-9.542657125125045,-8.763107432280274,2.0,-0.7795496928447712
743515,-17.43894215186897,-15.29432574826888,4.0,-2.144616403600091
743546,-76.9729555814057,-62.855468751505015,25.0,-14.117486829900685
743552,-5.85033336777153,-5.2128271220326585,1.0,-0.6375062457388712
743684,-191.70035145568315,-247.79958975918333,70.0,56.09923830350019
743803,-12.487503758771515,-11.749132382430938,3.0,-0.7383713763405773
743875,-2.2420645554425893,-1.7850568292146498,0.0,-0.4570077262279395
743878,-30.81100696826808,-30.190469151144566,10.0,-0.6205378171235161
744145,-2.266143997839992,-3.3197232319213006,0.0,1.0535792340813086
744154,-22.399152444809133,-20.983887766960464,6.0,-1.4152646778486684
744191,-22.490130459608565,-28.414103359842812,7.0,5.923972900234247
744225,-6.448209870317518,-5.0796376460582175,1.0,-1.3685722242593004
744354,-27.11040596491575,-25.380275998975474,9.0,-1.7301299659402751
744361,-13.385451287992193,-13.362909535897632,3.0,-0.022541752094561218
744377,-50.41073735129033,-51.955624517949296,22.0,1.5448871666589667
744616,-61.442222530340906,-57.40582285204472,19.0,-4.036399678296185
744617,-17.46162098547927,-16.526248084516205,5.0,-0.9353729009630669
744649,-5.6651772349286995,-5.032614615629592,1.0,-0.6325626192991072
744695,-69.16880496540841,-65.58311391433338,29.0,-3.585691051075031
744840,-4.0131331409824105,-5.363702242287918,1.0,1.3505691013055072
744891,-4.139617283135254,-3.5879560095536567,1.0,-0.5516612735815976
744944,-22.33424673504528,-37.28999370024717,7.0,14.955746965201893
744959,-20.05573697312278,-21.080477365038366,6.0,1.0247403919155857
744989,-57.973340256307324,-59.2846622886886,22.0,1.3113220323812769
744992,-11.707471146378245,-14.388657779530151,4.0,2.6811866331519063
745066,-20.718519589218516,-19.647545896478547,6.0,-1.070973692739969
745155,-11.04177014674276,-11.675779217763791,3.0,0.6340090710210315
745166,-99.88726942273289,-94.38005235119726,36.0,-5.507217071535621
745197,-2.7250416606422507,-2.6962044038150594,0.0,-0.028837256827191293
745221,-6.826961624530267,-5.445220606653472,1.0,-1.381741017876795
745290,-5.8997111668255595,-5.391703957934419,1.0,-0.5080072088911409
745510,-2.6129226093762674,-0.8739092546142408,0.0,-1.7390133547620266
745576,-46.73070658389248,-43.87375900988113,16.0,-2.8569475740113504
745788,-23.56470847689385,-21.15075734064545,6.0,-2.4139511362484
746120,-18.21135022532719,-19.081609716952965,5.0,0.8702594916257738
746173,-2.4851892743766992,-1.177625112814377,0.0,-1.3075641615623221
746277,-6.064555155328358,-9.5971859753968,1.0,3.5326308200684418
746305,-37.659911418876774,-36.351465056397906,10.0,-1.3084463624788683
746335,-28.932529313698115,-30.08603539759842,11.0,1.1535060839003037
746347,-2.497528887720888,-10.592816717018605,0.0,8.095287829297718
746586,-16.483600001933556,-14.769551299740323,4.0,-1.7140487021932334
746623,-67.93155413039824,-72.77919352013241,45.0,4.847639389734169
746815,-2.569144201060363,-8.46680570961765,0.0,5.897661508557288
746869,-29.559117132759955,-27.434553072654765,10.0,-2.1245640601051896
746954,-2.573426977857942,-3.607351978415468,0.0,1.033925000557526
746986,-48.14208828936067,-48.88913216764539,18.0,0.7470438782847211
747146,-18.880859348094702,-21.94754571802298,5.0,3.066686369928277
747155,-5.565266142144949,-4.935657407062225,1.0,-0.6296087350827246
747202,-38.538386240035834,-40.43653402633747,18.0,1.8981477863016352
747226,-28.66748569954222,-27.11220057880455,9.0,-1.5552851207376683
747285,-5.517005231610505,-6.482681403771364,1.0,0.9656761721608591
747443,-70.27706209775324,-86.80977536511143,28.0,16.53271326735819
747452,-22.306907480865952,-30.87330088485081,7.0,8.566393403984858
747516,-9.455861163723704,-8.49038235781078,2.0,-0.9654788059129231
747561,-42.92467640426927,-37.13129114639115,15.0,-5.793385257878121
747652,-2.1330945423789758,-6.037078844016559,0.0,3.9039843016375833
747758,-2.2864977893929166,-7.251942276817105,0.0,4.965444487424188
747935,-16.067856991754883,-14.005703521808616,3.0,-2.062153469946267
747982,-8.928614970661405,-9.840835700248988,2.0,0.9122207295875828
748026,-2.166702992429037,-2.088772687414786,0.0,-0.07793030501425102
748058,-61.305077294943324,-63.898835068059945,29.0,2.5937577731166215
748307,-2.0274281528373868,-3.621373230468286,0.0,1.5939450776308992
748467,-2.251765419857635,-8.770521567817786,0.0,6.518756147960151
748535,-111.88066542438645,-102.37605904731286,41.0,-9.504606377073586
748691,-7.998039904722359,-14.220431391055646,1.0,6.222391486333287
748909,-24.177993436889576,-23.711372655095857,7.0,-0.46662078179371846
749047,-0.3846787816889194,-0.19710494847042476,0.0,-0.18757383321849463
749128,-41.05835761506109,-34.47357277300337,11.0,-6.584784842057722
749279,-20.082334440988518,-17.46174147508871,5.0,-2.6205929658998066
749360,-26.726203566692767,-29.74044171474015,10.0,3.014238148047383
749418,-46.30827725840581,-44.61069942691251,16.0,-1.697577831493298
749529,-16.80916518556461,-16.919261853378305,5.0,0.11009666781369631
749699,-3.5564751031778212,-6.644510560416832,0.0,3.088035457239011
749725,-9.701529776998932,-9.037749471997596,2.0,-0.6637803050013353
749966,-18.066434916397764,-17.026208781674097,5.0,-1.0402261347236674
750107,-19.614588782313003,-17.640153016550126,5.0,-1.9744357657628768
750208,-5.879951468408502,-7.978836210219396,1.0,2.0988847418108936
750317,-33.58359735887246,-30.894149238204474,12.0,-2.6894481206679863
750398,-10.28226275813814,-9.511681256749164,2.0,-0.7705815013889765
750414,-10.253968226889565,-9.765519240685057,2.0,-0.4884489862045083
750457,-8.362363882404555,-11.270396398525104,2.0,2.9080325161205494
750535,-10.130928149236205,-9.148760507207717,2.0,-0.9821676420284877
750567,-22.347075895424396,-22.740608361956625,7.0,0.3935324665322284
750580,-39.92831319259213,-36.76983593000516,12.0,-3.1584772625869704
750584,-11.315038012745834,-9.605320434712942,2.0,-1.7097175780328921
750691,-2.1585049245456847,-1.502448762216766,0.0,-0.6560561623289187
750790,-11.069630306447738,-10.222834521195805,2.0,-0.846795785251933
750812,-12.476938581418457,-13.486365078858668,3.0,1.0094264974402112
750850,-375.4022435448374,-240.97282929152738,83.0,-134.42941425331003
750980,-9.464945981803773,-8.905830935389947,2.0,-0.5591150464138259
750987,-28.614301846939764,-30.93519862027128,9.0,2.3208967733315156
751064,-3.142164040613594,-1.4813409710145136,0.0,-1.6608230695990804
751089,-9.355489004717985,-8.772502022063437,2.0,-0.582986982654548
751202,-5.424233541079594,-11.324540536181384,1.0,5.900306995101791
751383,-25.801424646565994,-36.37884671528847,9.0,10.577422068722473
751457,-22.10240779212816,-23.69718580975841,8.0,1.5947780176302473
751465,-143.45024016384352,-132.3105875005023,24.0,-11.139652663341224
751529,-27.05916714651707,-28.137259345126207,10.0,1.0780921986091379
751575,-2.0862578509090124,-1.177625112814377,0.0,-0.9086327380946353
751678,-50.69577654866115,-43.19980816660223,14.0,-7.495968382058919
751717,-52.09801853447513,-119.26131024529145,21.0,67.16329171081632
751878,-6.772114594771089,-5.872771822251384,1.0,-0.899342772519705
751976,-61.7243686331583,-81.23608330495006,22.0,19.511714671791758
752077,-3.077056406478057,-2.2321769963615194,0.0,-0.8448794101165373
752169,-24.102705962117767,-22.859776310603092,7.0,-1.2429296515146753
752184,-58.79356487828641,-53.441539050973454,19.0,-5.352025827312957
752331,-6.145345294131924,-5.630136614243573,1.0,-0.5152086798883513
752417,-9.112420294821213,-12.554207489101072,2.0,3.4417871942798595
752437,-12.57001138545692,-12.529089376416641,3.0,-0.04092200904027976
752503,-27.05487563320545,-28.559570842839378,9.0,1.5046952096339261
752531,-15.880579481159499,-17.78350500293737,5.0,1.9029255217778722
752540,-104.46148615424228,-94.65242090586041,47.0,-9.80906524838187
752608,-13.996627378384757,-14.39433963751907,4.0,0.3977122591343143
752650,-5.748639958232272,-5.893110044514212,1.0,0.1444700862819399
752815,-2.5413087094019553,-1.7850568292146498,0.0,-0.7562518801873055
752858,-15.231207155848596,-14.698678747609293,4.0,-0.5325284082393029
752967,-50.060572883406536,-47.72486072723817,21.0,-2.3357121561683627
753051,-14.82614073380801,-18.559546208068966,4.0,3.7334054742609553
753059,-2.4211972777130404,-1.7850568292146498,0.0,-0.6361404484983906
753091,-2.9330771974622993,-1.177625112814377,0.0,-1.7554520846479222
753183,-3.3733709467165034,-2.6962044038150594,0.0,-0.677166542901444
753228,-47.172571461019956,-40.41282518038373,12.0,-6.759746280636229
753233,-88.27672872463368,-90.64359755817539,44.0,2.3668688335417016
753271,-2.21923371375244,-2.6962044038150594,0.0,0.4769706900626196
753448,-13.518262451093348,-11.561874011856444,3.0,-1.9563884392369033
753571,-55.94510779775313,-47.3927877156439,21.0,-8.552320082109233
753622,-2.5996082584743028,-1.2054698242894017,0.0,-1.394138434184901
753726,-9.664998796016047,-8.619887529504995,2.0,-1.0451112665110518
753785,-5.74424077985441,-5.097161000615768,1.0,-0.6470797792386422
753813,-9.164102024461904,-1.5293038251062245,0.0,-7.6347981993556795
753919,-26.440000117590028,-27.799210383170006,8.0,1.3592102655799785
753947,-10.031099482374806,-9.816591689827373,2.0,-0.21450779254743324
754013,-18.201650263671432,-17.02282244897197,4.0,-1.1788278146994635
754139,-67.70876633827733,-85.2571956499399,18.0,17.548429311662574
754163,-55.54410567760824,-57.15922384472422,27.0,1.6151181671159733
754181,-6.2603081352158565,-4.978567907312878,1.0,-1.2817402279029784
754210,-5.8295332581815815,-4.915857433456087,1.0,-0.9136758247254946
754264,-23.83766506851247,-28.223865862586326,8.0,4.386200794073854
754455,-20.324995403485804,-23.216564138875704,6.0,2.8915687353898996
754565,-11.815554252531593,-12.304677140248197,3.0,0.4891228877166043
754570,-9.275286549095265,-9.65800808599081,2.0,0.382721536895545
754599,-70.265923534276,-60.517841987793354,40.0,-9.748081546482645
754676,-13.679543684389072,-12.96011499172672,3.0,-0.719428692662353
754763,-26.713471233486604,-23.584828073616183,6.0,-3.128643159870421
754780,-51.76637926050785,-52.167258653307925,21.0,0.40087939280007845
754815,-16.889792531388082,-26.674499381177043,5.0,9.78470684978896
754977,-17.292065329798138,-21.065567391153944,5.0,3.7735020613558063
755105,-38.73285953798451,-34.97204925510609,13.0,-3.760810282878417
755130,-9.513361438387024,-9.42870589071028,2.0,-0.08465554767674455
755147,-11.14790400234781,-11.531151224370571,3.0,0.38324722202276185
755186,-2.7591603844052304,-1.7346870026220562,0.0,-1.0244733817831742
755188,-14.342132119780263,-14.474696308379599,4.0,0.1325641885993356
755261,-49.735003524304204,-45.19720637446402,18.0,-4.537797149840188
755298,-2.4649133767334437,-1.7850568292146498,0.0,-0.6798565475187939
755622,-12.612792240477921,-12.201065868092247,3.0,-0.4117263723856741
755651,-10.861299994143511,-9.971698530150316,2.0,-0.8896014639931948
755714,-21.47672296819085,-19.876782313104428,6.0,-1.5999406550864208
755783,-27.316601050318276,-25.841216022795358,6.0,-1.4753850275229183
756026,-2.352509833697887,-2.9999202620151957,0.0,0.6474104283173086
756336,-2.621456141272096,-6.037078844016559,0.0,3.415622702744463
756490,-15.428380529403196,-14.461820664915804,4.0,-0.9665598644873921
756506,-8.580326037353666,-9.452893527274007,2.0,0.8725674899203408
756517,-21.441024317974964,-19.53765642203855,6.0,-1.903367895936416
756662,-5.833606257201526,-5.7191464847894915,1.0,-0.11445977241203487
756720,-2.6166055511320554,-6.644510560416832,0.0,4.027905009284777
756748,-6.020692499146687,-5.03343449066246,1.0,-0.9872580084842273
756776,-17.510283837762284,-18.25983577723959,5.0,0.7495519394773069
756853,-6.025065091834788,-5.81534202740989,1.0,-0.20972306442489863
756927,-36.87838715960333,-33.52160208906557,12.0,-3.356785070537761
757135,-127.42294044255425,-121.87739535840707,85.0,-5.545545084147179
757296,-19.212563756613314,-18.308927114338143,5.0,-0.9036366422751705
757432,-20.911769053041372,-22.964780799895987,7.0,2.053011746854615
757484,-15.062791311332784,-14.427483634955372,4.0,-0.6353076763774119
757548,-2.101449708170063,-1.177625112814377,0.0,-0.9238245953556861
757555,-3.393569364078726,-3.607351978415468,0.0,0.21378261433674206
757581,-21.559851171868488,-21.66968743690293,5.0,0.109836265034442
757614,-2.140277046053616,-1.1833595781272106,0.0,-0.9569174679264052
757619,-6.184030885114204,-5.455539105971746,1.0,-0.7284917791424581
757715,-6.372875963600882,-5.014592075292253,1.0,-1.3582838883086295
757795,-9.457862721094676,-8.598658571478907,2.0,-0.8592041496157687
757900,-15.183060842663233,-13.582248467586687,3.0,-1.6008123750765453
758135,-3.10695901443036,-0.266477538213968,0.0,-2.8404814762163917
758146,-49.61287674448877,-46.268386277194594,18.0,-3.344490467294179
758150,-6.357814214125565,-6.473034613954074,1.0,0.11522039982850973
758241,-5.448454570262688,-5.066234533978312,1.0,-0.38222003628437573
758270,-2.072823976962805,-2.6962044038150594,0.0,0.6233804268522545
758374,-9.745234406407231,-8.800035176634573,2.0,-0.9451992297726584
758474,-21.72306322357273,-24.169002699275882,8.0,2.4459394757031525
758543,-12.914898606372207,-16.91665610724866,3.0,4.001757500876453
758552,-3.020350593921544,-3.911067836615605,0.0,0.8907172426940608
758623,-15.985991138287964,-19.698661792533844,5.0,3.71267065424588
758651,-2.5144350146956476,-2.3924885456149223,0.0,-0.12194646908072526
758714,-9.245162903728518,-8.77525438421507,2.0,-0.4699085195134476
758720,-10.184096014669178,-9.375413877556337,2.0,-0.8086821371128412
758799,-5.977068147269647,-5.000463482489423,1.0,-0.9766046647802238
758860,-156.78859527011718,-149.66952390797775,107.0,-7.119071362139437
758918,-63.05831416668648,-80.00141462166052,24.0,16.943100454974036
758926,-2.075556712052938,-1.177625112814377,0.0,-0.897931599238561
758944,-13.732192472468368,-16.49563584896997,3.0,2.7634433765016038
758952,-6.480654873981027,-6.043997020797004,1.0,-0.4366578531840224
759009,-24.92587321258494,-24.508520283759157,8.0,-0.4173529288257818
759018,-23.789097908211687,-26.665301007358117,8.0,2.87620309914643
759223,-5.417599617138847,-5.413531713287581,1.0,-0.004067903851265875
759394,-18.250565717747953,-23.79254267202235,5.0,5.541976954274396
759486,-4.547959621243438,-5.060903575021874,1.0,0.5129439537784366
759564,-23.150481724336984,-21.543104896192748,7.0,-1.6073768281442362
759575,-5.699723900138538,-5.316648691193554,1.0,-0.3830752089449838
759668,-29.00121993500606,-27.774374350486493,9.0,-1.226845584519566
759798,-5.867962215737713,-4.939622887688026,1.0,-0.9283393280496872
759814,-6.380384852529948,-5.511398902993255,1.0,-0.8689859495366932
759897,-12.279676805673855,-12.069997857868234,3.0,-0.2096789478056209
759899,-9.967491821282687,-9.346028260102518,2.0,-0.6214635611801693
760020,-42.41330381292815,-36.7157452453063,10.0,-5.697558567621847
760265,-16.25622896162269,-17.50733500068114,4.0,1.2511060390584525
760332,-6.0101504694433014,-6.472323513660971,1.0,0.46217304421766947
760523,-110.91549351720015,-111.2661676492069,33.0,0.350674132006759
760535,-32.403847618681226,-35.275000760807174,8.0,2.871153142125948
760886,-24.26608426633088,-24.025422508996872,8.0,-0.2406617573340064
760899,-7.996850042462137,-8.718514953022416,2.0,0.7216649105602784
760908,-27.80573717850052,-23.8994435740124,6.0,-3.9062936044881233
761030,-9.972956561414254,-14.367252376413203,2.0,4.39429581499895
761095,-2.5385957076942365,-1.177625112814377,0.0,-1.3609705948798594
761097,-9.810099778853175,-21.14854990713469,2.0,11.338450128281515
761182,-19.101799252966668,-19.16444511473331,6.0,0.06264586176664366
761185,-16.374774945430236,-15.786642612570933,4.0,-0.5881323328593027
761195,-19.035002012924235,-18.819179688914023,6.0,-0.21582232401021173
761253,-19.444407649844347,-21.70553763508346,6.0,2.261129985239112
761313,-257.88950466053126,-200.93412171683724,242.0,-56.95538294369402
761324,-11.137039654343825,-11.74888070893748,3.0,0.6118410545936541
761340,-19.940995056322596,-19.464779691727074,5.0,-0.4762153645955216
761646,-25.374282439619712,-23.67431561352381,6.0,-1.6999668260959027
761653,-27.478531677878,-31.438566362134537,8.0,3.960034684256538
761987,-2.6680159263493675,-1.177625112814377,0.0,-1.4903908135349904
761992,-11.84111781991907,-16.582782728883185,3.0,4.741664908964115
762033,-15.310240411399873,-18.508907647012755,5.0,3.1986672356128825
762042,-10.08111003529334,-9.34267076546267,2.0,-0.7384392698306712
762044,-16.09670456069416,-15.642884215461082,4.0,-0.453820345233078
762058,-37.36949504644713,-37.56083224978427,11.0,0.19133720333714166
762158,-5.789551866801055,-0.266477538213968,0.0,-5.523074328587088
762177,-54.34999106640898,-64.7854029753244,22.0,10.43541190891542
762269,-14.966380196401875,-12.637201872349033,3.0,-2.329178324052842
762544,-16.208121673216436,-15.877906430957232,4.0,-0.33021524225920373
762593,-10.178521160425761,-10.00222655760253,2.0,-0.17629460282323173
762652,-12.475953493451472,-11.96460603981774,3.0,-0.5113474536337321
762654,-5.220341294504559,-4.9020235075852385,1.0,-0.31831778691932033
762685,-17.01636766207587,-15.756731427944905,4.0,-1.259636234130964
763297,-20.66621137366807,-19.841860163237968,6.0,-0.8243512104301018
763336,-17.842545662055787,-19.4595063183527,5.0,1.6169606562969143
763352,-23.029612418700037,-23.89440950677928,6.0,0.8647970880792428
763518,-2.536799302159478,-1.7850568292146498,0.0,-0.7517424729448283
763578,-2.5203578363860086,-5.12593126941615,0.0,2.6055734330301417
763682,-2.5555383933273226,-5.4296471276162865,0.0,2.874108734288964
763701,-18.888549257110697,-20.451237512047584,6.0,1.5626882549368872
763799,-20.811319120644516,-18.458505910536083,5.0,-2.352813210108433
763818,-11.023536120979898,-11.529044715921207,3.0,0.5055085949413094
763844,-13.325549013722734,-13.465606301765465,3.0,0.14005728804273154
763975,-6.167198357899641,-5.1522177767888815,1.0,-1.01498058111076
763989,-30.109662222267044,-39.05700524335893,9.0,8.947343021091886
764053,-35.070141378678976,-34.626461999589544,13.0,-0.44367937908943134
764127,-6.113663410480659,-5.427323931355463,1.0,-0.6863394791251958
764154,-12.467104777361223,-13.929986789673102,3.0,1.4628820123118782
764298,-21.684026046118927,-21.634959973826287,7.0,-0.04906607229263926
764620,-15.111298911994272,-13.89861079170182,3.0,-1.2126881202924515
764624,-23.26201164819987,-25.53892259821391,7.0,2.2769109500140416
764645,-26.560896038633004,-36.53956733557423,13.0,9.97867129694123
764679,-9.3096815048348,-8.632217870425091,2.0,-0.6774636344097082
764731,-23.49665602770484,-22.118102776739473,6.0,-1.3785532509653677
765019,-5.7013483768333915,-4.934465209047199,1.0,-0.766883167786192
765098,-2.5293139185760154,-0.5701933964141045,0.0,-1.959120522161911
765229,-23.45611439872897,-21.781100691228293,7.0,-1.6750137075006784
765239,-17.69166337358375,-16.729345401880874,5.0,-0.9623179717028769
765252,-36.203371173662504,-33.66481053147249,7.0,-2.5385606421900135
765284,-8.961500809688362,-10.841744177262845,2.0,1.880243367574483
765394,-6.037486527318855,-5.0391425226118605,1.0,-0.9983440047069942
765607,-2.2290052849826014,-1.4813409710145136,0.0,-0.7476643139680879
765617,-9.804618589024049,-9.532644422466444,2.0,-0.2719741665576052
765643,-15.550051033505213,-13.655374495518755,3.0,-1.8946765379864576
765668,-9.41619217566314,-9.103825315631651,2.0,-0.3123668600314886
765674,-50.88571200369931,-49.727252048600185,22.0,-1.1584599550991257
765716,-14.088692520018542,-11.994237984188509,3.0,-2.0944545358300335
765759,-5.435033137388857,-2.9999202620151957,0.0,-2.4351128753736617
765887,-17.164805418923706,-16.83406068651574,5.0,-0.33074473240796465
765950,-3.025711122461654,-3.607351978415468,0.0,0.5816408559538142
766049,-3.939685222300741,-4.518499553015877,0.0,0.5788143307151361
766100,-5.868862081148353,-5.36880038031874,1.0,-0.5000617008296127
766131,-11.758977146481667,-11.64826043120047,3.0,-0.11071671528119786
766230,-27.730037698269598,-30.051805834006903,7.0,2.3217681357373046
766251,-19.624825749857155,-28.736196725142467,6.0,9.111370975285311
766523,-9.759057874844519,-9.354199598179164,2.0,-0.40485827666535457
766561,-5.679444064171561,-4.921793703258771,1.0,-0.7576503609127894
766685,-4.037206749668939,-4.2147836948157416,0.0,0.17757694514680278
766689,-12.923763554730604,-13.163898007011447,3.0,0.2401344522808433
766694,-2.0093035257277725,-0.8739092546142408,0.0,-1.1353942711135316
766725,-23.34027210668584,-23.195397784150153,7.0,-0.14487432253568855
766750,-14.56242457442598,-14.625918895761009,3.0,0.0634943213350283
766916,-5.714365875893207,-8.255762939646667,1.0,2.54139706375346
766939,-8.862272293759986,-14.502874379325988,2.0,5.640602085566002
766988,-41.3891356662465,-45.11033797508562,12.0,3.7212023088391177
767010,-9.418955881178855,-9.686279495332235,2.0,0.2673236141533799
767041,-7.977700971781075,-9.09020705007918,2.0,1.1125060782981047
767076,-42.97603031342759,-39.6649079253831,11.0,-3.3111223880444953
767201,-36.42634780490244,-31.892399053551692,12.0,-4.533948751350749
767208,-8.618739546989433,-8.428757341619548,2.0,-0.1899822053698852
767243,-2.37581615797358,-2.6962044038150594,0.0,0.3203882458414795
767288,-30.87976923551935,-28.597697062415445,10.0,-2.2820721731039058
767292,-31.4794064533655,-32.04973440589894,13.0,0.5703279525334395
767387,-20.074311731266263,-17.937348274046215,5.0,-2.136963457220048
767427,-7.81026258111006,-6.937288987637553,1.0,-0.8729735934725076
767732,-41.92976571394029,-47.02750428557157,12.0,5.097738571631275
767897,-18.18782968720738,-16.18371858342341,4.0,-2.00411110378397
767940,-7.81362847413208,-9.151115500708025,2.0,1.3374870265759453
768017,-10.46006835870508,-8.606163603088252,2.0,-1.8539047556168278
768136,-58.119082496057345,-88.42102706394978,18.0,30.301944567892434
768138,-13.398874164702343,-11.9672179128209,3.0,-1.431656251881444
768190,-2.861837011989001,-1.7850568292146498,0.0,-1.076780182774351
768606,-18.017121866060364,-17.247793130029827,5.0,-0.7693287360305376
768608,-5.81415520868392,-5.058942496217999,1.0,-0.7552127124659211
768697,-6.4024047735125,-6.9457041886476985,1.0,0.5432994151351984
768779,-84.06721659191524,-72.32044607454583,43.0,-11.746770517369413
768872,-3.558965755537515,-3.303636120215332,0.0,-0.255329635322183
769370,-16.740829186908382,-15.306698210450293,4.0,-1.4341309764580892
769428,-47.765296359462276,-43.13255925966397,19.0,-4.632737099798305
769448,-33.49231448400969,-27.48424788315279,8.0,-6.0080666008569
769468,-29.21382107241704,-29.877846958975617,10.0,0.6640258865585764
769479,-24.556681315042223,-22.169398094212593,6.0,-2.38728322082963
769563,-100.39933487918492,-133.7897282025246,52.0,33.39039332333968
769715,-4.14255278846319,-1.4813409710145136,0.0,-2.6612118174486765
769723,-46.851502097647085,-42.47091578654134,19.0,-4.380586311105745
769743,-2.625823518862018,-2.9999202620151957,0.0,0.37409674315317787
769834,-5.723323815575612,-5.688448169825783,1.0,-0.034875645749829154
769841,-22.365593007520335,-21.254323545722034,7.0,-1.111269461798301
769947,-16.33383600219592,-15.913198295688348,4.0,-0.4206377065075717
770008,-21.787299933785732,-21.708295902093433,7.0,-0.07900403169229975
770039,-47.3952853601974,-44.73045844445054,18.0,-2.6648269157468576
770281,-25.9350061951843,-24.41761344936606,7.0,-1.517392745818242
770538,-9.990407010427393,-9.34267076546267,2.0,-0.6477362449647242
770877,-36.83807621082988,-32.828377243495396,12.0,-4.0096989673344865
770981,-21.614822543745664,-20.1586497151565,6.0,-1.456172828589164
771048,-31.1956540708202,-35.08993178036928,8.0,3.894277709549076
771165,-81.8496970353055,-108.574896961384,43.0,26.725199926078503
771190,-2.2977877009855185,-1.4813409710145136,0.0,-0.816446729971005
771271,-25.452461722190684,-36.74009435222074,10.0,11.287632630030053
771301,-6.948447790598877,-11.982762192544419,1.0,5.034314401945542
771342,-20.61543523936432,-20.054788378968443,6.0,-0.5606468603958774
771880,-8.532700215176837,-14.66246541473796,2.0,6.129765199561124
771949,-6.170563869523133,-5.115002849215627,1.0,-1.0555610203075059
771959,-2.3791091373434408,-2.9999202620151957,0.0,0.6208111246717549
771961,-111.75516988614086,-90.15163277666343,33.0,-21.60353710947743
771994,-9.549950000540745,-10.810253396349246,2.0,1.260303395808501
772105,-45.23215532508885,-39.019209923968596,15.0,-6.212945401120251
772152,-9.462815865146954,-9.047930757844517,2.0,-0.4148851073024371
772253,-14.589112005817057,-14.194759293881372,4.0,-0.3943527119356851
772397,-2.340557250825945,-0.266477538213968,0.0,-2.0740797126119768
772443,-23.049896671760564,-20.551456850127263,6.0,-2.4984398216333012
772620,-21.211010012738807,-19.79070772823183,6.0,-1.4203022845069775
772738,-2.3154536070637737,-4.518499553015877,0.0,2.2030459459521032
772750,-38.52970254360606,-37.82191099493655,12.0,-0.7077915486695048
772853,-5.874057148258671,-4.8691273830198805,1.0,-1.0049297652387903
773019,-1.769340485071665,-3.1086710575697656,0.0,1.3393305724981006
773073,-26.3390932789574,-27.367254211309298,9.0,1.0281609323518985
773075,-4.918930947098757,-0.8739092546142408,0.0,-4.045021692484516
773289,-6.003232053597378,-7.411985706166946,1.0,1.408753652569568
773344,-41.68424364564495,-44.979042717456124,19.0,3.294799071811177
773425,-5.923665481903416,-8.931733806200237,1.0,3.008068324296821
773439,-37.64332451641682,-44.30778332867059,14.0,6.66445881225377
773440,-5.342509936482032,-9.119112711020719,1.0,3.776602774538687
773570,-2.3960386010475374,-4.518499553015877,0.0,2.1224609519683395
773850,-34.740827656348614,-40.794492926237325,10.0,6.053665269888711
773901,-5.83506148428507,-5.141671823912692,1.0,-0.6933896603723779
773920,-7.048223328116794,-5.059830501190934,1.0,-1.9883928269258604
773933,-5.937517052810278,-6.481518849729413,1.0,0.5440017969191357
773948,-2.6873688966401623,-2.3924885456149223,0.0,-0.29488035102524
774068,-2.169505592300743,-0.2908427329710495,0.0,-1.8786628593296937
774249,-24.591847126884073,-35.00787277751827,8.0,10.4160256506342
774268,-2.2594651522226297,-1.4813409710145136,0.0,-0.7781241812081161
774307,-59.61380025017249,-59.0327736392175,17.0,-0.5810266109549858
774373,-14.952770232959898,-14.168983568576415,4.0,-0.7837866643834825
774386,-9.767887042256016,-9.780387842673766,2.0,0.012500800417750924
774543,-36.883659949469,-35.426102388181626,11.0,-1.4575575612873735
774710,-74.62643674697514,-99.36076359369649,29.0,24.734326846721345
774711,-35.827332142794276,-47.1012259807202,12.0,11.273893837925925
774844,-8.71127381397217,-8.753470075015963,2.0,0.04219626104379337
774858,-16.02495417186201,-14.937246876273885,4.0,-1.0877072955881246
775002,-29.05574333692963,-28.586365975362934,9.0,-0.4693773615666963
775083,-12.852684063191775,-11.699899390629433,3.0,-1.1527846725623423
775446,-2.1662741425092107,-2.157677970679982,0.0,-0.008596171829228894
775505,-2.2204354877628436,-3.607351978415468,0.0,1.3869164906526246
775572,-18.658938480766036,-16.686685001029364,5.0,-1.972253479736672
775637,-8.772967028632154,-9.555171906594165,2.0,0.7822048779620108
775896,-23.810928438821048,-22.910618146194217,6.0,-0.9003102926268305
775906,-5.985188275859781,-5.0335886549182085,1.0,-0.9515996209415727
776146,-30.93889764415048,-31.61665150211388,8.0,0.677753857963399
776210,-9.458859550429175,-8.814531987262862,2.0,-0.6443275631663123
776232,-14.67026237002306,-14.204002459458133,4.0,-0.46625991056492744
776289,-3.12801626182056,-1.4813409710145136,0.0,-1.6466752908060465
776308,-18.709393390468133,-21.862223339961837,5.0,3.1528299494937038
776376,-19.44931564681115,-21.32326078206462,6.0,1.873945135253468
776401,-2.2805519821550524,-0.8739092546142408,0.0,-1.4066427275408115
776422,-2.1641646041460345,-0.8739092546142408,0.0,-1.2902553495317937
776470,-43.79205880246218,-41.04667208182636,15.0,-2.745386720635821
776476,-2.2221370001410676,-2.088772687414786,0.0,-0.13336431272628158
776589,-34.04438295822788,-31.841161796318552,9.0,-2.203221161909326
776592,-6.169146440397886,-5.490636588471568,1.0,-0.678509851926318
776830,-9.39069315566319,-8.94628522375645,2.0,-0.4444079319067402
776923,-13.617216748048977,-12.391821772216959,3.0,-1.2253949758320175
776961,-5.149159344226162,-4.991167307448308,1.0,-0.15799203677785467
776979,-9.85531861881791,-9.739441535877294,2.0,-0.1158770829406155
777003,-25.091580468946795,-24.689794010423796,8.0,-0.40178645852299866
777124,-31.481564575858695,-33.385245229408575,10.0,1.9036806535498805
777185,-2.0806135970457813,-6.739188925691768,0.0,4.658575328645987
777311,-8.329048528948734,-11.624638696627583,2.0,3.2955901676788493
777352,-18.25154544552411,-18.931353176014625,4.0,0.6798077304905163
777460,-8.552843009651145,-8.543757532916128,2.0,-0.009085476735016584
777492,-9.590837566324835,-9.546190841484506,2.0,-0.04464672484032839
777659,-9.418274777175334,-8.752789269790842,2.0,-0.6654855073844921
777725,-5.831723482463222,-5.079055806650786,1.0,-0.752667675812436
777743,-6.5734376658691716,-6.48806102770534,2.0,-0.08537663816383123
777865,-5.983537039819703,-5.0244584784860375,1.0,-0.9590785613336656
777922,-5.704326922795836,-7.10095328078419,1.0,1.396626357988354
777961,-18.03126087510897,-17.70338117734038,5.0,-0.3278796977685907
778186,-5.8844781125364864,-4.518499553015877,0.0,-1.3659785595206095
778286,-28.119263081723208,-30.087569072620937,9.0,1.9683059908977292
778319,-6.14705018202184,-5.633591786638525,1.0,-0.5134583953833154
778386,-54.95757763959604,-56.06060125213566,19.0,1.1030236125396229
778389,-17.808390563791292,-17.714832575306616,5.0,-0.093557988484676
778406,-43.94508937766573,-41.29767880717575,16.0,-2.6474105704899813
778645,-28.386183767832126,-26.115593333615703,8.0,-2.270590434216423
778662,-95.83388744966577,-88.14781746834068,44.0,-7.68606998132509
778721,-2.0315927734950203,-1.7850568292146498,0.0,-0.2465359442803705
778806,-39.937064782973714,-59.646785516229144,12.0,19.70972073325543
779008,-32.97742312536746,-34.98761791698777,8.0,2.0101947916203144
779147,-2.7101546200380735,-1.4813409710145136,0.0,-1.22881364902356
779213,-39.83698408551442,-38.26220190046461,15.0,-1.5747821850498127
779304,-41.359197484835185,-34.26646394633162,11.0,-7.092733538503566
779463,-49.04238151680715,-42.27878603358344,15.0,-6.76359548322371
779755,-14.564223974201575,-17.780754278534364,3.0,3.216530304332789
779826,-11.992696868675568,-11.58924619024104,3.0,-0.40345067843452753
779863,-8.763189759933647,-8.457719112437223,2.0,-0.30547064749642416
779877,-9.43816460517208,-8.579040396235834,2.0,-0.8591242089362456
780222,-39.0093574528361,-47.12099283863926,16.0,8.111635385803162
780740,-11.64706382779705,-8.792486316375642,2.0,-2.8545775114214074
780823,-18.39067077536697,-18.924353623422203,5.0,0.533682848055232
780861,-9.267527417641379,-8.748384412664745,2.0,-0.5191430049766339
780873,-33.69162637019211,-32.04096107936612,11.0,-1.650665290825991
781022,-24.750572940089068,-22.993848374995984,8.0,-1.7567245650930836
781115,-48.495447183696605,-45.56679813567119,18.0,-2.928649048025413
781120,-18.754579547665983,-20.675053717709265,5.0,1.9204741700432812
781204,-2.081449036702688,-1.4813409710145136,0.0,-0.6001080656881745
781253,-64.81619403540184,-53.58206891980172,22.0,-11.234125115600115
781362,-2.166123504831806,-14.541122873620377,0.0,12.374999368788572
781380,-2.6008534214796386,-4.518499553015877,0.0,1.9176461315362383
781471,-2.8176107890272695,-0.8739092546142408,0.0,-1.9437015344130286
781593,-21.87626413564219,-19.707422312579443,6.0,-2.168841823062749
781624,-13.319138495001733,-13.21163634899151,3.0,-0.10750214601022279
781673,-27.606630219515697,-24.386255378859328,6.0,-3.220374840656369
781692,-27.965289582074234,-25.05736546731011,8.0,-2.907924114764125
781755,-63.050590081831096,-50.49463533898411,20.0,-12.555954742846986
781791,-2.7622201299532527,-3.198877602326956,0.0,0.4366574723737031
781983,-13.357315122499644,-12.225654808438845,3.0,-1.1316603140607988
781995,-9.096026293397372,-8.80934209047008,2.0,-0.286684202927292
782133,-23.682513468098477,-30.752475594024762,8.0,7.069962125926285
782177,-15.112019476501949,-22.603468972288137,4.0,7.491449495786188
782184,-21.456849412920754,-19.783960317388125,6.0,-1.6728890955326285
782373,-24.38370282096192,-23.20229376712075,7.0,-1.1814090538411683
782425,-6.218001377609068,-6.937288987637553,1.0,0.7192876100284851
782426,-2.149237301097658,-2.088772687414786,0.0,-0.06046461368287215
782563,-3.581115409885153,-2.3924885456149223,0.0,-1.1886268642702307
782568,-24.98686443301173,-22.51482589441429,7.0,-2.472038538597438
782588,-48.7298530305929,-42.63634597852962,16.0,-6.093507052063281
782599,-22.2224354332845,-22.07989736575198,6.0,-0.14253806753252007
782730,-19.618741878755944,-17.93476822961086,5.0,-1.6839736491450843
782839,-10.07082017363342,-9.373509137424573,2.0,-0.6973110362088466
782876,-24.96805869479376,-23.422026168997906,8.0,-1.5460325257958552
783108,-11.837993170558013,-12.140320626997111,3.0,0.3023274564390981
783123,-45.06287828252466,-34.76280426862154,11.0,-10.30007401390312
783191,-51.799492880115345,-44.949444452204396,19.0,-6.850048427910949
783206,-2.7238346890367264,-2.6335205518103884,0.0,-0.09031413722633808
783390,-24.372864332114478,-24.125969404129922,6.0,-0.24689492798455603
783451,-30.597645417476933,-29.67067063831547,9.0,-0.926974779161462
783863,-9.677732357797781,-11.899060073407345,2.0,2.221327715609563
783892,-12.720891083637353,-12.26879520025879,3.0,-0.4520958833785631
784027,-50.13542624552093,-47.862352557907876,22.0,-2.2730736876130564
784040,-12.45170149724109,-11.513332761069432,3.0,-0.9383687361716593
784238,-15.84804884852708,-15.073547116887822,3.0,-0.7745017316392584
784408,-8.739698021744635,-10.317416789247241,2.0,1.5777187675026063
784774,-15.10631176548475,-15.271806877482614,4.0,0.16549511199786515
784877,-6.643689962851754,-4.980125260226596,1.0,-1.663564702625158
785310,-2.288482448966684,-1.177625112814377,0.0,-1.1108573361523069
785403,-39.73853161234494,-38.38869697545407,14.0,-1.3498346368908756
785439,-78.64741835624703,-115.32922887439395,20.0,36.68181051814692
785492,-13.09683065148434,-11.464173863183603,3.0,-1.6326567883007357
785562,-9.53450461763691,-8.560346286271228,2.0,-0.9741583313656825
785565,-26.018343073904504,-24.46305042211835,8.0,-1.5552926517861536
785590,-18.70382555355675,-18.45530587914328,5.0,-0.24851967441347256
785653,-12.438437770360444,-12.617500744548153,3.0,0.17906297418770833
785671,-2.2664386540977532,-1.7850568292146498,0.0,-0.48138182488310344
785744,-2.1253827590836014,-3.344609056961034,0.0,1.2192262978774324
785799,-12.054192529670996,-11.637950740364843,3.0,-0.4162417893061523
786023,-15.428633544513126,-15.268218624173965,4.0,-0.16041492033916072
786043,-10.480078360781024,-9.162909951552882,2.0,-1.3171684092281417
786081,-5.1651439422505,-4.2147836948157416,0.0,-0.9503602474347588
786313,-5.950987538116215,-6.878287020409722,1.0,0.927299482293507
786512,-2.1581568768863666,-4.2147836948157416,0.0,2.056626817929375
786534,-22.196419369027474,-22.920816229930587,7.0,0.7243968609031128
786547,-19.634365140065306,-18.093807980298546,5.0,-1.5405571597667596
786659,-2.8425532172904964,-2.3924885456149223,0.0,-0.45006467167557407
786701,-14.730996151786318,-14.4365525733039,4.0,-0.29444357848241864
786726,-10.100111424179092,-8.60901008611819,2.0,-1.4911013380609024
786774,-15.001881529899654,-18.139260524720534,4.0,3.13737899482088
787028,-16.110771882817915,-18.25410962024803,4.0,2.143337737430116
787053,-10.779570147257479,-11.048762293210816,2.0,0.26919214595333685
787112,-26.24889013249398,-25.3389454072442,8.0,-0.9099447252497797
787186,-2.202753496540853,-12.415111866219423,0.0,10.21235836967857
787246,-5.557227458445501,-8.046458764994366,1.0,2.4892313065488647
787251,-5.717663660308395,-5.009026975469546,1.0,-0.708636684838849
787271,-2.2421140159841015,-2.6962044038150594,0.0,0.4540903878309579
787279,-27.575032812315552,-25.560999951069917,9.0,-2.014032861245635
787330,-25.396194600268405,-28.55197080785192,8.0,3.1557762075835143
787442,-17.33771566181491,-16.43836997551976,5.0,-0.8993456862951525
787468,-6.247355235832995,-6.061906407351035,1.0,-0.18544882848195954
787603,-9.986512061777212,-9.612497671449091,2.0,-0.3740143903281208
787651,-25.115540734148876,-23.587624032610133,7.0,-1.527916701538743
787797,-17.89905350764482,-18.20786774964553,5.0,0.30881424200071095
787910,-9.80762957811157,-11.877084900701702,2.0,2.069455322590132
787941,-6.905489331220215,-9.976572808107464,1.0,3.0710834768872495
787949,-11.162184732669727,-13.012515490294245,3.0,1.8503307576245174
788111,-53.53264641128563,-44.90039264897094,14.0,-8.63225376231469
788197,-9.166349988733053,-8.479032602847926,2.0,-0.6873173858851267
788236,-3.922357683075388,-2.460250607046521,0.0,-1.4621070760288672
788379,-15.402018350998153,-17.11042290213706,4.0,1.7084045511389068
788442,-6.341376935882934,-5.157662271623659,1.0,-1.1837146642592753
788483,-1.3859595798762,-0.6910019415405063,0.0,-0.6949576383356938
788577,-2.3384572084063135,-2.9999202620151957,0.0,0.6614630536088821
788664,-7.548858600096274,-4.921793703258771,1.0,-2.6270648968375028
788839,-18.704916238547526,-29.481552388573938,5.0,10.776636150026413
788868,-5.566724388110577,-5.490013268497612,1.0,-0.07671111961296528
788930,-3.240016719214207,-1.7850568292146498,0.0,-1.4549598899995573
788952,-16.669484713981944,-16.72835808288678,5.0,0.05887336890483397
788975,-30.57204460522332,-32.59393509152408,13.0,2.0218904863007623
789017,-23.037959197175297,-23.25212492213453,7.0,0.21416572495923347
789072,-3.8203833485952936,-2.3924885456149223,0.0,-1.4278948029803713
789124,-2.5677363817574714,-1.7850568292146498,0.0,-0.7826795525428216
789154,-16.951938736241107,-17.01732883298063,4.0,0.06539009673952378
789168,-10.946384280927573,-10.05246141543491,2.0,-0.8939228654926623
789189,-48.537675753145955,-44.9320213694811,18.0,-3.605654383664856
789224,-24.707106047796806,-23.91216234471528,8.0,-0.7949437030815254
789328,-6.007348000059337,-5.113011794233181,1.0,-0.8943362058261561
789342,-12.904856186638995,-20.822502629209666,3.0,7.917646442570671
789509,-2.3203014685121786,-2.3924885456149223,0.0,0.07218707710274375
789515,-35.47695417778171,-32.61163967575763,12.0,-2.865314502024077
789598,-35.339077083439264,-34.78524985787244,13.0,-0.5538272255668275
789785,-13.613897288204114,-13.896900679480163,3.0,0.2830033912760488
789798,-70.29504949796922,-65.29317007137593,25.0,-5.001879426593291
789832,-23.51774429108016,-21.682925621003676,5.0,-1.8348186700764835
790242,-11.602496186419053,-11.73696676501891,3.0,0.13447057859985634
790316,-5.975898844106919,-5.5206212455659625,1.0,-0.45527759854095695
790495,-2.5327663181503244,-1.7850568292146498,0.0,-0.7477094889356746
790684,-68.5644152391639,-82.55975697975406,25.0,13.995341740590149
790783,-33.16150855557612,-30.549273012537654,11.0,-2.612235543038466
790902,-9.642089629634398,-8.70813758145631,2.0,-0.9339520481780887
791083,-40.07292035716498,-43.96666572389389,16.0,3.8937453667289077
791127,-9.17044858790321,-9.201300986543313,2.0,0.030852398640103473
791439,-2.1872634346061544,-0.5701933964141045,0.0,-1.61707003819205
791577,-13.802177382552475,-16.292578695136008,3.0,2.4904013125835327
791594,-15.639665489411883,-15.140108642018063,4.0,-0.4995568473938192
791714,-27.07056126947451,-28.000915004627394,10.0,0.9303537351528846
791747,-5.913211029199494,-5.4915917581259714,1.0,-0.4216192710735225
792115,-14.656953295016313,-14.983075951310507,4.0,0.3261226562941939
792143,-44.66775043669402,-54.3395302153571,12.0,9.67177977866308
792153,-9.74416887458728,-8.86714751558884,2.0,-0.877021358998439
792182,-43.70221177975032,-51.8286357511927,18.0,8.126423971442378
792189,-10.861594292144263,-12.573273975346138,3.0,1.7116796832018757
792378,-14.139341620606578,-11.49727028015645,3.0,-2.642071340450128
792536,-20.989203304886953,-20.050274380554825,6.0,-0.9389289243321279
792689,-24.42995680151451,-19.849277253708276,5.0,-4.580679547806234
792950,-29.8927212772661,-35.71847630946609,12.0,5.825755032199989
792953,-3.1076709184498696,-2.9999202620151957,0.0,-0.10775065643467396
793024,-28.762868793431362,-30.444468831246628,10.0,1.6816000378152651
793048,-18.95964515506564,-19.73079799385394,6.0,0.7711528387883
793070,-36.79965981158254,-34.714420444588846,12.0,-2.0852393669936973
793122,-105.1878933753962,-88.54801491629613,33.0,-16.639878459100075
793129,-8.699047116587149,-8.408398940300017,2.0,-0.2906481762871316
793155,-6.157163753099123,-5.250293637665954,1.0,-0.9068701154331693
793270,-17.380498476576015,-17.745230529695775,5.0,0.3647320531197593
793343,-6.227659945495159,-5.028419304654065,1.0,-1.1992406408410936
793441,-18.635459036368992,-17.37692554003599,4.0,-1.2585334963330013
793443,-24.79076531157613,-24.27033158841817,7.0,-0.5204337231579608
793505,-2.2700128447124612,-1.177625112814377,0.0,-1.0923877318980841
793734,-25.80072465220661,-22.758699709536835,7.0,-3.0420249426697765
793782,-37.38757535824697,-34.433126694347514,12.0,-2.9544486638994556
793821,-13.118219353610245,-14.624231221836016,3.0,1.5060118682257713
793842,-9.64713482772378,-13.154084906498372,2.0,3.506950078774592
793965,-12.669372172802088,-13.89032795812278,3.0,1.220955785320692
794042,-26.09514931132936,-25.504048992056422,9.0,-0.5911003192729396
794081,-44.7999278424527,-37.895863370835116,13.0,-6.904064471617588
794201,-6.3545218199838756,-6.0133910783613445,1.0,-0.3411307416225311
794227,-8.592483608093149,-9.919030975849578,2.0,1.3265473677564295
794409,-10.104766528876524,-8.791240229262215,2.0,-1.3135262996143098
794435,-25.09408211692575,-35.31990711133818,6.0,10.22582499441243
794466,-7.036529953313763,-4.9410947346878915,1.0,-2.0954352186258713
794556,-2.3588737846617747,-0.8377454025648438,0.0,-1.521128382096931
794623,-25.622051862975283,-25.412626148384106,8.0,-0.20942571459117687
794673,-2.1667348766782633,-5.733362985816423,0.0,3.5666281091381595
794696,-45.68417237177644,-42.14701554185572,17.0,-3.5371568299207183
794710,-11.75479820175709,-12.31397085337045,3.0,0.559172651613359
794735,-10.866552197619814,-9.241703470408103,2.0,-1.6248487272117114
794778,-9.229418730438052,-8.59224326758442,2.0,-0.6371754628536319
794805,-2.4984180876776616,-0.27147353087202014,0.0,-2.2269445568056416
794979,-1.8094620873607927,-3.1795928298959955,0.0,1.3701307425352027
795115,-9.340109045053797,-9.606993324319271,2.0,0.266884279265474
795298,-15.08211102459198,-15.69090818206809,4.0,0.6087971574761113
795352,-19.944900291760597,-24.188820064623165,6.0,4.243919772862569
795446,-2.4130883445170284,-3.607351978415468,0.0,1.1942636338984398
795505,-17.16900974256738,-16.895988435781568,4.0,-0.27302130678581094
795561,-44.8103650424085,-41.32761476672624,16.0,-3.482750275682257
795564,-6.447148004522839,-6.473034613954074,1.0,0.025886609431235108
795669,-20.082764217999493,-17.98100647306806,5.0,-2.101757744931433
795763,-11.040997378173348,-11.573906017958704,3.0,0.5329086397853562
795935,-28.453284613697733,-31.159593218322364,9.0,2.706308604624631
796108,-23.55536861268041,-25.388467391258114,8.0,1.8330987785777033
796183,-9.143468633028279,-8.73195616037174,2.0,-0.4115124726565398
796226,-25.13947024252285,-23.796200165362286,8.0,-1.3432700771605646
796279,-15.002024769788784,-13.3275211641743,3.0,-1.6745036056144844
796399,-67.18447077620165,-63.632730201821,22.0,-3.551740574380652
796443,-6.035742150028231,-5.1703784120397,1.0,-0.8653637379885311
796448,-7.471976620725277,-9.280932004952303,2.0,1.8089553842270263
796459,-47.36249603152132,-59.81682513409206,17.0,12.454329102570746
796472,-2.030205243288965,-11.200248433418876,0.0,9.170043190129912
796584,-25.13947983685321,-24.33955532613866,8.0,-0.799924510714547
796709,-12.496436973444714,-14.185858508757121,4.0,1.6894215353124071
796803,-3.0694323205319782,-4.518499553015877,0.0,1.4490672324838987
796922,-3.348094181723532,-1.4813409710145136,0.0,-1.8667532107090183
797004,-6.180412041073224,-5.490161453921814,1.0,-0.69025058715141
797014,-6.075457730520602,-6.340982354706725,1.0,0.26552462418612244
797176,-41.686815941610696,-43.09848467089189,18.0,1.411668729281196
797405,-27.57838491710063,-26.121462534515484,8.0,-1.456922382585148
797442,-2.038704930322796,-3.303636120215332,0.0,1.2649311898925357
797606,-9.788650799998342,-8.702078283165257,2.0,-1.086572516833085
797685,-25.223841704801604,-23.057302515378222,7.0,-2.166539189423382
797723,-18.767337037454443,-30.894898221027333,5.0,12.12756118357289
797752,-22.586286848835375,-22.557013702336715,6.0,-0.029273146498660196
797828,-38.67224911651202,-36.23833522969253,13.0,-2.4339138868194894
798032,-10.53618515341687,-9.647652534404592,2.0,-0.8885326190122775
798091,-21.232454215697754,-25.991146770492936,8.0,4.758692554795182
798108,-5.464523721583551,-6.517739495479066,1.0,1.0532157738955155
798156,-23.944788598529932,-26.786610654052048,7.0,2.8418220555221154
798190,-2.6817397945486876,-0.5701933964141045,0.0,-2.1115463981345832
798224,-25.341409601383624,-24.215586795244846,8.0,-1.1258228061387783
798284,-96.17848304818891,-111.68369403135948,46.0,15.50521098317057
798313,-10.668694465434577,-9.766595853303306,2.0,-0.9020986121312706
798325,-5.140411270001165,-5.265301737082648,1.0,0.12489046708148344
798433,-16.637640031741178,-15.210703518836027,4.0,-1.4269365129051508
798555,-27.297731388847726,-24.698978852156163,8.0,-2.5987525366915634
798604,-31.264608067907485,-31.18032576655795,12.0,-0.08428230134953552
798728,-6.726609471391091,-7.536306110064709,1.0,0.8096966386736177
798735,-6.450357413554529,-7.41361287282071,1.0,0.9632554592661808
798772,-24.49526474198514,-15.848084424434873,4.0,-8.647180317550266
798881,-8.567915490448877,-9.029213619399954,2.0,0.4612981289510767
798918,-2.245929247016802,-1.4813409710145136,0.0,-0.7645882760022884
799020,-7.184702079953581,-6.554477940548541,1.0,-0.6302241394050405
799068,-29.526920655704885,-26.73946905325517,8.0,-2.787451602449714
799141,-33.365669241203356,-67.54903855606848,12.0,34.183369314865125
799173,-42.50672759248584,-38.96622026642078,14.0,-3.540507326065061
799222,-13.026697476028815,-11.624488018433851,3.0,-1.4022094575949637
799252,-12.976707507467239,-14.429966324884235,3.0,1.4532588174169963
799280,-4.05343511947509,-2.9999202620151957,0.0,-1.053514857459894
799320,-22.28273374336311,-24.89759395618086,5.0,2.6148602128177494
799499,-20.84589183521394,-19.648410785736992,6.0,-1.1974810494769486
799612,-28.719486394807582,-28.687913018235868,9.0,-0.03157337657171411
799711,-12.959992113286741,-21.211591836004565,4.0,8.251599722717824
799735,-16.942863852128834,-16.073132499085467,4.0,-0.8697313530433668
799834,-42.86294509484085,-38.74721339814615,14.0,-4.115731696694702
800070,-19.40374265386591,-19.460313094414143,5.0,0.05657044054823501
800128,-17.888855685178815,-21.001861037257452,5.0,3.1130053520786376
800175,-5.8716873180536115,-4.989319647917328,1.0,-0.8823676701362837
800198,-32.48743441008696,-29.755776986743836,10.0,-2.731657423343126
800203,-10.20546442496207,-9.01270918463387,2.0,-1.1927552403282
800223,-6.178869666582655,-4.952706857822955,1.0,-1.2261628087596996
800246,-2.2175629376087675,-1.4813409710145136,0.0,-0.736221966594254
800289,-12.634067366777174,-13.132524540449321,3.0,0.49845717367214704
800354,-42.28769294608326,-38.69979105887625,16.0,-3.5879018872070105
800392,-31.436216710112152,-32.2085446049112,11.0,0.7723278947990444
800399,-95.13360801247326,-68.02304837923977,25.0,-27.110559633233493
800437,-37.63043868934747,-34.729719000821405,12.0,-2.900719688526067
800675,-21.763083504752,-20.68827852101002,6.0,-1.0748049837419806
800713,-6.565941630344809,-5.485145461578177,1.0,-1.080796168766632
800737,-2.4696368082710114,-1.7850568292146498,0.0,-0.6845799790563616
800747,-74.38790735398726,-65.63101077826916,30.0,-8.756896575718102
800780,-9.54760383469044,-9.657005073094336,2.0,0.10940123840389582
800919,-43.21356089036442,-46.02500502356693,19.0,2.8114441332025137
800953,-16.810067574988857,-15.49953644345826,4.0,-1.3105311315305972
801070,-23.957276672704158,-20.88047777137771,6.0,-3.0767989013264483
801074,-2.511699288796411,-1.4813409710145136,0.0,-1.0303583177818973
801088,-36.836624524170524,-34.35646545844825,11.0,-2.480159065722276
801112,-34.29208468016684,-33.698103781771515,14.0,-0.5939808983953228
801147,-44.03608237093906,-47.681982176521196,11.0,3.6458998055821326
801165,-7.030618271794563,-7.4988395944314155,1.0,0.4682213226368521
801208,-58.82366616596115,-56.09728842597899,22.0,-2.726377739982162
801320,-14.226637364882809,-16.663311640180503,4.0,2.436674275297694
801370,-24.947156100596906,-23.619872028956248,8.0,-1.3272840716406584
801450,-5.278027204610923,-5.063587561255999,1.0,-0.2144396433549236
801558,-6.227068440074757,-14.953769112081988,1.0,8.72670067200723
801581,-5.455152852505068,-5.03343449066246,1.0,-0.4217183618426086
801619,-17.040669162263946,-16.89680182291811,5.0,-0.14386733934583518
801675,-2.4301208235778167,-5.4296471276162865,0.0,2.99952630403847
801736,-12.377829931818695,-11.761168003262535,3.0,-0.6166619285561605
801881,-10.403815171214164,-9.331570123810193,2.0,-1.072245047403971
801885,-5.856576388351092,-7.7840628607582945,1.0,1.9274864724072023
801996,-6.3197598834354745,-5.3434404389177566,1.0,-0.9763194445177179
802041,-17.27924510724798,-21.254405289898678,5.0,3.975160182650697
802049,-20.165157283889762,-23.457370466093135,6.0,3.2922131822033727
802079,-13.860445909575366,-12.354262166655833,3.0,-1.506183742919534
802214,-97.18317449176499,-77.9391417882605,35.0,-19.244032703504487
802226,-12.148598951752207,-16.82884743851099,4.0,4.680248486758783
802251,-11.334496062815774,-9.291255370980672,2.0,-2.043240691835102
802271,-12.04737004883761,-14.586550022582168,3.0,2.5391799737445577
802444,-3.908986625312211,-2.088772687414786,0.0,-1.820213937897425
802456,-20.891997162041847,-19.59746311225789,6.0,-1.2945340497839553
802548,-34.64927838606209,-44.56165853822807,7.0,9.91238015216598
802767,-2.179556578788318,-6.442936386397035,0.0,4.263379807608716
802857,-2.394648917384796,-1.5761979168245335,0.0,-0.8184510005602623
802864,-9.190050487699503,-8.68300415558251,2.0,-0.5070463321169925
802867,-11.677123976902472,-14.326030941659836,3.0,2.648906964757364
803002,-40.88914796502476,-69.33655665521745,11.0,28.447408690192688
803034,-2.610537558036972,-0.6144437974772778,0.0,-1.9960937605596942
803038,-20.549304666648396,-21.576100039647034,7.0,1.026795372998638
803127,-24.77727343316527,-21.658185340397072,7.0,-3.119088092768198
803179,-3.000951198854334,-5.4296471276162865,0.0,2.4286959287619525
803182,-34.637525576689946,-33.31316606117407,11.0,-1.324359515515873
803222,-9.337013849666825,-8.628179208733064,2.0,-0.7088346409337607
803615,-92.84529982517202,-81.35449399625725,22.0,-11.490805828914773
803642,-2.721260268443139,-4.843624572123603,0.0,2.122364303680464
803685,-6.893949033935645,-12.166902067646001,1.0,5.2729530337103565
803811,-11.876248088015682,-16.114302245906,3.0,4.238054157890318
803827,-104.941845341228,-99.84437271242037,53.0,-5.097472628807637
803890,-5.802490327558293,-5.342184915764712,1.0,-0.4603054117935814
803972,-25.54186897436312,-23.511772368140115,8.0,-2.0300966062230046
804001,-18.108097006071645,-18.004585957460836,5.0,-0.10351104861080884
804042,-80.37566311743296,-72.98899757856695,35.0,-7.386665538866012
804173,-19.715498757357416,-21.023328162097798,6.0,1.3078294047403816
804291,-12.154289602026065,-11.540771548665761,3.0,-0.6135180533603037
804483,-14.730007353262355,-14.48272804621153,4.0,-0.24727930705082457
804575,-7.1093885972424715,-5.976579852559027,1.0,-1.1328087446834445
804593,-26.531431449437218,-28.897897007935637,9.0,2.366465558498419
804597,-37.11613596458409,-33.057520688465104,11.0,-4.058615276118985
804618,-20.110693267736355,-21.586292757870392,5.0,1.4755994901340372
804761,-10.026954783968696,-13.375382200720493,2.0,3.3484274167517967
804850,-21.15113013345819,-21.560651009005582,6.0,0.40952087554739336
804903,-65.20063421675034,-68.2461125164056,24.0,3.045478299655258
805159,-30.537951659404595,-32.651055082739894,11.0,2.1131034233353
805219,-2.411992742527381,-2.3924885456149223,0.0,-0.01950419691245875
805262,-2.307504710306445,-3.607351978415468,0.0,1.2998472681090232
805366,-28.385649884152024,-26.85725437119843,8.0,-1.528395512953594
805853,-19.937029736571173,-17.72560339525472,5.0,-2.2114263413164537
805952,-6.831524092413918,-5.0391425226118605,1.0,-1.7923815698020578
806072,-2.586224495946776,-1.2584747507472045,0.0,-1.3277497451995717
806124,-18.00261617463817,-20.845753988038496,5.0,2.8431378134003253
806191,-25.06873697456744,-25.69365552098988,8.0,0.6249185464224389
806210,-58.77693948030558,-90.6866605318327,21.0,31.90972105152712
806255,-76.69387954843467,-94.24648311850126,34.0,17.552603570066594
806291,-23.71592180765614,-23.86562761063112,8.0,0.14970580297497804
806415,-41.14200406426006,-43.01460351285672,17.0,1.8725994485966666
806588,-49.8814656559031,-60.079141549282575,21.0,10.197675893379476
806680,-7.165186912548252,-5.869917649781257,1.0,-1.295269262766995
806708,-5.499252168276736,-6.6489586342493805,1.0,1.1497064659726446
806800,-55.52487206738757,-47.018724778241854,19.0,-8.506147289145716
806903,-2.62161427097419,-6.037078844016559,0.0,3.415464573042369
806997,-6.090637574478954,-5.197382068880416,1.0,-0.8932555055985381
807021,-32.45525232281128,-33.0117362478903,12.0,0.5564839250790143
807068,-6.369125068994132,-4.935657407062225,1.0,-1.433467661931907
807641,-15.514906127263046,-14.886770721006059,4.0,-0.6281354062569875
807701,-38.18622646876702,-42.620376868883255,13.0,4.434150400116238
807782,-9.687067462629772,-8.649488193663945,2.0,-1.0375792689658265
807890,-37.177305721611084,-33.53962394072984,12.0,-3.6376817808812447
807934,-26.168721741562454,-32.903497748850334,8.0,6.734776007287881
807942,-21.76853249634349,-20.940180757692488,7.0,-0.8283517386510013
807963,-9.603977625504896,-18.63361114682318,1.0,9.029633521318285
808024,-22.438926811323597,-20.35477725164604,6.0,-2.084149559677556
808218,-102.59118892234287,-91.05314366867236,35.0,-11.538045253670504
808238,-29.883537307709062,-27.163089017070067,10.0,-2.720448290638995
808240,-22.435324764347488,-19.04374735506531,5.0,-3.3915774092821778
808319,-13.658365782011186,-13.25698392270438,3.0,-0.4013818593068059
808400,-2.0773378442861055,-2.3924885456149223,0.0,0.31515070132881684
808421,-6.084650633779843,-5.633629921788846,1.0,-0.4510207119909966
808428,-2.483140354217984,-1.177625112814377,0.0,-1.3055152414036069
808460,-27.065549031661064,-28.182770906564055,8.0,1.1172218749029916
808489,-6.42206970065562,-6.744768519387334,1.0,0.32269881873171347
808619,-27.920482096478892,-24.74392337723253,8.0,-3.176558719246362
808760,-2.283609137420914,-2.3096828959236126,0.0,0.026073758502698663
808977,-24.104794773061215,-23.79473258557271,8.0,-0.310062187488505
809001,-9.214916161747135,-8.751828590342592,2.0,-0.46308757140454304
809208,-43.60784896457549,-40.508142035876176,15.0,-3.0997069286993124
809393,-6.9138856913146824,-10.572904903935129,1.0,3.6590192126204464
809405,-16.263843589177803,-15.542000729972784,4.0,-0.7218428592050188
809460,-26.729535646296192,-23.627165229614494,8.0,-3.1023704166816977
809556,-8.792993619063065,-9.584329683684873,2.0,0.7913360646218077
809635,-25.078503814115823,-32.112663401690135,7.0,7.034159587574312
809694,-12.734350335634273,-12.104614231138807,3.0,-0.6297361044954659
809814,-5.496254667161212,-5.793852543203776,1.0,0.2975978760425644
810077,-13.64305418755892,-13.542572319164607,3.0,-0.10048186839431317
810149,-8.765301625221767,-8.876801447949955,2.0,0.11149982272818804
810305,-9.998791118658213,-9.262058588615806,2.0,-0.7367325300424064
810357,-28.664552537016547,-41.47606730592401,11.0,12.811514768907465
810492,-2.1598777539608363,-2.088772687414786,0.0,-0.0711050665460502
810524,-5.286832598463207,-7.3650682790495425,1.0,2.078235680586335
810576,-2.3721643302880286,-0.8739092546142408,0.0,-1.4982550756737878
810658,-9.279508128042261,-9.023168402438513,2.0,-0.2563397256037483
810826,-48.810189317794176,-47.18045324603233,17.0,-1.6297360717618474
810849,-20.28527996992498,-21.62913635286835,5.0,1.3438563829433718
810937,-37.860518489272465,-40.97256474349563,11.0,3.1120462542231664
810941,-45.78413681460084,-48.49503327374248,20.0,2.7108964591416367
811052,-9.389016604258563,-8.98988327805749,2.0,-0.39913332620107234
811118,-8.636954743425692,-9.064735888104861,2.0,0.4277811446791695
811234,-17.49374236553767,-18.050693817800706,4.0,0.5569514522630357
811259,-20.14548289296983,-22.821497637142865,6.0,2.6760147441730346
811271,-2.5151223345225873,-2.3924885456149223,0.0,-0.12263378890766496
811311,-9.94258372951867,-11.743601413540052,2.0,1.8010176840213816
811321,-16.93542280648627,-17.89098470862335,5.0,0.9555619021370809
811348,-39.009516873174384,-37.646353645280485,16.0,-1.3631632278938994
811372,-9.153982921634576,-9.512152015107484,2.0,0.3581690934729078
811419,-19.55541601308911,-18.696755701017008,5.0,-0.8586603120721037
811495,-5.018301128963593,-4.802635654804055,1.0,-0.21566547415953785
811530,-2.095355447994042,-6.037078844016559,0.0,3.941723396022517
811563,-17.156260348076938,-21.988610735780377,4.0,4.832350387703439
811639,-2.0196548154531637,-2.6962044038150594,0.0,0.6765495883618957
811779,-19.699350326002207,-19.60179395699893,6.0,-0.09755636900327858
811903,-2.3955579788701304,-1.177625112814377,0.0,-1.2179328660557533
811958,-4.095966560603078,-2.3924885456149223,0.0,-1.703478014988156
811976,-2.793490164896432,-2.3924885456149223,0.0,-0.40100161928150957
812023,-9.245931090927126,-8.790360165986481,2.0,-0.4555709249406448
812072,-2.1088781293155265,-1.177625112814377,0.0,-0.9312530165011494
812288,-18.928306177306546,-18.581986534687353,5.0,-0.3463196426191928
812522,-2.3040953038591305,-18.48942903022215,0.0,16.18533372636302
812547,-35.640225341362395,-34.16899394378876,12.0,-1.4712313975736322
812670,-24.866669907589284,-23.815374514049942,8.0,-1.0512953935393412
812820,-89.5874314860392,-75.62621683771738,39.0,-13.961214648321814
812846,-9.545364441338858,-8.859005371421242,2.0,-0.6863590699176161
812873,-27.695141738180915,-27.246270932244872,10.0,-0.44887080593604267
812984,-20.370356420027704,-20.002494258825557,6.0,-0.3678621612021473
813078,-60.19995297327889,-56.4597157975272,24.0,-3.7402371757516875
813079,-15.180298963748024,-11.515233586712027,3.0,-3.6650653770359973
813163,-27.33409093835295,-28.384434906994787,10.0,1.0503439686418368
813225,-15.667776841441711,-15.813130432303405,4.0,0.14535359086169386
813259,-37.505093508994115,-33.040407919986514,10.0,-4.464685589007601
813289,-26.063097725891634,-27.369979937501665,9.0,1.3068822116100307
813301,-2.4512247728829863,-1.4813409710145136,0.0,-0.9698838018684728
813368,-13.209619481941006,-12.147681991078002,3.0,-1.061937490863004
813514,-19.04843896785755,-15.945081957959534,4.0,-3.1033570098980157
813578,-6.682093077427951,-5.1209627283060914,1.0,-1.5611303491218598
813651,-14.714188788550215,-15.824570593100269,4.0,1.1103818045500535
813687,-42.05914595227416,-38.989321604715656,16.0,-3.0698243475585016
813757,-16.046686274613112,-25.842953180193856,4.0,9.796266905580744
813924,-6.342912460700359,-1.9313984235029154,0.0,-4.411514037197444
813953,-2.120865680798629,-5.600462042387948,0.0,3.479596361589319
814003,-2.0621848475536946,-4.822215411216014,0.0,2.7600305636623195
814093,-16.61653499448809,-15.243398708619686,4.0,-1.373136285868405
814119,-19.43932550083586,-19.327249468033497,6.0,-0.11207603280236356
814131,-5.709814166525924,-5.022294651672465,1.0,-0.6875195148534594
814254,-11.357880527853258,-12.162974824197686,3.0,0.8050942963444285
814269,-20.132412011212267,-18.5632907249103,5.0,-1.569121286301968
814317,-21.018357790874273,-18.44805840394367,5.0,-2.5702993869306034
814322,-5.972381013747987,-5.828303969087013,1.0,-0.14407704466097382
814339,-22.915033617661027,-20.09727808909953,5.0,-2.8177555285614986
814420,-28.41424350515984,-31.67560612920334,10.0,3.261362624043503
814445,-23.957843842740072,-23.21505389989523,7.0,-0.7427899428448406
814548,-75.74332278049246,-77.0210406600856,28.0,1.2777178795931405
814556,-2.0909499305618655,-1.4813409710145136,0.0,-0.609608959547352
814696,-36.09557421295939,-30.7478474381346,10.0,-5.3477267748247925
814729,-43.09061053729135,-80.8649913292951,15.0,37.77438079200375
814733,-9.496857366347125,-9.228845366531486,2.0,-0.2680119998156396
814971,-18.4568363844149,-18.298185370517654,5.0,-0.158651013897245
815260,-34.07797484748835,-33.928867534202155,11.0,-0.1491073132861942
815291,-13.515748935740433,-18.194589349311034,3.0,4.678840413570601
815434,-33.65922777142985,-30.060052127964266,11.0,-3.599175643465582
815574,-2.294422359702973,-4.518499553015877,0.0,2.2240771933129038
815639,-3.153621529354213,-1.7850568292146498,0.0,-1.3685647001395633
815704,-9.327451232424302,-8.59267208013362,2.0,-0.7347791522906828
815802,-9.138588413687188,-9.125366323996932,2.0,-0.013222089690255956
815907,-12.210851043986835,-16.00389194741214,3.0,3.793040903425304
815930,-10.646277863867907,-14.089638010224032,3.0,3.4433601463561256
815977,-2.5763561736422558,-2.4837899548791125,0.0,-0.0925662187631433
816080,-9.41018089248324,-8.976341222338458,2.0,-0.4338396701447813
816138,-3.557041664245553,-7.555658135017241,0.0,3.998616470771688
816409,-16.3423486698951,-17.693212912641464,5.0,1.3508642427463649
816422,-19.42505535824178,-20.21198306334094,6.0,0.7869277050991599
816578,-2.4020517803645807,-3.303636120215332,0.0,0.9015843398507513
816583,-14.669705756145618,-14.133512356729916,4.0,-0.5361933994157013
816749,-24.05002160741151,-27.779377077058623,7.0,3.729355469647114
816780,-19.782917702368533,-20.553447401389015,6.0,0.7705296990204822
816836,-19.72809532715573,-19.95832841245778,6.0,0.23023308530205
816848,-6.055402930607707,-4.973140657369677,1.0,-1.0822622732380305
816907,-35.33187082390101,-37.26867646595063,14.0,1.9368056420496131
816925,-58.88772026777653,-58.821911727131585,25.0,-0.06580854064494446
816941,-12.206370688676436,-13.225616521647309,3.0,1.0192458329708725
817060,-27.40044022916309,-28.301691271206153,9.0,0.9012510420430608
817071,-234.3796158085009,-184.46686055787183,86.0,-49.91275525062906
817120,-9.240366901334726,-8.90413594835259,2.0,-0.33623095298213634
817131,-3.12659630490174,-0.5701933964141045,0.0,-2.5564029084876356
817151,-14.53376569669475,-14.481921662341799,4.0,-0.051844034352951596
817425,-12.951742302629729,-12.52277523597227,3.0,-0.4289670666574583
817571,-22.10812455960878,-21.402036163015193,6.0,-0.7060883965935858
817598,-19.650716263922632,-19.154350039455295,5.0,-0.49636622446733725
817652,-21.41817274656862,-21.035207280652056,6.0,-0.38296546591656266
817702,-9.199935864639453,-9.481784721239041,2.0,0.2818488565995878
817755,-2.074598077883724,-1.177625112814377,0.0,-0.8969729650693468
817828,-42.988109151014854,-54.35913823867599,13.0,11.371029087661135
817840,-30.61858610197677,-29.87868231393896,9.0,-0.739903788037811
818054,-29.758280227213945,-32.838882563872374,8.0,3.08060233665843
818058,-13.325767600096666,-12.529236309617438,3.0,-0.7965312904792281
818148,-2.6680685672945925,-3.303636120215332,0.0,0.6355675529207394
818251,-22.09229171742039,-20.430953305798802,5.0,-1.661338411621589
818290,-6.882525811831587,-5.010196454677137,1.0,-1.8723293571544497
818295,-31.498020663408663,-40.31354298422297,11.0,8.815522320814306
818310,-2.9102036508840174,-0.8739092546142408,0.0,-2.036294396269777
818318,-5.902210748001681,-5.029932712597737,1.0,-0.8722780354039443
818529,-29.664839128033663,-27.120591365820978,7.0,-2.5442477622126844
818677,-2.144469823219162,-1.7850568292146498,0.0,-0.3594129940045123
818882,-6.558651134000305,-4.992943590769895,1.0,-1.5657075432304106
819168,-2.0749653445871403,-0.8739092546142408,0.0,-1.2010560899728995
819301,-48.048643199608776,-43.893920592838256,19.0,-4.15472260677052
819387,-33.652389139112415,-30.538810845658183,10.0,-3.113578293454232
819417,-36.57399344287255,-34.88147537091996,9.0,-1.6925180719525912
819425,-2.2848399129132524,-7.241592352525455,0.0,4.9567524396122025
819436,-28.852932887006066,-24.40331025493096,8.0,-4.449622632075105
819553,-18.607844951016197,-24.437501533950382,4.0,5.829656582934184
819667,-7.274564344667806,-4.949509935698037,1.0,-2.325054408969769
819672,-11.469288735109533,-11.818086906475912,3.0,0.34879817136637925
819675,-14.04233186760572,-16.5222647006687,4.0,2.47993283306298
819929,-5.7172219102425625,-4.941943798531394,1.0,-0.7752781117111684
819962,-31.23643763459376,-28.0690671047407,10.0,-3.1673705298530592
820250,-2.2666180974581795,-2.9999202620151957,0.0,0.7333021645570161
820301,-6.134659469738307,-4.941943798531394,1.0,-1.192715671206913
820312,-2.1966101835230494,-0.8739092546142408,0.0,-1.3227009289088085
820339,-28.38161466911384,-26.268185594082304,9.0,-2.1134290750315365
820569,-12.7306638009034,-14.854257208872989,3.0,2.1235934079695884
820685,-6.463542852047633,-5.052845898334015,1.0,-1.410696953713618
820875,-3.5491607452288996,-1.177625112814377,0.0,-2.3715356324145223
820976,-16.938198224033965,-19.206330352042144,4.0,2.2681321280081796
820994,-32.229898479271085,-34.52856387373059,11.0,2.298665394459505
821013,-6.656695863497902,-5.8264006707788845,1.0,-0.8302951927190172
821069,-28.854660815527087,-28.879312007980744,8.0,0.02465119245365699
821294,-6.256739729164561,-6.946384818097028,1.0,0.6896450889324663
821340,-17.47207364620511,-18.34688917859535,5.0,0.8748155323902402
821361,-34.94182990813368,-32.700817659236314,12.0,-2.2410122488973627
821602,-6.202737886001226,-7.108232663884094,1.0,0.9054947778828675
821620,-18.928827852533495,-18.15682865532478,5.0,-0.7719991972087143
821747,-2.377248080353885,-3.4761670694667783,0.0,1.0989189891128932
821761,-6.005667117385747,-7.477365163088047,1.0,1.4716980457022997
821972,-3.4153440474561485,-2.6962044038150594,0.0,-0.7191396436410891
822000,-2.230720470532686,-6.340794702216695,0.0,4.11007423168401
822073,-6.919207987522141,-5.908555097666455,1.0,-1.0106528898556855
822167,-6.565823152158288,-6.418806864941917,1.0,-0.1470162872163705
822229,-2.223373912769164,-0.8739092546142408,0.0,-1.349464658154923
822410,-6.016890642457915,-7.174048077617807,1.0,1.157157435159892
822709,-11.284369828661351,-15.793413449201893,3.0,4.509043620540542
822727,-8.93997368051646,-9.291519333747491,2.0,0.3515456532310317
822917,-31.563747820460666,-34.43390525201698,10.0,2.8701574315563114
822974,-30.892734119140805,-36.2673600906469,12.0,5.374625971506099
823091,-52.98984890599558,-59.89897461365744,17.0,6.9091257076618575
823155,-12.422246584192196,-8.573473080693917,2.0,-3.848773503498279
823162,-10.100821963739147,-9.5749134150527,2.0,-0.5259085486864468
823231,-10.246808757386454,-5.447972968805105,1.0,-4.798835788581349
823359,-10.357592664983585,-9.17260878530321,2.0,-1.1849838796803756
823399,-2.7799489083442466,-2.088772687414786,0.0,-0.6911762209294605
823411,-13.268901524070314,-13.84394345491677,3.0,0.5750419308464565
823552,-37.47550503586809,-36.15360559139214,13.0,-1.321899444475946
823611,-26.73368915629244,-28.05850888427924,8.0,1.324819727986803
823781,-40.788627389492945,-33.49012350968412,9.0,-7.298503879808827
823795,-17.304712213905166,-14.890694317239491,4.0,-2.4140178966656745
824027,-8.811477831814496,-9.278399568434377,2.0,0.4669217366198808
824032,-5.271085185504967,-4.980911222143327,1.0,-0.2901739633616405
824268,-10.519577078464414,-10.726159833145083,2.0,0.2065827546806691
824280,-16.25528147071282,-18.499071153635153,4.0,2.2437896829223334
824317,-8.6438871838547,-8.528357877763838,2.0,-0.11552930609086154
824357,-17.89202756710036,-18.444331909908048,5.0,0.5523043428076875
824603,-21.59601171239382,-24.127690732678605,7.0,2.531679020284784
824616,-30.89575587652884,-32.47190643393405,11.0,1.5761505574052137
824659,-9.933986732281424,-9.579712846015788,2.0,-0.35427388626563605
824685,-19.77777318980768,-19.81963240807469,6.0,0.041859218267010334
824689,-23.79970056297287,-24.84137351024698,8.0,1.0416729472741117
824719,-28.975013435899815,-30.650811785329214,10.0,1.6757983494293995
824916,-25.45629161060408,-25.038748740735663,7.0,-0.4175428698684165
824966,-5.577602967185007,-6.124154034730007,0.0,0.5465510675449998
825115,-6.106337401908045,-5.5811711146795435,1.0,-0.5251662872285019
825360,-33.89854661210593,-29.12958373109276,9.0,-4.76896288101317
825367,-14.34435865956744,-15.02622525897701,4.0,0.6818665994095703
825380,-2.177656114782883,-7.555658135017241,0.0,5.378002020234359
825483,-6.299500378339687,-4.880237460035042,1.0,-1.4192629183046446
825660,-2.597135455730493,-6.644510560416832,0.0,4.047375104686339
825662,-2.624453172609978,-1.4813409710145136,0.0,-1.1431122015954642
825996,-15.183101146752527,-15.964190118383721,4.0,0.7810889716311937
826061,-2.9582909035559624,-2.6962044038150594,0.0,-0.2620864997409029
826132,-52.54703722075617,-50.3735701081813,22.0,-2.173467112574869
826158,-121.80800428176575,-86.01610577043613,24.0,-35.79189851132962
826159,-2.0766500136580044,-1.4813409710145136,0.0,-0.5953090426434908
826227,-36.36244181950481,-39.68448241360468,11.0,3.3220405940998674
826245,-7.321896865419109,-6.938138051481056,1.0,-0.38375881393805233
826251,-2.378869416881569,-1.177625112814377,0.0,-1.201244304067192
826297,-9.71097287124148,-8.856329618265015,2.0,-0.8546432529764658
826325,-37.353499571337345,-53.499024124334994,17.0,16.14552455299765
826338,-5.612002599277491,-6.878287020409722,1.0,1.266284421132231
826438,-2.1825257910521874,-3.607351978415468,0.0,1.4248261873632808
826449,-11.600132462389151,-14.884287664734632,3.0,3.284155202345481
826468,-63.34839192348832,-56.15413830849073,24.0,-7.194253614997592
826566,-16.203152265744443,-15.198841878806226,4.0,-1.0043103869382168
826569,-9.41499674754873,-8.827153280437964,2.0,-0.5878434671107673
826617,-2.029570221493172,-0.3964287454244595,0.0,-1.6331414760687124
826735,-28.68349654194067,-26.25615713215798,8.0,-2.4273394097826895
826742,-9.414920017658865,-8.64010158959655,2.0,-0.7748184280623143
826746,-9.594603504346926,-9.067068111553901,2.0,-0.5275353927930251
827070,-2.1783674160802646,-2.088772687414786,0.0,-0.08959472866547857
827161,-6.1695277924604905,-6.737385404771277,1.0,0.5678576123107861
827375,-10.821121556320064,-12.025868148033968,3.0,1.2047465917139046
827382,-3.7262117583483634,-4.822215411216014,0.0,1.0960036528676507
827404,-28.655748152020973,-27.616628545123163,9.0,-1.0391196068978097
827407,-3.586268440001078,-2.644190257129562,0.0,-0.9420781828715157
827555,-9.92885401463421,-8.621499630376697,2.0,-1.307354384257513
827719,-11.409399290610565,-16.527197409425945,3.0,5.117798118815379
828061,-3.6006235727261178,-1.7850568292146498,0.0,-1.815566743511468
828155,-13.353212211169698,-13.122541872335729,3.0,-0.2306703388339688
828234,-3.3355080119515907,-1.4813409710145136,0.0,-1.8541670409370772
828290,-71.6207590174088,-67.27636237618916,27.0,-4.344396641219646
828325,-2.5281997698410033,-1.4813409710145136,0.0,-1.0468587988264897
828433,-125.9827927165522,-103.14911306955774,32.0,-22.833679646994455
828471,-24.82521913106811,-26.405002456983453,7.0,1.5797833259153435
828583,-22.984299105639415,-25.732834624114336,6.0,2.7485355184749203
828608,-5.875631525907074,-4.9619819946264005,1.0,-0.9136495312806732
828613,-51.17596158686745,-57.73555210935991,26.0,6.559590522492456
828671,-57.086292738902124,-45.92413290245778,14.0,-11.162159836444346
828811,-73.39513476242462,-66.0501211515812,38.0,-7.345013610843424
828878,-42.103525522354104,-57.89413427438781,17.0,15.790608752033705
828976,-12.27878590917433,-12.444695036339702,3.0,0.16590912716537254
829279,-19.14036506722926,-20.940828821871275,7.0,1.8004637546420135
829348,-3.737822254051499,-4.2147836948157416,0.0,0.47696144076424263
829352,-10.909478036574637,-12.052364752750726,3.0,1.1428867161760898
