user_id,ll_personalized_poisson,ll_experimental_hawkes,test_purchases
59,-14.687319241571945,-14.822785985212693,2.0
137,-5.774783782284581,-5.946680700397191,1.0
267,-2.9999202620151957,-3.07665313461042,0.0
306,-26.63875158266729,-26.202004317754422,6.0
341,-11.778165553171661,-12.187869582396203,2.0
418,-9.471951318181034,-8.155406042316146,2.0
801,-2.088772687414786,-2.7163762780406078,0.0
961,-3.911067836615605,-4.1711190874216575,0.0
996,-44.55057546920792,-44.87473756877248,17.0
1042,-0.6250334561147853,-0.642089291701554,0.0
1160,-26.550353115128022,-25.55117965374438,9.0
1267,-6.439775386085863,-6.443170604039627,1.0
1353,-1.7850568292146498,-3.087411468236877,0.0
1378,-7.5379089290637165,-7.838227710703039,1.0
1553,-32.598627536875796,-32.995866372916026,13.0
1748,-23.877590651471593,-23.87533315368688,7.0
1881,-1.4885543858120807,-1.5836524475454972,0.0
1887,-17.68887449928371,-17.781631303176425,5.0
1933,-26.213978311673323,-25.889274236332085,8.0
2209,-8.63400447097368,-8.652546332449326,2.0
2232,-44.16006410991499,-44.71339929096334,16.0
2249,-5.8609970023514695,-5.996145073661626,1.0
2293,-16.929521109861703,-16.886364580210536,6.0
2340,-4.969887973140411,-5.057048143248961,1.0
2596,-22.73923454650528,-22.34548209524673,4.0
2647,-28.638014556680233,-28.91665306347061,9.0
2740,-4.874564710645547,-4.946799381612352,1.0
2807,-8.861711304089756,-9.01630241180265,1.0
2812,-11.9321917419481,-12.23380083680718,3.0
2873,-4.2147836948157416,-4.488773455373034,0.0
3001,-124.43414258936586,-120.66075990832789,85.0
3042,-7.630290971663316,-7.859834393202762,1.0
3325,-14.51324223772237,-13.62782408123377,4.0
3367,-15.819124878463025,-14.90502277630007,3.0
3485,-29.520517462429126,-28.61407611088821,9.0
3552,-3.607351978415468,-3.8689683285282044,0.0
3631,-2.3924885456149223,-2.498893603033308,0.0
3733,-16.68064730925622,-17.028697045548896,4.0
3761,-2.3924885456149223,-2.5599103147524938,0.0
3774,-2.797533821828502,-2.8336236602365745,0.0
3883,-8.818588366347269,-8.857905462007965,2.0
3896,-28.165199583359534,-27.78398275517201,8.0
3905,-24.353507360308427,-24.787025457482628,4.0
3952,-27.143442819804175,-27.351898936063034,8.0
3955,-17.42636336177284,-15.648343941770506,4.0
3956,-21.921513250965788,-21.345199758081655,7.0
3979,-5.988400958606176,-6.085547432707218,1.0
4073,-22.485901735724973,-22.254316880664437,6.0
4344,-2.9999202620151957,-3.181407429527442,0.0
4453,-5.277973242871076,-5.448990846695206,1.0
4650,-28.56507576878199,-26.8952239932634,7.0
4711,-39.259679225078074,-39.31399103750349,17.0
4730,-101.8603591529457,-97.90095225503835,32.0
4753,-12.389515549309428,-12.810847312307114,3.0
4892,-11.669179003334765,-11.817880502713967,3.0
5010,-40.53520015067958,-40.77952019011104,17.0
5020,-30.2030412718843,-29.158099140748178,10.0
5043,-12.630130779639513,-13.105123613249683,3.0
5120,-6.5210370084587606,-6.668168905913769,1.0
5331,-19.400186661301863,-19.380920904952454,5.0
5340,-31.696198026658017,-30.826029277716085,11.0
5552,-40.22918530332982,-40.379340301721996,12.0
5568,-18.842487025870362,-17.656235728739077,5.0
5761,-10.563628095559405,-10.901948633010283,2.0
5867,-29.168185744729485,-29.26051909561566,7.0
5887,-5.5060413400389585,-5.450873340969295,1.0
5912,-34.623289815674035,-34.70411222235516,13.0
5932,-5.133080292239298,-5.209237304138783,1.0
6321,-12.18815544095702,-12.359185186041714,3.0
6350,-45.44070525746752,-45.99381065431824,20.0
6411,-1.177625112814377,-1.2161662876770276,0.0
6442,-17.789061651299,-17.99262422838006,5.0
6713,-9.684178208595085,-9.863301194445189,2.0
6977,-6.644510560416832,-6.676497533153176,0.0
7070,-90.04579834976215,-83.23357509448645,30.0
7235,-51.08541147911113,-49.4645452142807,23.0
7261,-26.460803480179848,-24.66079123820814,8.0
7388,-62.26557720324157,-52.575812002218925,14.0
7395,-24.2993948944948,-23.842507451443662,8.0
7398,-1.7850568292146498,-1.8022633891546924,0.0
7409,-32.32504430941826,-28.270150903120644,8.0
7438,-8.424544709914263,-8.04806336646468,2.0
7613,-67.94442790798222,-68.41805498197687,29.0
7733,-15.525234965469908,-15.671162780321058,4.0
7766,-4.639467012541562,-4.681842855414137,1.0
7802,-21.907898006288804,-21.794563474449607,6.0
7841,-0.8739092546142408,-1.0075952684534653,0.0
7900,-15.183423269236169,-15.330660474693424,4.0
7923,-11.57525852492742,-11.564639073582669,3.0
7949,-5.947624432298755,-6.1211251940690845,1.0
8108,-18.202881711478245,-18.335165690791797,5.0
8203,-12.661871482582093,-12.915785399499924,3.0
8344,-36.66600597428199,-36.89033186213016,14.0
8403,-8.723145044920681,-8.89121249082885,2.0
8585,-14.097597008632615,-12.526641929217659,3.0
8616,-14.871986423197344,-14.10598788977865,4.0
8766,-9.096472978926677,-8.930542554379478,2.0
8863,-4.9791700905721905,-4.57023649217723,1.0
8866,-5.256974699460587,-5.35353240148123,1.0
8876,-6.192345448046255,-6.231638358579552,1.0
8902,-33.63076716519201,-33.42575831402597,12.0
9099,-5.483108766235657,-5.7265227806194074,1.0
9163,-5.950232496411106,-6.037923213966173,1.0
9230,-21.913795826609917,-18.914754789897017,5.0
9264,-19.347896993863802,-19.07479109171686,4.0
9279,-18.345747078630573,-19.076687656209863,3.0
9431,-211.41246637091453,-213.54659524529643,115.0
9434,-14.375018151817365,-14.27006634372718,4.0
9567,-2.5456903814941145,-2.5528230409006842,0.0
9591,-33.832657618951714,-33.90008308626487,9.0
9772,-6.767960914120288,-6.831069884072119,1.0
10022,-78.14242717891167,-79.81919692239606,32.0
10139,-8.453172919754861,-8.594650622875795,2.0
10299,-74.20434210149013,-74.3197089760036,29.0
10407,-34.02254617461376,-34.28223941543978,12.0
10415,-5.195797624980317,-5.062516478890471,1.0
10436,-2.6962044038150594,-2.808991934027565,0.0
10446,-23.357419165582375,-22.992555334872023,6.0
10503,-15.324127925205717,-15.969922452723349,1.0
10542,-0.5701933964141045,-0.637266163412679,0.0
10667,-35.821286593075776,-35.80369256086371,15.0
10714,-5.000463482489423,-4.9592952405030735,1.0
10761,-3.303636120215332,-3.4364185541456895,0.0
10954,-5.191352690689291,-5.208141555718584,1.0
11028,-5.0067669990285335,-5.03122807240934,1.0
11085,-29.688508499733953,-30.031505365114665,9.0
11355,-69.44917249722343,-51.81417240678382,12.0
11500,-52.838533672218674,-52.33482215849443,20.0
11667,-18.765131416278884,-18.25997838210629,5.0
11865,-14.931134795487521,-15.271494052805249,4.0
11961,-10.203433315416511,-10.700282793962009,2.0
12020,-5.182648566213634,-5.324808625364063,1.0
12048,-36.11499262130376,-34.317954300329845,11.0
12174,-47.207376428659316,-47.69022971966168,16.0
12187,-9.541341617596581,-9.71752007723122,2.0
12192,-1.4813409710145136,-2.1158118931546652,0.0
12396,-36.76212388949158,-37.17945605524082,14.0
12435,-23.29852164823383,-22.02280679965833,6.0
12467,-27.78166364900443,-28.19526459714199,6.0
12492,-61.926569415446814,-56.223404485812594,18.0
12505,-0.8328237676963033,-0.8736935605939123,0.0
12519,-60.73480453336989,-59.81250544243293,23.0
12547,-18.904618117636648,-18.928461014192596,6.0
12905,-10.707244630562826,-10.75654996153726,2.0
13012,-25.786507619656486,-24.194818513709855,7.0
13187,-66.18340134135717,-65.66390579118625,29.0
13403,-53.031037777193845,-52.275850982239874,22.0
13435,-14.97354729927397,-15.054091152958541,4.0
13442,-5.186417438041745,-5.276901256092014,1.0
13495,-8.477461826801866,-8.549587278501427,2.0
13629,-37.37331804402129,-37.61623537037851,14.0
13731,-16.449016013350224,-16.194348129775125,4.0
13742,-3.911067836615605,-3.9196716333896973,0.0
13915,-13.90156607132117,-14.079182833955917,3.0
13985,-18.720601625349705,-18.10028282586009,5.0
14049,-9.175106408256267,-9.290202903465653,2.0
14075,-2.415779715926769,-2.449651240032218,0.0
14098,-5.555266454612907,-4.529429446538496,1.0
14166,-41.73039452549757,-41.271618168525265,15.0
14184,-8.511342217249677,-8.61111742872394,2.0
14240,-12.538289328102449,-12.565108525719987,3.0
14263,-15.552168370202752,-15.854605947208924,4.0
14471,-30.530379156932774,-30.67927118234956,10.0
14586,-1.177625112814377,-1.3622387027566965,0.0
14661,-5.174189674147462,-5.381844265768174,1.0
14786,-5.113980721041136,-3.908850114329009,1.0
14792,-25.14731232516505,-23.82559975190653,8.0
14816,-25.583737417921366,-23.8597926481763,7.0
14823,-22.65930637251522,-22.173037338297434,7.0
14910,-56.368509842921384,-55.744559247067514,11.0
14916,-38.89686895681565,-38.30024459861587,13.0
14937,-5.056976328720807,-5.113802379616948,1.0
15111,-27.11197517732222,-26.072603600439738,8.0
15197,-11.84122529430802,-11.951727553246938,3.0
15360,-14.251328793596155,-14.64054688546131,4.0
15370,-54.52164132582717,-55.34480482540392,22.0
15391,-5.530732784215204,-5.93133803550031,1.0
15508,-32.859894355605036,-25.891022719016622,6.0
15517,-34.11608048304262,-34.328136822776756,8.0
15553,-11.907047276765267,-11.973096397810469,3.0
15580,-29.34554254944216,-28.7493676472651,11.0
15613,-9.721968357886805,-9.964582447537259,2.0
15625,-74.69861385810773,-75.10632603842328,31.0
15662,-12.431380621022631,-12.69780068036563,2.0
15671,-14.436898023357028,-14.611401185967937,3.0
15803,-30.98932453436487,-31.125385184648085,11.0
15954,-58.12537937465761,-58.50328473488687,22.0
16051,-59.43916712456497,-59.78558084359352,25.0
16082,-1.4813409710145136,-1.519447561631942,0.0
16306,-0.8863616841608835,-0.928639731791548,0.0
16355,-5.133080292239298,-4.954176785289528,1.0
16360,-2.9999202620151957,-3.1369171382118335,0.0
16387,-8.775466025940224,-9.066013661157335,1.0
16483,-6.978902668331797,-7.0812771672239645,1.0
16492,-10.11552719617462,-10.232411878849618,2.0
16612,-11.579178197462957,-11.52851193309625,3.0
16907,-10.16899842201474,-10.305299526064205,2.0
16982,-5.372125809819854,-5.506624985782849,1.0
17104,-12.709337410008105,-11.971894323650593,3.0
17189,-23.650230479961596,-24.153642599691995,4.0
17225,-5.0042138182440565,-4.821958745555014,1.0
17237,-99.7374829355563,-100.62780951770984,39.0
17415,-12.844174445926582,-13.035130026276672,3.0
17601,-12.53740789796954,-12.333199880888179,3.0
17775,-12.393591135488546,-11.816556850964766,3.0
17838,-2.3924885456149223,-2.516461238707121,0.0
17863,-8.740436560727746,-8.552239385904569,2.0
17920,-23.40393327332484,-23.715052479391666,2.0
17932,-7.9875274753965595,-8.152152630188406,1.0
17991,-21.71605077828469,-21.622837008720403,7.0
18119,-42.350096079065075,-42.71964872612369,13.0
18187,-15.309123321932631,-15.64782801311595,4.0
18267,-10.541363552401569,-11.154947525387394,2.0
18268,-25.601173281427954,-24.779349977303035,8.0
18345,-18.833985930531576,-19.051558802073895,5.0
18402,-12.337376985854991,-12.535450404174048,3.0
18519,-12.232208060013074,-12.577325347745013,3.0
18566,-11.681267254360417,-11.811387896014795,3.0
18853,-52.562176581930046,-51.03814146668384,18.0
18929,-4.2147836948157416,-4.23032438738248,0.0
18945,-41.20483326338436,-40.75890692827854,12.0
19029,-29.047306673680204,-27.67819677968252,7.0
19200,-31.874611055807897,-31.857951299977856,11.0
19260,-5.010196454677137,-5.0801790220076875,1.0
19277,-14.994362296504672,-15.248496659655716,4.0
19293,-30.641397287664116,-31.003958130038455,12.0
19325,-335.1331673509709,-286.24497261343015,108.0
19532,-46.27692502574474,-45.419966861895574,16.0
19687,-17.806581982551872,-17.047874065706214,5.0
19734,-10.874869831347851,-11.065710279605284,2.0
19792,-4.929054647377197,-4.979315181834983,1.0
19814,-20.080868829221398,-20.587139791179272,6.0
19905,-8.510386927810512,-7.939254419256953,2.0
20014,-14.575432238263348,-14.26203688371952,3.0
20026,-28.396676535755905,-28.869802424760966,7.0
20107,-23.894151080050406,-22.29720355647016,6.0
20293,-33.99682963594414,-32.040963667634436,9.0
20416,-14.528400621468371,-14.146477695134237,4.0
20426,-24.307795181591,-24.644133686303967,7.0
20473,-5.4296471276162865,-5.514699548707691,0.0
20569,-1.177625112814377,-1.3332786962666483,0.0
20598,-119.35471205888616,-119.54265849396648,58.0
20768,-14.23740701542024,-14.331141248387002,0.0
20776,-20.336440831319642,-20.577588373342138,6.0
20888,-10.2002725185414,-10.633763055718196,2.0
20971,-44.51333041144796,-44.24429060536886,16.0
20981,-9.031574941394886,-8.935234374743622,2.0
21033,-25.011252369478825,-24.952897781994402,8.0
21056,-0.2788113642509729,-0.2788113642509729,0.0
21277,-12.36906266177575,-12.283729596281612,3.0
21339,-70.29391900085683,-67.64897307750185,15.0
21403,-5.083147690892124,-5.399589746064852,1.0
21455,-18.762153206722832,-18.67149094471335,5.0
21600,-31.844268389919037,-32.357103250452454,12.0
21659,-19.065572322286076,-19.027095435576886,6.0
21720,-27.747425665060803,-25.803695060328,8.0
21817,-11.866117156610507,-12.014047163375768,1.0
21867,-8.967099111149569,-9.040498197226635,2.0
22023,-42.79495228380413,-43.034889687827516,17.0
22033,-11.550677573774461,-11.686751966591968,3.0
22044,-1.177625112814377,-1.2654048254613586,0.0
22072,-28.14481149120515,-27.747793623933173,9.0
22188,-67.30964390976341,-64.64925451713428,27.0
22226,-68.40878773211944,-64.49309432487374,23.0
22235,-15.151983915214347,-15.325305795652017,3.0
22348,-0.8739092546142408,-0.9982324766662234,0.0
22349,-9.250781286910403,-9.333513817424551,2.0
22385,-12.742395908073235,-12.8390825739705,3.0
22399,-13.12871510908697,-13.195046877421037,3.0
22697,-9.874721977067855,-10.09375562586406,2.0
23053,-4.034846149808562,-4.148330979108417,0.0
23067,-5.819708320088983,-5.900060606807719,1.0
23134,-4.518499553015877,-5.057299687299785,0.0
23250,-8.174543201224175,-8.480085347600332,1.0
23558,-22.878146465581814,-22.737391922832494,7.0
23666,-5.00590081011509,-4.996074372273389,1.0
23704,-29.78571747064507,-30.127115962081337,10.0
23867,-41.704358920806854,-40.58971510025914,17.0
23932,-8.554771887628878,-8.637973061645688,2.0
24045,-8.68906572637555,-9.13071908235003,2.0
24092,-32.90185211739077,-33.34217998169094,11.0
24289,-1.4813409710145136,-1.7705138596781567,0.0
24426,-1.177625112814377,-1.243515841786034,0.0
24606,-90.5656407256333,-82.06425501862813,21.0
24644,-27.134577025170657,-27.41033374182618,9.0
24828,-8.46680570961765,-8.677642641366953,0.0
24912,-17.06295656254096,-17.106705892076842,4.0
25090,-15.048029177641169,-15.39224675735568,4.0
25122,-40.14667050566923,-39.77016079654273,17.0
25194,-17.696946703162265,-17.902038193385742,4.0
25332,-23.53133050854907,-23.227633332811365,8.0
25346,-5.065435220786979,-4.891571874773092,1.0
25404,-5.829153032930517,-5.953827767385086,1.0
25562,-9.931221668363511,-10.047348782042384,2.0
25637,-49.289265900716806,-48.73823168226329,22.0
25672,-30.872639534500458,-27.838766053977675,8.0
25724,-13.99939979889455,-14.207023172179262,3.0
25772,-41.75603213105647,-41.73448848002742,18.0
25964,-38.81612258281329,-38.8198252388421,15.0
26063,-21.440548418309287,-18.986043149991637,4.0
26084,-7.996343321799372,-8.503038271766407,1.0
26101,-15.505869636174761,-15.77614341207043,4.0
26104,-20.53920848989662,-19.983871438565465,6.0
26107,-10.793864197338898,-10.925787234452901,1.0
26211,-16.58102736849069,-16.294633333477123,5.0
26367,-9.760621311909375,-10.287431013042003,1.0
26522,-35.92932069937966,-33.13004358947095,10.0
26692,-4.943277105418085,-5.044950934609239,1.0
26704,-15.15483569233692,-15.365390708291882,4.0
26871,-40.38452233209238,-38.17298229718083,11.0
26961,-38.72286883063323,-35.455103560975985,12.0
27213,-1.7850568292146498,-2.1792183200339417,0.0
27256,-38.232990702123026,-38.00396261599347,12.0
27326,-6.907870484444855,-7.020560939693493,1.0
27377,-42.38259702303528,-41.97799241930701,16.0
27379,-23.995883646080575,-22.96882082039105,8.0
27597,-22.967297388370852,-23.06016799585407,8.0
27699,-36.71616102647282,-33.69991736200496,12.0
27749,-26.32933338067087,-26.218342397092332,9.0
27780,-45.320528192722875,-45.4834860776914,20.0
27859,-17.71828274852616,-17.91209426466698,2.0
28113,-15.223772693703994,-15.396372055418523,4.0
28150,-12.08029719528087,-12.040449071152235,3.0
28171,-5.976579852559027,-7.242082708241485,1.0
28196,-4.948185986688612,-4.733464016754985,1.0
28272,-21.7172277180905,-20.405441013025552,6.0
28335,-15.301783710490652,-14.690720427453096,4.0
28375,-2.9172432214727197,-2.96508652774945,0.0
28432,-8.733998597143316,-8.896452420383586,2.0
28436,-3.607351978415468,-3.63999950919517,0.0
28489,-15.316894143489584,-14.923724963515108,4.0
28523,-21.9483096765468,-22.428579255498782,5.0
28525,-15.322988180151642,-15.41923970646844,3.0
28572,-58.655878291598135,-57.23385371852065,25.0
28582,-9.590306930023576,-9.340927461177532,2.0
28653,-61.43134129904262,-59.64206172728119,22.0
28700,-23.889534706604802,-23.366090290868257,6.0
28830,-13.33998766322955,-13.54105697046511,3.0
28876,-23.927962047106693,-24.130166287262593,8.0
28991,-95.43467859616541,-85.4818453218147,18.0
29136,-21.090388114334015,-21.12292320607093,6.0
29244,-30.17391411234244,-30.25212551863053,11.0
29253,-10.02692794325416,-10.988049281094199,2.0
29410,-17.524193513330566,-17.689346952487632,4.0
29468,-17.55821834532251,-17.39910719877055,5.0
29642,-2.6962044038150594,-2.7070312534942413,0.0
29769,-16.902418780574155,-12.656808198009967,3.0
29896,-1.7850568292146498,-1.7876645406811527,0.0
29989,-33.94687249865725,-32.95517246125938,9.0
30072,-10.740347548619846,-10.948825330536646,1.0
30128,-32.41087352329377,-32.574804600043684,12.0
30244,-14.606779569185735,-14.044216343898793,4.0
30370,-4.950047410509845,-4.981016565212774,1.0
30375,-8.490769005737926,-8.701780417837782,2.0
30399,-0.8739092546142408,-0.8739092549442901,0.0
30427,-1.502448762216766,-1.5126681805763433,0.0
30586,-36.05137939319188,-33.33158386624267,12.0
30612,-20.309905040484995,-19.11893639129555,6.0
30945,-67.84132140389018,-65.62246286483621,23.0
30954,-0.8739092546142408,-1.0405394761436304,0.0
31047,-14.306135085969627,-14.450065102263531,3.0
31090,-51.760730200376756,-50.86445099789938,21.0
31207,-24.48392847555534,-23.67851495604753,7.0
31683,-17.872997611272826,-18.06142342484904,3.0
31877,-2.2899627757125125,-2.469678598680015,0.0
31890,-53.62036846809394,-54.1337269696346,16.0
31904,-40.66034936773553,-36.76565022731752,10.0
31909,-22.68741072301116,-22.343744124749207,6.0
32022,-77.4927670637429,-69.2510288770792,21.0
32091,-48.84549466280303,-47.580447442139615,21.0
32113,-7.951513385099649,-8.194112115826574,1.0
32224,-8.693065721674193,-8.808908006027352,2.0
32226,-22.82609542442976,-22.76704249671444,7.0
32235,-23.482862197139465,-22.727169642944737,7.0
32275,-5.077156046426035,-5.12903413131864,1.0
32319,-4.93068181403096,-4.883894443615821,1.0
32378,-33.10854305666204,-32.25103644114436,9.0
32517,-6.1549022829986,-6.378507349838823,1.0
32559,-30.61057387891353,-30.502428557694174,6.0
32644,-1.19970354560459,-1.252742718564435,0.0
32765,-28.458753518851207,-28.68428856215701,8.0
32923,-29.685945211123894,-29.755168829522646,12.0
32957,-3.607351978415468,-3.9424755420168145,0.0
33030,-9.004598091661554,-9.095445307918474,2.0
33266,-4.2147836948157416,-4.331213915693256,0.0
33285,-18.732751433155464,-18.977524773684504,5.0
33680,-33.82752174264399,-33.717654839836875,11.0
33688,-36.64313484760492,-33.23518797603222,11.0
33695,-14.334439011154922,-14.467108563831655,4.0
33787,-2.088772687414786,-2.119785157678306,0.0
33973,-26.313552243027996,-26.475985905231926,8.0
34067,-14.791965574473835,-14.861244602582538,4.0
34148,-12.52992256926658,-12.577324313423047,3.0
34231,-1.7850568292146498,-1.8365228222201615,0.0
34238,-12.543027452905225,-12.705456723050368,3.0
34322,-5.393603718159168,-5.461400512222176,1.0
34440,-0.9171795736926038,-0.936846002907074,0.0
34481,-1.4813409710145136,-1.8903051743877306,0.0
34585,-11.786988582650721,-11.962865410642655,3.0
34689,-17.860600733866523,-18.053234840236556,5.0
34905,-28.163879133106022,-28.14851675155006,9.0
34911,-1.7850568292146498,-1.884750477481882,0.0
34962,-25.598045549156122,-25.82154971895146,6.0
34976,-32.22902202304542,-28.971448974248272,9.0
34979,-15.25304561940855,-14.837653595528307,4.0
35050,-45.2136924974845,-44.615586066433785,14.0
35066,-12.646877188483868,-12.683766550392907,3.0
35120,-18.127297688396578,-18.458587362658964,5.0
35135,-49.91896276929239,-50.62412195835309,17.0
35142,-54.998681669450626,-51.908908914719994,16.0
35153,-11.965232107903978,-12.234785932962772,3.0
35162,-17.699867960763523,-17.964918952846517,4.0
35342,-6.314544397807014,-6.417635608843146,1.0
35356,-8.546653247096,-8.578589332372431,2.0
35374,-29.56473274752278,-28.47332006116941,10.0
35419,-12.137366271909087,-12.221963741881826,3.0
35425,-0.8739092546142408,-0.8773157200586612,0.0
35441,-5.059791560061501,-5.259398192156351,1.0
35660,-1.19970354560459,-1.247217592504059,0.0
35733,-19.440381155894475,-19.64141085078595,5.0
35804,-15.314886297681761,-14.167875060628347,4.0
36019,-0.894572665053861,-0.8945895065724541,0.0
36199,-11.495840460971307,-11.650276745961982,3.0
36229,-18.660173554619824,-17.909361812802405,5.0
36534,-12.3784661009258,-13.151306131448669,2.0
36554,-17.428787262100208,-17.55993538949677,5.0
36588,-36.08039136072756,-35.92903584297214,15.0
36687,-5.359055045662255,-5.412665655483968,1.0
36770,-31.543455159184244,-31.681733953495637,12.0
36785,-25.051187241176148,-24.954561510671635,8.0
36805,-16.2191713090941,-16.47970710294976,4.0
36834,-19.984116316710665,-20.14315331229156,6.0
37131,-20.123381006649165,-20.55914847201158,5.0
37136,-26.684679084825866,-26.93065761099554,10.0
37289,-7.416685167543845,-7.56396891733365,1.0
37336,-16.782081030138645,-16.77441237359018,3.0
37697,-8.539242538657922,-8.321138527314496,2.0
37708,-23.769438045045185,-22.835500523139537,7.0
37746,-5.166806559531404,-5.264762315986499,1.0
37784,-5.059830501190934,-5.158427586554928,1.0
37801,-13.004065254186907,-13.14206914807831,3.0
37819,-15.071589152707759,-14.884359710869496,4.0
37996,-2.088772687414786,-2.159044787224378,0.0
38009,-36.32681487271951,-35.067420694247296,11.0
38028,-11.914242575748082,-12.055519698503284,3.0
38072,-27.694782285550936,-27.393365065698433,6.0
38106,-16.78740001136485,-16.4404292549193,5.0
38175,-39.449160305827284,-36.2885594846953,8.0
38206,-61.0602337384003,-61.46816932577987,25.0
38469,-52.33375002920681,-53.15053832437018,25.0
38582,-84.84318735980827,-85.17697089358315,28.0
38594,-31.166071093568416,-31.36175274656971,11.0
38871,-34.40945240001955,-33.980043953203634,12.0
38918,-76.02610211441976,-73.93609966046438,41.0
38919,-12.35863198528398,-12.472948061687166,3.0
39110,-14.696527844001963,-14.85142536482589,4.0
39139,-6.679235215518727,-6.6631036092415465,1.0
39285,-7.555658135017241,-7.685767108465106,0.0
39329,-57.615730118787724,-54.45827399543651,20.0
39385,-5.315150302160157,-5.256229173794775,1.0
39449,-16.95384687361908,-17.332355920830064,5.0
39458,-11.531746004668934,-12.650554957756597,2.0
39488,-3.911067836615605,-3.980402487482323,0.0
39521,-11.859148385177186,-12.229533601682853,3.0
39590,-12.737701220650733,-12.547453066611507,3.0
39605,-6.33916508780498,-6.730296340220642,1.0
39621,-4.936119141656627,-4.804189186020131,1.0
39678,-3.303636120215332,-3.5152546862758074,0.0
39809,-20.037295031010565,-20.225375083957104,3.0
39826,-17.851844898856836,-17.40954803527649,5.0
39889,-5.458133486708735,-5.511758076795676,1.0
39935,-22.294440985637976,-22.662836211186708,7.0
39963,-20.56819124594994,-20.804416052037542,6.0
39965,-9.498241327685568,-9.578987642922622,2.0
40057,-50.27985716741417,-50.14311010329547,20.0
40104,-37.572911195962014,-37.15575517830352,17.0
40131,-20.668942621632443,-20.12297628109605,5.0
40167,-5.047793666435492,-5.0994801538955645,1.0
40402,-5.054977870273966,-4.97911969404089,1.0
40742,-5.192687955297101,-5.355742408140226,1.0
40746,-11.604497200361871,-11.483917333296283,3.0
40777,-15.043449592785612,-15.287882102885929,4.0
40805,-23.490070726697585,-23.25419940864048,6.0
40807,-13.979057936426,-12.321996633758527,3.0
40884,-14.565870463911443,-14.785324633153696,4.0
40938,-31.594512357514557,-30.629374402380048,11.0
41016,-18.21109313813075,-18.175089356235045,5.0
41048,-150.96458246384518,-146.1091979481529,77.0
41098,-46.03163986816981,-46.26603346862722,20.0
41226,-18.670501914658036,-17.524090060648216,4.0
41300,-39.37938950732929,-40.01774271608259,12.0
41415,-18.06603983296729,-17.906953969224972,5.0
41474,-6.33916508780498,-6.590342378115785,1.0
41488,-16.141477378941953,-16.7356344919562,4.0
41492,-9.069868225138999,-9.143605896825305,2.0
41543,-42.202636166622185,-39.68935846049021,14.0
41550,-2.088772687414786,-2.10628083950345,0.0
41830,-14.466496674784622,-14.331994464031922,4.0
41838,-4.952706857822955,-5.077630597669164,1.0
41860,-73.01860355008715,-70.04337788740199,30.0
41910,-1.56939108788397,-1.6000494104819845,0.0
42108,-8.594859117195762,-8.821289525910085,2.0
42141,-8.969604799727136,-8.996787612631767,2.0
42190,-12.663956644534931,-12.75170077070014,3.0
42318,-29.64337131314256,-26.18041416583628,6.0
42341,-1.177625112814377,-1.3352358571001948,0.0
42456,-8.766473284893761,-8.892788211108575,2.0
42530,-17.724875622729517,-17.844351196961547,5.0
42606,-4.518499553015877,-4.552531451622455,0.0
42766,-29.69633319827415,-29.901836371263713,11.0
42979,-11.862824595199841,-12.138538988455265,3.0
43107,-5.0270082903850035,-5.047653880986315,1.0
43159,-5.1200989767156875,-5.122662829918599,1.0
43234,-19.104371097526023,-18.828923102919262,6.0
43463,-15.837315743012855,-15.952400695889377,4.0
43498,-8.573615475513144,-8.661730095766643,2.0
43614,-2.6962044038150594,-2.7436409039925005,0.0
43615,-4.822215411216014,-5.0569050925655965,0.0
43787,-41.34807849250385,-41.8548116201598,9.0
43937,-50.24952249609716,-51.014863799876316,19.0
43966,-14.841297986617013,-14.057553704706509,4.0
43969,-6.037078844016559,-6.088592995498203,0.0
44016,-65.18568553903954,-64.69132968248813,27.0
44074,-4.935928541338466,-5.101505689006806,1.0
44075,-8.400960036722378,-8.750916737175762,1.0
44121,-11.542688024120888,-11.828567311106728,3.0
44179,-21.88554936778649,-21.445599895851867,7.0
44264,-3.607351978415468,-3.6565331727327615,0.0
44284,-34.890335098236775,-35.08501557827124,10.0
44377,-30.75149896117098,-30.798490372148535,9.0
44400,-18.201052588457856,-18.318276967527616,3.0
44403,-4.94294944482254,-5.034593655003021,1.0
44578,-21.688517449355786,-20.303521875926858,5.0
44731,-9.17304450015013,-8.990256148512037,2.0
44825,-35.78918785162278,-33.45527492698802,9.0
44840,-3.303636120215332,-3.3104424268644506,0.0
45002,-4.883537524255688,-5.0358752274983525,1.0
45074,-5.635232740787853,-5.74543780871651,1.0
45078,-8.632391341079126,-8.750573707266573,2.0
45242,-36.159275985132304,-36.50690143049786,13.0
45394,-6.309400539000885,-6.651258780900094,1.0
45396,-18.888100844738187,-17.799052035477786,5.0
45397,-9.646171257219123,-9.910313018942327,2.0
45414,-5.156719579818233,-5.244672091402586,1.0
45543,-1.549904355232325,-1.5499043566536173,0.0
45558,-15.241507568640428,-15.320562817680527,4.0
45591,-63.41317964137205,-61.28367525778669,24.0
45853,-5.534448474927775,-5.701629916585655,1.0
46043,-11.052697457240725,-11.339564026107661,1.0
46100,-1.7850568292146498,-1.859006503304497,0.0
46174,-1.4813409710145136,-1.5700022067732875,0.0
46179,-7.682823225910115,-7.752029803534703,2.0
46331,-3.303636120215332,-3.348547595416669,0.0
46446,-9.468761251016861,-9.602280567268068,2.0
46449,-78.62206318921486,-77.60984494925555,34.0
46622,-13.40120780416948,-13.487681737410664,3.0
46672,-9.460050838033649,-9.559543760979802,2.0
46765,-25.661968408955193,-25.9290679950812,6.0
46810,-0.5701933964141045,-0.6167575453657465,0.0
46926,-11.840071405004203,-11.860999012599995,3.0
46931,-29.6574899440402,-29.044204489490962,10.0
47008,-0.8739092546142408,-0.9114312828238965,0.0
47043,-2.6225933056837856,-2.7339569290652337,0.0
47083,-8.68286108464714,-8.870631970079236,2.0
47281,-19.0572547516248,-19.046084520212222,6.0
47408,-5.118830765014903,-5.149182085305398,1.0
47451,-75.16212696682872,-74.7110283750596,27.0
47490,-18.589516223560018,-18.596328726035235,5.0
47543,-6.249444116965957,-6.23582909443108,1.0
47642,-8.478619451984148,-8.631531005321758,2.0
47689,-24.53616037625678,-22.39847764583542,5.0
47699,-9.590940916220065,-9.694084179623983,2.0
47790,-9.712211060275793,-9.912787325168038,2.0
47946,-402.6144251033018,-399.1722977795686,359.0
47954,-8.692349354836466,-8.791322507343867,2.0
48102,-9.698229382998905,-9.183574926006903,2.0
48108,-11.81069150948935,-12.044210711472928,3.0
48109,-1.4813409710145136,-1.4951236946416386,0.0
48179,-5.667313673532655,-5.642132076773858,1.0
48184,-96.79829683916881,-94.91947062364066,47.0
48193,-9.707383142090446,-9.849293520128722,2.0
48320,-20.65935142376001,-20.91839458751736,4.0
48348,-14.385102592506492,-14.481565511493478,4.0
48370,-4.929945904905384,-4.949434960654106,1.0
48379,-9.014418920903156,-8.596439072060203,2.0
48453,-1.177625112814377,-1.2355124999464695,0.0
48580,-28.535993604052326,-28.331134234684495,8.0
48627,-22.094351960378564,-22.286050712389436,4.0
48769,-9.929193666493639,-10.08140530461034,2.0
48962,-5.154813552584846,-5.241165898603495,1.0
48979,-18.79137098788283,-17.973408034534994,5.0
49083,-1.4813409710145136,-1.7791926571753554,0.0
49104,-28.556669225546845,-28.661936947753112,9.0
49260,-12.378304256603602,-11.881435748280808,3.0
49325,-16.25334443609459,-16.38388890626289,4.0
49329,-7.61756153636587,-7.932511615628607,1.0
49369,-15.82933245517341,-15.947935480246219,4.0
49383,-36.67913437742967,-36.971771491427624,14.0
49440,-14.08347664967581,-14.266070383451247,3.0
49443,-2.9999202620151957,-3.0800005423693726,0.0
49452,-36.389304366251835,-35.485448077870984,14.0
49532,-47.932960235021895,-44.81157290758774,13.0
49574,-82.75657545144628,-82.23319491844168,38.0
49833,-5.733362985816423,-6.017062186048129,0.0
49910,-8.667526967149593,-8.762008337942511,2.0
49927,-21.980735623919017,-17.640541554430985,5.0
49985,-4.9791700905721905,-5.081712942090897,1.0
49986,-9.37445687619925,-9.37421065584063,2.0
50169,-11.973910865402937,-11.81515582508139,3.0
50205,-8.67476506973601,-8.939287811496436,2.0
50223,-1.177625112814377,-1.3734231920379005,0.0
50543,-5.059830501190934,-5.260543760088757,1.0
50631,-43.415011345478455,-42.99877949624674,17.0
50638,-7.411985706166946,-7.631584831712266,1.0
50694,-17.66958423799837,-18.054859803009123,4.0
50882,-24.65855357376058,-24.727917230629004,8.0
51103,-23.96941696358901,-24.308664106540586,7.0
51116,-12.499691004762912,-12.560700173573801,3.0
51367,-2.6962044038150594,-2.8223716235604366,0.0
51443,-13.568634323612363,-13.645866256911074,3.0
51509,-27.487973931818825,-25.335984738073407,5.0
51614,-21.773954572561415,-21.702405365284907,7.0
51622,-2.9999202620151957,-3.1737932517711807,0.0
51673,-5.774783782284581,-5.895252957369252,1.0
51995,-0.8739092546142408,-0.9049443126871156,0.0
52227,-8.711089832940544,-9.102582911501617,2.0
52268,-34.16464546018183,-32.818930437971304,8.0
52417,-5.067357697228144,-5.132488905901149,1.0
52466,-2.6962044038150594,-2.6962044038150603,0.0
52481,-8.577252777294541,-8.580934674892786,2.0
52482,-20.646831370390412,-20.809970182686897,6.0
52589,-24.05985051099267,-23.640613722980202,7.0
52602,-27.72424231594982,-26.8676265884407,8.0
52639,-74.864785634392,-73.02177835571803,36.0
52671,-23.666493742245517,-24.055168557448997,7.0
52828,-16.50070401878316,-16.690421021010046,3.0
52910,-0.8739092546142408,-0.8994041868218681,0.0
53034,-27.07085738438673,-26.22997297381575,8.0
53091,-2.2803896766827134,-2.358023712408944,0.0
53133,-2.3924885456149223,-2.8612501009226117,0.0
53262,-37.03063643157407,-36.56151265411969,13.0
53307,-25.0542445264353,-24.183239131538787,8.0
53349,-18.576760364629045,-18.726184952414844,5.0
53461,-49.426670332843464,-41.678771032723134,13.0
53466,-5.447972968805105,-5.502846259698188,1.0
53523,-8.471128698639474,-8.727230341579482,2.0
53531,-29.4606364612383,-28.833949177626288,10.0
53742,-14.290267997568407,-14.376662676349982,4.0
53766,-5.483108766235657,-5.6567159527887405,1.0
53861,-24.866516488909333,-24.171459923004722,8.0
53965,-1.177625112814377,-1.2966715363252652,0.0
54175,-5.622733163260569,-5.800082560963514,1.0
54281,-1.4885543858120807,-1.4990383124249878,0.0
54379,-41.049251562893254,-41.302501434072916,12.0
54431,-26.792457789828187,-27.093521425313774,8.0
54607,-5.102455179727965,-5.242504528504318,1.0
54701,-5.109180763608511,-5.170530090024715,1.0
54903,-21.228099806372935,-21.292049338765096,7.0
55175,-27.15162136645703,-27.377169655988734,9.0
55184,-15.253494757746994,-15.12237342583665,4.0
55186,-3.303636120215332,-3.352492436851675,0.0
55352,-5.274189847854837,-5.370713023331795,1.0
55590,-4.942347261563224,-4.928723696091406,1.0
55741,-14.358916843588181,-14.43162058111292,4.0
55891,-0.8739092546142408,-0.8807754307466212,0.0
55938,-5.656023551288171,-5.772189690683509,1.0
55963,-40.17724971326657,-39.57198564326465,14.0
56033,-2.3924885456149223,-2.406114237628111,0.0
56048,-1.7850568292146498,-1.8004234410100481,0.0
56145,-4.945679021077664,-4.9799548939903255,0.0
56264,-9.15091599675578,-9.269063630619824,2.0
56368,-65.81707551126706,-62.72548775072412,13.0
56565,-15.09874773165663,-14.903618010755206,4.0
56622,-82.43171945611866,-77.21683343256724,27.0
56837,-8.564549922394008,-8.602654789124777,2.0
56838,-8.552589516898683,-8.586149516972476,2.0
56962,-11.579160105109395,-11.670005801304551,3.0
56963,-8.780850249877414,-7.81166727544391,2.0
57082,-1.6592209734569363,-1.72457088486782,0.0
57186,-8.64454143430805,-8.922895210503503,2.0
57228,-8.774779783913647,-9.347732905331906,2.0
57298,-14.62369090123632,-14.745835305420801,3.0
57604,-51.230937152627696,-50.08201322392525,19.0
57641,-51.843355289056106,-40.37711708410451,12.0
57644,-40.64565995619724,-40.85859665823421,16.0
57699,-6.035581819786859,-6.264150416350906,1.0
57768,-17.48334336842817,-16.862947289763312,4.0
57832,-17.93507546862975,-18.075293219176377,5.0
58040,-17.396990861542093,-16.71782941622856,5.0
58104,-19.934318539563584,-19.64743197600935,6.0
58249,-20.203079505487302,-20.28937480878589,6.0
58270,-2.3924885456149223,-2.454349890191842,0.0
58293,-28.282299414841535,-27.601694382235674,8.0
58332,-36.999953542734985,-36.83115613114013,15.0
58374,-80.31410754393491,-80.22527774409015,37.0
58554,-11.609229180865249,-11.796866400686337,3.0
58576,-25.364728353649067,-25.561638858416597,8.0
58656,-9.303349814759986,-9.430136877683934,2.0
58696,-4.970463438294473,-4.874790561057581,1.0
58884,-50.12551639691023,-50.50513175078975,11.0
58949,-8.505688901418328,-8.356782662404537,2.0
59015,-53.19016261957792,-52.38519789624036,25.0
59018,-9.033818496318588,-9.412547365525553,2.0
59292,-10.653569649269214,-10.858179619414809,1.0
59410,-9.684208411504864,-9.244166527606334,2.0
59615,-1.177625112814377,-1.224984763083702,0.0
59625,-1.7850568292146498,-1.8105291151419816,0.0
59626,-20.5333607838717,-20.399590071340736,6.0
59629,-8.896333024847873,-8.688369153269019,2.0
59651,-2.673299931714397,-2.7238087012180543,0.0
59668,-7.0741441163998715,-7.112762698854788,1.0
59771,-4.987904931177552,-5.049296663088021,1.0
60182,-5.056976328720807,-5.091641134329956,1.0
60257,-62.15314388410642,-62.521385879020094,32.0
60325,-21.738438584464166,-21.98160646873008,6.0
60375,-16.375375877218612,-16.492352483674082,4.0
60719,-40.219353645485995,-40.000218826860284,15.0
60746,-17.532690160681437,-17.180548692404873,5.0
60785,-4.889669173612671,-4.972370563548,1.0
60787,-29.631724063474262,-29.35940532652034,11.0
60805,-12.885917854496295,-13.17421205752884,3.0
60952,-41.733140613680646,-41.84423339349206,12.0
60976,-5.265420212447787,-5.38838207049241,1.0
61181,-22.61658772560041,-22.808724767547314,7.0
61259,-4.901205981178988,-4.928767330556065,1.0
61310,-12.84950344722588,-13.056327463161205,2.0
61358,-9.320945394625445,-9.392407583871217,2.0
61473,-0.8739092546142408,-0.8842347161119205,0.0
61500,-35.27064245238485,-35.72767217080546,12.0
61641,-17.389699787854177,-17.36414748597422,5.0
61682,-8.617799350297608,-8.405022929241879,2.0
61743,-11.92048279817775,-12.149802598247858,3.0
61763,-16.591185860628315,-16.797764784524812,4.0
61766,-8.770521567817786,-8.82302524149787,0.0
61885,-6.53724628684771,-6.572817706277285,1.0
61906,-22.970894774022252,-16.81206702154627,5.0
61912,-2.6962044038150594,-2.849189087905457,0.0
61918,-17.407016588218838,-17.401961458564372,5.0
61949,-250.08966041905737,-252.64501102307693,99.0
61980,-5.711579940838039,-5.747601999914736,1.0
62118,-3.4121298950664296,-3.5189904616455654,0.0
62144,-2.3924885456149223,-2.458549774658161,0.0
62159,-55.1401068825756,-50.3282356284009,18.0
62166,-42.1056458302905,-41.62543622919209,15.0
62171,-88.64637637647384,-85.63678409603331,45.0
62477,-1.7850568292146498,-1.8347337404414203,0.0
62505,-15.266240845338963,-15.082114347650476,4.0
62593,-14.41683609721441,-12.26700844278579,3.0
62625,-1.4813409710145136,-1.6552494999024376,0.0
63004,-23.597669828715347,-23.834375392590207,6.0
63073,-0.5701933964141045,-0.5810515354722829,0.0
63101,-46.831473711542756,-46.28974636504651,20.0
63143,-12.175512448604136,-12.44208451441656,3.0
63169,-3.443121254594947,-3.5114184969191435,0.0
63182,-8.890815995621224,-8.480757298459356,2.0
63223,-10.247385788877308,-8.834513634172106,2.0
63442,-31.706793010737602,-31.204522953608922,12.0
63509,-8.58430135955055,-8.431258189859374,2.0
63510,-8.661344690949871,-8.619544055306138,2.0
63659,-17.356122468805236,-17.381324067438552,5.0
63910,-8.30925159699737,-8.80938431819121,0.0
63946,-36.29872635006176,-35.67909243969743,11.0
63968,-9.8081061345423,-9.60530902105765,2.0
64007,-16.950779872332678,-17.215163340744756,3.0
64015,-20.751353242962544,-20.991489395488983,6.0
64401,-17.082112910909412,-16.932012509609976,5.0
64432,-19.417436461504376,-18.955199350780823,6.0
64501,-86.80155791346847,-80.47392928539553,25.0
64597,-18.150130258808083,-18.352359054402964,5.0
64603,-8.700529239794111,-8.597968122413244,2.0
64604,-8.534760039966221,-8.301523181612144,2.0
64896,-6.476409182699294,-6.600361289006579,1.0
64986,-8.575089019678368,-9.082815479443553,2.0
65017,-4.994137141896233,-5.044097947563959,1.0
65072,-2.5346967881277576,-2.5568989575385714,0.0
65161,-12.542017826332259,-12.30660539443601,3.0
65186,-48.574577494494136,-48.66157966538899,21.0
65222,-8.35965784198435,-8.413078274602219,2.0
65400,-240.743783819592,-208.92561428888698,63.0
65423,-8.96386449447145,-9.183711129629097,2.0
65529,-5.761773945044669,-5.964073713964671,1.0
65612,-0.33704417665150244,-0.3825883150709053,0.0
65671,-18.77017844524099,-18.178083190572632,5.0
65744,-15.570958649220382,-14.088499693240944,3.0
65795,-5.244714015002865,-5.086864918106089,1.0
66030,-15.322482916539467,-15.184615201713676,4.0
66414,-18.660589229651283,-18.77522697320357,5.0
66461,-5.733362985816423,-5.791599613415748,0.0
66469,-15.938883561583287,-15.925709541358769,4.0
66556,-1.7850568292146498,-1.8226807328661356,0.0
66557,-47.08283345734234,-47.057343114568525,19.0
66721,-35.061176762225315,-34.23642233919622,13.0
66749,-16.130129075639083,-16.39471483513224,4.0
66773,-17.613420638669766,-17.8846321657234,4.0
66842,-18.37218964776305,-18.289365946987132,4.0
66935,-0.5701933964141045,-1.0688903574661623,0.0
66983,-15.441574308725027,-15.594931088837683,2.0
67077,-8.859213772813046,-9.129996101379543,2.0
67101,-14.71100942482677,-14.653077749976218,4.0
67117,-9.335505324026391,-9.444462686086581,2.0
67277,-72.27324138647042,-73.09206481125824,38.0
67298,-15.145548161214634,-15.107772344348586,4.0
67546,-2.3924885456149223,-2.5734794497395184,0.0
67588,-4.822215411216014,-5.024023794821278,0.0
67614,-0.6704698557814698,-0.7080186077871259,0.0
67785,-21.76685627231111,-20.64943252369907,7.0
67922,-27.977172284329914,-28.31178331324873,10.0
68051,-12.733597629708315,-13.136759075472504,3.0
68110,-4.518499553015877,-4.620931675137687,0.0
68241,-11.497011207930143,-11.85575554582572,2.0
68328,-30.745958479737748,-31.119369143118966,11.0
68502,-5.20607333405758,-5.229718766299575,1.0
68514,-1.7850568292146498,-1.8745052937750475,0.0
68553,-0.266477538213968,-0.3214363485193835,0.0
68715,-8.488707136217643,-8.64733342543351,2.0
68826,-14.518295611288194,-14.628682072045667,4.0
68857,-5.056258660077542,-5.212549607481482,1.0
68896,-18.27432423318965,-17.416139202023665,5.0
68965,-6.083806733016295,-6.12440473706026,1.0
69166,-7.922445335802343,-8.04971421215125,1.0
69182,-9.260723166517508,-9.350355756480713,2.0
69279,-67.95289237023678,-67.7655190836825,15.0
69353,-9.19660457255523,-9.334346268003861,2.0
69462,-12.03280339737364,-12.50531912146661,3.0
69560,-26.32386128251868,-27.376599687103223,7.0
69587,-4.976090659835815,-4.811675160467186,1.0
69662,-17.786171638533773,-17.778322086054832,4.0
69685,-3.303636120215332,-3.4675851053996407,0.0
69726,-39.84278132170253,-40.296901197975366,13.0
69750,-16.68058103511175,-16.70400759721488,4.0
69878,-49.14422326995887,-49.04638174802209,15.0
69885,-23.22422412944727,-23.349594250671174,5.0
69989,-20.644678194480132,-20.102025750390457,6.0
70047,-7.174048077617807,-7.279829260708199,1.0
70222,-5.980161872759677,-6.0334475266747685,1.0
70225,-3.607351978415468,-3.610841765523807,0.0
70237,-8.544089051465615,-8.328829731531506,2.0
70296,-1.177625112814377,-1.2259808812182693,0.0
70324,-26.03596491120812,-25.335667969697706,7.0
70413,-10.108154156123653,-10.276837168311166,1.0
70518,-36.84767702592589,-36.71838353896023,15.0
70523,-32.21807306320924,-32.24113008348223,7.0
70536,-4.2147836948157416,-4.329865096634167,0.0
70583,-27.702062012877942,-27.83010100014046,5.0
70668,-36.61852476075178,-37.002351355840965,10.0
70692,-25.590330693807136,-22.437820503114022,6.0
70755,-22.322248257662327,-20.18711168124928,4.0
70832,-17.370726588281993,-16.675911226062873,4.0
70840,-17.966064681213574,-18.104494982944388,5.0
70900,-18.199796447463036,-18.171963591375306,3.0
71020,-11.970229381671713,-12.003883310829432,3.0
71103,-1.4885543858120807,-1.5232388319940435,0.0
71139,-39.07153298501876,-37.18208384901775,9.0
71170,-41.75115476907765,-41.78483786127155,15.0
71172,-17.218186048335802,-17.52159082705493,4.0
71285,-45.468740449323604,-44.474958836417834,19.0
71335,-9.096554190542484,-9.238179818350192,2.0
71336,-6.883768800835121,-7.207698446641105,1.0
71517,-70.0003359443144,-70.010863580314,29.0
71577,-26.915420689384774,-27.18907070479581,8.0
71700,-47.58381015856623,-47.51426091144222,21.0
71712,-14.466142811778996,-14.580294960582647,4.0
71823,-2.088772687414786,-2.2843419067723922,0.0
71878,-59.36186347059608,-57.71837069909664,26.0
71990,-19.113696138194882,-19.155502647407676,5.0
72139,-51.262274018753835,-51.964418755989364,15.0
72308,-11.953097654919565,-12.199622310065985,3.0
72376,-1.7850568292146498,-1.8400988148863533,0.0
72448,-1.7937491934969505,-1.862819654212,0.0
72646,-8.601992839008053,-8.690674183524438,2.0
72875,-28.954728867478682,-29.189407998611646,10.0
72889,-21.312932599151054,-21.255201030319892,7.0
72927,-2.6962044038150594,-2.732202674056029,0.0
72972,-43.95044801249321,-42.766231963740346,16.0
73022,-57.849569172834784,-56.839137025909885,23.0
73039,-51.62093948078082,-52.53053614030703,20.0
73068,-5.070527455777451,-4.859406648621426,1.0
73183,-12.055579628418194,-11.969342835211279,3.0
73194,-17.696316992945643,-17.045574186141653,5.0
73262,-9.50051073484121,-9.195706390080833,2.0
73264,-10.222834521195805,-10.553224410762327,2.0
73342,-23.98383804644558,-24.645660721852185,7.0
73427,-16.493866049650702,-16.71764086889987,4.0
73452,-4.908143861049024,-5.032959959453174,1.0
73536,-33.943876470367414,-34.15012498310425,12.0
73560,-24.276119091987724,-24.67636140790398,8.0
73597,-23.425754145533585,-22.466515276127538,7.0
73598,-47.047951972762945,-44.521662342093556,11.0
73630,-4.931161438612522,-4.46009750412942,1.0
73731,-4.943277105418085,-5.065190454201091,1.0
73752,-35.73618783408839,-35.70049501147148,14.0
73785,-18.32753138022646,-18.221347536691272,5.0
73842,-23.873308857286702,-23.99034961826684,8.0
73844,-14.753710316166336,-13.96437771899571,3.0
73978,-5.86632552570359,-5.914963373321209,1.0
73979,-29.025169978091718,-27.174411068510235,9.0
74076,-50.07903836759892,-50.15667153346968,23.0
74128,-3.911067836615605,-3.9187326134648197,0.0
74287,-15.364048564963445,-15.472560442259375,4.0
74360,-13.940720752123285,-12.558759221748856,3.0
74450,-38.98315754824479,-38.8776339237606,14.0
74463,-4.963542117670368,-5.201243625608095,1.0
74472,-33.191688819233526,-33.199474367573984,10.0
74548,-39.028602770818274,-39.23468326127302,13.0
74609,-4.909482138346875,-5.228287528412335,1.0
74627,-11.931360185762763,-12.093700149610681,3.0
74651,-17.690868487584858,-17.47608482001899,5.0
74734,-5.485145461578177,-5.5202047031234045,1.0
74749,-9.851709758209951,-10.03316819479813,2.0
74867,-43.46179436820919,-42.56414827310013,16.0
74930,-1.7165085243410745,-1.7827910172837902,0.0
74991,-14.347327103411166,-14.314386869670987,4.0
75026,-11.847698499835193,-12.064643663127882,3.0
75098,-36.2453590804626,-35.36399883326738,9.0
75117,-21.324387539971656,-21.60710624184747,6.0
75254,-17.53927659600736,-17.698731426569307,5.0
75268,-9.055665001312498,-8.49011728728166,2.0
75279,-12.533685433495922,-12.695401619558675,2.0
75284,-12.067506667095246,-12.186256017553335,3.0
75292,-9.220233846033544,-9.136513061301006,2.0
75377,-8.54666564371927,-8.439872713895001,2.0
75410,-6.316153490701285,-6.544539344542195,1.0
75512,-8.696058298568248,-8.832376379836976,2.0
75586,-2.109107146484394,-2.11496202549576,0.0
75588,-2.1637769369812836,-2.2141082699890666,0.0
75592,-36.00449300050171,-35.330976143721784,12.0
75706,-1.4813409710145136,-2.0240978593330365,0.0
75774,-33.917410478104095,-33.67139057449384,11.0
75792,-5.827111771071988,-5.9076198982348584,1.0
75824,-84.92317497848218,-80.11153116088204,24.0
75866,-5.0621728445162235,-5.1136800710478445,1.0
75896,-9.124527571142895,-8.397103294762749,2.0
75959,-4.973678963678801,-5.249399459981556,1.0
76038,-3.911067836615605,-3.9605353430362293,0.0
76084,-11.225993921638711,-11.478478361775421,2.0
76273,-5.222210932885856,-5.295432000435476,1.0
76344,-8.647922189252654,-8.369401440677763,2.0
76361,-2.088772687414786,-2.1553933856815144,0.0
76451,-18.435105955617093,-18.700794352776892,5.0
76619,-21.033395333359664,-21.046938161471413,6.0
76785,-21.315754634171682,-21.55499545783645,5.0
76822,-39.04515190747848,-39.04349270746431,16.0
76848,-21.261133109013247,-20.5674277473313,6.0
76934,-37.12553487822562,-36.452095568344674,15.0
77009,-2.3924885456149223,-2.3993015353635787,0.0
77066,-35.428753118785025,-35.61027514246843,14.0
77287,-22.47863512814791,-22.789119700243656,6.0
77318,-23.927282038777072,-24.047189707325746,7.0
77424,-14.205967931295238,-14.433094744312355,4.0
77440,-80.20435432010147,-73.9801438218236,28.0
77512,-53.025259414461054,-52.37347691544605,25.0
77520,-5.784416673887191,-5.910768721160076,1.0
77559,-1.177625112814377,-1.2030391826886229,0.0
77572,-0.27147353087202014,-0.35993248351558355,0.0
77637,-52.07149590414155,-49.460018822456,21.0
77640,-7.980837955965876,-8.100789515135,0.0
77663,-12.648411311541123,-12.84792362091908,3.0
77710,-9.012398007288885,-9.228271164712615,2.0
77728,-58.103579737354735,-53.82776707412285,19.0
77734,-15.406582877334817,-15.547631342304037,4.0
77828,-32.4390438235065,-32.19425342466164,12.0
77879,-9.953134295286757,-10.009664279750805,2.0
78166,-15.893162881306148,-14.246390550278857,3.0
78515,-61.10184784617511,-58.518271068787335,14.0
78532,-19.19270037823237,-19.314421942239687,6.0
78824,-8.7449220301587,-8.923035607217571,2.0
78950,-8.143937258788515,-8.378861603552147,1.0
79136,-41.4695542259955,-41.57260013054576,19.0
79179,-5.023777849036708,-5.104256855891695,1.0
79203,-3.607351978415468,-3.6658117449694387,0.0
79220,-0.6929322588943292,-0.8655240673319924,0.0
79253,-17.736482110289167,-17.30516090589989,5.0
79295,-2.9999202620151957,-3.3393073197500023,0.0
79297,-17.238820849698747,-17.40239260479353,5.0
79326,-1.4813409710145136,-1.8105028972979207,0.0
79430,-6.948226418616968,-7.147381796279052,0.0
79457,-4.927231030884438,-4.820446429333606,1.0
79511,-33.068837094733865,-33.31188406450472,13.0
79612,-5.681401385019014,-5.845945581275327,1.0
79641,-1.177625112814377,-1.336050917892973,0.0
79693,-9.682110425671972,-9.436876261526146,2.0
79808,-8.816601496431327,-8.996471195259746,2.0
79849,-21.09286235392638,-20.688684415128915,6.0
79890,-1.4813409710145136,-1.5284213646769702,0.0
79922,-1.177625112814377,-1.27222106517188,0.0
80006,-30.034239441193012,-30.02994892482211,11.0
80071,-67.74119122294321,-63.600913997784374,22.0
80101,-8.682721847962753,-8.60321089178594,2.0
80374,-16.071027601637102,-16.364022626089778,4.0
80427,-0.8739092546142408,-0.8960513422629589,0.0
80647,-49.21465928676272,-50.22430938841869,18.0
80907,-15.78052088714178,-15.836069615471137,4.0
80930,-19.172259750243747,-19.712488675310624,4.0
80949,-56.302324436102225,-53.930873034779324,17.0
80959,-9.409204590508375,-9.533824590964525,2.0
80973,-8.711111502039412,-8.750463728206928,2.0
81069,-14.381096474245059,-14.287436075794757,4.0
81174,-12.441120989702107,-12.485207394463353,3.0
81253,-13.756895381356026,-13.30318080945419,3.0
81374,-8.740708417218599,-8.761548808531215,1.0
81383,-31.87995913880849,-32.631326556144096,9.0
81403,-9.355969170349042,-9.546874721459254,2.0
81451,-70.09974374428106,-66.31545148328978,25.0
81581,-11.423780255487793,-11.508443478731962,2.0
81754,-49.25870529033424,-48.40733966455139,11.0
81872,-1.7937491934969505,-2.6488701732421718,0.0
81945,-18.99952777439,-18.303438003887653,5.0
82142,-43.360207361453504,-43.92436775472817,18.0
82175,-21.98948984253805,-21.842626037442585,4.0
82190,-20.21035196117802,-20.165055828451642,6.0
82303,-5.013459349718433,-5.1895428521102565,1.0
82330,-37.65370356357756,-37.37879695643242,15.0
82407,-16.71115137723055,-16.83600513268273,4.0
82519,-4.913466665636709,-4.987189734041535,1.0
82593,-2.6962044038150594,-2.9571994546523506,0.0
82627,-24.838770698821214,-25.048050633021013,8.0
82716,-28.175644698632347,-28.35464428461059,9.0
82745,-18.633462199562587,-18.88930005662243,5.0
82761,-19.53896667750994,-19.75335156565121,6.0
82887,-18.478078474868397,-18.652975840791154,5.0
83246,-20.312743770014745,-19.401273388288335,6.0
83427,-58.71612027591105,-55.3699165100125,19.0
83506,-25.58837643464081,-24.98893022666467,9.0
83547,-78.21358251128618,-75.53241295079071,41.0
83559,-12.010702294845087,-12.24591012843068,1.0
83616,-9.125203459853488,-9.156558864775764,2.0
83905,-44.151903918697634,-43.271189598202405,18.0
83911,-2.3924885456149223,-2.4467904164697827,0.0
83989,-60.10954055187254,-58.32149489457096,16.0
84129,-8.458781566945092,-8.593792117471311,1.0
84163,-33.57610381089691,-31.02374602036302,9.0
84215,-12.406217516304926,-12.386973185452415,3.0
84378,-16.65857204045741,-16.57672836947714,5.0
84408,-0.8739092546142408,-0.9377391687967012,0.0
84424,-6.953721086992254,-7.227194620476502,1.0
84563,-8.57935780627658,-8.709024354967067,2.0
84610,-5.1896953510204025,-5.279071068900605,1.0
84630,-43.305419654330315,-38.37148994594675,8.0
84717,-8.770521567817786,-9.2367006646774,0.0
84782,-21.49118579139417,-21.93108635560888,5.0
84816,-73.40110458601303,-71.0124618404615,23.0
84892,-26.65602279390481,-26.31544880725998,8.0
84905,-14.757163414565044,-14.801143227774014,4.0
84980,-2.6962044038150594,-2.9062265391854463,0.0
84997,-39.3092235182644,-38.82043929322516,14.0
85183,-111.87946255642392,-111.96882014561848,70.0
85338,-40.96420702225333,-41.10559909591969,16.0
85421,-31.00058173737079,-29.277685805537907,10.0
85486,-5.102687217992736,-5.201766749094536,1.0
85542,-8.492599959744172,-8.41882783069367,2.0
85551,-0.5701933964141045,-0.5907887561760842,0.0
85562,-24.7177559979747,-25.001195967321795,8.0
85730,-56.74660053306448,-53.41311595746351,24.0
85748,-5.398485904097844,-5.40233941822935,1.0
86018,-6.17634932013234,-6.258828521627116,1.0
86077,-40.256269844792385,-40.13943475313439,19.0
86122,-13.087849604385399,-13.271959331013356,3.0
86394,-4.2147836948157416,-5.065888744528403,0.0
86516,-7.466813379081411,-7.738309915147703,1.0
86696,-28.50419499874671,-28.950579730393546,10.0
86826,-40.06041420865182,-40.46645370740828,11.0
86881,-37.37820816707629,-38.67425302997905,15.0
86897,-20.065514418131105,-18.705228044306796,5.0
86903,-0.5701933964141045,-0.7621427869527544,0.0
86932,-31.310980316264416,-31.301246627827272,10.0
87060,-14.521787667840114,-14.274072580245049,4.0
87244,-9.127548422311342,-9.281620040114277,2.0
87270,-1.177625112814377,-1.208257326422961,0.0
87279,-1.177625112814377,-1.1952093808217077,0.0
87319,-2.1814255894377763,-2.18142578364886,0.0
87373,-15.805166003925393,-15.58136636013093,4.0
87485,-3.303636120215332,-3.419980516114694,0.0
87766,-2.492828038294917,-2.574026135480492,0.0
87936,-9.013291747588951,-9.16505702666324,2.0
87969,-8.875455588440682,-8.694439814402857,2.0
88180,-28.31892978694381,-28.90107872419691,10.0
88305,-5.445931706946575,-5.394388277844359,1.0
88347,-14.397695698810649,-14.733953694564589,3.0
88366,-11.751768257991564,-12.144277438402927,3.0
88370,-23.994663473332952,-24.29260167781923,8.0
88552,-20.17681283226131,-20.43422465239029,6.0
88633,-4.999871431923965,-5.171913105872306,1.0
88930,-5.268016611103595,-5.436421981626756,1.0
89236,-34.33897515957905,-34.17396070819511,13.0
89239,-18.72947396133201,-18.850611487144516,5.0
89711,-5.004114209566501,-4.6870245287199666,1.0
89747,-28.80834432540405,-27.96005767426723,9.0
89894,-9.123803760513068,-9.206078477926374,2.0
90065,-63.2553324091021,-60.40989442428057,25.0
90087,-1.4813409710145136,-1.5150858142831796,0.0
90181,-2.088772687414786,-2.11455617409237,0.0
90296,-1.4813409710145136,-1.5847988703496965,0.0
90360,-1.4813409710145136,-1.498292110107872,0.0
90372,-9.689726945367418,-9.992407726910702,2.0
90446,-4.985729979822641,-5.1053954201881,1.0
90450,-34.24283896714915,-34.588650047868455,8.0
90611,-13.683494245114574,-13.812479766096255,3.0
90659,-23.687966664652265,-23.928858338848347,5.0
91079,-4.974093515690629,-5.247279023929332,1.0
91169,-24.98870182122076,-24.842905216532913,8.0
91223,-9.138640392409343,-9.173929222558062,1.0
91241,-27.89833382348896,-27.48454700893997,8.0
91253,-31.72278116744632,-31.72471037174648,11.0
91350,-2.3924885456149223,-2.4756625283725198,0.0
91358,-5.493934101451262,-5.588348374904151,1.0
91393,-14.799105578828124,-14.860711243893782,4.0
91532,-1.177625112814377,-1.4738499788768784,0.0
91843,-34.09989908432251,-34.242565491705655,9.0
91849,-9.762658007251895,-9.947739693565547,1.0
91914,-98.93233679161803,-82.27045234316417,22.0
92072,-3.303636120215332,-3.3356076018829555,0.0
92084,-16.480558217308587,-16.569773197665874,4.0
92098,-0.8986608433753865,-0.9292122456675291,0.0
92373,-19.320727528840436,-19.493386231697436,6.0
92398,-17.97082224073068,-18.090989523602346,5.0
92479,-18.13601043735453,-18.09751739336362,5.0
92515,-14.957138484670933,-14.208442096554665,4.0
92593,-27.8268242504506,-28.10056617786229,10.0
92665,-25.917779564682277,-25.924592618526965,6.0
92827,-5.864288830361069,-5.916203297357213,1.0
92836,-8.60258396659036,-8.7146513145573,2.0
92838,-37.80696209750132,-38.27317644970194,17.0
92912,-16.137242122979366,-16.22792974028072,2.0
92930,-6.704003902536593,-6.980502824544311,1.0
92988,-17.195392001639654,-16.309192284370056,4.0
93009,-41.077673000720154,-41.31934993846271,17.0
93082,-1.4813409710145136,-1.4962774095374864,0.0
93111,-12.409649452784386,-12.606674195535229,3.0
93236,-26.745539263300532,-26.164316749927927,8.0
93283,-55.053774034608196,-55.566713455301375,29.0
93306,-17.4370011972139,-17.154486501891697,5.0
93311,-30.48162950048275,-27.54850217650647,6.0
93361,-0.8739092546142408,-1.2313516368414499,0.0
93362,-1.177625112814377,-1.2177756146798595,0.0
93367,-93.44717104305579,-91.00570553133942,55.0
93464,-1.2807539410630089,-1.3416957624474761,0.0
93656,-24.95317035585514,-25.24767550111184,7.0
93662,-20.41788563289706,-20.60804578188182,5.0
94091,-4.93934191878303,-4.984553880757101,1.0
94163,-9.969284505023944,-9.943774522594664,2.0
94288,-12.316871462909516,-12.494023679026649,3.0
94316,-5.3362847984532875,-5.569900250067778,1.0
94341,-1.3907438826014051,-1.4424826390645147,0.0
94345,-32.38660015163388,-32.25905557553814,11.0
94414,-124.73330325705311,-115.40414446994161,52.0
94486,-2.088772687414786,-2.3382399600220674,0.0
94755,-9.024415782393731,-8.999432057544297,2.0
95083,-22.46193929438005,-22.585649222975558,4.0
95184,-23.713909336618162,-23.707454927268287,7.0
95245,-5.12593126941615,-5.163793093866711,0.0
95253,-21.40825627147563,-19.845891274771525,6.0
95460,-5.380593880919256,-6.033746599728559,1.0
95474,-1.4813409710145136,-1.5183492748024665,0.0
95521,-9.406818596925078,-9.578817613828638,2.0
95632,-27.834816268696905,-26.468574363896856,9.0
95704,-15.557911473428316,-15.895823829628643,3.0
95806,-22.147246939929776,-22.21985080002529,6.0
96042,-11.075887694793249,-10.873163026700261,2.0
96157,-5.3844796752885555,-5.426158918921764,0.0
96172,-96.55400359858368,-95.26771841305484,37.0
96188,-17.78656393403729,-18.032475231838134,5.0
96273,-66.02193448947209,-62.379632025696985,28.0
96281,-8.175223830673504,-8.318312722091465,1.0
96291,-1.2054698242894017,-1.2623174972293383,0.0
96323,-12.125335367320359,-11.50308782052645,3.0
96327,-55.49106545701725,-55.90257519856428,24.0
96361,-28.881367867184156,-29.10430482679271,10.0
96388,-18.3094859634872,-18.49345186316087,5.0
96393,-17.05151634675079,-16.901602670586428,4.0
96636,-9.377953284218059,-9.39873547632056,0.0
97093,-168.83581000559354,-167.81600022108807,60.0
97191,-27.292284252807665,-27.241901140337795,8.0
97219,-27.258908428200698,-27.752575525297704,8.0
97319,-10.215132578317665,-10.297657018257079,2.0
97359,-8.557857571704108,-8.546458765707973,2.0
97406,-57.72083569634773,-56.575816828706316,30.0
97578,-24.16503976618259,-23.0079666610062,7.0
97603,-15.550836076895024,-14.73774428888723,4.0
97667,-28.10842700176349,-28.506441658528043,7.0
97734,-78.4224090855256,-70.09818955217956,26.0
98334,-1.4813409710145136,-1.9222325169703054,0.0
98448,-5.359416569465543,-5.7084475867392,1.0
98577,-12.397823326882328,-12.544735976102634,3.0
98649,-9.583900464978854,-8.744902387300588,2.0
98711,-56.46485578931858,-55.162224151719904,28.0
98756,-27.09712487447094,-24.827371217278667,6.0
98979,-12.941061149519838,-13.131851026237996,1.0
99053,-51.777099268341004,-43.56667635952317,10.0
99093,-26.49724652678711,-24.75389147124345,5.0
99115,-17.467070986519463,-17.993356299548534,5.0
99336,-16.156784750125134,-14.72522439195165,4.0
99358,-51.88092694424634,-51.522616851855766,18.0
99493,-8.46039888979331,-8.515570887892387,2.0
99494,-4.999940528990168,-4.706997642330659,1.0
99514,-27.927557816447226,-27.808826938676837,10.0
99576,-12.785633888782037,-12.89849626636558,2.0
99581,-5.12597323376819,-5.253428582685694,1.0
99721,-12.149995012685634,-12.099689486613492,3.0
99981,-20.516128018386834,-20.772301561285982,6.0
99982,-62.842715327992046,-63.34935781831578,13.0
100055,-21.895754565349932,-22.465495766395417,3.0
100085,-5.9018013096913755,-5.954484570876727,1.0
100333,-9.891035225041422,-10.021962910838571,2.0
100473,-9.105506752813783,-9.27032184560686,2.0
100493,-13.158410387096033,-12.784382704027431,3.0
100712,-38.585715771399094,-32.89752576960661,7.0
100782,-33.63500606428247,-34.03469614024081,13.0
100786,-13.74421483324114,-14.05787868721763,3.0
100882,-10.90368512807925,-11.096546951441649,2.0
100897,-0.5701933964141045,-0.6993954430319318,0.0
100942,-14.195521169190886,-14.121572595552513,4.0
100990,-1.7850568292146498,-1.822521374399784,0.0
101030,-14.425767879287854,-14.250669124991726,4.0
101032,-10.609885874337564,-10.698540350118654,2.0
101068,-17.515540903528606,-17.65945406376074,5.0
101241,-149.5213607133894,-150.83498208733084,126.0
101519,-22.003861150751014,-20.490641063885707,5.0
101827,-1.177625112814377,-1.308063094201294,0.0
101875,-26.87385904172551,-26.893785332402004,9.0
101913,-9.652661420768842,-9.768364058840444,2.0
101926,-1.4813409710145136,-1.481340990512865,0.0
101931,-20.63604233232344,-18.67548904113527,4.0
101942,-8.645093646854939,-8.425092354636165,2.0
101986,-1.177625112814377,-1.1982106533543317,0.0
102043,-105.22264472373239,-102.96025045830314,60.0
102107,-6.711570039703235,-7.061130577893035,1.0
102145,-11.77130091282685,-11.894863336876742,3.0
102188,-19.375606704492114,-18.0977158467035,4.0
102473,-11.744796513976283,-12.008617091128368,0.0
102576,-32.3708462944332,-31.10201622328284,8.0
102617,-46.054334755344605,-46.34281072046056,19.0
102684,-20.04965193951173,-20.241380805693503,4.0
102696,-1.9014984344226504,-1.9870969327642753,0.0
102721,-0.2124014655402543,-0.22706467867571972,0.0
102734,-182.0004257117402,-179.9451536092406,190.0
102854,-9.050336139580418,-9.290898387001736,2.0
102862,-21.94181875808737,-22.377478605164153,5.0
102900,-13.470479586909141,-13.526230227049272,3.0
102997,-86.83501454651397,-84.41466004445725,39.0
103012,-46.8099229905088,-46.130345430791834,13.0
103105,-19.508707277860765,-19.42823829891091,4.0
103157,-23.63716983748869,-23.74613393153908,7.0
103184,-12.631097910511787,-12.954936060865123,3.0
103315,-13.201986346377751,-13.286004706051905,3.0
103355,-15.289727215732906,-15.132311254742346,4.0
103384,-12.360721732835295,-11.933130297822952,3.0
103410,-6.515840492663344,-6.952955946632802,1.0
103785,-1.7850568292146498,-1.8501305565357697,0.0
103799,-39.58565551649735,-38.32672987762523,15.0
103815,-47.61996739916202,-47.19883116570325,22.0
103837,-50.320695668446,-50.33448843098247,21.0
104002,-4.937839777792419,-5.044439653409897,1.0
104011,-22.95335774502406,-23.18299259954964,7.0
104039,-12.252003247367162,-11.7699452911457,3.0
104058,-1.177625112814377,-1.2533588017427517,0.0
104116,-1.9401128768616465,-1.9452758154967411,0.0
104168,-21.945469073101876,-21.02005230929884,5.0
104191,-14.406041968056831,-14.50426645148683,4.0
104334,-16.73596154313221,-16.84859445031395,5.0
104415,-11.744689129945519,-11.718489654604548,3.0
104508,-45.70463090322509,-42.385256233265885,14.0
104647,-16.904924848462745,-17.91470821292483,4.0
104716,-40.4535989361382,-40.74102488778373,12.0
104754,-16.798386221735797,-17.19790209393729,5.0
104777,-26.254752235868935,-26.72401386040939,8.0
104958,-14.799827591137067,-15.030335510022635,4.0
104974,-5.05233973653297,-5.0406033876549685,1.0
105059,-14.295634971031795,-14.556835351773898,4.0
105077,-20.699903814745102,-20.920237367284727,6.0
105161,-67.38193034864425,-60.40203659712278,20.0
105175,-25.766035604125086,-26.13703415017638,5.0
105330,-35.67081173521347,-35.29199847162447,13.0
105359,-23.526107480013756,-20.42711514116998,6.0
105408,-52.94771754721947,-53.4667855753474,27.0
105459,-8.602800295803466,-8.759946383854386,2.0
105911,-0.8739092546142408,-1.0425952698792804,0.0
105966,-23.372440880038397,-22.70748343929071,8.0
106186,-31.108245022435693,-31.699576839760798,8.0
106205,-4.494647100242669,-4.611211500486852,0.0
106336,-19.59471994001809,-19.58258022158123,6.0
106488,-5.107167409447435,-5.206726736746486,1.0
106582,-1.7850568292146498,-1.9357745551309615,0.0
106611,-17.128518861005045,-15.94817603877408,4.0
106639,-1.4813409710145136,-1.5333957073341333,0.0
106809,-18.837766565998518,-18.962143309359934,5.0
106982,-5.553933834192686,-5.680129407019853,1.0
107161,-36.14271188746784,-36.36459187481708,12.0
107246,-6.561551381935273,-6.624086441400588,1.0
107307,-27.74725008345503,-27.988257600474157,8.0
107681,-8.769060954749204,-8.855538085808478,2.0
107695,-22.2528520194904,-22.284365369928402,7.0
107708,-1.3417518802079216,-1.4433219161505144,0.0
107732,-1.7850568292146498,-1.9105695749870053,0.0
107764,-1.7850568292146498,-1.8444831209287063,0.0
108056,-12.373412459235501,-12.627584503961454,3.0
108082,-58.17589480177099,-58.33131760749103,28.0
108089,-9.263451396217786,-8.660132306492288,2.0
108109,-4.878438944484284,-4.953532921977592,1.0
108228,-19.107790220989205,-18.530756829444886,4.0
108357,-5.677046864698303,-5.842297774716924,1.0
108531,-70.39902284689545,-70.05485498596785,32.0
108623,-8.940348953953764,-8.953593749834676,2.0
108878,-5.017545018756757,-5.092924773820156,1.0
108900,-38.71130456018331,-38.637952322067555,17.0
108979,-20.264592411454267,-19.206534444014512,6.0
108982,-16.120835094065328,-16.502103087188058,4.0
109154,-17.902443646741457,-17.24220436677332,4.0
109158,-22.938805189827697,-20.565961614255407,4.0
109402,-13.269476510192643,-13.33707378513203,2.0
109565,-61.07127664601552,-60.027308249916594,27.0
109566,-41.20639100785648,-39.71370693233904,13.0
109593,-51.1483078371848,-52.52660499389754,18.0
109630,-41.88571507035151,-41.45061969851163,16.0
109646,-5.915628539053188,-5.985820308635754,1.0
109748,-32.10562572029883,-31.009780585169295,10.0
109775,-40.723970651028814,-40.74624633524467,15.0
109777,-68.57702146269175,-68.67103144420058,45.0
109819,-128.50472072254894,-108.04399437399307,20.0
109933,-31.091629944871812,-30.830421567260732,10.0
109944,-15.095881121073031,-15.140862818415524,4.0
109947,-6.701962640678064,-6.763340539672745,1.0
110015,-17.305413795546713,-17.483752357583366,5.0
110030,-0.5837554240150674,-0.5939746930627317,0.0
110059,-2.6962044038150594,-2.8184677083459797,0.0
110083,-32.82884466522312,-33.22779697462658,13.0
110142,-7.055959663249374,-7.190888676078938,1.0
110174,-1.177625112814377,-1.2229977564475505,0.0
110187,-21.07698308688799,-20.51186631560358,6.0
110333,-25.181666286176444,-24.982107680798634,8.0
110513,-28.066134470181247,-28.01190876262708,10.0
110583,-0.8739092546142408,-0.9561485181046427,0.0
110687,-15.121423286764912,-15.12227640532446,4.0
110713,-26.747518706745133,-26.761595246849964,6.0
110798,-5.0416872355907385,-5.188667016832429,1.0
110843,-17.418785554981163,-17.689974595883058,5.0
110882,-24.297889471253242,-26.92008107442113,7.0
110962,-72.80121197699702,-66.65147014431258,29.0
111039,-22.361776447350767,-22.29661715732283,6.0
111175,-21.15093696582847,-21.354982602422318,5.0
111256,-287.07319731273236,-231.80570253490444,49.0
111382,-15.375029289855773,-14.879640912241518,4.0
111389,-9.677455589454636,-9.763432593574448,1.0
111426,-10.85652134085346,-9.205196725626308,2.0
111437,-6.308466772841271,-7.3450851655606115,1.0
111488,-14.528479259505689,-14.654477557934685,4.0
111501,-6.071566681060915,-6.171985528287463,1.0
111535,-6.761931535929164,-7.009790540030051,1.0
111624,-30.164750905839888,-30.602967503652277,9.0
111658,-8.770521567817786,-9.119441192961364,0.0
111731,-26.33139646410273,-26.305591450310907,9.0
111887,-31.352191153435015,-31.542991958712804,10.0
111902,-2.6962044038150594,-3.0028161001882117,0.0
111913,-12.61236681615145,-13.047137581244987,3.0
111989,-5.4953488181910375,-5.948136150775302,1.0
112141,-6.499160469783324,-6.744974491521668,1.0
112264,-17.297027745692183,-17.427821066778584,3.0
112423,-5.037612061386183,-5.092876288422021,0.0
112639,-3.303636120215332,-3.443150164599508,0.0
112716,-219.45400936342782,-209.31121773894404,124.0
112718,-0.8739092546142408,-0.8807221526246508,0.0
113023,-19.938573728662547,-18.358716808171653,5.0
113128,-5.6386208500189126,-5.680005151350772,1.0
113138,-12.632364279678734,-12.884613803391794,3.0
113186,-2.9999202620151957,-4.880862681597854,0.0
113387,-28.545819700660786,-27.235325775218364,8.0
113423,-11.52128692601802,-11.629804028812257,3.0
113470,-15.058208376896609,-14.612677340664444,4.0
113552,-7.555658135017241,-7.565925552549084,0.0
113668,-20.33373713553173,-20.40113437082677,6.0
113792,-5.022654685786877,-5.149046731122083,1.0
113934,-5.574598846785347,-5.816972800486683,1.0
113968,-30.808612512369727,-30.17037161830165,9.0
114087,-19.726859633079567,-19.262301931692665,5.0
114177,-28.138034412870486,-27.028914226898163,8.0
114218,-5.191352690689291,-5.270095134229578,1.0
114499,-20.005257909809437,-20.07201109548606,6.0
114519,-91.21366193261225,-81.4224049846973,26.0
114535,-8.752789269790842,-8.649671716698835,2.0
114573,-22.222685090768557,-22.217829770829393,7.0
114621,-33.58048639559667,-32.34253508440725,11.0
114656,-4.948386772448205,-4.628884778380825,1.0
114703,-21.357091603299832,-21.51281297479478,6.0
114834,-8.678009618243284,-8.844283989421408,2.0
114913,-19.409373789670344,-19.161294539391204,5.0
114984,-88.44466382263373,-87.59042408366832,42.0
115064,-8.705554529276574,-8.010518101822024,2.0
115198,-12.552429540045425,-12.798526695111969,3.0
115217,-21.418206240643286,-21.7269826649338,5.0
115314,-9.763139172624998,-9.854122152466779,2.0
115598,-81.8684486479577,-72.87369265248194,22.0
115889,-2.6962044038150594,-2.7307378731405616,0.0
115898,-48.108202046214934,-46.6504678929497,23.0
115919,-26.297026949359218,-25.95563887006096,8.0
115994,-68.81258646917296,-68.42489161932359,28.0
116025,-8.597908033607768,-8.467956055460487,2.0
116226,-2.6962044038150594,-2.8485989719674962,0.0
116270,-55.5483257077489,-55.78851771406318,26.0
116288,-5.0243574939059386,-5.071284472065306,1.0
116291,-6.3101241125101595,-6.372712171604306,1.0
116395,-0.88012617628071,-0.91733126386471,0.0
116429,-5.102455179727965,-5.092200188572085,1.0
116681,-2.9999202620151957,-4.032535333737406,0.0
116844,-17.457683890214888,-18.257196432955876,5.0
116877,-65.998266247497,-66.47410368262013,28.0
116885,-15.892129824322433,-15.958217565523576,4.0
116923,-50.111385130730376,-49.343897418907126,19.0
117035,-11.66915609859316,-11.793997795178333,3.0
117052,-5.077156046426035,-5.364030684151963,1.0
117106,-8.704193691870383,-8.825592544254386,2.0
117208,-21.427433961150527,-19.749374297521122,5.0
117213,-43.13843543848422,-37.35845618088773,10.0
117244,-5.138953130250507,-5.190617380100409,1.0
117246,-12.330630580816086,-12.514174673173173,3.0
117411,-32.69179142872052,-32.58690924181486,11.0
117519,-17.759340772002204,-17.65068042041706,5.0
117597,-12.138863275847251,-12.197593788286612,3.0
117784,-1.4813409710145136,-1.5005686805396001,0.0
117785,-2.942730042877013,-2.9944062922613344,0.0
117943,-94.46026660939417,-86.24493583583076,26.0
117967,-16.70250635967007,-16.735972458929936,5.0
118041,-11.856980486829466,-11.922527143686837,2.0
118042,-17.915311043057493,-18.085548945638752,5.0
118140,-36.66022169726014,-36.51405258276624,14.0
118233,-23.250681941726878,-22.95996548371201,7.0
118397,-1.7850568292146498,-2.1935857507513576,0.0
118461,-60.313481175582346,-59.373993808321366,24.0
118491,-18.012799487296718,-17.902017610739147,4.0
118660,-16.86464394285618,-13.720872607419517,3.0
118678,-14.986119736035956,-14.715105423594364,4.0
118723,-4.939191436379763,-5.005468707809019,1.0
118798,-32.64199984030693,-32.76983896540892,10.0
118801,-9.25253052555277,-9.2803988191221,2.0
118941,-26.275040550416275,-24.942144528706155,7.0
119013,-4.980125260226596,-5.045258335752241,1.0
119214,-12.848950189321801,-12.697579480604393,3.0
119297,-22.70987161150121,-22.293948209453536,6.0
119503,-39.4395301547109,-36.85237616628224,12.0
119510,-33.329312191752365,-32.16701277167247,9.0
119531,-50.056203399856344,-34.883321630920165,10.0
119666,-14.195297125571594,-13.97618287471965,4.0
119748,-2.088772687414786,-2.158443376071003,0.0
120158,-58.31535142371555,-57.88138217111877,30.0
120238,-22.81924551680781,-22.691125776454882,6.0
120255,-12.231870034473452,-12.360567089728054,3.0
120413,-18.19553858929563,-17.78592627105732,5.0
120491,-6.415224844741269,-6.50586683563088,1.0
120751,-34.25433017256541,-33.85329277106327,11.0
120757,-17.496039058669666,-17.52128781869215,5.0
120797,-17.194789920889676,-17.085973834603134,5.0
120850,-6.6209680714009425,-6.70235973107298,1.0
121059,-9.816591689827373,-9.86416249142295,2.0
121132,-22.66657988321259,-22.193227671260612,7.0
121169,-1.177625112814377,-1.2002263172239094,0.0
121381,-19.571380088519163,-19.314206996579003,5.0
121448,-13.121068965676695,-13.288391091883552,3.0
121633,-22.314179709358733,-22.36863912511245,7.0
121784,-17.20880707632908,-17.510261878867517,5.0
121828,-15.263226819976603,-15.489999197333018,3.0
121916,-38.07586131840337,-38.151405397346394,14.0
122089,-10.06030850819217,-10.17462021392464,2.0
122109,-19.067436536258615,-16.628645664584006,5.0
122131,-15.16557003296571,-15.264854895297733,4.0
122217,-146.5874918097913,-147.43816146571393,109.0
122258,-4.746409525851019,-4.808105982135012,0.0
122399,-17.56773410550985,-17.8068575550055,5.0
122595,-0.266477538213968,-0.29373349646054786,0.0
122671,-22.1182005904061,-17.006507980291527,4.0
122704,-27.083515424955696,-24.78688645228379,6.0
122726,-1.4813409710145136,-1.5157002614203723,0.0
122786,-18.72675582816924,-18.815806041925093,5.0
122813,-22.859558576918797,-22.76431197482326,7.0
122829,-14.782812837369855,-14.887740532140329,1.0
122849,-12.248990467409495,-12.406922305634662,2.0
122904,-34.16297993548253,-34.54452070392244,10.0
122906,-83.71953548689861,-78.59976898097247,38.0
122928,-28.941521242812218,-29.385173228827824,9.0
122954,-8.589121152386085,-8.599511496197056,2.0
122975,-30.580322457633063,-30.671916849032403,12.0
123052,-13.989767042480757,-14.214480298688795,2.0
123131,-13.760432565553591,-14.462258536220187,3.0
123147,-42.90376115900579,-42.861770892289904,18.0
123283,-43.501019916070994,-43.68493607862946,17.0
123456,-16.078952594727753,-16.260120800881367,4.0
123461,-7.752066967512727,-7.836480456866184,1.0
123582,-2.9999202620151957,-3.0091195080050257,0.0
123600,-8.501011138907957,-8.589803426666363,1.0
123602,-13.772410465683947,-13.945183911621525,3.0
123716,-2.8321990775384047,-2.850288149094119,0.0
123754,-5.481354471039787,-5.824003149629549,1.0
123761,-1.177625112814377,-1.184744113045443,0.0
123780,-9.277607516429054,-9.352433522188678,2.0
124009,-14.969563017128836,-15.220864175035464,4.0
124038,-43.00451000833828,-43.76747953844585,11.0
124335,-37.851952701392726,-38.14264675223027,11.0
124436,-4.9586264455987346,-5.001720399212179,1.0
124585,-22.305481919739584,-22.78101959281329,6.0
124622,-18.76216613423282,-18.85634202426261,5.0
124710,-17.145419519664802,-16.987711640981107,5.0
124887,-14.356600941035689,-14.564532757482764,4.0
125095,-22.08594323597101,-22.37229035186885,2.0
125133,-7.251942276817105,-7.818629245731443,0.0
125228,-1.3056838252134788,-1.4136461839088277,0.0
125305,-3.607351978415468,-4.518961894285552,0.0
125357,-0.8739092546142408,-0.9157778768248471,0.0
125470,-14.232644449688653,-14.150202842632515,3.0
125730,-8.212938196703691,-8.257304551266627,1.0
125860,-2.9999202620151957,-2.9999330750619264,0.0
125906,-6.476409182699294,-6.510042839373592,1.0
125923,-38.25912663803307,-37.594258545992204,14.0
126106,-52.66522743041863,-52.88321525344545,23.0
126208,-100.61959244521464,-99.73840453086086,81.0
126224,-9.557076552911886,-9.631228184541346,2.0
126247,-5.947624432298755,-5.932606642469756,1.0
126251,-18.617291450621508,-17.683154667077602,5.0
126281,-6.340794702216695,-6.399998659020369,0.0
126318,-6.035581819786859,-6.231419338514073,1.0
126327,-42.18332246597832,-42.44504377651221,14.0
126398,-46.96103621983274,-41.253338698639546,10.0
126505,-4.915857433456087,-4.831948867546445,1.0
126688,-27.298020993179755,-24.055293468018693,6.0
126971,-37.512295135316116,-36.05593982085839,8.0
127121,-17.38617447178936,-17.524047482726502,4.0
127131,-12.148824808605836,-12.104016252870672,3.0
127231,-12.207605437727455,-11.440678883659256,5.0
127262,-5.022654685786877,-4.93111626092554,1.0
127275,-41.305043943468654,-41.46557947415344,18.0
127350,-5.005422309415565,-4.375907584719883,1.0
127630,-8.733510863677552,-9.528531317711803,2.0
127666,-7.714814970306969,-7.816829477943606,1.0
127708,-2.4265793793005894,-2.457557139576875,0.0
127782,-26.536241687943903,-26.88028548570667,7.0
127786,-4.8691273830198805,-5.242187306083989,1.0
127962,-165.19033020194914,-164.10471069330765,79.0
128071,-16.762293091084192,-16.319079050889517,5.0
128121,-38.13252132924354,-38.226224894999866,14.0
128717,-11.026529908736439,-10.915537509367509,3.0
128854,-11.744999763521829,-11.40616228736215,3.0
128880,-25.549826715417176,-25.944003134426723,5.0
128956,-35.544618626989376,-33.12025935283375,12.0
129242,-14.29241693458766,-14.274321124159016,4.0
129392,-48.79485011312991,-47.29924824161752,17.0
129449,-7.251942276817105,-7.302119564181584,0.0
129565,-23.07161124167657,-20.653040146538018,5.0
129592,-12.377084279604967,-12.518534995332708,3.0
130032,-12.380978903035235,-12.1819462222992,3.0
130047,-26.245506330864533,-26.319661632601594,8.0
130053,-29.657565972351314,-29.974119759572257,8.0
130112,-9.71334166988648,-10.021775516308093,2.0
130193,-8.50476303725002,-8.31844515433697,2.0
130280,-1.177625112814377,-1.241640110793134,0.0
130299,-45.81381757747786,-45.15089906567995,19.0
130340,-20.416182541593898,-20.434984484718388,6.0
130451,-2.9999202620151957,-3.3138748941065357,0.0
130452,-62.90424926459449,-63.73365711676966,11.0
130486,-34.99877415764448,-35.52793694123537,6.0
130506,-19.80228987422551,-19.996704250495732,5.0
130725,-17.983654891401766,-18.19180106001674,5.0
130813,-5.014170450011537,-5.056839019282034,1.0
130830,-74.39877820905663,-74.53232880912984,23.0
130845,-38.8713357966308,-39.15878638761192,14.0
130895,-12.171703219399163,-12.33143140128179,3.0
130922,-5.03343449066246,-4.974582829419441,1.0
130954,-6.17634932013234,-6.278878324126651,1.0
131019,-42.950542824611624,-43.35523545275336,13.0
131045,-15.237134095047615,-15.746387059530178,4.0
131137,-4.935928541338466,-5.007963697629861,1.0
131146,-43.78925629294523,-43.268680374422395,16.0
131455,-15.54895041951622,-14.950510367805764,4.0
131497,-8.770521567817786,-8.858150517853566,0.0
131535,-90.52275163113913,-89.5783584338704,35.0
131618,-12.055766342781615,-12.164187266857295,2.0
131660,-2.6962044038150594,-4.734745909908412,0.0
131767,-25.832769921964793,-23.91175815576738,6.0
131877,-16.626746334128413,-16.778674398656964,5.0
131896,-19.35887436953348,-19.57904383716936,6.0
132027,-9.321218259928072,-9.425494181863836,0.0
132060,-9.263367577024596,-9.382737675542941,2.0
132096,-39.49187316475405,-39.7424726481544,16.0
132159,-4.980892574626054,-5.055985210221245,1.0
132183,-4.822215411216014,-4.856526663974578,0.0
132221,-52.30725397787569,-50.72709494841375,19.0
132255,-1.4813409710145136,-1.7023798218857569,0.0
132257,-16.642633218984,-16.87922185836199,5.0
132343,-50.69166871745219,-48.02344318714275,20.0
132416,-4.936506470905728,-5.439487934733462,1.0
132489,-74.2061961382421,-67.33179972774482,29.0
132634,-39.58002386710832,-39.41639820581587,16.0
132657,-0.5701933964141045,-0.6904108227236612,0.0
132732,-22.68921116977997,-23.341782054747274,7.0
132762,-0.8739092546142408,-0.9335225489485228,0.0
132976,-38.02581215053316,-38.19430472652232,15.0
133017,-30.048442945141918,-26.361846020849146,6.0
133027,-8.654839490430483,-8.5407005012448,2.0
133099,-39.26145636270476,-38.84159447163494,12.0
133171,-56.80012990317742,-55.51439030182068,22.0
133211,-5.005369732719546,-4.880922165338627,1.0
133235,-2.6962044038150594,-2.931461117160037,0.0
133238,-16.76995498523561,-17.24915191661556,4.0
133244,-14.417329451524607,-14.727582227212514,4.0
133370,-9.064559438730274,-9.262608015976772,2.0
133608,-5.591386518489107,-5.879776498942122,1.0
133745,-13.938386542127972,-13.569231069809867,3.0
133766,-34.082527201157966,-31.577732089140937,9.0
133773,-8.684644658946299,-8.613391176236332,2.0
133896,-9.32532440047531,-9.335026121438885,2.0
133930,-38.96561513564522,-38.0904757703974,12.0
134256,-1.177625112814377,-1.220334220188837,0.0
134303,-53.421597642267606,-52.48879413832321,19.0
134377,-49.78953874100557,-50.087290395113186,13.0
134385,-2.9999202620151957,-3.0634637684216575,0.0
134391,-1.177625112814377,-1.2061543586518313,0.0
134511,-18.380379269469614,-18.61154088495654,5.0
134646,-17.22386211948518,-17.360408163949074,4.0
134826,-12.228360860177734,-11.971908537317878,3.0
134944,-19.75896499545379,-19.82359986234356,6.0
134957,-28.42487042779746,-26.239997748878984,7.0
134990,-20.000221824967404,-20.385896814883456,5.0
134995,-18.188072230750926,-18.258631817192875,5.0
135178,-247.5073751004657,-254.16508127627074,180.0
135308,-11.5847880011501,-11.59923843815629,3.0
135370,-34.3949360544173,-31.58317447455028,9.0
135466,-88.12985741620064,-83.33953216245328,31.0
135484,-23.115052779115647,-23.71160924388801,3.0
135490,-9.857196621509592,-9.964196374224718,2.0
135532,-1.7850568292146498,-1.930179819560799,0.0
135545,-5.321622030824074,-5.372732224735842,1.0
135725,-54.428896933958846,-52.33745854519062,15.0
135851,-18.489202616595936,-19.095915332957524,4.0
135853,-13.408510954061997,-12.161667803620317,3.0
135862,-5.322678124396068,-5.380432124777468,1.0
135908,-14.376063815498929,-14.660791915306264,2.0
135962,-5.030729674120529,-5.114133355951607,1.0
136100,-46.61519750865026,-45.951293935571854,19.0
136784,-10.139172308193489,-10.22220495473161,2.0
136832,-5.4160205696484205,-5.598700657105619,1.0
136849,-14.226938249418698,-14.416486441653632,4.0
137137,-11.49933900810312,-11.091311576694807,3.0
137145,-21.617415447186023,-21.515289646965094,6.0
137155,-23.52133013517831,-23.62237729069482,7.0
137163,-18.240794034918565,-17.852694666915315,5.0
137179,-98.45067506249829,-94.21753049718163,42.0
137257,-5.609491238851958,-5.73299072513479,1.0
137330,-24.55308035690919,-23.738179446313215,7.0
137352,-14.297704157403523,-14.459699337133816,4.0
137366,-42.43526218578147,-42.365087998603414,16.0
137547,-6.026986170788829,-6.082713562586389,1.0
137589,-19.48102245478112,-19.644080767391394,5.0
137741,-85.55983972311013,-63.105493367941634,15.0
137755,-21.16293402454125,-18.761485721692537,5.0
137961,-24.502290536743978,-24.32971784963707,8.0
138035,-3.911067836615605,-3.9700134239286338,0.0
138157,-12.733834988993745,-12.903443405977592,3.0
138189,-25.93774160242547,-25.655453222052575,8.0
138237,-26.006601948437776,-26.12538724911397,5.0
138391,-12.718827724419558,-12.847410446120898,0.0
138522,-39.66421496115804,-40.120426959604394,10.0
138680,-11.68764635112313,-11.701854883943673,3.0
138703,-13.835257994653338,-14.094906225739333,3.0
138772,-47.26115466334049,-48.09244469411685,19.0
138795,-55.571348942767976,-50.9561161538279,23.0
138843,-20.86759056827174,-21.264584574980343,6.0
138989,-1.7850568292146498,-1.8237006084433602,0.0
139091,-17.322730880019883,-17.43232400651493,4.0
139181,-2.3924885456149223,-2.491764335657109,0.0
139204,-34.73916080961463,-34.91785600416304,4.0
139289,-28.624077548973663,-27.59964977158356,8.0
139327,-21.37780017297358,-21.3392832160733,7.0
139340,-5.274189847854837,-5.3724415650531965,1.0
139410,-26.48702192223232,-26.748708980483567,6.0
139442,-4.987904931177552,-4.840934605806149,1.0
139495,-1.177625112814377,-1.2331374282035734,0.0
139573,-12.111396008019288,-12.47276562941492,0.0
139672,-11.533805593235506,-11.726682588522612,3.0
139681,-0.5701933964141045,-0.6204956011425043,0.0
139704,-5.90493987742922,-6.289638398674242,1.0
139902,-15.21498490798413,-16.054818908424462,4.0
140098,-0.28231682089225363,-0.2823700535997417,0.0
140112,-26.07559957521766,-26.239866271219483,9.0
140320,-48.88119153348176,-48.25010735805458,23.0
140416,-5.014170450011537,-5.091889873431403,1.0
140501,-11.874601021222373,-11.959947778995105,2.0
140630,-6.948226418616968,-6.95844938127105,0.0
140831,-41.194769412926064,-41.156692532487874,18.0
140866,-40.330144386522996,-40.03160821293533,15.0
140941,-28.42335808355267,-19.36738260871919,5.0
140957,-9.361304248740494,-9.219772222515976,2.0
141086,-2.3924885456149223,-2.6248685874696838,0.0
141316,-61.423620763168124,-60.0389738184703,22.0
141397,-19.140758496975213,-19.239511882341148,5.0
141453,-18.865747264347142,-18.79571156031901,5.0
141507,-38.94077849987441,-38.19071126156841,11.0
141602,-39.75394278984336,-37.482167304749304,12.0
141606,-38.0048803867975,-37.380741604126584,15.0
141637,-5.057039197909869,-4.911316406215501,1.0
141978,-4.518499553015877,-4.896124034706572,0.0
142011,-7.6647423975465525,-7.883441435799655,1.0
142184,-9.017377416627275,-8.98684775680212,2.0
142202,-1.177625112814377,-1.2088066824588977,0.0
142220,-14.126191112481402,-12.970100892058484,3.0
142237,-14.57943722164941,-14.792330771407464,4.0
142318,-4.882137220259793,-5.036859273495287,1.0
142394,-8.63551669698976,-8.733851461871092,2.0
142409,-9.918351417118094,-10.038833968762725,2.0
142435,-24.88334935037854,-24.99010476700553,8.0
142500,-7.4185884658519745,-7.482388692799894,1.0
142515,-21.82698514761722,-22.124702866672035,7.0
142561,-57.2583969989204,-51.66849991107725,10.0
142654,-5.104997587459201,-5.1548442880546705,1.0
142667,-45.24986200783675,-43.64400929429608,20.0
142879,-14.455495130336944,-14.621899596890229,4.0
142887,-12.805057896443557,-13.02798566156037,3.0
142891,-5.115002849215627,-5.305381123334892,1.0
142932,-2.7551154038191235,-2.7755878191884595,0.0
142970,-16.10270361338867,-16.296425634522542,4.0
142971,-24.94710830980077,-24.829896561615183,8.0
142997,-3.084886512514975,-3.1120385124290992,0.0
143109,-10.440447486183963,-10.769461052228575,2.0
143227,-6.425751993620252,-6.4735795127940685,1.0
143339,-51.83463409088485,-51.49264171682036,23.0
143396,-38.480364439797555,-38.6503687062299,14.0
143698,-20.7549562069942,-20.70398907595973,5.0
143715,-25.067288547243646,-24.57896367942598,8.0
143890,-15.460436109623954,-15.450592370918168,4.0
143902,-61.22089849616353,-60.24719145715063,23.0
144025,-15.51733719680702,-15.60187998339892,4.0
144035,-57.20444252466316,-57.61076716230915,29.0
144108,-15.505134364407757,-15.72527690367777,4.0
144152,-47.59121273219251,-48.64735294101834,18.0
144254,-1.4813409710145136,-1.5124119136632865,0.0
144399,-4.99993240509388,-5.034407242884556,1.0
144412,-3.607351978415468,-3.6279771196827726,0.0
144454,-5.761773945044669,-5.922066725096999,1.0
144458,-18.902861759832515,-19.154061476188986,6.0
144572,-109.03377764713048,-99.42553563377768,28.0
144721,-10.760579143594274,-9.666811142890632,2.0
145139,-0.5701933964141045,-0.6044149695566609,0.0
145148,-1.177625112814377,-1.7254622802228574,0.0
145195,-5.105752692707659,-5.301927666786139,1.0
145256,-23.34578225140406,-23.243008481116036,7.0
145396,-46.622389476003136,-46.70812748500807,23.0
145537,-9.470120967759915,-9.312491659470666,2.0
145588,-56.88231562245704,-57.32617803266279,16.0
145653,-2.3924885456149223,-2.794205249923527,0.0
145698,-22.86673900466634,-21.679356596491218,7.0
145745,-144.4075063161892,-142.21327749066492,30.0
145802,-40.012066267579215,-40.14023169539395,15.0
145931,-1.4813409710145136,-2.6839482953328297,0.0
146045,-3.1416022316040753,-3.238625042836541,0.0
146141,-11.777516455866806,-12.03105955633425,3.0
146216,-19.208456751160337,-17.63901080511871,4.0
146274,-2.3924885456149223,-2.450957270027244,0.0
146325,-2.088772687414786,-2.134343045739663,0.0
146380,-8.480951002688139,-8.524926905500879,2.0
146394,-13.409528282957329,-13.282561594522925,3.0
146438,-7.980288089310345,-8.030909058400885,2.0
146441,-14.126379160802134,-13.996414323253267,3.0
146450,-12.597414097347661,-12.970478075988487,3.0
146510,-17.372746112189773,-16.727325397396875,5.0
146664,-34.89974107381918,-34.77616504610447,13.0
146716,-14.714281704663227,-14.952584843274266,4.0
146831,-23.9013880943895,-23.334813639635268,8.0
146855,-26.93719065719415,-27.191323279926447,9.0
147089,-209.92583939028833,-196.57563900849343,118.0
147225,-81.91587949532675,-83.09930563833375,44.0
147230,-12.36006720747947,-12.88932308861515,3.0
147413,-11.44854301143567,-11.570209502817592,2.0
147436,-11.502961233438299,-11.649709283795167,3.0
147480,-8.253452570180203,-8.391269177754191,1.0
147704,-44.465758331661235,-42.06859836984984,16.0
147729,-5.630136614243573,-5.692992291218316,1.0
147751,-2.3924885456149223,-2.6810819761492963,0.0
148123,-60.3753959775988,-59.55480267716739,14.0
148192,-81.61966376545081,-81.52538738118766,41.0
148324,-27.991049562638825,-28.291800954734406,10.0
148434,-16.660956681326606,-16.807147170995375,4.0
148571,-5.1252404826159035,-5.162998178334251,0.0
148674,-13.5851139765499,-13.802246129178666,3.0
148717,-96.45007475058958,-97.66115338304206,31.0
148778,-25.025096224902658,-24.13972255567869,7.0
148780,-8.646816468314919,-8.771112155956951,2.0
148824,-1.177625112814377,-1.3426514046959133,0.0
148888,-12.360666779737178,-11.97445825309599,3.0
149034,-22.111835423270094,-21.242961340718036,4.0
149380,-11.749801330574014,-11.478733627553655,3.0
149435,-26.066533036886828,-26.173714555873143,8.0
149446,-85.60193154404317,-84.13841927281328,18.0
149481,-36.78139476967313,-36.077579675015386,14.0
149640,-8.43066468103507,-8.30080894047463,2.0
149644,-41.5167181454565,-41.55385828904524,9.0
149695,-11.664613407260543,-11.893580133605047,3.0
149771,-149.97646414292186,-146.9021273219377,124.0
149801,-10.621920724088847,-10.8439301644622,2.0
149894,-1.7850568292146498,-2.0077145402230028,0.0
149976,-4.99993240509388,-5.099107516391926,1.0
150017,-2.9999202620151957,-3.0443846720808945,0.0
150117,-40.600639796390965,-39.42230914726387,14.0
150284,-1.8104923012447072,-1.859720274031778,0.0
150291,-16.79226782786546,-15.786775916968063,3.0
150314,-64.95946144686698,-65.70778659110908,26.0
150482,-46.528017303686624,-46.44643828849835,14.0
150493,-9.145514076921303,-9.407015127696129,2.0
150575,-14.993175955130932,-14.18534149914495,4.0
150606,-13.190055390828627,-13.126479946798735,3.0
150640,-5.733362985816423,-5.969613734506977,0.0
150830,-19.968189600946125,-20.180043168126186,6.0
150931,-6.644510560416832,-6.644510560416832,0.0
150946,-20.851706173062254,-21.422660054322495,5.0
150981,-8.628461132743055,-8.508111997212144,2.0
151032,-28.587611165650962,-28.200583782027152,10.0
151362,-52.98291954319664,-52.59303004042339,21.0
151378,-17.1776217546464,-17.282892275346274,4.0
151435,-1.7850568292146498,-1.9575251589628062,0.0
151518,-4.860659311920478,-4.9533212082746285,1.0
151562,-41.77979599375889,-42.06816421032354,1.0
151572,-21.3212082240323,-19.32781930119125,4.0
151597,-4.518499553015877,-4.657571895256306,0.0
151831,-2.098944001181821,-2.1125655349442822,0.0
152041,-1.4813409710145136,-1.5411336407594225,0.0
152183,-60.57755054979557,-60.225230406459666,29.0
152275,-18.42205136195775,-18.68318801994091,5.0
152443,-6.563861751401737,-7.158529602287661,1.0
152613,-9.59359004733949,-9.403881292020282,2.0
152614,-5.196850991484872,-5.379623440662171,1.0
152761,-50.54434104876945,-49.48536340193609,21.0
152782,-60.76737143920733,-56.65782104883933,23.0
152856,-12.367573955952503,-12.617153636564943,3.0
152876,-9.424591205026,-8.290585277152926,2.0
152926,-27.131997119105648,-26.884883218791188,9.0
152927,-27.39104081854985,-27.82415924617417,8.0
153120,-0.266477538213968,-0.2937292898647263,0.0
153352,-46.92086230130909,-44.36892717898715,15.0
153427,-11.867448319872048,-11.729051029725357,3.0
153448,-14.812956082401115,-14.285104772725637,4.0
153533,-22.7995566740473,-22.566568474447163,7.0
153539,-1.7850568292146498,-1.8442187381099724,0.0
153745,-68.7353188271783,-69.34659761635783,33.0
153777,-18.507714763791903,-18.63433378953724,5.0
153790,-18.408563451076233,-17.80290899859152,5.0
153956,-62.268268654690075,-62.747864878595884,7.0
153995,-1.4715037827166582,-1.4993289666939353,0.0
154032,-41.378484304539924,-41.69513548772065,17.0
154081,-23.16496904410195,-23.530807048703522,5.0
154091,-43.15351363423887,-42.83157682846069,18.0
154096,-35.24986078769937,-34.38116122869389,12.0
154112,-52.24390959067301,-50.10463707694419,17.0
154174,-17.33115864097415,-17.539205891208812,5.0
154177,-11.527057856833213,-11.513896843499886,3.0
154188,-20.306287744097457,-19.99546767680588,6.0
154208,-57.39032370463732,-54.022911189370156,25.0
154218,-22.045451013883625,-22.339913896367467,6.0
154259,-104.80557147311869,-102.35309268987606,70.0
154329,-1.4813409710145136,-1.5393622565473783,0.0
154403,-17.971344536335533,-17.865989884684392,5.0
154540,-58.89782457747081,-54.84154250394176,16.0
154696,-9.200907314141281,-9.242199457482789,2.0
154697,-17.76495011411809,-17.86155037557128,3.0
154705,-21.03594441984231,-21.178051074038404,7.0
154775,-7.054988984136219,-7.137335428566115,1.0
154823,-0.266477538213968,-0.3550375673468892,0.0
154914,-12.064116040998185,-12.208643068879882,3.0
154937,-19.478754186511566,-19.548850971064557,5.0
155048,-23.638856404196645,-23.103126466853144,7.0
155055,-8.75457722425589,-9.361886588340663,2.0
155179,-29.713553926228254,-29.89890250623998,5.0
155218,-21.441099389327135,-21.390889221952605,7.0
155232,-2.1279335603371594,-2.1472518062396784,0.0
155245,-46.588851896138934,-45.79352259126629,19.0
155262,-69.04932189392927,-69.22584888004793,34.0
155331,-29.952013537554542,-29.265590042440866,10.0
155364,-31.133403213882126,-31.52302590325873,8.0
155435,-4.932499085689861,-5.065178175962314,1.0
155570,-8.457635804890304,-8.46294151380247,2.0
155708,-5.010387054995299,-5.276563804605044,1.0
155779,-1.4885543858120807,-1.5125061663505146,0.0
155841,-11.58659076175835,-11.608265039408304,3.0
155932,-78.06604823240035,-78.07159170829065,35.0
155936,-13.563101125152683,-13.672970875237574,3.0
156007,-20.666202778340818,-20.83693139786258,6.0
156021,-20.19578725588473,-20.786759876210223,4.0
156094,-9.358111589909075,-9.061828369611876,2.0
156337,-8.469109072557952,-8.785827439325015,2.0
156376,-0.8739092546142408,-1.323898520682531,0.0
156381,-1.7850568292146498,-1.7893149229574707,0.0
156398,-30.71563294599314,-29.825854754899552,11.0
156531,-33.360562658455905,-33.007846699857815,13.0
156604,-21.715395678608758,-21.91918839942573,6.0
156616,-14.84520328626186,-15.130029397202614,3.0
156625,-1.7850568292146498,-1.918635978998519,0.0
156640,-78.1220544840198,-77.74262667828341,16.0
156736,-6.388202544036404,-6.6416674483319715,1.0
156983,-9.019449090602864,-9.111422493777887,2.0
157048,-1.177625112814377,-1.2693943564576622,0.0
157211,-37.09852805947152,-36.324713207710175,14.0
157242,-50.66464408409898,-48.57826377763456,22.0
157333,-32.40538393951183,-32.5261121711314,13.0
157381,-60.23400567815058,-60.55177203674653,25.0
157427,-30.687527512502953,-31.31024852117413,9.0
157459,-16.701131739406897,-16.959351742331236,4.0
157489,-11.578182034791801,-11.585950496205843,3.0
157526,-33.697242467049485,-33.86439078322626,13.0
157587,-11.657024997559189,-11.702725369640023,3.0
157617,-2.4473765507577196,-2.5069880945486793,0.0
157618,-22.70896291248968,-22.887066804999897,7.0
157682,-9.943307480552207,-9.903118595344434,2.0
157766,-21.209077408703706,-21.283478725511856,6.0
157794,-4.504148902794921,-4.607186412735634,0.0
157864,-0.7251705942276048,-0.9151796042277275,0.0
157938,-22.244447587298048,-22.119253114119303,7.0
158027,-5.274189847854837,-5.292298626289008,1.0
158068,-26.313916162846212,-26.479113196607987,7.0
158388,-26.50218308688495,-25.292342031231236,7.0
158407,-29.719069708076542,-28.756481119342315,8.0
158484,-31.112176369800892,-31.35668647571558,10.0
158544,-32.38269337265937,-30.093624606654974,12.0
158558,-22.521255777991726,-22.786707158064488,6.0
158648,-14.842917030460027,-14.890768602821016,4.0
158905,-0.6250334561147853,-0.8810404697750853,0.0
159004,-14.130482546066021,-14.023081820588063,3.0
159024,-16.89090847934312,-16.243000610249233,3.0
159041,-31.68791403451948,-31.160324098540194,11.0
159079,-9.138640392409343,-9.246680620810656,1.0
159092,-25.77693865370602,-25.96387042504113,7.0
159206,-9.358111589909075,-9.438575128785818,2.0
159245,-40.91934380176236,-40.94935444408367,17.0
159334,-28.99462493311203,-29.250202061597435,10.0
159367,-1.177625112814377,-1.4965042278746903,0.0
159705,-78.83432911799964,-62.98918397624949,19.0
159728,-21.793376585414393,-21.626642534000624,7.0
159730,-5.5206212455659625,-5.702394907148522,1.0
159731,-17.477140200988874,-17.506845101285002,5.0
159758,-18.687876862435573,-18.986215880981284,3.0
159780,-2.3924885456149223,-2.4095741728418067,0.0
159797,-3.607351978415468,-3.613316636317771,0.0
159816,-20.15333100358856,-20.318900652070077,5.0
159823,-11.624621916810481,-11.783975179761267,3.0
159872,-1.5438857056296929,-1.6839469761319612,0.0
159884,-11.813893727606454,-12.278387789652168,2.0
159928,-1.177625112814377,-1.30344812033186,0.0
159962,-11.032109735160942,-11.15081645633943,1.0
160056,-17.991501656929653,-15.60941643389471,4.0
160063,-20.863966925668677,-21.140604181130886,6.0
160091,-18.413004672594443,-18.845543274575007,2.0
160110,-25.45014264768585,-25.868923774604504,8.0
160348,-12.523604931310269,-12.737408699703762,3.0
160548,-18.88956463592411,-19.257220185093207,5.0
160728,-35.47705102622372,-35.665014398451554,13.0
160735,-24.037299406356905,-23.039441462340505,7.0
160764,-16.712838288028447,-16.47805028308022,5.0
160813,-2.3924885456149223,-2.431597735243249,0.0
161275,-77.10209739457439,-75.1461741371568,31.0
161363,-15.057905769600813,-15.274133202558627,4.0
161443,-13.830560273050164,-13.952834416000568,3.0
161563,-1.4813409710145136,-2.0282373587938927,0.0
161673,-12.00962657386302,-12.307511687054316,3.0
161708,-9.658776790543207,-9.549715885178365,2.0
161799,-5.665559378336784,-5.7633799783423925,1.0
161827,-13.870634057291099,-14.02328522164631,3.0
161869,-13.745763929532764,-13.88970236770683,3.0
161897,-23.31808337654037,-23.311793019813514,7.0
162145,-24.97115069348482,-24.8842401830986,7.0
162192,-8.785604912935566,-9.067575084490214,2.0
162243,-9.01270918463387,-10.137344064599006,2.0
162329,-18.121546774132327,-18.197243618632044,4.0
162468,-1.177625112814377,-1.7588940789757186,0.0
162666,-13.04844956881153,-12.759296109734665,3.0
162693,-9.568586191139818,-10.008899036730774,2.0
162831,-0.7193434114444289,-0.8113315432049523,0.0
162885,-5.072498752081576,-5.131912467148339,1.0
162915,-12.321170395553168,-12.216943737918815,3.0
163004,-0.266477538213968,-0.3845257514739151,0.0
163024,-18.268928609059294,-18.736680567023342,4.0
163092,-4.948832623984218,-4.918758536041351,1.0
163175,-5.445931706946575,-5.55876190457542,1.0
163187,-101.51147444291672,-93.4330624955336,41.0
163201,-51.10202007723021,-50.09152188557432,24.0
163279,-5.427323931355463,-5.529067787702584,1.0
163331,-37.585890830105086,-37.702800224686264,11.0
163343,-1.177625112814377,-1.2082763279274378,0.0
163452,-11.533508855195349,-11.71562230670403,3.0
163505,-20.31636511157878,-20.553053082685345,6.0
163593,-23.523750202897933,-23.703434218438023,6.0
163626,-19.887364232137564,-19.798903624397028,6.0
163763,-6.030606226755594,-6.148141901468203,1.0
163818,-8.431982944144032,-8.188214430264171,2.0
163861,-30.487406310454293,-30.278247222603476,10.0
163942,-121.91084359502652,-112.15709329107902,40.0
164069,-21.687094876535543,-22.14947569728096,6.0
164127,-34.232025065914826,-33.806707308887,11.0
164217,-2.9999202620151957,-3.0166653231528233,0.0
164315,-1.177625112814377,-1.1801799692633475,0.0
164364,-19.41557412007303,-19.898496833425504,6.0
164417,-12.36345285181138,-12.599248873620589,3.0
164503,-35.84299281604975,-35.94144918763881,14.0
164694,-37.76658580358837,-37.874319898879484,13.0
164914,-2.6962044038150594,-2.908824282007311,0.0
165018,-13.30839433995463,-13.203941099093075,3.0
165051,-5.001617419588248,-5.181409359365485,1.0
165122,-73.07533427811336,-74.15998496322511,29.0
165145,-24.025474285551947,-24.405867632079175,6.0
165209,-1.4813409710145136,-1.6350045791897485,0.0
165238,-7.536306110064709,-8.46156328462147,1.0
165259,-9.438870280127357,-9.34830668354205,2.0
165329,-8.691111005539904,-8.941575916969107,2.0
165341,-18.474331113995866,-16.48933730825046,4.0
165344,-26.923977935598842,-27.191527985381505,4.0
165366,-19.845160508908112,-18.946728942725667,6.0
165529,-4.518499553015877,-4.701514269870794,0.0
165598,-19.100259820872417,-19.327358796255947,6.0
165609,-9.273387483772563,-9.456469433442528,2.0
165621,-23.5949738133625,-23.85740159061633,8.0
165633,-6.51869466513347,-6.632294960865456,1.0
165667,-8.734522021812472,-8.80370098060094,2.0
165716,-10.093844114843392,-9.989583638426662,2.0
165755,-66.58057822845282,-61.39742545988715,17.0
166049,-34.35409060958994,-34.80521246206149,11.0
166196,-0.8739092546142408,-0.9309949854996177,0.0
166401,-6.878287020409722,-7.113527258816174,1.0
166466,-20.632730854206216,-21.17392466292151,5.0
166477,-21.059175013571185,-20.41465879805711,6.0
166676,-25.11113528335245,-25.116922393117942,6.0
166713,-4.2147836948157416,-4.403496624423732,0.0
166771,-9.21865619528925,-9.31140646344966,2.0
166858,-22.55478374353312,-22.777977932152716,6.0
166868,-39.62148343358857,-36.59940802721444,12.0
166981,-18.5929390948992,-18.892116842591186,5.0
167018,-51.57587950220201,-52.05894301851165,27.0
167137,-0.5640867128317534,-0.7280681817933883,0.0
167173,-37.838992438169846,-37.997584704229446,16.0
167340,-8.725789974955767,-8.151629013279003,2.0
167437,-31.784858598666208,-32.422177152363965,8.0
167479,-9.285262807099873,-9.367723766997994,2.0
167484,-5.384468114757993,-5.526011470536295,1.0
167488,-22.643696677179296,-23.11255902249719,7.0
167659,-12.46784893168842,-12.09351482095026,3.0
167689,-12.179375450629168,-12.06243994035081,3.0
167779,-8.934117968505108,-9.080354426519804,2.0
167785,-27.042159810957237,-27.236569642348385,9.0
167871,-22.921745698033206,-22.686356196820224,6.0
167988,-5.320779121580346,-5.3885775472852515,1.0
168166,-9.04166245630801,-8.16648905643381,2.0
168242,-5.483108766235657,-5.599495927822546,1.0
168310,-21.979921898581313,-21.91885134869816,7.0
168461,-29.347953826207263,-29.435384607557808,10.0
168474,-37.39148091717594,-36.421428284805636,12.0
168489,-5.603236847542285,-5.720540363025348,1.0
168667,-36.83303922372195,-36.5244665298626,15.0
168697,-6.037078844016559,-6.2178317299933,0.0
168825,-19.574360982078986,-19.538946846274676,6.0
168869,-26.688494145663597,-26.492023741830995,9.0
168906,-30.906022767932456,-30.809512883751193,12.0
168958,-1.4813409710145136,-1.552688460679408,0.0
168995,-17.45436413394032,-17.532493795380198,5.0
169005,-7.555658135017241,-7.60351500535463,0.0
169055,-46.637120524426905,-44.68772553148867,19.0
169086,-5.486989563550703,-5.626353732110106,1.0
169254,-4.936506470905728,-4.602777368101124,1.0
169255,-36.62192348895031,-36.89583271915047,13.0
169301,-14.775833369132615,-14.903596512367706,4.0
169309,-55.713091712641145,-55.091941911846426,23.0
169378,-1.7850568292146498,-1.805455759526379,0.0
169389,-1.4813409710145136,-1.5043280770100478,0.0
169439,-17.507096513448417,-16.1099226626596,4.0
169445,-8.603808150919193,-8.088451413369016,2.0
169556,-26.549306799021192,-26.65830335028233,10.0
169559,-9.339502470019927,-9.156637835078916,2.0
169714,-19.502275287451997,-19.51497107291797,6.0
169764,-9.891035225041422,-10.159512078091563,2.0
170041,-24.93437316075581,-24.238933884429734,7.0
170098,-5.823099659793738,-5.7446554572110555,2.0
170136,-27.842534125772303,-27.481869382902886,8.0
170251,-52.74956772518232,-34.348710268194985,11.0
170287,-15.652916093250303,-15.880103529275425,4.0
170305,-4.8884765458815425,-4.884270948958787,1.0
170385,-23.55357475025611,-23.729579290513566,7.0
170536,-49.16266094898755,-49.6283796606312,19.0
170645,-36.617466393779175,-36.464552966490174,12.0
170699,-85.46315456536581,-79.26646478598985,33.0
170877,-29.837288536167662,-30.183305337076593,10.0
170954,-3.911067836615605,-4.0722592558858635,0.0
171003,-40.42397299768401,-40.51382800048712,13.0
171103,-19.83032102070058,-19.98380511384692,6.0
171323,-1.2218829098681354,-1.3389605453244955,0.0
171333,-9.458049510757775,-9.292894502071164,2.0
171431,-45.54183772723335,-45.36791700159614,16.0
171610,-15.919383627201292,-16.005531316858384,3.0
171754,-12.678479131392532,-12.86471819185364,3.0
171774,-47.85382923008871,-48.2776169987427,24.0
171823,-2.6962044038150594,-2.821060128779982,0.0
171918,-1.7850568292146498,-1.789594286959565,0.0
171945,-10.701232220174479,-10.648493670899896,2.0
171951,-21.914360619079563,-21.650345934602942,7.0
172025,-8.514564296178479,-8.023670505875602,2.0
172082,-5.088859988630924,-5.1482913686700185,1.0
172179,-62.52855948086685,-56.08723105604172,18.0
172182,-8.60917623115064,-8.719489027167846,2.0
172187,-35.005319191393866,-35.07397912656416,13.0
172195,-19.71249714873365,-19.900107880141682,4.0
172242,-0.9498199554977714,-1.3828570496988082,0.0
172245,-16.113019605344334,-16.086693788744864,4.0
172249,-11.580263280788365,-12.010117508079386,3.0
172275,-0.9417298138362461,-1.0581745617486222,0.0
172335,-17.119211895522326,-17.0694973490977,4.0
172431,-7.417396267836949,-7.4699370805677665,1.0
172511,-6.388202544036404,-6.560145690357122,1.0
172586,-30.014483568882852,-29.788745740458676,11.0
172674,-54.277883444947925,-55.08273443330333,21.0
172759,-10.487154076411041,-10.596240321092498,2.0
172942,-5.260050935276964,-5.433333858791795,1.0
173046,-4.956360680798732,-5.086429799864764,1.0
173073,-19.038848622521886,-18.76500187231305,6.0
173109,-6.496532155635943,-6.776627967637691,1.0
173113,-17.89567946372568,-17.06922745353256,5.0
173204,-8.955661348116614,-9.128310311752369,2.0
173228,-2.088772687414786,-2.152370853574213,0.0
173292,-47.80552550065404,-47.73306651077751,16.0
173382,-0.8739092546142408,-1.0676822738452298,0.0
173408,-16.190510528390874,-16.548769916793194,4.0
173414,-50.41233501764099,-49.914960140651615,23.0
173441,-17.497253812647816,-18.026427806764453,4.0
173465,-6.761931535929164,-6.893359919622748,1.0
173541,-14.952916285106301,-15.216126451296331,4.0
173555,-54.32133297257922,-53.21877455162296,22.0
173571,-19.78635959798863,-19.943291262187845,6.0
173643,-1.7850568292146498,-1.7927201505658128,0.0
173674,-50.27273088689736,-50.324668091803645,18.0
173705,-5.023475079593118,-4.779835658156013,1.0
173814,-18.7509636165904,-18.92649500555295,4.0
173829,-9.760621311909375,-10.331096498462873,1.0
173830,-24.962581823687962,-24.941009970153786,8.0
173886,-25.019548350685973,-24.55252058413393,8.0
174100,-49.147764470813314,-39.401633055010485,14.0
174108,-8.504079419336865,-8.642306480206791,2.0
174109,-23.462173725133447,-21.360129311792907,6.0
174139,-17.491214827766697,-17.854593690301133,5.0
174154,-15.793275605720762,-16.070545119540004,4.0
174208,-2.9999202620151957,-3.027432152494243,0.0
174241,-28.917392374469298,-29.037550141383175,9.0
174290,-27.866410149193925,-27.847231219435717,10.0
174504,-28.712113820756738,-29.13637982611765,9.0
174510,-5.0796376460582175,-5.14400965667521,1.0
174644,-22.0668923490577,-21.807150919913166,5.0
174647,-98.03685898411214,-98.36444262562894,55.0
174762,-30.315110388680996,-30.832609881400483,5.0
174928,-19.227160992890006,-22.035027522676224,5.0
174985,-17.235011668185084,-17.505985566091645,4.0
175012,-6.021718115983406,-6.0526598920391645,1.0
175044,-4.997165442171019,-5.199281782444975,1.0
175047,-1.4813409710145136,-1.6695021099556897,0.0
175165,-84.73162399823602,-82.71722555886276,51.0
175286,-9.623581307016215,-8.67295430433467,2.0
175439,-63.10478301415211,-64.34001275323796,19.0
175493,-17.102372037080443,-15.974186025619016,4.0
175663,-27.085209307721787,-27.63943251154443,8.0
175672,-4.989319647917328,-5.059699508634441,1.0
175687,-12.500083563953261,-12.166769844969913,3.0
175790,-3.531738668191766,-3.531738668195302,0.0
175867,-1.2741685581897129,-1.3048270930021388,0.0
175887,-6.115832948366299,-6.184452806705384,1.0
175984,-14.307996110849395,-14.463771814279003,3.0
176014,-4.915188849829001,-5.037976095917605,1.0
176266,-26.01871801463153,-26.87521861618866,8.0
176335,-12.672883857989536,-12.829664602598486,3.0
176448,-20.93977701771242,-20.80518284714522,5.0
176454,-31.32934259462878,-28.456843000668655,8.0
176474,-34.652735111375165,-34.93361361327476,11.0
176522,-24.30976505126615,-24.242741184717854,7.0
176532,-4.985127796563328,-4.657804464790782,1.0
176578,-2.4490584612315653,-2.497053317245932,0.0
176628,-29.065219833674284,-27.793667297402962,9.0
176804,-1.7850568292146498,-2.4612063004522944,0.0
176805,-15.497155943093501,-15.599253317636158,4.0
176848,-22.64461666010907,-21.791054838707563,5.0
176999,-9.561476949983664,-9.74303737104112,2.0
177013,-43.55071158516032,-43.53835406136037,16.0
177034,-4.214589977425929,-4.304598002268959,0.0
177099,-9.339502470019927,-9.51472735571596,2.0
177234,-27.222483227951933,-27.643517429890487,2.0
177276,-9.43808567279903,-9.206843186132273,2.0
177345,-12.536194641854433,-12.219548054301708,3.0
177383,-8.651712083127567,-8.84379614796231,2.0
177469,-2.324755020838351,-2.6726142865098272,0.0
177483,-32.37079649601245,-31.801478944443936,11.0
177570,-18.988035336549274,-18.99831963990596,4.0
177637,-15.795243576677095,-15.345322676729937,4.0
177814,-31.01761439002772,-28.714898436489428,8.0
177842,-1.8104923012447072,-1.8550905949005223,0.0
178034,-11.25782413711487,-11.579903026442704,2.0
178112,-12.287084971709431,-13.366874343767288,1.0
178174,-5.139193624797438,-5.272801489522049,1.0
178253,-23.751691032863896,-21.73841299175855,6.0
178299,-4.2353076549759106,-4.377458751675874,0.0
178503,-8.576680043276996,-9.052722458537493,2.0
178517,-25.658664504193784,-25.46073087288553,6.0
178522,-38.50408379053371,-37.4354918946244,13.0
178562,-79.57476830317037,-76.17924951283032,40.0
178583,-28.183781251745295,-28.401175071875844,10.0
178606,-20.089705943380157,-19.811101807902315,5.0
178607,-10.016892822633,-10.395313594023794,2.0
178630,-53.54671461358872,-52.03979368216474,20.0
178655,-2.088772687414786,-2.092712684661095,0.0
178666,-5.9018013096913755,-5.9583843893194555,1.0
178686,-12.94407496061485,-13.162074095940497,0.0
178787,-0.8739092546142408,-1.547339800934671,0.0
178844,-26.577428579685492,-26.642664182306817,8.0
178921,-6.711570039703235,-7.532756077723919,1.0
179009,-5.893110044514212,-5.9250646213751885,1.0
179092,-5.018095821323652,-5.088362425917521,1.0
179124,-32.85740091342855,-32.28246540049056,10.0
179224,-17.18153170692179,-17.273533052432985,5.0
179284,-18.95499459553324,-19.270558532549128,6.0
179542,-40.74209554069788,-40.60368617952786,14.0
179621,-9.88820517168661,-10.27369207270444,2.0
179800,-17.6045927664265,-17.836934756450848,5.0
179819,-60.38735883387462,-54.176905953873565,20.0
179826,-5.0604151978996335,-5.140630815821782,1.0
179882,-1.4813409710145136,-1.5155021920435887,0.0
180042,-1.4813409710145136,-1.5528797423601617,0.0
180078,-17.428517042498008,-17.530055985219352,5.0
180301,-6.800931922293325,-6.911352812772463,1.0
180349,-39.6201823322707,-38.4030695504866,12.0
180365,-3.911067836615605,-4.033980702790815,0.0
180466,-22.25202030163969,-22.35338497431264,7.0
180480,-4.822215411216014,-4.864887066898817,0.0
180775,-5.052845898334015,-5.294104045462772,1.0
180801,-2.6962044038150594,-2.6996108528203946,0.0
180898,-15.15148756571738,-15.276907729058047,4.0
181060,-0.9339073355424331,-0.9570578658121278,0.0
181071,-1.4813409710145136,-1.5151183107165873,0.0
181131,-22.819317994767164,-22.994225311694994,5.0
181281,-5.068569676511637,-5.126063310490264,1.0
181298,-11.617949794122813,-11.675128079579194,3.0
181543,-1.4813409710145136,-1.6349540672924912,0.0
181635,-9.14144779128712,-8.970612188632453,2.0
181636,-14.484324106602708,-14.396587259118567,4.0
181646,-25.055830681003695,-23.144860674499892,7.0
181686,-21.217528170727658,-21.162073877143953,5.0
181719,-14.187594466266196,-14.414162322143039,4.0
181731,-49.89910706912976,-48.15359233402,20.0
181877,-32.916724935964744,-29.919812755039732,9.0
181940,-51.29949965407216,-51.90696360207221,21.0
182012,-27.265315230928927,-25.234505893736685,5.0
182035,-26.213509845687124,-26.016374080521057,8.0
182061,-5.690105509494671,-5.762094628809805,1.0
182100,-29.533023972414792,-28.03815890570288,7.0
182263,-69.37696645561535,-69.74108652751818,18.0
182568,-9.106254829506696,-8.902172512979053,2.0
182583,-6.037078844016559,-6.037078844016559,0.0
182603,-17.783974357623656,-18.04167863644788,5.0
182838,-77.53541475792201,-71.4354888135016,20.0
182989,-8.468984923557953,-8.780129671670624,1.0
183023,-12.281946919495216,-13.045099462498449,2.0
183155,-9.348536107590824,-9.410068075868285,2.0
183273,-54.38624590124007,-54.33527362792869,23.0
183436,-6.030415626437434,-6.221842854044337,1.0
183455,-136.87589247370647,-138.86829660007064,72.0
183481,-36.95952670320938,-37.23744931223896,9.0
183562,-43.83945042376007,-42.619161754855384,17.0
183623,-8.832591073377834,-8.842077336416063,2.0
183677,-13.966752935914693,-14.129109713774334,3.0
183766,-13.185693695919513,-13.311821274313735,3.0
183915,-5.819708320088983,-5.936057654520484,1.0
184104,-6.037078844016559,-6.254010729110265,0.0
184112,-26.8271098064821,-24.989128664971826,8.0
184174,-78.55628123921367,-78.90833048163938,28.0
184228,-31.796641832126397,-31.01366309657786,10.0
184247,-5.753305873945267,-5.9476151850109,1.0
184251,-4.2147836948157416,-4.286224815636288,0.0
184284,-0.5701933964141045,-0.6656517571660842,0.0
184321,-5.12593126941615,-5.128486229619446,0.0
184386,-22.210048253092122,-22.450340159255504,6.0
184517,-14.670627378905872,-14.526908421332857,4.0
184553,-5.64048922657583,-5.75035405953653,1.0
184598,-14.991396283545486,-15.156393677194934,4.0
184669,-34.479645808408286,-34.520307636403324,13.0
184791,-0.5757442992725161,-0.6315859414090063,0.0
184800,-19.704292463022693,-19.769855049305235,0.0
184868,-8.989610601810156,-8.997423539555234,2.0
184929,-14.43685879552039,-14.37640674157759,4.0
185154,-38.00165579878329,-37.76508219559608,12.0
185232,-43.161803621475435,-43.26748731528422,14.0
185441,-9.663062283193524,-9.886401062809197,2.0
185456,-34.37031740775793,-33.433405500262246,7.0
185496,-7.122431189123504,-7.7234147585446395,1.0
185668,-5.273999247536676,-5.307373555663809,1.0
185913,-2.9999202620151957,-3.006733212001166,0.0
186056,-0.5701933964141045,-0.580412821588169,0.0
186059,-13.086343475411706,-12.993025188533156,3.0
186080,-4.9440726080723705,-5.832403835261677,1.0
186366,-4.911400683184787,-4.967477029878879,1.0
186457,-10.031667844339108,-10.159831323592842,2.0
186631,-0.8739092546142408,-0.895398433016878,0.0
186640,-20.189761568181506,-20.39965589101298,6.0
186653,-1.177625112814377,-1.1810315870475685,0.0
186742,-23.33384142363841,-23.5634343440298,8.0
186772,-9.789906083864118,-7.391116941096957,2.0
186773,-23.848062011836877,-23.8807672171894,8.0
186941,-2.088772687414786,-2.1694528309275274,0.0
186947,-8.520735413204234,-8.625707959020708,2.0
186987,-42.927481963794335,-41.86667854413311,12.0
186998,-3.911067836615605,-4.07799936066481,0.0
187008,-11.685009312009598,-11.486692520921785,3.0
187018,-12.677207735825768,-12.50864272412864,3.0
187111,-17.2605742109336,-17.546505722970668,4.0
187253,-84.50464695226457,-79.66451224088533,42.0
187306,-12.151230428774896,-11.772865512896749,3.0
187463,-47.96547195641852,-48.19089476566392,21.0
187664,-5.798874745125776,-5.859055035392272,1.0
187673,-21.686130837628635,-22.073172881476403,6.0
187683,-21.314146880523136,-21.893745772761285,5.0
187834,-1.4813409710145136,-1.4813409710145136,0.0
187919,-5.08701411304905,-5.5050304062192135,0.0
187989,-33.11218917890964,-33.29718745081896,10.0
188077,-13.354701205073594,-13.63852189651129,3.0
188147,-14.017571177012563,-13.685192417160607,3.0
188174,-5.3434404389177566,-5.422061896788387,1.0
188228,-0.5916225450839887,-0.6865814344734367,0.0
188398,-8.154979170431522,-8.221186336144475,1.0
188524,-47.07863644725158,-45.67891328269687,15.0
188544,-4.2147836948157416,-4.2955674349252275,0.0
188554,-31.639896183130045,-31.292882795804275,11.0
188566,-44.39249927261498,-40.36936498532249,14.0
188594,-101.13500087031775,-95.66820205528144,26.0
188690,-1.5898976741397828,-1.6243001575580722,0.0
188750,-45.37555793679682,-45.84454759441763,9.0
188753,-101.11012553336721,-95.98974948740123,40.0
188876,-1.083492252668324,-1.0937110432987756,0.0
188897,-175.73691028413268,-170.15681238640516,117.0
188990,-7.240757451353136,-7.274381737092299,1.0
189060,-23.67939225040617,-23.322437228674012,7.0
189243,-19.655887015199205,-19.655115571941597,6.0
189312,-11.284609830405923,-11.522314001457854,2.0
189369,-94.75480625305491,-90.77076258501691,35.0
189370,-9.115129036910748,-9.305712603897794,2.0
189485,-9.620731892826894,-9.764643120386847,2.0
189519,-15.047991116555574,-15.232430649809261,4.0
189563,-52.57666484254268,-51.96871756328364,24.0
189679,-2.3924885456149223,-2.5134825338053015,0.0
189681,-1.7850568292146498,-1.860781928538137,0.0
189729,-24.93671255337965,-25.380935246233896,6.0
189739,-8.776219836142817,-8.368411337611203,2.0
189818,-0.8739092546142408,-0.9661977218505466,0.0
190116,-13.141313808632257,-13.384133014643355,3.0
190296,-25.183720607861197,-25.067580868552408,5.0
190433,-7.587596062393748,-7.647844156613619,0.0
190465,-16.021180953568784,-16.36153038654939,4.0
190620,-25.845575941117726,-26.406661642079808,6.0
190676,-23.066839537618247,-23.33256962430658,7.0
190688,-5.835596006847328,-6.090904469646693,1.0
190800,-12.898706492501864,-13.088267395620221,3.0
190864,-1.7850568292146498,-1.959572085972389,0.0
190885,-17.210254134070823,-16.985324289655743,5.0
190933,-18.816144394004,-19.098106373722086,3.0
191006,-17.11945066811534,-16.823724023005997,4.0
191122,-51.9852970815349,-51.58965127060282,20.0
191132,-40.49419666354967,-40.40941952617386,18.0
191171,-13.043020462227322,-12.217592511339316,3.0
191217,-20.74602537149958,-19.25463903498748,6.0
191232,-22.801824671505045,-22.344210880249907,6.0
191262,-0.8739092546142408,-0.8794246533341015,0.0
191455,-36.67566945786258,-36.58374304244797,13.0
191509,-8.624168755537557,-8.67818137236546,1.0
191519,-25.576113781835506,-25.28506401347717,8.0
191649,-15.893493770203948,-13.141594117717586,4.0
191681,-1.177625112814377,-1.2175506974633235,0.0
191758,-19.359796844485384,-19.65767396867687,4.0
191831,-71.17876070429023,-67.53986027094845,22.0
191833,-10.063809678339803,-10.275649239514236,2.0
191844,-17.534304970421122,-16.8855053102281,4.0
192032,-8.499472385915317,-8.669044364258392,2.0
192074,-16.803860448762922,-17.057974393702303,4.0
192158,-15.039522199788305,-15.086276180462901,4.0
192386,-8.782164363649278,-8.851520981015948,2.0
192457,-21.866058865800905,-21.418124814559654,7.0
192514,-5.270569791888072,-5.357651730200777,1.0
192532,-8.700556013299146,-8.824668843633876,2.0
192603,-21.481370228214608,-20.786404822157007,7.0
192675,-5.219900563419391,-5.316890287108512,1.0
192702,-12.78602418997869,-12.947997111121081,3.0
192732,-14.904374899915311,-14.492977734171836,4.0
192829,-0.5701933964141045,-0.6010084591818957,0.0
192858,-2.088772687414786,-2.211293594122233,0.0
192926,-5.104232853374375,-5.146684723001008,1.0
193039,-79.71090746532705,-73.94574115001089,32.0
193149,-222.9164329830812,-184.0499787520647,73.0
193519,-60.55147542554949,-60.03714392529055,23.0
193620,-16.4180867312131,-15.321600786218653,4.0
193646,-35.1197688833842,-35.25225620171497,14.0
193680,-27.275660057363822,-27.12805758369784,9.0
193747,-1.177625112814377,-1.1912509738086259,0.0
193872,-34.35953935475021,-34.76430110350816,10.0
193933,-22.389528989911405,-21.74978900812755,7.0
193975,-27.083631915644755,-25.90886922207498,7.0
194059,-15.16512106375556,-15.644370603511819,4.0
194187,-11.23630234238201,-11.334256215988406,2.0
194229,-50.516155501240824,-49.74070768309513,19.0
194329,-9.315360003849909,-9.601485389649987,1.0
194399,-16.886195423622038,-16.908905865253377,5.0
194411,-63.2690537383038,-59.75101418066861,28.0
194692,-63.078317950027575,-61.306467894304724,26.0
194728,-6.237602186835772,-6.293602795298135,1.0
194791,-28.696394050470047,-28.50847521329692,6.0
194801,-12.842447388470308,-12.918250250611505,3.0
194880,-5.892578967118668,-5.948308858371166,1.0
194916,-18.79841360942461,-18.487118984541695,5.0
195072,-24.03107842135886,-24.114535951276043,8.0
195261,-23.200282388731523,-24.49989381515465,6.0
195303,-40.76624492307171,-40.88712292131596,16.0
195402,-27.406418364554973,-27.62469944416465,4.0
195403,-0.8739092546142408,-0.942085639607332,0.0
195509,-24.49166313450279,-22.6926913904605,6.0
195516,-52.09582163211702,-48.70239714337975,19.0
195584,-32.88772989220367,-32.84908594688168,12.0
195649,-1.177625112814377,-1.1817155105699524,0.0
195677,-3.607351978415468,-3.6444895027356847,0.0
195701,-8.557615139090835,-8.711728410159303,1.0
195775,-15.724713345166615,-15.504698705490243,4.0
195864,-38.52545707089489,-38.86833938445251,10.0
195950,-45.08873768803271,-45.219964961038634,18.0
195970,-1.7850568292146498,-1.8742749423923484,0.0
196023,-2.3924885456149223,-2.392501916455807,0.0
196044,-1.177625112814377,-1.1852896831763853,0.0
196127,-17.326494820168662,-17.053320468025582,5.0
196207,-15.154468066458026,-15.225491103026359,4.0
196294,-1.4813409710145136,-1.5296589221457757,0.0
196526,-9.625141055785443,-8.47722465886054,2.0
196556,-15.286489331713716,-15.075664665773655,5.0
196590,-11.545648584584823,-11.902699491264256,3.0
196616,-56.49648505145299,-55.28700221573435,24.0
196681,-6.928693338639523,-7.114551808779976,1.0
196857,-0.8739092546142408,-0.950905508393835,0.0
196879,-20.925388904521167,-20.302015673487407,6.0
197263,-8.407682058912538,-8.495236785355788,2.0
197350,-9.51414639397744,-9.106070297657256,2.0
197364,-17.92060589537818,-17.556120295641993,3.0
197439,-37.8531797850976,-38.078633784256816,15.0
197511,-65.18269540112387,-63.81864442513989,32.0
197835,-17.896844295603035,-17.917265807330818,5.0
197918,-29.108699846722548,-27.06747644714319,8.0
197921,-5.507014769580002,-5.528577510854293,0.0
198017,-3.303636120215332,-3.3070459218424677,0.0
198127,-61.89624726561036,-59.875064289848275,25.0
198165,-12.782583987590701,-12.80354599186397,3.0
198375,-19.05860150849468,-19.179943564721455,6.0
198425,-37.32626819824641,-36.076335379912564,12.0
198506,-11.575776967704387,-11.702595209900423,3.0
198684,-5.0244584784860375,-4.992393943950685,1.0
198794,-2.222526226604254,-2.2500999236902475,0.0
199039,-38.172136090368305,-37.00836272262844,13.0
199073,-14.355814769494748,-14.091287537913875,4.0
199075,-22.816765105254433,-22.56301469896478,8.0
199078,-12.155368937149234,-12.356728327474743,3.0
199152,-80.32912130375658,-76.72708805523872,32.0
199250,-14.846594847140686,-15.045778352552805,4.0
199387,-60.04050824137358,-58.437412917154575,23.0
199444,-11.242075480718672,-11.50994954689341,2.0
199570,-29.05667532802751,-29.316924141449356,10.0
199576,-32.45370022272637,-32.573460021161964,12.0
199601,-31.86381558534395,-30.98819363368184,7.0
199701,-18.426873356076996,-18.548566988783847,5.0
199802,-1.3021716519301454,-1.31239107691392,0.0
199882,-42.66482102405667,-42.110602414671554,18.0
200170,-4.999871431923965,-4.834653784762747,1.0
200210,-17.693332651621017,-17.95829783334588,5.0
200217,-86.95877555954605,-86.97808971321254,50.0
200219,-5.0931730622961835,-5.106946603534412,1.0
200316,-24.51567818840809,-24.647316415859397,5.0
200502,-2.0093666820848077,-2.012794791064568,0.0
200546,-5.129504371121004,-5.47227565266549,1.0
200590,-25.734314482168717,-25.711392914340674,8.0
200599,-18.106530189359546,-16.845454759392098,4.0
200715,-23.564815994481883,-23.746981882706276,6.0
200752,-9.686746143453895,-9.919570290139403,2.0
200807,-1.177625112814377,-1.6182893772085551,0.0
200897,-11.982996741164923,-12.213372743689906,3.0
200969,-19.392224332897943,-19.64112487027776,6.0
200974,-1.8272641427604837,-1.8626691884675117,0.0
201567,-5.196850991484872,-5.2688366834262,1.0
201608,-8.611158918297646,-8.740477566050433,1.0
201667,-1.177625112814377,-1.2116894751668168,0.0
201797,-33.12958261939183,-32.72663464970375,11.0
201918,-21.26797321104053,-21.698577642145935,3.0
202011,-8.690030242497944,-8.461114537662098,2.0
202125,-27.763886162048852,-28.221629625151103,10.0
202163,-38.996031524131915,-39.199859054771686,15.0
202287,-98.71632176573233,-96.4706639745656,50.0
202369,-17.619018558128072,-17.688100794403756,4.0
202427,-3.607351978415468,-3.6483851576517305,0.0
202525,-42.35378984288186,-42.37370332502934,14.0
202542,-5.058812378900626,-5.0610492125346065,1.0
202760,-17.641394343167043,-17.769360271482284,5.0
202898,-20.410465922773696,-20.243869753543933,6.0
203025,-9.203959459729038,-9.31193305030307,2.0
203062,-1.4813409710145136,-1.491614242652001,0.0
203298,-46.61694933674787,-46.19226402358797,18.0
203583,-5.028419304654065,-5.10686456799972,1.0
203664,-10.84320017847274,-8.113582831960969,2.0
203692,-4.9619819946264005,-4.903875616451428,1.0
203720,-4.980704748225821,-5.027075635802521,1.0
203744,-6.544417727814561,-6.586808338655742,1.0
204092,-91.81446623588067,-92.66722026441761,31.0
204284,-2.3924885456149223,-2.4709852530911554,0.0
204292,-61.22820747847282,-60.647171008022504,18.0
204322,-22.228772501849917,-22.164693547712172,7.0
204361,-9.978293556109707,-10.004501558325483,2.0
204439,-1.4813409710145136,-2.1605304168057944,0.0
204493,-41.704726204842714,-42.24986189717698,11.0
204541,-11.676072402967856,-11.245573628715727,3.0
204561,-3.607351978415468,-3.6435529595132863,0.0
204719,-14.563738425661978,-15.000045275534687,3.0
204789,-36.09244242678992,-36.30216327628438,13.0
204859,-18.926932026965435,-16.545860954454135,4.0
204867,-38.28169521742368,-38.42272533365639,14.0
204894,-16.564689795823007,-16.688251232149725,4.0
204966,-65.82124532550566,-64.92073090097587,24.0
205121,-4.992412472175654,-5.174741834877605,1.0
205140,-5.854628556651189,-6.606807845550807,1.0
205319,-2.9999202620151957,-3.1678358455810183,0.0
205377,-8.619902239202201,-8.720373047730789,2.0
205398,-24.045032611238902,-24.50446968740873,5.0
205435,-0.8739092546142408,-1.028212689061818,0.0
205445,-11.737838962441892,-11.608103459232915,3.0
205491,-5.175428453047401,-5.326380491409657,1.0
205573,-1.7850568292146498,-1.8301285535705467,0.0
205577,-1.4813409710145136,-1.5255505077722322,0.0
205620,-9.677347220700097,-9.677894394789684,2.0
205662,-8.824147157381162,-8.997187305167277,2.0
205787,-23.320232311478655,-23.854358599091032,5.0
205971,-0.8739092546142408,-0.9109244509562688,0.0
206010,-30.246022587370373,-30.61472591118779,8.0
206024,-0.8739092546142408,-0.9079981152435398,0.0
206098,-2.4490584612315653,-2.5173709878273094,0.0
206142,-3.303636120215332,-3.4999652692205636,0.0
206160,-12.243107298177817,-12.329936176568344,3.0
206303,-43.247011893632965,-43.42444414068683,15.0
206318,-14.3611267875187,-14.47476866704364,4.0
206320,-5.022654685786877,-5.015950876890835,1.0
206378,-14.28552897179055,-14.522577269460607,3.0
206388,-0.8739092546142408,-0.9552557706016015,0.0
206391,-4.2147836948157416,-4.338984731280352,0.0
206662,-10.12847279883444,-10.183897106236973,2.0
206666,-3.303636120215332,-3.587976082243039,0.0
206810,-14.729800285602673,-14.613513647740433,4.0
206935,-0.266477538213968,-0.26988401005559026,0.0
206992,-15.953041207136572,-15.70766141406736,3.0
207046,-16.335903101094946,-16.342832140191035,4.0
207075,-10.440139178063728,-10.542730619201926,2.0
207176,-1.6012573614048624,-1.865192483948876,0.0
207190,-16.684295749001492,-16.952640149803567,4.0
207408,-0.9407714963570474,-0.9407847509213133,0.0
207410,-41.14327011348951,-39.21528842565633,11.0
207503,-5.733362985816423,-6.148196786198811,0.0
207534,-12.788312333522637,-12.819489186939702,3.0
207718,-11.177703651883226,-11.406474146938942,2.0
207771,-5.144374824384961,-5.486781194766336,1.0
207841,-1.4813409710145136,-1.7009633812591687,0.0
207847,-2.088772687414786,-2.1473100457435828,0.0
207946,-41.519478411937605,-40.615874568562525,12.0
208070,-3.493037026839434,-3.5068198492237013,0.0
208084,-11.637195528009304,-11.337091697455792,3.0
208293,-6.135222020975923,-6.240301450924796,1.0
208352,-8.52653435353801,-8.662635395350042,2.0
208371,-21.11025702019485,-21.124885573210964,6.0
208630,-6.644152871465259,-6.809439565722706,1.0
208777,-21.461715483247506,-21.63845450907412,6.0
208840,-0.266477538213968,-0.5154326091607216,0.0
209028,-71.1950772719487,-71.69205566435443,35.0
209039,-9.708921923744594,-9.652291734084725,2.0
209047,-39.837125069655535,-40.18380765509618,15.0
209142,-29.416650849997115,-28.81284943267707,9.0
209222,-18.844102228353798,-18.529874755142423,5.0
209242,-74.91137168387749,-75.91743439460132,38.0
209254,-13.056044819383962,-11.849780503310685,3.0
209379,-19.013414800182403,-18.634466125223867,5.0
209386,-3.303636120215332,-3.3961988926422255,0.0
209513,-47.32335409273754,-38.19982561637384,11.0
209539,-5.045197267779683,-5.149560911977337,1.0
209574,-5.277973242871076,-5.351573149041425,1.0
209714,-2.8524334019352273,-2.956141897886783,1.0
209753,-1.7850568292146498,-1.8831110334699863,0.0
209791,-5.191352690689291,-5.419287134452673,1.0
209877,-9.034724943471256,-9.021789331053403,2.0
209920,-61.19198080921895,-60.77726293110851,18.0
209936,-32.582137116381304,-32.251754375610155,10.0
210053,-35.453002936145964,-35.42609651082847,10.0
210095,-14.796813269799527,-14.987307830925486,3.0
210263,-42.03751012716556,-42.287291089686526,17.0
210287,-1.956740022494119,-2.517058724875985,0.0
210681,-12.99279099331935,-12.97943148342791,3.0
210757,-3.911067836615605,-3.927182990276264,0.0
210811,-34.5697096771708,-35.063530857254506,12.0
210984,-25.915837904133518,-26.126550738754105,8.0
211200,-50.39624515096057,-50.13720736415687,15.0
211212,-56.46753959457525,-53.088474562428004,22.0
211296,-5.556330717116852,-5.726056769980544,1.0
211332,-24.308556071817076,-21.277145076001034,6.0
211430,-6.467624052284071,-6.5963830021821614,1.0
211452,-11.450811180130508,-11.375884397375838,3.0
211528,-5.1441859334401245,-5.219561932084489,1.0
211685,-7.275591577115001,-7.344941159029472,1.0
211781,-5.473448492525776,-5.863181835120881,1.0
211795,-1.2638418396762314,-1.2638418420666941,0.0
212181,-9.07337064859665,-8.822855013202988,2.0
212190,-1.7850568292146498,-1.8366964613644268,0.0
212321,-12.27361125136078,-12.36828971870544,3.0
212605,-2.9999202620151957,-3.130839753073187,0.0
212749,-14.882666127539895,-14.949054213525102,4.0
212791,-32.04432536961332,-30.16370308130752,9.0
212807,-9.447252746174435,-9.37232002986955,2.0
212832,-9.092022167236697,-9.18971644939307,2.0
212888,-2.088772687414786,-2.165535185807177,0.0
212958,-19.500897020787434,-19.753883854874182,5.0
212990,-36.62237553815033,-35.45741389454655,11.0
213022,-35.49317668509876,-36.07646746445883,10.0
213060,-8.557049233793359,-8.787991635047518,2.0
213074,-5.015362648026563,-5.085594032097003,1.0
213110,-23.92764725383196,-21.94150416006986,6.0
213148,-21.00857920845239,-21.2024555825068,5.0
213153,-12.774916525751932,-12.798375707947194,3.0
213164,-52.77893087754832,-53.52557255141895,18.0
213325,-21.819664264386144,-20.783035869408582,6.0
213385,-9.151846574370046,-9.03925151954873,2.0
213399,-22.446211218677572,-22.019051717875353,6.0
213429,-8.904081325758508,-8.989080414370092,2.0
213511,-20.244950992873576,-20.402784812218126,5.0
213538,-3.6249180396061704,-3.6381061681388838,0.0
213582,-36.13992763085786,-34.80779681729638,9.0
213693,-8.617070056926169,-9.157679365946034,2.0
213748,-12.426760949773234,-12.678796567028668,3.0
213798,-24.587298835542654,-24.705662369688707,9.0
213805,-2.3924885456149223,-3.2005566944868296,0.0
213878,-4.822215411216014,-4.846913078294154,0.0
213896,-22.2519750793976,-22.71638435818638,5.0
214011,-9.037393794510148,-9.427713251235211,2.0
214379,-8.498046508966373,-8.476246486092814,2.0
214479,-2.6962044038150594,-2.7517651968217116,0.0
214552,-37.892641009261425,-38.15771368577588,16.0
214853,-1.373210926940809,-1.41960889931782,0.0
214915,-20.643844191235544,-20.35018493652281,6.0
214919,-9.511950252255719,-9.581699765553894,2.0
214951,-2.4490584612315653,-2.4524649752077576,0.0
214989,-0.5757442992725161,-0.696931679014527,0.0
214996,-8.466345932278909,-8.579269633000353,2.0
215010,-9.01270918463387,-9.225239628478596,2.0
215023,-61.45370486913098,-60.518092378892234,22.0
215151,-39.213856824355126,-35.66749545165734,15.0
215276,-14.577200674542073,-14.619488141226578,4.0
215402,-12.610049017838888,-13.02404411659233,3.0
215490,-22.408284323539092,-21.52712130091352,6.0
215596,-12.054664070353008,-11.337308532605906,3.0
215890,-13.09873683330768,-13.255460070065114,3.0
215901,-14.696842679903817,-14.787449650466032,4.0
215920,-5.61152883865246,-5.706610412980333,1.0
215930,-8.484024794801835,-8.328801200467554,2.0
215975,-40.12736808616646,-39.70847925818385,12.0
215996,-23.534564940084095,-23.915799702121912,7.0
216073,-34.45241430099529,-34.90974242759996,8.0
216082,-0.9108071893079416,-1.0308823010419135,0.0
216122,-19.628158093971187,-19.888285908374517,5.0
216180,-8.952927351353752,-9.072761789393429,2.0
216187,-5.104811669348124,-5.111996743388338,1.0
216204,-13.27854602181393,-13.276996873332621,3.0
216275,-26.146608284146104,-25.762321456721956,9.0
216349,-26.201072278266857,-26.470793918627606,8.0
216424,-55.39534908205852,-54.90252614947059,26.0
216476,-1.4813409710145136,-1.55722800532647,0.0
216570,-31.200122788928507,-31.338108906254295,11.0
216611,-1.4813409710145136,-1.5620709150667547,0.0
216976,-15.89283078774349,-16.31351294283498,4.0
217109,-17.525149728292906,-16.704824457415352,4.0
217364,-8.661488330421234,-8.744250328425265,2.0
217407,-24.855533695592896,-21.66280719981937,7.0
217408,-9.219651836960288,-8.792052681881247,2.0
217471,-53.956754763457916,-53.91631237473325,19.0
217504,-13.204110798651305,-12.22582956335032,3.0
217540,-20.067989035926082,-19.57208363163082,5.0
217548,-23.720185855793773,-23.696309162809154,7.0
217569,-36.935030303849096,-35.339653632192274,9.0
217647,-17.803127558543583,-17.437193727937753,5.0
217800,-14.570715878119202,-13.976637101092514,4.0
218136,-155.3240449764104,-150.24472091371692,92.0
218148,-9.755041713712236,-10.205405175195288,2.0
218175,-8.770521567817786,-8.773928042810773,0.0
218193,-38.82585499362212,-38.0025272976698,15.0
218202,-24.47145930475609,-24.680203155684804,8.0
218409,-2.088772687414786,-2.227483488501304,0.0
218415,-5.220393665984111,-5.251995346514525,1.0
218463,-17.713317130199016,-17.226966921663493,5.0
218472,-11.630255648934321,-11.667579933075753,3.0
218559,-19.04503292945975,-18.56664936716184,6.0
218727,-2.9999202620151957,-3.0841793436020546,0.0
218777,-15.544997514089902,-11.9480243377216,3.0
218797,-2.0444604279695326,-2.1042442469647242,0.0
218816,-1.7850568292146498,-2.1341066858161675,0.0
218880,-12.795372965217071,-13.143849492215239,2.0
218910,-34.129079949645174,-34.39647018629448,12.0
218945,-29.41083260730505,-28.976936935680715,10.0
218962,-18.00513632415805,-17.916172856279328,5.0
219132,-35.76100612318344,-35.98290042649991,14.0
219185,-3.343245450347477,-3.352932617726984,0.0
219187,-7.240226373957592,-7.723193593525716,1.0
219195,-5.088859988630924,-5.200784772077261,1.0
219198,-25.061923935637495,-25.023408189519895,8.0
219234,-18.658975647514715,-16.374064522136987,4.0
219257,-32.07976519890901,-31.578174875454643,12.0
219410,-11.508735135135991,-11.68325332988291,3.0
219449,-5.0213458632673325,-5.10006075058203,1.0
219458,-9.192522048838173,-9.370139667364692,2.0
219643,-8.357916201369358,-7.738695251568062,2.0
219667,-1.177625112814377,-1.190557907459378,0.0
219806,-8.815067599652046,-8.929065515845515,2.0
219824,-17.79948477030113,-17.759465868427764,5.0
219835,-23.930915694611667,-23.967928756575528,8.0
219884,-8.60126772913165,-8.303934997006682,2.0
219906,-49.29293760776098,-49.91812781144502,19.0
219999,-17.85256764969507,-16.775510726985047,5.0
220002,-3.911067836615605,-3.984642359930001,0.0
220264,-5.040734935876955,-5.117996204956782,1.0
220270,-6.636624814650745,-6.725640663082217,1.0
220609,-5.057039197909869,-4.9064477963124284,1.0
220653,-13.37363846138506,-13.761155605776842,3.0
220669,-13.476956020087226,-13.567722294853333,3.0
220725,-17.475216660125085,-17.581087281105187,4.0
220848,-11.528959876949155,-11.362012186983511,3.0
221182,-66.47167407996871,-65.17788340058317,38.0
221268,-20.47844489743836,-20.025515829530303,6.0
221524,-76.93719651023623,-77.54015016708006,34.0
221583,-4.2147836948157416,-4.382440075938096,0.0
221840,-4.2147836948157416,-4.221598390348428,0.0
221897,-7.185047206385411,-7.273969811522684,1.0
222201,-53.76269573173586,-53.37209803284112,18.0
222465,-19.559257423197227,-19.81615744652829,6.0
222493,-32.27729770452101,-29.17857410163931,8.0
222607,-197.88031944628335,-192.72245912004558,48.0
222720,-21.746546401504627,-20.702430387818623,6.0
222726,-42.169289795794576,-40.982530754474055,16.0
222750,-1.682849448291262,-1.727034872161266,0.0
222788,-0.8739092546142408,-1.0525673548024808,0.0
222789,-2.4041388088666906,-2.7439854753256014,0.0
222838,-1.177625112814377,-1.2721669708112189,0.0
222946,-25.330401171272978,-25.721116392972164,7.0
223037,-4.982467603551886,-5.252275913760922,1.0
223089,-40.52231389174435,-39.56472032116862,13.0
223266,-9.545788297713765,-8.198862181190147,2.0
223316,-20.97857046299453,-20.658286321360503,5.0
223370,-26.8881722367227,-26.67705635305895,9.0
223424,-15.209706714929172,-15.19876981517638,4.0
223467,-8.502803316357033,-8.587886182717892,2.0
223560,-38.7779395531266,-38.90897913855955,16.0
223867,-1.4813409710145136,-1.5674583879582422,0.0
223868,-12.69881189159764,-12.576882215342124,3.0
223958,-26.51148550642456,-24.88265006203878,6.0
224304,-5.096579834821059,-5.20938614936743,1.0
224369,-9.578228094390477,-9.570899671949608,2.0
224373,-4.944753237521699,-3.984493196360835,1.0
224430,-1.177625112814377,-1.2356920117880201,0.0
224470,-32.705644929424615,-28.191882575133295,6.0
224482,-61.487785496872945,-59.809378489728005,17.0
224486,-5.494954723367527,-5.483549274695415,1.0
224592,-6.539032887396298,-6.58253932313846,1.0
224609,-6.996065684873626,-7.078149950406316,1.0
224668,-1.8002119135247407,-1.8324276406749347,0.0
224742,-50.20423622436997,-44.33920960499295,13.0
224880,-12.437030855143988,-12.413472863871934,3.0
225038,-24.85687087359338,-25.04718050337739,8.0
225081,-1.177625112814377,-1.3098462556076378,0.0
225268,-20.924148736758198,-22.133956969846142,6.0
225283,-38.63860522029091,-37.909932269262434,17.0
225290,-26.691875964190242,-26.54413357137939,9.0
225298,-13.961996775636063,-14.202797547392084,2.0
225456,-9.63951701200413,-9.823771829190969,2.0
225567,-17.76680709953128,-18.04707200847858,4.0
225585,-1.4813409710145136,-1.6117984671969374,0.0
225616,-15.558953758010151,-15.94388928007429,4.0
225626,-8.672967097701884,-8.75718106948394,2.0
225633,-35.32760477734601,-34.33181939734936,12.0
225668,-32.99849852978146,-32.69836822034512,11.0
225842,-25.799810520338106,-25.859950043276225,6.0
225847,-14.374947108003216,-14.781083803217046,4.0
225905,-45.001305064607884,-44.13096293853341,18.0
226057,-0.8739092546142408,-1.1994280908514394,0.0
226080,-40.90432995736659,-39.86827757542616,17.0
226090,-24.646112478979926,-24.436368206756093,5.0
226129,-17.943435463990653,-18.157775793005094,5.0
226155,-47.60011206805342,-47.22443360282446,20.0
226168,-12.264937356208053,-12.406661760447815,3.0
226343,-7.175951375925937,-7.278105287246759,1.0
226374,-23.302051137794493,-23.280142631204665,8.0
226395,-5.016211711870066,-5.238036560563392,1.0
226413,-14.716135601954738,-14.26384822987648,4.0
226448,-20.312472447611615,-19.96943017507698,6.0
226674,-35.74908931520226,-34.44440127350215,12.0
226858,-5.544900988561836,-5.587460988102641,1.0
226962,-19.032718306490086,-19.289733688923505,5.0
227186,-32.91548954805027,-32.549278568065034,10.0
227258,-1.7129900022382611,-1.7481549912965524,0.0
227321,-18.93359521411385,-19.195391876390303,5.0
227358,-36.87248448404372,-34.60099160818643,10.0
227599,-1.4813409710145136,-1.5270666209558514,0.0
227605,-5.014592075292253,-5.074877204745536,1.0
227829,-34.79275961654441,-35.236809323482454,12.0
227938,-27.5018159708285,-27.46776468778388,10.0
227940,-5.058812378900626,-5.372684042985911,1.0
228002,-17.149152757754482,-17.402601475561696,5.0
228241,-89.72966760002853,-88.22452637734315,34.0
228312,-32.96646521099142,-30.461819899513888,11.0
228352,-12.80080686537075,-12.952913507141075,3.0
228380,-3.303636120215332,-3.3036627592905687,0.0
228410,-19.514456319819626,-19.57935005181902,5.0
228590,-23.535534449365084,-18.33756742493962,5.0
228695,-4.93068181403096,-5.156836768648222,1.0
228927,-25.60123921223514,-26.00145826803917,8.0
228995,-6.0698123858650455,-6.162353383426498,1.0
229245,-5.102455179727965,-4.767331472013789,1.0
229257,-17.802386622089255,-16.993457744320303,4.0
229339,-11.006839319589341,-8.707196668256309,2.0
229357,-9.043731577203971,-9.242787138821257,2.0
229408,-21.92148956363965,-20.65314006445072,6.0
229550,-3.303636120215332,-3.896049953907086,0.0
229610,-33.7586029439689,-33.26075008810984,12.0
229647,-8.46680570961765,-8.836426623126751,0.0
229668,-0.6119787223246699,-0.6361376953931407,0.0
229832,-66.07737864877141,-65.32741279792481,37.0
230053,-20.122782981195357,-20.36688165467065,6.0
230383,-12.212452359124187,-12.108526319276217,3.0
230515,-22.719960965598535,-22.242285662645763,7.0
230576,-3.7095224179834285,-3.7400757842899885,0.0
230768,-52.43577793266181,-52.41320917114778,15.0
230776,-9.433184243041703,-9.875418658991158,2.0
230824,-5.12593126941615,-5.230181311478852,0.0
230885,-11.753305504863896,-11.591242503273632,3.0
231153,-3.911067836615605,-3.9315066865941315,0.0
231154,-24.470488117353234,-24.221071084337716,6.0
231239,-20.583517566620838,-19.684136852901613,6.0
231252,-5.504243262528786,-5.548204547032819,1.0
231260,-35.81444832077813,-35.66265755707474,15.0
231412,-4.929054647377197,-4.8513037190694925,1.0
231463,-5.622733163260569,-5.676240975424932,1.0
231466,-58.62240310643702,-58.989242784345116,25.0
231645,-4.937839777792419,-4.99477637044395,1.0
231696,-1.177625112814377,-1.3422174397738083,0.0
231702,-17.023563300229533,-17.35253692391294,4.0
231929,-14.783929338373639,-14.867289746486723,4.0
232104,-8.70506453802285,-8.72158300338086,2.0
232137,-18.70104525793474,-19.069461765867366,4.0
232187,-21.501985066236458,-21.71367735415987,7.0
232526,-10.637242133923307,-10.89233667736123,2.0
232667,-13.419783719031374,-13.534824386840004,3.0
232713,-14.487504071927173,-13.976781360728395,4.0
232762,-2.088772687414786,-2.142489582659952,0.0
232831,-2.3924885456149223,-2.4615985698977823,0.0
233064,-6.340794702216695,-6.522632618630419,0.0
233146,-27.71289514400101,-26.684710278218382,6.0
233250,-6.739139699967145,-6.936607404781611,1.0
233376,-1.4813409710145136,-2.2995290989663,0.0
233405,-17.774807435697866,-17.509540426443348,5.0
233507,-64.82286101175866,-62.066597960451006,14.0
233517,-5.313604618000335,-5.375447433569786,1.0
233607,-14.403882935407257,-14.434773439778212,4.0
233649,-23.884905344387057,-24.496688857172543,5.0
233675,-4.518499553015877,-4.525312503007927,0.0
233766,-1.177625112814377,-1.2215385194326338,0.0
233881,-17.222655888426715,-15.362529132174583,4.0
233888,-3.2340305779820566,-3.264004668663183,1.0
234022,-21.666148471898985,-17.54028107178011,4.0
234024,-26.513825995809622,-26.488224204973523,8.0
234120,-39.26346380591363,-39.38864375095192,14.0
234126,-29.84770884838333,-29.620347466749557,9.0
234133,-2.9999202620151957,-3.201196771048583,0.0
234139,-17.738892558959325,-18.088450030547666,5.0
234358,-13.802525233245795,-14.015846316597083,2.0
234377,-39.39852212312379,-39.84253597509929,16.0
234456,-20.997736829312043,-20.696040102186075,6.0
234472,-16.701069785015513,-16.918212155251574,5.0
234473,-54.50586862307594,-49.77468092207822,12.0
234611,-1.4813409710145136,-1.548736565334,0.0
234643,-14.730241415565544,-13.262576688383055,3.0
234693,-1.4813409710145136,-1.5404825197689798,0.0
235100,-2.6962044038150594,-2.7888064747380077,0.0
235324,-81.54944960398701,-80.17529129666946,42.0
235393,-25.30849017632996,-25.903832991378017,8.0
235405,-19.306934167776053,-19.931237135325258,4.0
235426,-12.556808002698105,-12.012784554858435,3.0
235657,-11.610561189957224,-11.595079997610034,3.0
235720,-13.233937177555317,-13.361243800707804,3.0
235978,-18.10064445736269,-18.328626225179566,5.0
236014,-2.3924885456149223,-2.491918697601106,0.0
236100,-10.55178616542922,-11.102261720703762,2.0
236249,-26.037828109733073,-26.462849684600307,9.0
236373,-2.6962044038150594,-2.7132367722715727,0.0
236439,-2.6962044038150594,-2.7473012908714147,0.0
236499,-11.203416289806498,-11.319810197274753,1.0
236535,-9.108267609224285,-9.004126339814157,2.0
236584,-16.651033207815743,-11.490881769027798,3.0
236658,-24.32288151550245,-22.451322860396466,6.0
236716,-30.021816496671338,-29.900343584297396,11.0
236858,-8.751001114188128,-8.642700779407019,2.0
236934,-14.664109244585674,-14.583420549524066,4.0
237053,-6.037078844016559,-6.124775044490636,0.0
237181,-6.460481583530785,-6.565759232340736,1.0
237185,-29.749058017748457,-30.08289495650205,8.0
237302,-55.048398122265084,-55.226515133278106,27.0
237350,-24.065575982723487,-24.100036547060533,8.0
237352,-4.126568629339395,-4.20439118119049,1.0
237454,-40.34289798056792,-40.83712044891584,12.0
237581,-4.998676881940835,-4.939274396159162,1.0
237624,-0.9382811689615902,-1.031964121106941,0.0
237731,-15.49843998756396,-15.674580304327309,4.0
237741,-39.252132304020506,-38.95788876415063,17.0
237794,-5.028912407218785,-5.080374039844645,1.0
238289,-14.65521868666296,-14.841764213886222,4.0
238657,-41.86258044275696,-42.12760877689494,14.0
238694,-23.97170913914477,-23.09268750329694,6.0
238733,-26.350203892863302,-26.318274734061525,9.0
238811,-12.278200256200144,-11.736613253498742,3.0
238812,-8.46314491608958,-8.561126380492059,2.0
239175,-1.4813409710145136,-1.571242507451879,0.0
239182,-1.19970354560459,-1.263959112699457,0.0
239421,-23.11369696901648,-23.239166914924734,4.0
239423,-32.26528487102059,-32.4876645410016,7.0
239504,-33.644114825497915,-28.874783623605545,6.0
239529,-15.127680621338177,-14.522180747960224,4.0
239574,-45.09919671673394,-44.27046552514525,18.0
239581,-27.168467730369848,-27.212685662676144,8.0
239685,-3.911067836615605,-3.9282570206408933,0.0
239862,-16.340385563682254,-16.42823375255937,4.0
240074,-4.518499553015877,-4.528792779803079,0.0
240113,-12.739435187140375,-12.897355002354235,3.0
240261,-0.5701933964141045,-0.6276240201369828,0.0
240372,-17.616729956021608,-17.606749098753756,5.0
240407,-5.514182849777911,-5.624415647059337,1.0
240421,-15.163329670434834,-15.24943384012543,4.0
240578,-8.851820966155499,-8.793839466861336,2.0
240699,-58.00882694427431,-52.54944162342067,15.0
240706,-7.727761872425162,-7.777549680840481,1.0
240707,-8.679648013213306,-8.381874211234734,2.0
240717,-21.896783318398953,-18.172536278367563,4.0
240781,-4.255815132581022,-4.37586951781897,0.0
240858,-12.222629504764296,-12.264615466390708,1.0
240915,-1.4813409710145136,-1.5306469853939313,0.0
240930,-21.83149359650517,-21.521254873287642,6.0
241002,-5.281347811616295,-6.115302580974717,1.0
241115,-21.516200630941878,-20.47050761753649,6.0
241506,-21.461914090603916,-18.249508354808498,5.0
241535,-25.452281129917658,-24.74635491934921,8.0
241655,-5.052845898334015,-5.1580887869695164,1.0
241695,-8.50337193265157,-8.326390896986593,2.0
241985,-1.7850568292146498,-1.80526589988222,0.0
241986,-0.266477538213968,-0.26647755475642476,0.0
242024,-29.723878131226655,-29.798249953231696,10.0
242029,-9.763139172624998,-9.517713337522748,2.0
242078,-10.182240450107727,-10.443170484317243,2.0
242110,-19.20635684422296,-19.467711573720514,5.0
242254,-2.6962044038150594,-2.7217529365287363,0.0
242258,-12.212014588980358,-12.555221403164184,3.0
242401,-14.05101279132439,-14.287118808613487,3.0
242470,-79.27611660051105,-77.93547029182699,38.0
242681,-9.923906487868575,-9.98477989581499,1.0
242733,-12.10246704150337,-11.198930531354575,3.0
242841,-5.733362985816423,-5.833107361026859,0.0
243026,-1.177625112814377,-1.2034055336549132,0.0
243174,-89.71679612310413,-89.46390552165055,38.0
243227,-23.773678090624458,-23.72794108995451,8.0
243235,-101.42325347639853,-89.81385208790896,25.0
243289,-31.33747465279983,-31.45725835429871,12.0
243392,-15.696112159132184,-15.73875711096231,2.0
243517,-1.177625112814377,-1.2753166413054977,0.0
243658,-77.50880251749314,-72.62513548114764,28.0
243783,-34.91721911181419,-34.75859960999075,11.0
243911,-9.335363119511117,-9.445419129910197,2.0
243952,-5.100556176912241,-5.277558931231269,1.0
244325,-3.427794186612649,-3.427794186612774,0.0
244335,-5.002521919509315,-5.14356658436102,1.0
244430,-42.90380835744586,-42.85106249247689,12.0
244807,-24.216802042362282,-23.256103670569818,8.0
244980,-1.7850568292146498,-1.9467088616064339,0.0
245063,-20.58095490260738,-18.868993197827244,6.0
245155,-23.952393687617313,-23.233319294346472,7.0
245156,-37.505625638116605,-35.166938974682054,11.0
245266,-1.4813409710145136,-1.5179929991823615,0.0
245384,-16.859166896827308,-17.154301008300475,5.0
245705,-5.195595468331828,-5.2487242522740125,1.0
245755,-47.66558594102847,-47.35459580838266,23.0
245788,-1.4813409710145136,-1.5157265863676124,0.0
245805,-2.088772687414786,-2.099148916971535,0.0
245926,-81.09831069914111,-75.1177041551851,25.0
246188,-25.10731336408038,-25.386187010391115,4.0
246282,-1.549904355232325,-1.6607495501486347,0.0
246442,-17.239636460095937,-17.348844377374444,5.0
246547,-15.404135382251795,-15.488042240930202,4.0
246679,-9.711253134505077,-9.697523108126635,3.0
246691,-4.822215411216014,-4.896653948482397,0.0
246865,-42.76307612523543,-42.231163901219944,15.0
247105,-88.46028360324146,-86.40300347296122,42.0
247228,-0.9034829822254479,-0.9170602897660611,0.0
247453,-5.116713834995077,-5.308936206692065,1.0
247521,-9.425877969951928,-9.51468003933969,2.0
247530,-25.201585531069334,-24.955264140863264,8.0
247648,-8.54666616248981,-8.351324145352432,2.0
247662,-8.595708193749058,-8.501901243886598,2.0
247899,-14.46158252476112,-14.527101857505357,4.0
247935,-18.429753108791026,-18.001534502015872,5.0
248104,-27.098804783943994,-27.3285095634272,2.0
248109,-8.629344435928086,-8.796248983644832,2.0
248294,-3.607351978415468,-3.673669553612758,0.0
248331,-1.177625112814377,-1.2233435372682289,0.0
248499,-5.946021613299749,-5.987959139920333,1.0
248538,-5.733362985816423,-5.733362986021168,0.0
248569,-5.148577435650637,-4.824180304008481,1.0
248624,-13.852675903849054,-13.535543215530035,3.0
248649,-15.001619327112405,-14.851336987242393,4.0
248652,-35.18586558202116,-35.531875550175215,13.0
248773,-19.108321187678364,-17.329047478379,5.0
249284,-8.97644304455565,-9.042289917531285,2.0
249300,-13.45084579111757,-13.393052012971035,3.0
249311,-119.43409177953367,-117.93950116627944,54.0
249316,-8.468188651583597,-8.871996497227473,2.0
249391,-65.53450927783274,-64.95202492147008,37.0
249493,-2.6962044038150594,-2.8190788063335113,0.0
249494,-8.610711855863332,-8.207236416999045,2.0
249507,-25.32039228922457,-25.50942987021354,7.0
249658,-37.24599626425194,-37.73733105512124,10.0
249672,-0.8739092546142408,-0.9933455451299055,0.0
249729,-21.034801570374793,-20.29376626332816,6.0
249859,-25.724165958552852,-24.44505208459832,8.0
250005,-19.165729869277786,-18.586239712290833,5.0
250146,-42.241568661227916,-42.36899673232695,17.0
250382,-2.6962044038150594,-2.758575786992048,0.0
250399,-14.22561301020233,-14.32044296137615,3.0
250413,-9.347064124599376,-9.434818845743282,1.0
250432,-25.03595331730186,-24.852082246503826,8.0
250473,-31.54295807531584,-30.69021951345877,11.0
250507,-12.716422026327427,-12.727817989128365,3.0
250892,-5.822713455963844,-5.916516318176913,1.0
250898,-64.46521281371848,-63.22558224126933,32.0
250911,-20.16405415172518,-20.485849371104507,5.0
250995,-8.525497286177416,-8.643460231198414,2.0
251156,-8.828366890366354,-8.695118951970459,2.0
251191,-5.222210932885856,-5.103759879841937,1.0
251305,-8.78049020996378,-8.938241015366698,2.0
251638,-48.63992066454309,-41.32095979375237,12.0
251640,-59.52033615493791,-58.87847291407688,20.0
251725,-4.977956362187367,-5.023171530597568,1.0
251824,-14.158237124997644,-14.39593983478464,4.0
251841,-8.63608222329047,-8.741334274381822,2.0
251936,-31.994049045740805,-31.935187622976734,12.0
251940,-8.570095200952874,-8.653731314317467,2.0
251946,-1.177625112814377,-1.3058801029484268,0.0
251950,-63.081252567556774,-50.48791272546627,13.0
252217,-15.52427189871945,-14.270543487161179,4.0
252309,-1.177625112814377,-1.2895398750759663,0.0
252526,-4.985493835142808,-5.1256357007094495,1.0
252615,-18.175721185219313,-17.55466931214488,5.0
252625,-3.607351978415468,-3.7612734889305046,0.0
252728,-1.177625112814377,-1.1905954241173298,0.0
252741,-27.0216634236389,-23.467218956309512,6.0
252743,-14.233818366622804,-13.889514740301781,4.0
252767,-9.062940118087539,-8.823255502538437,2.0
252849,-60.054782052195485,-55.065369610528315,20.0
253013,-87.39373703566814,-88.16967325108587,50.0
253041,-8.564107775130134,-8.741398857997206,2.0
253069,-5.281502345536466,-5.401364893729803,0.0
253227,-31.91973628247305,-32.29862065663859,9.0
253292,-189.19697111705926,-157.10390438737608,54.0
253353,-29.870577897883155,-29.130535444432216,11.0
253363,-24.385929730918104,-24.10271227085523,7.0
253559,-17.260533138297664,-17.431300560732577,4.0
253582,-5.103180320557456,-5.251049611060836,1.0
253675,-1.177625112814377,-1.4717231719771886,0.0
253741,-4.8726500369893255,-5.0599792650852295,1.0
253767,-95.36800105280675,-95.64831255052152,44.0
253854,-1.6755115784316472,-1.849833716788223,0.0
253988,-7.45457332712603,-7.6361474219721215,1.0
254124,-22.562385284966425,-22.81648534104011,7.0
254177,-10.036447883682914,-9.996575326387434,2.0
254198,-16.076180239687865,-15.7205840317381,4.0
254241,-9.13192621324738,-9.338487656144721,2.0
254275,-20.25954047954945,-19.8934539432852,5.0
254314,-17.396235208676966,-17.495762637174582,5.0
254327,-1.7856656483422033,-1.865343927717616,0.0
254398,-1.177625112814377,-1.3464672630635006,0.0
254427,-24.70740593903168,-24.57472778427781,9.0
254475,-138.17236017495736,-113.41937527406704,47.0
254538,-40.26138542262786,-39.93317978792923,17.0
254592,-12.125270992968382,-12.16288426978897,3.0
254700,-30.17416792659087,-29.936688130672536,10.0
254761,-192.15128817124977,-183.44442855388638,68.0
254930,-23.58809586148985,-23.46887347534678,7.0
255081,-10.238454380551786,-10.30521913755565,2.0
255261,-21.436425865573398,-21.729933029461613,4.0
255445,-4.518499553015877,-4.93419877699605,0.0
255536,-24.544211189872478,-24.271547375482143,7.0
255596,-11.068344347315497,-11.17994063122438,2.0
255622,-5.869917649781257,-5.920496603508242,1.0
255861,-34.015819068796205,-34.08120980304915,13.0
255869,-5.177043846617589,-5.359190226113135,1.0
255905,-41.40459984810814,-41.209350735517624,17.0
256035,-12.651436079810825,-12.840740999180586,3.0
256053,-2.5456903814941145,-2.610257167406888,0.0
256113,-51.58176817786405,-51.79182311539905,23.0
256201,-2.9999202620151957,-3.2515466325886964,0.0
256227,-9.687979313550969,-9.876600854254809,2.0
256234,-5.274189847854837,-5.0997616300619875,1.0
256377,-34.61783254970089,-33.84950426003562,12.0
256409,-31.06360346909167,-31.570027431118397,7.0
256410,-8.779853994182814,-9.677854672634439,2.0
256452,-12.485532816121607,-11.731617835983869,3.0
256490,-8.683082246234967,-8.790198631638056,2.0
256502,-14.836335563914815,-14.650773604420873,4.0
256510,-35.17880551364039,-33.745550372132435,11.0
256551,-12.375503810675076,-12.504876899837264,3.0
256673,-47.97472633564913,-45.840706207230305,16.0
256976,-8.73758238825762,-6.771015013817129,2.0
257013,-29.56103669881812,-29.637998408706355,7.0
257014,-5.305490028450277,-5.353471096409589,1.0
257029,-15.724806320144639,-15.889072584038765,3.0
257077,-19.934766750145023,-20.18808142345472,5.0
257320,-5.059830501190934,-5.878910863378128,1.0
257333,-9.574865247429571,-9.43672888096289,2.0
257449,-16.295345315486315,-16.487773107495677,4.0
257568,-70.26186870599906,-63.6416944919716,19.0
257574,-1.4813409710145136,-1.4813410489825387,0.0
257713,-6.249444116965957,-6.86213454969853,1.0
257764,-3.911067836615605,-4.023008732866716,0.0
257850,-1.7850568292146498,-1.8302086156257766,0.0
257909,-5.316749891650903,-5.498288130164799,0.0
257939,-23.709174775634285,-23.083167539659502,7.0
257976,-28.591027944899608,-27.88463308601178,9.0
258138,-2.3924885456149223,-2.9181438893405005,0.0
258170,-11.711147962928825,-11.960060305444017,3.0
258302,-17.327730345154627,-17.34609223420249,4.0
258388,-8.649197307618694,-8.623919264873074,2.0
258427,-9.115533824706924,-9.213391062211544,2.0
258452,-28.29968811787854,-28.89723979208301,9.0
258456,-46.15924447399697,-44.58166259688135,12.0
258464,-17.068241571407608,-17.38827755344113,1.0
258865,-17.67025000493674,-17.814178302043732,4.0
258884,-5.359416569465543,-5.517427889729175,1.0
258905,-33.1997919167897,-31.347465510625124,8.0
258908,-92.26998486750011,-89.63841036771231,29.0
258979,-12.316371721929976,-12.434763854501384,0.0
259068,-16.934041266818138,-17.120499880711108,2.0
259171,-80.49247969214372,-81.64189166056161,23.0
259195,-83.8232306802696,-79.48282430627619,27.0
259308,-8.602571479010583,-8.683563322156038,2.0
259363,-45.086433493016486,-45.274087519672236,15.0
259583,-14.043297924012412,-14.1587579522119,3.0
259700,-11.576780466770394,-11.576780466770394,1.0
259819,-41.342805850192995,-40.68105472354218,16.0
260242,-41.71681482466103,-41.07349423323179,17.0
260567,-64.93474007470184,-55.46418169294677,21.0
260675,-13.737434250598916,-13.996279922938408,3.0
260747,-12.071914038096633,-12.122113122856815,3.0
260780,-28.691586324898687,-28.782928605853364,9.0
260942,-18.36055174385624,-18.61316424956893,5.0
261149,-19.697046038718263,-19.65348194748883,6.0
261183,-1.4813409710145136,-1.5933874696903183,0.0
261260,-107.29659776272668,-100.59919954140128,49.0
261514,-16.10328183758823,-16.360492760021145,4.0
261519,-2.088772687414786,-2.3082396812865045,0.0
261548,-40.0365861895105,-40.08813832395738,14.0
261725,-10.299235498752996,-10.379834768215861,1.0
261776,-51.91383147289802,-51.83567321808752,22.0
261867,-29.21814148117846,-29.35955538542613,9.0
262005,-16.775376401095464,-16.709229706552698,3.0
262350,-2.088772687414786,-2.142593604832091,0.0
262432,-5.051347509300618,-5.234493696005996,1.0
262504,-16.369275386860537,-16.646257586586405,4.0
262525,-44.19471827386674,-44.18326883970222,20.0
262530,-22.36368331064153,-22.5155286522086,5.0
262544,-19.292784033151555,-19.19329384047463,6.0
262638,-14.984603925132822,-14.64916888934766,4.0
262757,-42.85413962465296,-38.324353969429865,15.0
262838,-98.53895499297332,-89.42498611686783,25.0
262849,-17.40721825956805,-17.55718462640247,5.0
263008,-20.652958909356894,-20.773420547492535,6.0
263111,-93.0259458053481,-53.518364074650975,15.0
263288,-6.936096789622527,-7.048719011942946,1.0
263308,-27.088640805238803,-27.171935659081633,9.0
263314,-46.98884067294485,-46.138768088001186,20.0
263327,-24.588493933653826,-24.27146858044092,8.0
263386,-75.19292062640116,-73.25546382660903,38.0
263462,-0.5701933964141045,-0.6914641283936026,0.0
263469,-5.456910310348279,-5.5420010185498265,1.0
263600,-2.4373435652480158,-2.489459075768804,0.0
263719,-35.17066919930999,-35.145385408608824,12.0
263721,-32.217087838873816,-31.556865836850942,10.0
263983,-18.535183102492535,-18.67569380082436,5.0
264034,-18.048088582653175,-17.980946076213154,5.0
264069,-27.482556943707337,-27.419178912920785,10.0
264362,-8.499069330096251,-8.224217047288253,2.0
264388,-6.042873857547174,-6.20690073038256,1.0
264540,-16.246294843532983,-15.756553292447602,4.0
264719,-33.69944211991626,-35.46500932518165,11.0
264846,-4.967419322252067,-5.0311935855658945,1.0
264866,-1.177625112814377,-1.4875613285488758,0.0
265011,-37.40945919493679,-37.51499751913713,14.0
265015,-5.915628539053188,-6.074588825277207,1.0
265033,-4.5540552687933475,-4.641672968227126,1.0
265084,-18.332104746861976,-18.39064753913924,5.0
265086,-20.203997101351764,-18.919088457615793,5.0
265155,-27.60076592907579,-27.320893036610062,9.0
265183,-0.8739092546142408,-0.9482132921963984,0.0
265264,-11.82538270025575,-12.013685955505704,2.0
265383,-29.847724165250582,-29.630069906075484,7.0
265494,-5.204167345744356,-5.319773325950392,1.0
265583,-23.03390991943501,-23.31605083287419,7.0
265622,-49.74400324216285,-49.172672731855386,17.0
265666,-13.063279489341403,-12.361604413971992,3.0
265669,-13.116799676143836,-13.298114068867653,3.0
265749,-5.807646198770226,-5.841479489817649,0.0
265794,-32.176825402064665,-32.006195456505864,11.0
265926,-14.153463222298875,-14.075845987049593,4.0
265980,-9.702804845822323,-9.471973939482035,2.0
266080,-2.9999202620151957,-3.0746413525816783,0.0
266217,-2.641218200968796,-2.641218200968796,0.0
266235,-52.641597941501054,-52.99897191837453,17.0
266251,-2.088772687414786,-2.1126180123768874,0.0
266294,-13.218569624173607,-12.220574444631032,3.0
266433,-8.702004593166706,-8.794932071590315,2.0
266548,-23.234122440935312,-23.592812925844846,5.0
266586,-16.471664181584323,-16.00554416249462,4.0
266685,-53.774870663881515,-53.89018452415731,24.0
266751,-18.80855978823334,-18.858800830701753,6.0
266755,-9.515766413104997,-7.706834906562745,2.0
266782,-22.60507866648615,-21.847998619359085,6.0
266817,-31.19739005672293,-31.519966569217665,11.0
266832,-8.89224735580955,-8.985148450815592,2.0
266907,-11.58199561788781,-11.48763623025997,3.0
266917,-28.526772141516776,-27.013936369377582,9.0
267028,-0.8739092546142408,-0.9948839240183102,0.0
267055,-1.4813409710145136,-1.5660263401832815,0.0
267290,-48.61521375312015,-48.87707254613554,19.0
267468,-4.924508577279718,-5.063991299430144,1.0
267526,-8.223247357781215,-8.294739249956699,1.0
267584,-12.116953592609956,-11.543274046847113,3.0
267642,-0.5701933964141045,-0.5891547096487798,0.0
267761,-2.3924885456149223,-2.4521812411696433,0.0
267793,-8.403877234158577,-8.580572679380245,2.0
267824,-9.535076080088045,-10.066530448429006,2.0
267923,-17.657005875549604,-17.513850022655983,4.0
267935,-8.972771325923176,-9.029511204176844,2.0
268066,-8.444641851009317,-8.52361351409224,2.0
268106,-15.914665261797209,-14.414184408972826,4.0
268114,-32.224295709204966,-32.574670612605,11.0
268123,-32.62512867925846,-32.87432575294793,11.0
268165,-10.758873920459935,-9.891299292303612,2.0
268173,-133.23368414213934,-125.41162146492712,50.0
268250,-14.188361395712683,-13.979053946021361,4.0
268374,-8.41956781231349,-8.572275050653635,1.0
268381,-81.14816020368325,-76.13538418484522,31.0
268404,-7.962255048021634,-8.01730185500282,1.0
268431,-53.51467416575134,-51.29650142528435,22.0
268588,-11.738793504717068,-11.986552442177786,3.0
268624,-39.14965153213274,-39.263813426203974,10.0
268698,-11.768367717509824,-12.239206380230014,2.0
268768,-37.72648246673032,-37.554829693118,12.0
268799,-1.177625112814377,-1.1780521777987691,0.0
268820,-1.0179158679695741,-1.073352791024405,0.0
268826,-44.18470405409273,-44.89039451654001,17.0
268845,-42.38930823294785,-42.090627245942876,17.0
269317,-6.475075875812603,-6.65683021782869,1.0
269392,-8.547279600470233,-8.562299853115732,2.0
269428,-5.534448474927775,-5.575749941699224,1.0
269480,-44.34098217652415,-44.80708451397385,18.0
269497,-11.801588901586895,-11.734437766307913,3.0
269558,-2.3547337634217453,-2.4397474649056603,0.0
269637,-12.81916519754292,-12.222879371865845,3.0
269658,-42.65933031547555,-41.01189263202545,12.0
269682,-9.462372827605337,-9.67726404887636,2.0
269749,-51.54123662602368,-52.02418395141449,27.0
269870,-22.252616648521187,-21.777758711591314,6.0
269911,-15.212487137802029,-15.51147814988133,1.0
270024,-5.4296471276162865,-5.437489394971591,0.0
270080,-14.284414103999584,-14.08406390237844,4.0
270105,-8.888465425680595,-9.046546657361592,2.0
270179,-43.520987614413656,-38.04841480058163,12.0
270265,-2.3924885456149223,-2.4130838038127607,0.0
270431,-1.4813409710145136,-1.5400294319005163,0.0
270554,-5.272562681201074,-5.41110595242202,1.0
270559,-23.42666927737995,-21.817631925103147,5.0
270622,-8.62111774619001,-8.727925148558597,2.0
270633,-23.45863079842965,-22.748703275399837,6.0
270717,-42.77667391725761,-42.09041142660822,18.0
270744,-21.78071650622766,-21.944884455144003,6.0
270779,-28.815748658323713,-29.244465592868217,9.0
270793,-5.531443614356582,-5.576579343087674,0.0
270955,-8.90820748221511,-9.08449297395349,2.0
270991,-22.375768904608567,-22.83116875696365,6.0
271085,-4.994434104298297,-5.101892228630383,1.0
271090,-2.6962044038150594,-2.8198504245658143,0.0
271107,-43.109456332658034,-41.208174606969784,15.0
271231,-8.649252500422186,-8.88835437608242,2.0
271248,-26.63650056368073,-26.730291374055636,9.0
271351,-197.72365367177514,-196.47393595596793,93.0
271659,-33.25639293083129,-31.0157893192478,9.0
271743,-8.63742219505557,-8.720167704709155,2.0
271865,-5.085395132272535,-5.02181628407715,1.0
271868,-8.696179936291937,-8.758023293406959,2.0
271956,-1.177625112814377,-1.2395175257454025,0.0
272002,-8.688775089333092,-8.350463855121209,2.0
272015,-30.522616681474567,-29.985794023157194,10.0
272052,-0.5088267664709826,-0.5222472431512283,0.0
272070,-17.928396183816627,-18.125080317179496,5.0
272134,-2.6339222468188246,-2.7623426266185933,0.0
272341,-16.292756117765197,-16.408145880410043,4.0
272388,-14.70931027711972,-15.033219359942601,4.0
272393,-20.249028120668893,-20.04811177401339,5.0
272617,-9.31519101408342,-6.9955270473325895,2.0
272702,-2.459065116700847,-2.510122232487243,0.0
272774,-11.588106348352596,-11.36773859148483,2.0
273074,-39.041005338875124,-38.65270186117296,17.0
273206,-34.732709091714085,-34.008377912268344,14.0
273402,-15.455253923666518,-14.919721457839781,4.0
273424,-13.150561245618537,-13.363433847536271,3.0
273572,-1.177625112814377,-1.3451263769520976,0.0
273682,-19.72484236324519,-19.805306331829048,6.0
273684,-28.63744092278382,-27.549443856702272,8.0
273700,-5.095613776606004,-5.18985829008063,1.0
273716,-0.8739092546142408,-0.9071131934119123,0.0
274002,-9.783413147871393,-9.949043551426854,1.0
274161,-45.07726530610489,-42.82864159682571,16.0
274177,-7.87957870890896,-7.936413927814405,1.0
274459,-8.714038765051914,-8.691653885818557,2.0
274563,-12.443970646602798,-12.528250128519414,2.0
274897,-9.180573888707627,-9.436068074918802,2.0
274949,-11.582367007510351,-11.71975749001621,3.0
275043,-33.70907782277747,-33.04491533029137,10.0
275111,-8.720115612023816,-8.907154005072744,2.0
275230,-75.57331787087163,-68.68334341669677,26.0
275276,-25.143892436639522,-25.227010764149835,8.0
275428,-49.02027629994581,-48.45186444899384,18.0
275476,-12.21395677908961,-12.357867830435282,3.0
275592,-30.46320668838796,-26.434395316806615,7.0
275601,-27.19074042219669,-27.298763714816097,10.0
275660,-13.441105623043939,-13.600773250491233,3.0
275749,-5.325622527483909,-5.42047057966627,1.0
275798,-19.321335269213016,-19.3390414437544,5.0
275813,-16.8385651845592,-16.496608587277823,4.0
275825,-1.7937491934969505,-1.8194546254187027,0.0
275920,-61.817660001888946,-62.50582093775578,30.0
275935,-17.244224386726906,-15.873315424409839,3.0
275940,-21.021402694189778,-20.963138773401283,6.0
276004,-11.43100374062157,-10.840325095234373,2.0
276120,-2.9999202620151957,-3.057830300355181,0.0
276179,-11.639591909989782,-11.674909301558268,3.0
276235,-8.703420468497796,-8.888412314563904,2.0
276332,-9.446585618196167,-9.782418839102444,1.0
276355,-4.99986129923011,-4.845167997405782,1.0
276546,-9.34805064143004,-9.371784920013994,2.0
276569,-8.979787956634265,-9.070982271104977,2.0
276688,-12.456271668396221,-12.827437985025938,3.0
276724,-1.7850568292146498,-1.867494462866542,0.0
276806,-15.319213146927735,-15.158191605705772,4.0
276902,-2.088772687414786,-2.1144774454477946,0.0
276941,-13.635044739831548,-13.495065752225434,3.0
276948,-16.0203596104494,-15.509396122014875,4.0
276964,-30.280279527435752,-29.834827595227477,10.0
277004,-28.781236191078982,-28.147535760362548,9.0
277076,-1.177625112814377,-1.4152665662075778,0.0
277126,-7.055006631850288,-7.252670292548116,1.0
277172,-35.24863356889274,-35.907902401298365,13.0
277219,-80.80284447005651,-79.81861911638944,32.0
277251,-31.56387284639329,-31.547977226740045,11.0
277389,-30.07066883531802,-29.95943156049079,7.0
277396,-29.33455205141304,-29.56227709044619,9.0
277479,-1.2164730891727396,-1.2405896119350042,0.0
277564,-35.503236166860695,-34.76594064361331,12.0
277608,-10.744005339356244,-10.752697529321399,2.0
277641,-40.43815176468768,-39.843708101234995,16.0
277703,-5.265301737082648,-5.3187299626842455,1.0
277771,-8.709164522840831,-8.756006492638278,2.0
277811,-18.125212166376706,-18.062616911039623,5.0
277887,-54.3991798450831,-55.09551038378811,18.0
277907,-3.607351978415468,-3.741580886481274,0.0
277929,-5.277973242871076,-5.435894725900835,1.0
278051,-2.3924885456149223,-2.3961103758334077,0.0
278184,-16.64866891689706,-16.821077950015283,5.0
278199,-1.177625112814377,-1.7117586928703323,0.0
278200,-11.790174240162555,-11.984889951566718,2.0
278225,-18.480315508802132,-17.764495020650656,5.0
278374,-11.735017643493205,-11.76036902821504,3.0
278433,-18.749731406677384,-19.02591663660374,3.0
278494,-5.4589366191122854,-5.527789742202531,1.0
278585,-20.064782382983033,-19.40997867887105,5.0
278606,-5.279165440886102,-5.446554469397339,1.0
278643,-9.007245582091278,-8.970372450962113,2.0
278735,-10.406696053632437,-11.025813068284288,2.0
278943,-30.676395139598885,-31.148858212392803,10.0
278947,-0.9663345705989898,-1.0521047286250833,0.0
279019,-19.266896428399818,-19.485725452227207,6.0
279023,-17.46232375244892,-17.265856563060474,5.0
279197,-13.600401403926515,-12.399897793456459,3.0
279262,-1.4813409710145136,-1.6229783938004745,0.0
279461,-0.3556488316682364,-0.4636461250703401,0.0
279574,-25.174101960411367,-24.747330532400102,6.0
279634,-22.84382531755984,-22.61470376662053,6.0
279654,-1.7850568292146498,-1.9671234629102239,0.0
279973,-7.5379089290637165,-7.595407950411086,1.0
280019,-24.925237303872873,-24.39944015024477,7.0
280073,-1.7620187810356216,-1.7960801910004545,0.0
280313,-1.5302080496751536,-1.657874314800212,0.0
280435,-22.247672200655412,-22.422322207266795,5.0
280446,-9.15314476033952,-8.172768159891575,2.0
280550,-88.716767768228,-82.50817730524882,36.0
280605,-95.14614240208354,-93.44384762847136,54.0
280730,-12.251606840007794,-12.304264516805516,3.0
280949,-12.44038549185496,-12.630681725256357,3.0
281033,-37.8306160300872,-38.74085877695982,13.0
281126,-165.5885876173151,-133.3943904254526,40.0
281173,-1.5784078111342668,-1.7265088493243588,0.0
281279,-5.8145587406487,-5.850891922537029,1.0
281295,-5.315150302160157,-5.512570770220525,1.0
281335,-5.12593126941615,-5.251954248350084,0.0
281358,-11.914934341787768,-12.02270954821471,3.0
281395,-31.184772683986843,-31.177167676133415,10.0
281402,-5.225645254083669,-5.289274030155562,1.0
281428,-30.856745467079453,-30.10538643285471,11.0
281489,-91.45267389464634,-89.16982351151886,42.0
281587,-26.567973384556584,-25.54646668553569,9.0
281611,-31.69143830777457,-30.799347390942618,12.0
281667,-0.8739092546142408,-1.0146761149224373,0.0
281777,-5.077949863450209,-5.237100767629402,1.0
281789,-23.13747418946781,-22.984356413295977,7.0
281799,-4.929054647377197,-5.035958918070825,1.0
281845,-20.42805616410244,-20.150901485193508,4.0
281881,-27.902571317514756,-28.187581869872883,7.0
281969,-6.935385689329424,-7.225469264225725,1.0
282194,-1.4813409710145136,-1.6865457467422689,0.0
282201,-1.7850568292146498,-2.080843953040793,0.0
282256,-12.512885523467684,-12.558353319420384,3.0
282392,-4.979116291304467,-4.947647020860838,1.0
282402,-1.177625112814377,-1.5866675482451653,0.0
282563,-2.3924885456149223,-2.585402071653103,0.0
282613,-6.314366890152696,-6.362822724709125,1.0
282641,-11.978746729768156,-12.052811156310831,3.0
282689,-68.27027730554163,-61.35177236651224,23.0
282827,-71.88768978422075,-69.71549730809114,29.0
282875,-14.825724140512198,-15.24464331430864,4.0
282879,-16.5745781970435,-16.097495184721954,4.0
282931,-25.947833147146437,-26.063536937005328,8.0
282967,-105.14805187840533,-94.01191767824434,27.0
283047,-29.73563321807396,-29.30225544480287,11.0
283119,-54.857174889410175,-54.41875447632184,12.0
283544,-13.12704946656996,-13.643008517824473,3.0
283622,-37.472610422749035,-37.77354805820205,15.0
283679,-18.365404569957,-18.667680129061218,5.0
283726,-2.9777026913693,-3.0829480271102456,0.0
283785,-21.90603299384763,-17.093318666711856,4.0
283800,-8.470058375818862,-8.43085949231431,2.0
283883,-15.416614051310647,-14.951791115853792,4.0
283952,-5.014320117396768,-5.104808627453132,1.0
283954,-8.494389375909675,-8.14426072391405,2.0
283977,-43.438450449649274,-42.748164222109615,18.0
284067,-10.797949866377223,-11.400461517688617,1.0
284163,-18.238237387527207,-17.400896767765143,5.0
284222,-1.177625112814377,-1.1810382411945761,0.0
284395,-16.042859956135747,-16.240075131408858,4.0
284418,-9.781557174926723,-9.816986769830818,2.0
284420,-2.6962044038150594,-2.7608528324359347,0.0
284717,-33.0776280382799,-33.22666652854716,13.0
284741,-11.647657586489778,-11.584210085538446,3.0
284771,-20.628677668152374,-20.30181029563506,6.0
284794,-19.88852840101309,-19.819304881676416,5.0
284868,-0.8739092546142408,-0.9256507946890202,0.0
284927,-64.50352332154038,-59.2246099521823,21.0
285103,-10.080205479749104,-10.262666452254155,2.0
285147,-9.43424954119443,-9.661495571771617,2.0
285158,-2.088772687414786,-2.274885661618541,0.0
285231,-11.766814152012918,-11.902820930705529,3.0
285302,-8.478822459211067,-8.666460520114438,2.0
285322,-5.134758364183412,-5.301718141716182,1.0
285404,-1.177625112814377,-1.188009888599964,0.0
285479,-14.739545044006842,-14.78835637496127,4.0
285523,-19.754808514061356,-19.49566561483104,5.0
285585,-8.675996826010667,-8.886093138438369,2.0
285728,-50.278286255154576,-44.29103625032782,11.0
285824,-8.872717109863807,-8.998279595647722,2.0
285923,-1.7850568292146498,-1.796127041306322,0.0
286005,-8.286228204462407,-8.327517558926154,2.0
286023,-22.145797050549216,-21.598340775977732,6.0
286042,-19.36018459930616,-19.8254961337422,5.0
286058,-16.686030407044747,-16.641040864570105,4.0
286083,-5.023777849036708,-5.1351422646718,1.0
286098,-5.067357697228144,-5.137510272782667,1.0
286111,-27.149665516060207,-27.701428317847594,9.0
286226,-32.91768742062921,-32.85062132236214,13.0
286257,-20.395257351142913,-20.544658816227013,5.0
286292,-20.077055640453075,-19.536373103778807,5.0
286302,-0.8739092546142408,-0.9771953449214058,0.0
286324,-62.82439552692762,-63.04499863253792,23.0
286461,-8.608948958651897,-8.659685162990542,2.0
286911,-5.366983113416995,-5.475965817794986,1.0
286962,-9.225891513380082,-9.487667649426816,2.0
287004,-54.254506913408335,-49.39782529664583,16.0
287049,-8.608491021837281,-8.55485283853307,2.0
287193,-47.823118243313324,-39.90588319871832,13.0
287274,-43.34764793734756,-43.66513697683878,18.0
287300,-1.7850568292146498,-1.9194514135356862,0.0
287381,-43.5072810655341,-44.23168462519348,14.0
287573,-15.109008054539329,-15.371808550797683,4.0
287768,-11.654559843817553,-11.246764507076543,3.0
287812,-13.025131345192035,-12.661738186291995,3.0
287839,-6.324844755878448,-6.406445627828095,1.0
287856,-9.521926101512799,-9.617074920571106,2.0
288009,-17.935366838421984,-18.26437057575358,4.0
288032,-31.195799571314165,-31.456242079022136,12.0
288064,-14.786725314796138,-15.34146238705411,4.0
288108,-62.1733066953815,-62.16300670092476,33.0
288140,-4.998676881940835,-5.0858982660261045,1.0
288186,-47.00098138935062,-47.61290596391054,16.0
288338,-1.7850568292146498,-1.9112607328993023,0.0
288386,-8.587249418517954,-8.514362646353515,2.0
288494,-5.674841495768565,-5.867086465161822,1.0
288515,-4.948386772448205,-4.970397295510459,1.0
288567,-26.264898422680545,-26.850786885957614,7.0
288614,-12.125241431941536,-12.114553171817555,3.0
288854,-23.048096650525572,-22.57509736184912,7.0
288879,-5.317186997502678,-5.404529397242488,1.0
289046,-35.785013836391734,-35.3259903903163,14.0
289156,-26.070865767138116,-26.325689220004612,8.0
289245,-11.794321682950356,-12.071587023944902,3.0
289248,-49.25604016909372,-47.83261684865178,16.0
289503,-29.984015578016102,-29.623631213842863,10.0
289513,-9.391771848151858,-9.463206771816978,2.0
289561,-1.177625112814377,-1.4000533853749948,0.0
289577,-1.7850568292146498,-1.9475144087436869,0.0
289674,-31.66632141019388,-31.364376355527863,12.0
289686,-4.465240278621784,-4.495332290014957,0.0
289791,-14.395326351649206,-14.519057716578436,3.0
289810,-4.822215411216014,-4.927943267266581,0.0
289964,-5.085267083782174,-5.133320427251363,1.0
290032,-3.126581996434071,-3.2681710193149027,0.0
290228,-13.443389440379288,-13.5852868070707,3.0
290261,-25.148817172188757,-24.89715026474292,7.0
290265,-5.004300306825111,-4.965546507496897,1.0
290312,-15.00724747851112,-15.642730523942088,4.0
290355,-41.354754466899294,-41.35475727444834,16.0
290359,-6.420706625166667,-6.662727471330684,1.0
290369,-8.457513086872522,-8.624858508940726,2.0
290584,-9.156051040255672,-9.199997656553279,2.0
290809,-8.361758043100684,-8.481558290541745,1.0
290826,-17.451197091500323,-17.303201969161993,5.0
290974,-11.878430697000564,-11.846881644512603,3.0
291085,-56.93035643094183,-55.30972084699094,27.0
291205,-38.11968696108314,-36.7749145916442,12.0
291310,-34.18019582067817,-32.768195573827924,6.0
291417,-20.876476889051542,-21.204545219565546,6.0
291418,-9.247555619996575,-9.335955772300208,2.0
291639,-31.24459340899041,-30.569707270580857,10.0
291648,-36.447932118179374,-36.16462431971394,12.0
291665,-1.177625112814377,-1.1910272521819563,0.0
291733,-3.607351978415468,-3.6422055917056535,0.0
291829,-1.7850568292146498,-1.905691853362919,0.0
291862,-5.052845898334015,-5.141595232456055,1.0
291937,-18.552129698876723,-18.54478238315772,5.0
291938,-5.273999247536676,-6.003618406247427,1.0
291945,-35.43601019400833,-33.204205513331054,9.0
291974,-5.168560854727274,-5.081895586705249,1.0
292073,-18.17835973876563,-17.40119244408375,5.0
292180,-11.880937226099197,-11.750973360206782,3.0
292293,-44.03026978480143,-41.932634950073336,17.0
292336,-46.44257923287006,-46.20364958088416,17.0
292452,-14.812576641564858,-14.787275953821238,4.0
292586,-14.549978484002196,-14.723422767940768,4.0
292587,-2.9999202620151957,-3.0513862121284987,0.0
292757,-49.48619745322994,-49.75006964235642,19.0
292813,-0.7211878536351698,-0.8179061970156603,0.0
292824,-3.303636120215332,-3.311760232688472,0.0
292854,-2.088772687414786,-2.154988437669049,0.0
292869,-1.7850568292146498,-1.865493057600054,0.0
292972,-1.177625112814377,-1.1917898834582892,0.0
293171,-0.8739092546142408,-0.8743484397388794,0.0
293279,-13.698159569595223,-13.823566485575714,3.0
293564,-61.31936418600993,-59.30174724711171,22.0
293681,-19.560520208310177,-19.76660939834272,4.0
293828,-18.739837651248855,-19.28777771268468,5.0
293861,-21.513162796089546,-21.019737296585014,6.0
294011,-2.4265793793005894,-2.554993166770632,0.0
294023,-6.461145827315946,-6.499100387041472,0.0
294084,-112.4699422414257,-109.75531721283666,77.0
294109,-2.088772687414786,-2.1356103493271408,0.0
294115,-71.59983385719006,-69.77096759209803,24.0
294208,-73.13994606126249,-73.00454046830455,20.0
294252,-21.56205617380909,-18.452595809480748,5.0
294290,-6.418806864941917,-6.500545852400372,1.0
294303,-22.372811378558627,-16.669981844489545,5.0
294339,-6.249444116965957,-6.2414622962520205,1.0
294392,-9.154747579338526,-8.801463768088281,2.0
294403,-17.16863533691837,-17.033912865162772,5.0
294467,-9.003130533674327,-9.061571502249796,2.0
294585,-5.014170450011537,-4.9536446496662805,1.0
294649,-85.77059183436533,-86.07529449870066,45.0
294819,-22.120280485101414,-22.22190690816227,5.0
294822,-2.088772687414786,-2.267324505484309,0.0
294830,-18.8024465668993,-17.906642066120604,5.0
295037,-6.03367852147873,-6.129929866154354,1.0
295103,-21.554852200373563,-20.831059074581894,6.0
295233,-8.665137337646904,-8.709849053608842,2.0
295236,-13.132845032916228,-12.843418805061171,3.0
295263,-20.39607305098577,-19.86077982079677,6.0
295270,-39.350777134480644,-38.758167664665336,16.0
295282,-1.177625112814377,-1.2120056280866818,0.0
295405,-5.098124567569981,-5.157396618031326,1.0
295510,-5.323633294050473,-5.549462247893895,1.0
295601,-20.62085916124408,-19.82428402100724,6.0
295625,-5.342605257845575,-5.536062753741322,1.0
295676,-9.09026884149711,-9.374584975511398,2.0
295683,-5.057039197909869,-5.084753171052935,1.0
296060,-64.59947454802676,-63.961105056442236,26.0
296084,-17.91883596800066,-18.325546090470283,5.0
296141,-9.417180645530905,-9.264897434398106,2.0
296673,-126.563591392347,-109.99998518079745,38.0
296674,-15.337313537869232,-15.034737924534483,4.0
296757,-0.5701933964141045,-0.572748252660033,0.0
296803,-24.355176679380023,-24.125086812154432,8.0
297000,-12.973800847146908,-13.110101901918618,3.0
297154,-1.4813409710145136,-1.5019403082369776,0.0
297186,-23.547350078189705,-23.839422836504667,6.0
297242,-111.29231626730541,-97.45159534882265,34.0
297510,-15.938389473507574,-16.26565062923288,4.0
297827,-5.87181665259698,-5.979758406042965,1.0
297856,-9.243453867090551,-9.656299615693902,2.0
297985,-18.285692357086067,-18.430696942514913,5.0
297998,-12.144936309160522,-11.720899642391588,3.0
298142,-15.424724708509267,-14.632869615059606,4.0
298216,-4.96818178684588,-5.054541490066535,1.0
298688,-42.40262868657442,-40.67187378691198,14.0
298691,-11.10215188924485,-11.3108460832855,2.0
298727,-22.75006512230878,-22.461145493770793,6.0
298826,-21.29788952543395,-21.925531228047223,6.0
299038,-18.523429604842963,-18.71047868975811,4.0
299043,-14.58492352741615,-14.671809189262193,4.0
299077,-18.90041183439605,-19.04781067466189,6.0
299090,-4.2147836948157416,-4.538412598017259,0.0
299216,-7.483159428543301,-7.549217803681982,1.0
299388,-9.371785661029689,-9.44047202734391,2.0
299445,-2.722452285369145,-3.0591732301325076,0.0
299487,-23.83315572768769,-23.864119806642,8.0
299507,-5.353409376252783,-5.415106269953331,1.0
299510,-14.835262999282214,-14.45125361552218,4.0
299590,-9.346610189153397,-9.470482886085271,2.0
299615,-37.69987794263452,-37.18017984038122,14.0
299620,-21.553040314242654,-21.964867355971247,6.0
299661,-12.95509849644723,-13.177454687627586,3.0
299807,-1.177625112814377,-1.2084933192519236,0.0
299818,-29.15873122243489,-28.557665665136753,10.0
299883,-8.471177402185464,-8.51323352108125,2.0
299925,-16.47419309930408,-16.542464947582477,4.0
299980,-27.180745981707926,-26.73072320263781,9.0
299982,-16.321893366736873,-15.686268793611736,4.0
299997,-20.833114158360576,-21.175216801566062,6.0
300095,-1.19970354560459,-1.2382825347838484,0.0
300228,-12.225534161616803,-11.437421398058238,3.0
300235,-18.646870767674354,-17.17269480567313,4.0
300308,-56.49576835575889,-56.81125062265513,19.0
300351,-17.167004828452825,-16.411292041273047,5.0
300456,-5.514720079561086,-5.7519084628787525,1.0
300492,-16.151423668200348,-16.320329389036242,4.0
300651,-109.30954276673293,-103.46225034898535,50.0
300664,-0.5701933964141045,-0.7854800452756001,0.0
300689,-33.16893843733533,-32.83546923773452,10.0
300753,-5.03343449066246,-4.789927066619197,1.0
300757,-9.46106258589282,-8.811832156309825,2.0
300777,-22.98967371326166,-19.459646768230296,5.0
300792,-77.66884862269292,-68.97791812398478,19.0
300819,-4.908890396806968,-5.115573581200544,0.0
301032,-36.58563708212298,-34.865004323164364,11.0
301256,-0.8739092546142408,-1.147828451450005,0.0
301525,-11.630619048099952,-11.760049580700116,3.0
301652,-5.028912407218785,-5.090774970250997,1.0
301747,-8.649321006616232,-7.903812327069434,3.0
301912,-1.7850568292146498,-1.8308366277349577,0.0
301994,-4.373184733788869,-4.436533049639795,0.0
302122,-4.984607418197858,-5.098864479046433,1.0
302137,-151.52272563106567,-149.59049992754493,80.0
302207,-17.426840487838767,-17.205058996766134,5.0
302243,-32.05550558336556,-31.93142269989966,11.0
302397,-20.08190113193732,-17.440124312770717,4.0
302443,-17.26219037503588,-17.18084490197524,5.0
302529,-5.447123904961601,-5.552990742709958,1.0
302542,-17.952465181031837,-17.85837510033385,5.0
302619,-15.672092027065904,-14.493763223397263,4.0
302647,-9.990160547476446,-10.023674653936638,2.0
302648,-19.029031118466545,-19.281527026731247,4.0
302681,-0.6975689032996931,-0.794040120563302,0.0
302708,-13.026019828173904,-13.385019132638908,2.0
302768,-38.41013114261808,-37.16563804102632,16.0
302769,-12.276361287153112,-12.139862342164001,3.0
302795,-7.064763929461298,-7.5050393684597925,1.0
302837,-21.777912001268447,-21.921936320693458,6.0
302858,-1.177625112814377,-1.1776267761576258,0.0
302916,-9.264651489036662,-9.484946586899591,2.0
302993,-44.083702007976214,-44.41971570197924,17.0
302994,-7.055006631850288,-7.300869194765661,1.0
303035,-8.565815450793384,-8.773170380274554,2.0
303173,-17.12389537221113,-17.209104809544588,2.0
303230,-38.769568248731325,-37.509692398621645,11.0
303331,-42.89350487674754,-42.797851672622826,17.0
303368,-5.720963751691236,-5.8622805182457975,1.0
303553,-6.948226418616968,-7.258194888380197,0.0
303593,-5.744966293766805,-5.972351236917947,1.0
303605,-5.040570734406246,-5.175124474547762,1.0
303629,-33.6639880846675,-32.36592291923856,8.0
303746,-5.497151178628982,-5.562794240211175,1.0
303751,-11.700779681281828,-11.201692121061829,3.0
303790,-11.430120745623514,-11.313222149195688,3.0
303836,-19.411298367580432,-17.714497799533692,4.0
303930,-11.599551657039274,-11.68248931511727,3.0
304137,-28.51238724823263,-27.73528178570389,10.0
304289,-18.136666238566924,-18.163923711981877,3.0
304535,-18.149975600948263,-18.18178780530422,5.0
304670,-17.257572658531846,-17.0037487181447,5.0
304693,-1.7850568292146498,-1.8500386710331076,0.0
304815,-24.902544216626303,-25.102925418042968,8.0
304941,-11.542052489699067,-11.673057073357722,1.0
304951,-12.682809462056811,-12.898200778645583,3.0
304993,-15.0144668819034,-15.097429450336492,4.0
305019,-0.9298696070448129,-0.9516054886120533,0.0
305041,-17.077744882884698,-16.168558655889132,4.0
305069,-22.982064605324776,-22.683760564520984,7.0
305181,-16.433615661410975,-16.67202146160893,3.0
305191,-57.29161013697128,-56.216480462751136,26.0
305220,-0.5701933964141045,-0.6450979097921381,0.0
305242,-0.8739092546142408,-0.8873302516186073,0.0
305341,-12.878461828097409,-12.937242480044455,3.0
305488,-1.177625112814377,-1.419955744345711,0.0
305554,-33.10687753053698,-32.90552992002654,11.0
305592,-52.44915885180916,-52.91297656773328,12.0
305674,-15.15524271940515,-14.915344119029534,4.0
305758,-8.46680570961765,-8.480581705504392,0.0
305767,-12.30309612806782,-12.397749289989088,3.0
305919,-21.94307813880829,-22.124312449915617,3.0
305986,-6.024432990004352,-6.075360378704197,1.0
306003,-36.13386132859137,-36.02613757200345,16.0
306084,-15.365941026025297,-15.454273053733978,4.0
306153,-10.915909538442055,-11.268128916215778,2.0
306185,-11.763127707349007,-11.886503713489912,3.0
306294,-4.33974919929888,-4.422295102229236,1.0
306347,-21.178735021250375,-21.206475783422857,6.0
306440,-27.85948368557231,-28.042041183000407,10.0
306521,-12.641066711937983,-12.605625755490005,3.0
306667,-8.64816395880212,-8.739208051842212,2.0
306679,-1.4813409710145136,-1.5227483966303956,0.0
306699,-53.831025421032344,-48.819485578385674,18.0
306847,-19.147424886264528,-18.833598251172404,6.0
306977,-19.384254284606087,-18.60382235970021,5.0
307113,-9.743201915198505,-9.809759316271244,2.0
307174,-79.21767834362676,-78.68852398252591,37.0
307198,-53.864616284145654,-52.225050333609445,17.0
307232,-6.9165750489595865,-7.508478321433837,1.0
307344,-3.607351978415468,-3.640672036706463,0.0
307415,-83.9821902480089,-84.87796534701357,35.0
307582,-1.4813409710145136,-1.5688654398058604,0.0
307930,-5.596877386375361,-5.616361874445156,1.0
308021,-5.259365467279964,-5.344266107759961,1.0
308088,-23.305471389522978,-23.918918720468966,6.0
308341,-9.295051590389056,-9.455607924552003,2.0
308415,-12.392063048668007,-12.656572226599085,3.0
308435,-25.855655699440728,-26.171575080110706,7.0
308498,-5.481460851692875,-4.8119555556070726,1.0
308565,-5.780438410609424,-5.872749014113451,1.0
308689,-8.867040145525511,-8.774299302072555,2.0
308892,-18.522741197283658,-17.883832107848008,5.0
308899,-0.5701933964141045,-0.9627280266508623,0.0
308901,-1.136496108669426,-1.160767705522459,0.0
308956,-20.056976638341517,-20.262511546134505,6.0
309189,-38.38197761799308,-36.42161899956578,16.0
309252,-5.259365467279964,-5.408456441105144,1.0
309479,-5.374010198906211,-5.419523840213905,1.0
309565,-23.492312767048695,-23.948386921687284,7.0
309689,-16.010571428236652,-15.87261624546721,4.0
309760,-56.634644966559016,-50.99844052831497,14.0
309818,-4.94294944482254,-5.558048072552145,1.0
309910,-22.924270101961653,-23.068464045534206,8.0
310139,-0.21978370651696574,-0.2557531878014347,0.0
310191,-18.013599792311343,-18.125641905402677,3.0
310223,-5.772884022059831,-6.218994145200301,1.0
310299,-23.498907169469362,-23.604024416346597,8.0
310328,-66.90790045172119,-65.93937292482495,27.0
310395,-0.660433970392381,-0.7542451736955117,0.0
310399,-0.266477538213968,-0.3604833318707667,0.0
310574,-5.609138070833083,-6.201928063000099,1.0
310808,-19.068720145789527,-19.23881366599269,5.0
310836,-26.620255046014893,-25.92873050079121,6.0
310867,-27.724367108675512,-27.95188057165921,7.0
310874,-17.01287685078231,-16.194604666583135,4.0
310936,-93.17259373110129,-93.69766045213565,41.0
310974,-5.409192217277509,-5.469161538241099,1.0
311209,-11.569862883009918,-11.587182929887424,3.0
311358,-19.89601117372846,-19.852983484669505,6.0
311543,-3.303636120215332,-3.3506025305323357,0.0
311730,-22.40055202944377,-22.282950769919726,6.0
311795,-17.189501649276675,-17.41814195809613,3.0
311811,-18.644626273873197,-18.889579369962654,5.0
311839,-9.592091658306092,-9.3763229354331,2.0
311890,-1.7850568292146498,-1.8502222603518097,0.0
311902,-5.12593126941615,-5.126037721759775,0.0
311969,-1.5511282597839307,-1.6055978871162384,0.0
312008,-21.317891435422894,-20.51598567535012,6.0
312078,-27.336313210094847,-23.935620459268506,5.0
312099,-5.281347811616295,-5.337635316881033,1.0
312181,-62.93107337204404,-62.450360701066536,25.0
312186,-16.53963577921805,-16.910248430427824,4.0
312257,-9.455683111671293,-9.641758132626267,2.0
312322,-46.60310622176103,-45.656082150142744,20.0
312509,-28.37307464197403,-29.081984803497004,6.0
312570,-2.182864863652456,-2.3225294122910682,0.0
312681,-25.904141339879793,-25.679602147677937,9.0
312704,-10.141347507662537,-10.249709677236972,2.0
312935,-2.6962044038150594,-2.7883059664990832,0.0
312940,-5.156719579818233,-4.904716611741969,1.0
312950,-45.83115735454365,-45.06994260886561,20.0
312955,-0.8739092546142408,-0.8790240350769816,0.0
312978,-39.477169467608505,-40.45866877958465,11.0
313076,-2.018147613491232,-2.0782133846508195,0.0
313213,-44.15765407338804,-42.38140459745513,16.0
313287,-26.329270099370085,-24.869856206080332,7.0
313311,-12.680177296241595,-12.81413330502701,3.0
313502,-4.303223320769555,-4.30322332139025,0.0
313515,-23.492055399992314,-23.82572455912708,7.0
313540,-32.16418311380785,-32.49283571590761,10.0
313756,-10.136250969839107,-10.412527233092266,2.0
313932,-9.57459372004685,-9.950371775741125,2.0
313981,-58.06940092414722,-58.059384084703744,28.0
314052,-23.158247786612407,-23.45120115393974,6.0
314059,-1.7850568292146498,-1.7884974300777066,0.0
314158,-15.061783861920269,-15.11739803223378,4.0
314239,-84.63051147280186,-85.14277426367022,44.0
314353,-5.12593126941615,-5.211959033697321,0.0
314531,-92.04646712405943,-93.07965698260281,32.0
314543,-13.372801365330707,-13.519530568194373,3.0
314561,-6.037078844016559,-6.162230552253179,0.0
314614,-10.165991342165547,-10.249757289446409,2.0
314650,-36.57244738446467,-32.177194632506485,9.0
314662,-8.820653687607534,-8.88723130420027,2.0
314729,-6.862290892495806,-7.091260346908182,1.0
314753,-64.01445631474392,-61.64826458658228,25.0
314786,-5.206020840956019,-5.104795606008047,1.0
314979,-10.288605490368361,-10.531232301387778,2.0
314995,-8.55060762698819,-8.937080732134541,2.0
315012,-18.212379109650875,-18.435212488956562,4.0
315057,-15.32053811954661,-17.58593280201344,3.0
315060,-5.049593214104749,-5.15210796357847,1.0
315073,-44.182645484171346,-44.07695735551072,19.0
315247,-0.8739092546142408,-0.8773157400179009,0.0
315311,-46.45557647218638,-46.08783877178806,12.0
315335,-3.303636120215332,-3.315170525730931,0.0
315452,-24.652174867961225,-25.077539285955257,4.0
315688,-45.57685788296801,-45.885404477212354,16.0
315740,-12.567713365376969,-12.543167165640055,3.0
315843,-2.088772687414786,-2.3345277534286972,0.0
315869,-40.75746236173338,-39.97058197383177,16.0
316008,-0.8739092546142408,-0.9305187493061269,0.0
316061,-52.06866249104185,-52.71966426160634,20.0
316082,-25.231418152701988,-25.116259957385214,8.0
316102,-11.727526429805636,-11.8007348608786,1.0
316254,-4.9785779849953435,-5.185520159008204,1.0
316277,-38.64831679173396,-38.97991559600463,12.0
316293,-37.95282671889341,-36.02346127506912,10.0
316295,-5.607619699487221,-4.459396153896556,1.0
316415,-6.324844755878448,-6.3608460246388585,1.0
316444,-82.39224599078396,-81.68979001855439,28.0
316532,-15.382069985068695,-14.08591744228579,4.0
316585,-5.488737585655845,-5.530733192752737,1.0
316596,-17.213803575713595,-17.02415049858755,5.0
316739,-11.20845657452091,-11.297938149952708,2.0
316792,-40.06415499841727,-39.87991428577519,15.0
316802,-24.611193252079165,-24.9629433996532,6.0
316810,-5.435975075179094,-5.564913388671522,1.0
316938,-14.290182936041685,-14.445964965526004,4.0
316944,-0.5701933964141045,-0.5975979533418372,0.0
317015,-20.116610229984385,-19.352819374315473,5.0
317062,-25.62782368400981,-25.844003017559345,8.0
317118,-41.94294986979211,-42.07113849508637,16.0
317294,-10.573030461029672,-10.794569456274893,2.0
317344,-2.123281351043718,-2.1577882186678443,0.0
317359,-20.73105634161703,-19.933552672534802,5.0
317399,-7.26376904845683,-7.3063480979564535,1.0
317413,-30.478306619948576,-20.40464921771306,6.0
317684,-7.251942276817105,-7.299632403835907,0.0
317701,-4.608472878852592,-4.662662527651499,1.0
317861,-18.92069675118304,-19.135065403096245,5.0
317938,-5.191352690689291,-5.288182202865092,1.0
317992,-1.9901586431403693,-2.0428065870227474,0.0
318002,-2.3924885456149223,-2.395105301224411,0.0
318120,-16.98660986998554,-17.774102633508505,4.0
318217,-36.30003622526364,-36.1441077244605,14.0
318267,-35.9438335687738,-34.45906988300987,11.0
318295,-54.884130909605474,-51.62534301119887,14.0
318375,-32.809842191334404,-32.334941164487326,10.0
318538,-9.256727828179242,-9.344603413557163,2.0
318551,-28.19001669385445,-28.221621833024354,10.0
318587,-27.246648028636873,-27.45264317043849,9.0
318636,-3.303636120215332,-4.819615197458472,0.0
318704,-0.8824168687148914,-1.167230735176145,0.0
318894,-23.34182723014059,-21.967471088757083,6.0
318927,-24.29397627191121,-24.228357794647422,7.0
319060,-13.122293757779005,-13.303651312635807,3.0
319205,-22.8299538799179,-21.582787443698273,6.0
319468,-26.660211517844516,-26.452592729415763,6.0
319507,-13.344048721572417,-13.193186038726358,3.0
319511,-11.319414268309012,-11.341850787086203,2.0
319545,-32.85000276604118,-31.556361438031086,12.0
319605,-4.9270617580641956,-5.113375241279871,1.0
319964,-14.311011620456886,-14.334527777354433,4.0
320092,-19.159630848467735,-19.387073456090363,4.0
320159,-1.177625112814377,-1.2236125252410934,0.0
320373,-2.9999202620151957,-3.0595343500505967,0.0
320836,-3.911067836615605,-3.9425245796682975,0.0
321006,-19.75201563677985,-19.15717101712877,5.0
321033,-13.173476574808994,-13.194170216947656,3.0
321038,-24.739993917607926,-24.646004612075167,7.0
321144,-3.93089720104197,-3.9308973050074982,0.0
321157,-11.494059371458048,-12.091972074231087,3.0
321160,-5.9820616329844265,-6.187488620501888,1.0
321269,-23.889749965598696,-22.74437250046087,5.0
321302,-8.620978367334844,-8.72838704767933,2.0
321325,-12.846118492340239,-12.856639192806938,3.0
321492,-12.660273479998565,-12.172841720734018,3.0
321545,-22.373118467398015,-19.82334235762086,7.0
321568,-38.01345465120656,-38.34013230067586,16.0
321588,-9.636352463544833,-9.751601601515317,2.0
321653,-21.21637792307962,-19.973521975364516,5.0
321690,-3.4617149283133846,-3.4786084950982,0.0
321717,-60.96050492147981,-62.06106143319767,20.0
321810,-3.303636120215332,-3.872455264912574,0.0
321815,-5.1090150689784135,-5.685382824814855,1.0
321838,-14.149814712936339,-14.43168162014205,3.0
321867,-70.02889853681528,-48.21677772804422,12.0
321912,-6.538501810000755,-6.648726651465002,1.0
321967,-28.44330836317078,-28.590068849707766,10.0
322079,-38.8635845733349,-38.456435747598846,13.0
322113,-9.557124526377205,-9.185805039658115,2.0
322252,-17.467816140406992,-17.501104438550584,5.0
322385,-19.614939254359626,-19.652384532016296,6.0
322644,-12.37404527432951,-12.521603580250337,3.0
322745,-15.75615746977731,-15.192264118010543,4.0
322781,-9.733732281094793,-9.860817014821507,1.0
322850,-5.141671823912692,-5.264911207552311,1.0
322872,-9.334497488399492,-9.443871495086942,1.0
322914,-9.02980328501392,-8.942676067336855,2.0
322975,-5.424504926235088,-5.47455561201663,1.0
323039,-4.901205981178988,-4.731806517791706,1.0
323046,-23.64029354573341,-23.2362090311501,6.0
323229,-4.866926274853825,-4.908155975957467,1.0
323243,-48.82037519452962,-49.79449921882658,16.0
323517,-22.82301618311337,-22.743669174497807,8.0
323614,-2.9999202620151957,-3.191568227534855,0.0
323619,-60.26225132555384,-60.84538369795715,27.0
323712,-9.003840585278143,-9.0119468796057,2.0
323750,-9.202931558386283,-9.385220768999174,2.0
323951,-16.68621159717443,-13.50684794267003,4.0
324178,-44.67520800922171,-44.872231127542854,17.0
324311,-18.4783916999042,-18.416874313994388,5.0
324377,-2.3924885456149223,-2.461413134106509,0.0
324384,-7.002095063064751,-7.223583117225709,1.0
324461,-34.085041007259576,-32.80780209236211,10.0
324529,-33.59577451297143,-34.02027738043554,13.0
324594,-19.475121730223222,-18.978669984879563,5.0
324628,-2.9999202620151957,-3.0673799173606895,0.0
324645,-3.303636120215332,-3.395716982311965,0.0
324658,-31.390973442003535,-29.869580420563995,8.0
324662,-37.21750379906642,-36.43963225930279,13.0
324722,-4.975325300766078,-5.016132855648736,1.0
324728,-5.140991194463363,-5.471056305447718,1.0
324738,-2.3924885456149223,-2.430267122230696,0.0
324806,-1.7850568292146498,-1.8296530578776204,0.0
324843,-27.463783183282807,-27.668109070740833,10.0
324920,-15.992247880703362,-14.462093622984789,3.0
325495,-75.05296184992915,-74.28700023339182,41.0
325507,-26.89615554040138,-25.544599237457668,7.0
325584,-3.911067836615605,-3.9293588960238135,0.0
325614,-13.472857567522293,-13.647074195082224,1.0
325683,-1.3074173178236304,-1.339308190195801,0.0
325704,-15.999186635777681,-16.187137403248272,4.0
325740,-12.340659881273838,-12.494216659489549,3.0
325908,-9.284966929603348,-9.460226379777824,1.0
325928,-14.709490876453515,-14.854927255627624,3.0
325998,-2.9999202620151957,-3.1286598461890747,0.0
326070,-28.136202110250604,-27.86623337077628,10.0
326178,-8.690942699331124,-8.294125003212248,2.0
326316,-18.805767111863275,-18.70416970549543,5.0
326414,-14.963259309851995,-14.841557795538192,4.0
326431,-0.5206297925694618,-0.5586192190118988,0.0
326726,-8.725913855569425,-8.827955817700001,1.0
326795,-73.57097082653256,-68.31962859078128,21.0
326815,-5.040734935876955,-5.153261213285526,1.0
327002,-1.5761979168245335,-1.672987445431629,0.0
327455,-15.632828265306866,-15.794312174604997,4.0
327513,-5.0391425226118605,-5.088896264268397,1.0
327706,-32.66597856662885,-32.93149351503611,13.0
327940,-6.310752238212968,-6.324462092433385,0.0
327963,-37.277813186413454,-35.5854069448355,14.0
328038,-30.94457293840539,-29.20987640580301,10.0
328124,-21.16904020193272,-21.162215046286622,7.0
328127,-15.756059619314527,-15.536344256268809,4.0
328189,-5.277973242871076,-5.415853783472714,1.0
328252,-14.800700820960042,-14.925924893788915,3.0
328265,-28.71677520394391,-27.541927668136726,9.0
328291,-25.4883452111381,-25.24461695385783,9.0
328359,-28.486472247575133,-28.4439370559073,9.0
328372,-25.892000345214534,-25.784158928023697,5.0
328592,-25.235770279793226,-25.177794045855723,8.0
328630,-12.270667912134547,-12.30077422884646,3.0
328675,-15.76147153510127,-15.910870358397894,4.0
328680,-41.32709342776381,-37.82481337947552,14.0
329043,-11.59276761196063,-11.686756449981615,3.0
329134,-35.09442281778368,-33.97445235527367,11.0
329212,-10.33581396776171,-10.53267192498672,2.0
329221,-15.364504379215846,-14.304401319303667,4.0
329282,-50.00446358530827,-50.39781142090933,20.0
329557,-47.45177305097905,-47.84819866616447,17.0
329597,-5.096425746525451,-3.4672430948314092,1.0
329651,-29.949504273873494,-30.223428826508936,11.0
329695,-3.911067836615605,-4.024711869456569,0.0
329724,-5.12593126941615,-5.2452737869403725,0.0
329791,-72.06174703907757,-69.43585815110286,32.0
329928,-19.868649801755417,-20.07408300936147,6.0
330004,-25.787487325079805,-25.64532456661734,7.0
330119,-8.932176777250264,-9.076551119280833,2.0
330343,-0.266477538213968,-0.4033600117176779,0.0
330408,-9.081853640486965,-9.217516508557274,2.0
330667,-33.646719632380126,-32.592318035455264,8.0
330697,-4.274840613468237,-4.449031651451309,0.0
330707,-5.590441356899551,-6.101133110254537,1.0
330814,-8.648353634075246,-8.612954980122721,2.0
330824,-57.920916253938714,-57.28178457714629,24.0
330984,-3.303636120215332,-3.727220871722007,0.0
330990,-30.76261726024642,-31.00983095406846,12.0
331004,-15.875340628235808,-15.70649360790156,4.0
331016,-8.651239173365523,-8.8121416927428,2.0
331043,-5.690105509494671,-5.8283918031993505,1.0
331072,-31.556433019668127,-31.197621667686178,10.0
331141,-11.620893974685885,-11.719505865865974,3.0
331253,-5.06992020324961,-5.107824685098324,1.0
331261,-10.901145657155064,-10.368850357138545,2.0
331435,-18.891131794855408,-17.582279325567203,4.0
331485,-3.9888683025793914,-4.0229330525124505,0.0
331547,-11.504873359103398,-11.19038064039683,3.0
331637,-5.078382122905173,-5.160834180974776,1.0
331846,-31.83555163999208,-31.74210716571132,10.0
331925,-4.901205981178988,-4.80921499686066,1.0
331941,-22.73823312284666,-22.944278686350774,6.0
332019,-43.13620093881874,-43.496070093114895,15.0
332215,-28.336104032844837,-27.242841902740295,8.0
332276,-5.196850991484872,-5.442806102221603,1.0
332388,-27.755372020941785,-27.634944897756384,10.0
332428,-1.4813409710145136,-1.732717678955363,0.0
332562,-14.989552905472054,-13.088038702402232,3.0
332574,-35.91564400871486,-35.48289655340523,14.0
332581,-27.029443730843795,-27.39245270625907,7.0
332594,-39.43071053506066,-39.88728550280902,12.0
332820,-12.44351043782104,-12.537265024927757,3.0
332902,-4.987300486920761,-4.542940995675936,1.0
332930,-6.1937536161630335,-6.342865930749415,0.0
332935,-24.10029836139421,-24.268583489764286,7.0
332952,-1.177625112814377,-1.3250874819130012,0.0
332963,-17.5384490198672,-17.340559285241945,5.0
333030,-6.340794702216695,-6.608040400256936,0.0
333431,-49.880548489340974,-48.213680095470764,18.0
333470,-6.399228716827353,-6.5541829353397905,1.0
333542,-37.02516938741628,-34.52659348539329,13.0
333544,-8.435856999626008,-8.572471834993475,2.0
333616,-18.532885377385973,-17.312167280465705,5.0
333693,-38.103743728189194,-37.502827043861544,13.0
333706,-8.625808159080137,-7.979025371937147,2.0
333772,-32.08997715672595,-32.4093010287867,12.0
334006,-1.4813409710145136,-1.6415842249557901,0.0
334082,-0.9741519850460021,-1.0536344574385017,0.0
334130,-15.005344767342287,-15.175885583852384,4.0
334151,-8.503362577521159,-8.594588062828173,2.0
334161,-5.4884698796718965,-4.772708154615961,1.0
334218,-11.536051139097037,-11.587402487812946,3.0
334326,-1.4813409710145136,-1.6276458336725512,0.0
334370,-29.140868910418508,-28.91339768443727,9.0
334415,-17.901888907989758,-17.52107902194557,5.0
334503,-30.95843531731633,-30.75784602625837,12.0
334586,-36.22998426319113,-36.46821497236229,16.0
334819,-5.0244584784860375,-4.841375754732557,1.0
335096,-64.83764727659636,-54.75024755027803,19.0
335136,-1.7200377793845556,-1.7464604080438255,0.0
335553,-14.324660908009324,-14.42084112841511,4.0
335589,-13.219461181812989,-13.467149756576257,2.0
335601,-19.083766958354897,-18.665819167059578,5.0
335743,-8.680632945165494,-8.7381545874855,2.0
335767,-8.723287906464233,-8.713434120345267,2.0
335792,-5.0416872355907385,-5.126842353284219,1.0
335805,-13.696794354106045,-13.809386641199225,3.0
336026,-3.911067836615605,-4.075339841546857,0.0
336096,-0.5701933964141045,-0.7862238069687019,0.0
336195,-29.185897971798624,-29.248712063166835,11.0
336429,-39.85680960589685,-38.96582311547074,15.0
336525,-32.365061641500205,-32.44393740723956,10.0
336530,-3.911067836615605,-3.9791678721965127,0.0
336603,-5.134758364183412,-5.273195630390137,1.0
336622,-4.9440726080723705,-4.68325770236103,1.0
336714,-8.907517111554464,-8.800213494407409,2.0
336770,-111.72274585608594,-110.83282020091436,35.0
336854,-7.457337850794151,-7.541261107166189,0.0
337200,-22.573244699733177,-21.543859909059353,7.0
337229,-12.530194446870548,-11.599886475480982,3.0
337452,-36.35981988727049,-36.908200018826804,12.0
337459,-10.729703393039994,-9.575196916015468,2.0
337481,-18.007056863192886,-17.924877970742898,5.0
337620,-14.351696831050933,-14.341392837687007,3.0
337901,-2.4806846859458114,-2.4888392060135405,0.0
337910,-15.371681677564759,-15.693291309042621,4.0
338069,-4.927231030884438,-5.047090906249443,1.0
338076,-1.7850568292146498,-1.83290012890954,0.0
338108,-13.411485146852643,-13.576367600363866,3.0
338183,-5.142837589850308,-5.169259714611917,1.0
338185,-44.073700184497966,-44.50136600903201,14.0
338250,-75.00688879904034,-76.20596404108865,32.0
338277,-1.4813409710145136,-1.4820621570782706,0.0
338278,-30.651427509441028,-30.223695295302683,7.0
338291,-10.655447377235962,-10.966771620939088,2.0
338301,-64.40433665451293,-61.49255658215776,10.0
338311,-2.3924885456149223,-2.4231468205829114,0.0
338503,-0.8739092546142408,-0.9113790174410513,0.0
338545,-17.41701717743029,-17.317920882375272,5.0
338549,-10.095060968442976,-10.293057479403245,2.0
338575,-7.4560717161594265,-7.522000504675202,1.0
338579,-46.86691215191537,-47.30331451358964,13.0
338590,-22.233625714156606,-22.363691119610067,6.0
338607,-20.673304382241792,-21.029639840980067,5.0
338766,-6.739139699967145,-6.770583469450473,1.0
339213,-14.174093129669282,-14.116307453504547,3.0
339352,-11.525810708119323,-11.583922014650538,3.0
339566,-8.55800093577503,-8.591893675256818,2.0
339594,-11.356037099199408,-11.483378946074808,2.0
339753,-16.94859741986413,-17.117198686919693,1.0
339878,-4.931759027042825,-5.00960112864233,1.0
339993,-16.667133881021332,-17.075294982897393,0.0
340081,-8.464272693838483,-8.508204944299546,1.0
340088,-9.127224381246275,-9.170852601305484,2.0
340263,-26.598521446178157,-24.666265840125455,5.0
340316,-5.8085039954808755,-5.867146866186995,1.0
340321,-8.536022317243946,-8.920691836736188,2.0
340347,-4.991167307448308,-5.110842702066614,1.0
340410,-11.68937512953174,-11.799133931613158,3.0
340463,-5.4296471276162865,-5.743971549117405,0.0
340590,-12.434089343540323,-12.321883405155502,3.0
340674,-8.410556227129586,-8.548610329270392,2.0
340692,-61.28383263127652,-58.15907360712399,25.0
340868,-8.827948306440977,-8.97811199749618,2.0
340896,-26.53230587806013,-26.151204031293993,8.0
341089,-35.20746800584002,-35.53254375968722,11.0
341234,-9.802789247075937,-10.058358996504552,1.0
341301,-32.22761916340281,-32.23365797773857,12.0
341506,-9.65650081530807,-9.74278489378289,2.0
341796,-3.303636120215332,-3.327636995855328,0.0
341922,-35.770124401936584,-35.93760613822649,11.0
341992,-1.5761979168245335,-1.610368153355213,0.0
342010,-2.3924885456149223,-2.433493548394025,0.0
342014,-29.219548250442443,-29.042573711023824,7.0
342025,-14.37817737539901,-14.552599692337393,4.0
342273,-8.488479059502652,-8.527934677177868,2.0
342284,-29.140120985263927,-29.188988444422332,9.0
342358,-9.280932004952303,-9.337234492552636,2.0
342390,-20.245726205247337,-20.381878988049774,6.0
342454,-17.04468004919073,-16.83457407077917,5.0
342507,-15.645358273928515,-15.9203051948751,4.0
342531,-11.954413653537541,-12.020078405324023,3.0
342541,-4.923906394020404,-4.977106210977258,1.0
342580,-11.731149742770112,-11.86366093294541,3.0
342597,-10.227199262656193,-10.296505880588509,2.0
342649,-22.13842859689715,-22.263107749353015,5.0
342679,-2.1128544347213882,-2.174749099687262,0.0
342886,-5.352662781490464,-5.4517341799821075,1.0
343042,-17.862749749935244,-18.060320044633013,5.0
343135,-46.47256903537488,-44.58921411753609,13.0
343195,-22.747964231195805,-22.434389887131417,6.0
343238,-66.42593356657058,-63.417107357789185,32.0
343344,-3.607351978415468,-3.624377975366953,0.0
343414,-22.702389507975223,-22.02411583529607,7.0
343662,-79.5646321748306,-75.34946976664015,40.0
343678,-17.922203574834146,-18.23469805875311,5.0
343785,-41.08429117404101,-40.60300213073289,15.0
343796,-29.369873654471437,-28.794111313652905,7.0
343822,-1.4813409710145136,-1.494921179717075,0.0
343987,-41.92273785893518,-34.95907734252322,7.0
344018,-36.5991187281759,-36.513477481195224,15.0
344140,-1.2054698242894017,-1.206246692510314,0.0
344149,-25.420546314142957,-24.489332445210916,7.0
344152,-14.257265216472133,-14.441961492572203,4.0
344375,-6.439775386085863,-6.5703961277794605,1.0
344456,-10.893544579247264,-10.949632994489624,1.0
344505,-28.89204371450135,-24.462105687802442,7.0
344556,-5.9311775902395905,-6.1684791672212675,1.0
344643,-32.772316601938364,-31.72086075586705,12.0
344655,-40.69320976440544,-41.151995236326655,16.0
344680,-5.066881041768685,-4.3529010743450485,1.0
344731,-28.46031356848814,-28.101759796463654,10.0
344766,-5.447123904961601,-5.5204355597216805,1.0
344918,-36.07444525551662,-33.054873303687,8.0
344959,-3.303636120215332,-3.537396888146042,0.0
345161,-5.915628539053188,-6.152340398132194,1.0
345388,-20.612192768650996,-20.867602120981836,4.0
345390,-8.678538006183492,-8.85585405978011,1.0
345472,-14.673740879902361,-14.788205171368556,3.0
345807,-13.759804380627394,-13.873313249930938,3.0
345908,-1.1300816935465536,-1.281664502686855,0.0
345950,-4.9791700905721905,-5.052999393271826,1.0
346058,-14.670103892712149,-14.810226733253115,3.0
346099,-1.177625112814377,-1.2340709814346482,0.0
346138,-5.415254958047019,-5.542813009544985,1.0
346162,-3.303636120215332,-3.40335952484001,0.0
346176,-28.175402564365136,-28.342833057931028,9.0
346291,-27.9473540164665,-26.12079297980486,8.0
346295,-34.09201813079223,-33.74633564975325,14.0
346349,-5.173208448746861,-5.2885816154373,1.0
346368,-8.522415643186728,-8.420028918056946,2.0
346373,-26.276850694747388,-25.29266695130751,9.0
346501,-36.187780905934126,-36.23126195945822,14.0
346661,-19.24130514868141,-19.026301310283664,5.0
346708,-37.61981832881637,-37.980797194783534,11.0
346731,-2.6962044038150594,-2.8193475603541334,0.0
346819,-26.40837330995137,-26.58817936004757,8.0
346861,-1.177625112814377,-1.280134689646709,0.0
346913,-9.090016449761018,-9.180048337537109,2.0
347012,-8.70395048914077,-8.821293335570394,2.0
347214,-3.607351978415468,-3.72401837834694,0.0
347330,-14.27611551980777,-14.360226683694734,3.0
347474,-5.455539105971746,-5.8482245817400385,1.0
347504,-32.3404010213734,-32.384783440939835,14.0
347568,-58.13334171234762,-50.43438714254771,13.0
347637,-62.971331853903344,-61.46800963569238,25.0
347658,-25.628002151397073,-25.665652821203803,7.0
347893,-6.6945591896950605,-6.993901483808359,1.0
347900,-59.373709973039844,-59.94611234619955,26.0
347986,-18.378976840061075,-17.9568859390412,5.0
348350,-12.462363245845458,-12.81101923174646,3.0
348351,-7.87957870890896,-8.007269364127598,1.0
348366,-18.001475413306924,-17.655453973870333,5.0
348423,-29.4186454645659,-29.70004303342375,11.0
348492,-23.470935396312747,-23.25098474248683,8.0
348614,-41.92654294359629,-42.001565716180316,8.0
348616,-14.264336696641282,-13.762183835563457,4.0
348693,-9.237645126191246,-9.387932151925162,2.0
348812,-2.088772687414786,-2.2282855434304407,0.0
348865,-23.86367302061076,-21.797326700019138,5.0
348917,-4.934491975002863,-5.0487376468544864,1.0
348918,-30.224906014264537,-30.350348136510057,9.0
348926,-29.424326220640832,-27.802603891796085,8.0
348971,-3.607351978415468,-3.624371045794834,0.0
349127,-71.8030843342551,-69.62063295940553,29.0
349179,-14.785662220012052,-14.879464915038461,4.0
349289,-15.243430041540304,-14.865430520762729,4.0
349583,-21.872880829268365,-18.304038492331202,4.0
349587,-33.905515242323496,-32.70322070877908,10.0
349631,-28.44899497018532,-29.327230325486546,10.0
349647,-8.54009497738947,-8.600493173975664,2.0
349730,-8.107014643018527,-8.002937970486347,2.0
349734,-14.193868722424636,-13.147757399051464,3.0
349749,-18.07714141508683,-18.065851622098272,5.0
349890,-23.251952213184772,-23.661082001516625,6.0
350101,-1.7850568292146498,-1.9057493246425514,0.0
350126,-9.204443463441963,-9.361318381190742,2.0
350187,-8.773220992935354,-8.750680498939525,2.0
350337,-177.4862536935613,-174.94251587889397,100.0
350639,-5.733362985816423,-6.25312604545366,0.0
350692,-15.819040449838306,-15.977332838151835,4.0
350718,-11.802951679316699,-11.941262272478344,3.0
350798,-66.32955541451408,-64.90520184677477,28.0
350854,-48.15362944223209,-46.67976150441262,14.0
350983,-11.495936874355287,-11.70994441483373,3.0
351039,-10.833176072737466,-11.060815728476713,2.0
351053,-11.713031214969549,-12.129874681097613,3.0
351112,-24.093335835278783,-24.472400273793788,6.0
351204,-9.498959854881743,-9.584100593833895,2.0
351286,-38.15071929800169,-38.128216764798445,15.0
351313,-4.94294944482254,-5.038626052538508,1.0
351335,-21.24362034603466,-20.56563190378367,7.0
351443,-13.039763406598198,-11.56238405391764,3.0
351542,-5.0775714784285135,-5.041032798998558,1.0
351624,-16.20913258424497,-16.657273689915478,4.0
351682,-49.77931230196223,-48.81755385687029,17.0
351700,-35.41890204992913,-35.42758952410513,12.0
351712,-8.586613349513598,-8.683989504684439,2.0
351770,-8.605934386839255,-8.594696867181241,2.0
351858,-107.16577222564729,-94.24142532165061,26.0
351883,-2.3924885456149223,-2.8376512115874166,0.0
351886,-43.68706389981708,-43.84780555632781,17.0
351915,-2.088772687414786,-2.088772716708563,0.0
352170,-40.72461084545701,-38.48862621284222,11.0
352307,-90.88774956849578,-90.32643659643759,41.0
352308,-16.647133540807083,-16.71100270992994,5.0
352539,-7.462101149361941,-7.620486795351391,1.0
352574,-5.12593126941615,-5.264918380711049,0.0
352717,-0.8902935406937332,-1.0032767691739053,0.0
352721,-2.088772687414786,-2.0989921281508583,0.0
352836,-3.303636120215332,-3.343711227617638,0.0
352963,-9.342676651119389,-9.324627861017872,2.0
352999,-5.191352690689291,-5.33419107461285,1.0
353043,-12.266977200930976,-12.593601285051996,3.0
353414,-31.803428281105635,-31.148781678396155,7.0
353433,-17.238835307826147,-17.403149898315537,5.0
353533,-1.6592209734569363,-2.0898186647335666,0.0
353553,-47.72541213523253,-38.81246810879376,9.0
353591,-15.543711447546482,-15.28245603500784,4.0
353594,-11.060294059519556,-11.23223576957728,2.0
353664,-114.9418963189911,-106.80657629611396,64.0
353668,-9.084066550813858,-9.261255173862668,2.0
353719,-12.626564713549127,-12.945395939883415,3.0
353761,-20.55640194405598,-20.372515156387585,5.0
353811,-20.235025641568427,-20.361102632892685,4.0
353889,-26.30399180388112,-26.455282697197624,5.0
353905,-49.983331326489214,-48.80117606559653,24.0
353943,-29.441760922532225,-28.902394981076824,9.0
353961,-30.15109498646791,-30.468423133417613,8.0
354040,-5.6335111829887925,-5.709262916206731,1.0
354196,-39.872696011051175,-40.14951365244059,16.0
354228,-1.177625112814377,-1.1845453571110671,0.0
354404,-14.674197647995765,-14.67032862712276,4.0
354426,-87.58263361126632,-87.26099949826863,54.0
354471,-26.989699665286793,-26.825346423118557,7.0
354478,-23.319336413494792,-23.310878577495384,7.0
354619,-34.79368527449076,-31.624128616875318,10.0
354970,-12.283472466396937,-11.963555950147638,3.0
354990,-32.16490948595346,-32.32803453311593,12.0
355027,-5.052845898334015,-5.178587598794349,1.0
355037,-43.46394330338971,-43.6656174229113,7.0
355052,-34.35705507062592,-34.53768621732662,13.0
355064,-11.93903101482294,-9.868167047085024,3.0
355262,-4.675856632444711,-4.710465828658563,0.0
355363,-12.14617905309015,-12.486780627945075,3.0
355377,-15.129043821051244,-15.138852104642435,4.0
355455,-16.155247561217315,-15.884763173969723,4.0
355586,-5.051948929814903,-5.583025818632362,1.0
355587,-30.445509148182474,-30.171992961951574,10.0
355651,-18.954041715536853,-19.144550383554378,6.0
355672,-20.005666589707285,-20.38290353650917,2.0
355783,-5.483108766235657,-5.382546118505622,1.0
355795,-25.242990970031144,-21.954993329713655,6.0
355981,-26.775902303579365,-27.03258098973179,8.0
356031,-9.43424954119443,-9.657739869866843,2.0
356070,-27.50701436015264,-27.23868786092375,9.0
356184,-1.7850568292146498,-1.928579480923856,0.0
356278,-32.72596421868738,-29.18033952542404,6.0
356347,-6.760274196260275,-6.909157296786979,1.0
356385,-19.246138497996995,-19.710301804406093,6.0
356477,-6.340794702216695,-6.406264479432418,0.0
356488,-2.3924885456149223,-2.476108118018741,0.0
356630,-16.987814712942836,-17.02054922443673,5.0
356712,-1.7850568292146498,-1.796337630593617,0.0
356730,-14.60761045825306,-14.844977723241163,4.0
356861,-17.62447449841672,-17.04624118622846,5.0
357042,-14.202030801757738,-14.187795167487316,3.0
357090,-40.61722680200593,-40.045130117028165,16.0
357173,-26.505690177998726,-26.832702583162,5.0
357273,-54.95831760881378,-54.00426265359472,24.0
357322,-1.7850568292146498,-1.837393622417795,0.0
357375,-112.40785369349695,-113.87423252539119,38.0
357582,-28.46051108326436,-26.551770255775555,7.0
357595,-73.35401555050981,-72.51358683387733,50.0
357623,-11.68173636300646,-11.75475758436994,3.0
357837,-14.545600441722485,-14.760145387895394,4.0
357844,-2.9999202620151957,-3.0205176184736406,0.0
357898,-2.220149202171447,-2.226962151297675,0.0
357908,-8.542812658995473,-8.69251093269046,2.0
358008,-5.830692926998723,-5.870440875352499,1.0
358066,-1.7850568292146498,-1.872742387438671,0.0
358123,-9.504798699798853,-9.583543167315083,1.0
358227,-16.920459485246443,-17.123798314227102,4.0
358481,-7.036929188826616,-7.093385212309996,1.0
358771,-29.544431949333116,-29.156904299732716,8.0
358928,-23.282179167539226,-21.76412447151572,7.0
359132,-11.626808003849339,-11.688148529675576,3.0
359211,-2.6962044038150594,-3.1877868114155268,0.0
359239,-21.897383782698633,-21.712806848650636,7.0
359298,-17.448206607971915,-17.54676751897817,5.0
359378,-3.607351978415468,-3.968278959253874,0.0
359515,-41.26312282698839,-36.86501486450584,10.0
359583,-11.64370001225807,-11.746370561345346,2.0
359935,-81.7988840053538,-78.48047262556584,39.0
359986,-7.251942276817105,-7.590237156286524,0.0
360181,-22.46569296084939,-22.545043410546988,7.0
360330,-8.731772611388847,-9.067312600582992,2.0
360340,-38.27738072789394,-38.65732353306678,17.0
360413,-4.518499553015877,-4.723210735162884,0.0
360455,-31.759292678519348,-30.638025714947805,10.0
360499,-18.397921692232917,-17.516598304211023,5.0
360562,-35.51919695680997,-35.17202763462409,12.0
360639,-25.98514858986277,-26.52848346530995,4.0
360773,-16.991005691556754,-17.033122240793787,5.0
360791,-1.4813409710145136,-1.5946086213908321,0.0
360809,-10.11698187678747,-10.189289200566657,2.0
360840,-24.319256505073525,-24.480042797130125,8.0
361056,-4.822215411216014,-4.942854436283506,0.0
361240,-6.061906407351035,-6.264787854794875,1.0
361248,-84.63174268933277,-82.12810693891286,60.0
361436,-62.80118118604949,-60.48324981483178,25.0
361446,-11.484823652587561,-11.70683865712161,3.0
361523,-103.43264440522914,-98.23557507118588,40.0
361554,-2.088772687414786,-2.2924027118880645,0.0
361581,-8.528859922654796,-8.665159047242275,2.0
361701,-1.2799175959523963,-1.2833240709469678,0.0
361707,-11.65978920298571,-11.899617533602594,3.0
361768,-12.70401683490226,-11.300282435564041,3.0
361808,-5.180800906682654,-5.230155532726045,1.0
361879,-48.52402635607198,-49.155048018711184,14.0
361892,-22.076330937909432,-22.007266789398017,6.0
361962,-17.545659638133696,-16.72169942257748,4.0
361979,-14.990893037779502,-15.229037056740726,4.0
361998,-28.047128601202154,-27.141785446168768,8.0
362050,-8.557066663887566,-8.617676910601036,2.0
362171,-0.8739092546142408,-0.8841286795979548,0.0
362288,-20.501533305314886,-21.129818138976177,5.0
362338,-25.409730947261448,-24.851397297110555,8.0
362361,-52.98829943879389,-52.32054370902888,15.0
362529,-20.298695713996278,-20.38690736263776,6.0
362640,-18.665948023979468,-18.81977846718587,5.0
362737,-25.83789338500972,-25.924744127577384,9.0
362824,-2.088772687414786,-2.3318873830706224,0.0
362829,-23.845117476032303,-23.88740279609904,6.0
362849,-47.15435931610073,-43.99453866572743,13.0
363047,-14.463537155549645,-14.83612370550384,2.0
363052,-60.112152155177014,-58.08443615081543,28.0
363142,-1.7850568292146498,-1.9108565681884395,0.0
363164,-43.15442083281199,-40.83124480824313,10.0
363328,-51.81140119165845,-50.27201434344432,23.0
363399,-16.502950096265575,-16.647704527511614,4.0
363407,-38.62699751905725,-31.21240024275915,8.0
363435,-47.41550449473521,-43.24794678600152,16.0
363719,-17.605010807349906,-17.796195085753364,4.0
363726,-16.621148128467382,-14.392970817184688,3.0
363749,-86.55508697813538,-68.9921172729164,18.0
363763,-16.18619467344608,-16.131664604062195,4.0
363870,-11.670887174427818,-11.385006050026286,3.0
363908,-50.69825372294264,-45.3389021431477,14.0
363941,-8.732367387493388,-8.720630157571387,2.0
363968,-16.00293875503878,-16.084172919459924,2.0
364047,-5.166772657390955,-4.943860098330194,1.0
364137,-25.815723047583756,-26.13887870530961,9.0
364198,-14.480914190817128,-14.658811699692379,4.0
364357,-15.29017324746419,-14.697578310031496,4.0
364463,-2.3924885456149223,-2.474221298197024,0.0
364472,-31.1060343522001,-31.336364961111762,11.0
364485,-35.43324515054261,-35.617769831020084,13.0
364520,-58.072092863446336,-58.941345190497834,10.0
364525,-25.769559234667103,-18.785580019365206,5.0
364537,-6.079094503296826,-6.16692769615114,1.0
364649,-23.526526632487414,-23.48466948582122,8.0
364706,-15.494569129903097,-15.54261381247763,4.0
364734,-17.508718242910007,-17.07592524084924,5.0
364737,-17.905956952766267,-17.650200504615764,4.0
364769,-40.86338879574092,-40.643856835808634,19.0
364875,-5.4405211452765725,-5.523026155974008,1.0
364996,-5.564798788216254,-5.583076133249022,1.0
365002,-2.6962044038150594,-2.87597075127942,0.0
365023,-25.992341104908533,-25.898508419429554,7.0
365134,-7.0490889245276875,-7.124804215208057,1.0
365141,-10.34732092094742,-10.46633232191977,2.0
365189,-23.56044479169594,-23.756384116108208,7.0
365307,-19.50318678567147,-19.954581689835575,6.0
365309,-11.466898149455913,-11.017696201880828,3.0
365342,-24.862635735633393,-24.497444498697604,8.0
365518,-22.045068977983302,-21.21818181425324,5.0
365550,-8.42964504772506,-8.62264327290166,2.0
365575,-49.17946266553261,-48.82028861922189,18.0
365739,-1.177625112814377,-1.2835363267085433,0.0
365825,-45.776248837785985,-45.00163380598373,19.0
365915,-23.702520303557947,-22.828731877622037,7.0
366003,-17.8244873790788,-16.794105827652448,4.0
366315,-25.719407542579678,-24.56489144112306,8.0
366429,-10.28984712898333,-10.406694800414119,2.0
366675,-24.24043834643879,-24.50381619177903,8.0
366749,-15.26718203666274,-14.702866477314247,4.0
366751,-12.322070801829362,-12.558730002523866,3.0
366758,-12.9501956687358,-13.017811066438075,3.0
366881,-50.81416468918158,-50.3877094862665,15.0
366928,-71.85785373003627,-69.57537434716299,33.0
367063,-26.546022228980096,-26.062978239668222,9.0
367130,-12.55628947386653,-12.769184511370288,3.0
367136,-9.118393198843066,-9.186476775990574,2.0
367262,-1.177625112814377,-1.1989193179367337,0.0
367279,-37.19403323673196,-36.36142195478409,12.0
367640,-5.004114209566501,-5.069532891202083,1.0
367863,-5.12593126941615,-5.470603782998461,0.0
367946,-1.177625112814377,-1.2194353901251247,0.0
368036,-5.116061853785183,-5.2015881066723235,1.0
368047,-20.783194584894627,-19.904511852822335,6.0
368190,-5.058812378900626,-5.162347742636379,1.0
368370,-0.266477538213968,-0.2732630434582817,0.0
368376,-5.12593126941615,-5.2519749897412495,0.0
368394,-20.454849556457365,-19.747143653596687,5.0
368471,-1.4813409710145136,-1.671877533842619,0.0
368563,-5.096425746525451,-5.1495736728965245,1.0
368599,-1.177625112814377,-1.277394804472823,0.0
368602,-17.27587512329272,-17.508893246796468,5.0
368702,-36.40394078857875,-36.91964211436054,13.0
368816,-11.811991246941158,-11.684903244579656,3.0
369012,-27.02979030057821,-27.08527303164657,9.0
369013,-5.117472429955578,-5.257451019806974,1.0
369034,-9.244452556126834,-10.067487979064087,1.0
369068,-6.099856817818513,-6.2094337270128905,1.0
369092,-10.407713840870796,-10.539168368239569,2.0
369241,-49.63756996146466,-49.514272471998304,21.0
369243,-25.236306343327794,-25.31593197481143,9.0
369473,-34.10131004917777,-32.66771493675026,10.0
369612,-42.950646786886644,-43.02132562656629,17.0
369757,-122.07099602671086,-112.72415004236397,42.0
369827,-35.6228426887257,-34.669727622016744,10.0
369869,-36.70661492860588,-35.829954527279135,12.0
369893,-4.927349506249577,-4.602385278886434,1.0
370118,-3.607351978415468,-3.65242026452195,0.0
370207,-14.222196344785575,-14.405832900121517,4.0
370208,-11.779442005119444,-11.697125856945254,3.0
370212,-33.743147010320875,-32.956301503569975,12.0
370255,-5.057577898311472,-5.1624551724011924,1.0
370265,-1.1833595781272106,-1.1893310800184822,0.0
370331,-9.743201915198505,-9.834570507809014,2.0
370498,-8.701625254676115,-8.782758067174644,2.0
370507,-2.6962044038150594,-2.969645264306906,0.0
370662,-9.027616889973139,-9.029131792500896,2.0
370878,-1.2433881195904253,-1.2692503301688933,0.0
370932,-56.99175627747992,-57.435546227815365,22.0
371033,-15.6416237519058,-15.867843631926121,4.0
371043,-32.18102230963881,-29.852647951469198,9.0
371070,-2.088772687414786,-2.1019069482966883,0.0
371123,-17.857766159860113,-17.865164506215972,5.0
371164,-51.98967599986091,-52.37013500794803,19.0
371173,-29.74571873380159,-29.52535430820694,11.0
371193,-26.38657362093573,-24.74663495806417,8.0
371202,-24.78766480963208,-25.141524417081158,7.0
371267,-29.88433180099839,-28.066818290730986,8.0
371326,-1.7850568292146498,-1.8986097874256056,0.0
371341,-2.6962044038150594,-2.8326730374571003,0.0
371539,-19.740755473124235,-19.68160228112326,6.0
371573,-1.7850568292146498,-1.8088980744882595,0.0
371771,-39.06372074549648,-30.95012927888756,8.0
371825,-1.177625112814377,-1.27685928684665,0.0
371839,-46.918376206392345,-46.582459116769,21.0
371905,-26.082712094310615,-26.895345078372653,7.0
371951,-45.46767508826434,-37.90716875157155,8.0
372088,-38.52646864741975,-38.500820385049856,14.0
372112,-24.659272489526675,-24.45602411298171,7.0
372115,-23.669950331437853,-23.376460003427244,7.0
372134,-1.177625112814377,-1.245754618843585,0.0
372219,-8.61828471050599,-8.533977614643497,2.0
372328,-33.39552086447155,-33.749223705560986,12.0
372437,-28.527830234827377,-28.81448055861766,7.0
372503,-25.460838187007774,-25.845969143569757,7.0
372626,-38.22471046091935,-38.70326045996135,13.0
372717,-25.743438229153032,-25.403883524168336,7.0
372748,-5.2128271220326585,-5.294468005111917,1.0
372775,-34.0822805052191,-31.61730687383289,11.0
372778,-1.5091135505154465,-1.8706301426137057,0.0
372786,-18.624598878586575,-18.320379619008502,5.0
372886,-2.147932654312294,-2.1663622364190993,0.0
372958,-37.38129194401096,-36.306527597156396,13.0
373129,-12.47754817661435,-12.569695544371761,3.0
373149,-23.81399439366553,-23.240837266415816,6.0
373301,-12.606042389305392,-12.872101640396854,3.0
373546,-29.431811833304085,-29.53914979646193,11.0
373551,-6.636624814650745,-6.758813647659844,1.0
373828,-11.779017512233786,-12.094225967364334,2.0
373844,-16.1026460720875,-16.2384999714486,4.0
374080,-1.4813409710145136,-1.5225393334115964,0.0
374136,-28.047292663303708,-28.25382200645965,8.0
374321,-36.746926414840296,-34.5231184104304,8.0
374490,-13.10170815198171,-13.436598722944801,2.0
374564,-19.703382161311406,-19.959670268336325,5.0
374814,-9.708156150092421,-10.183337515561668,2.0
374964,-5.6335111829887925,-5.967616785266243,1.0
375024,-4.9791700905721905,-5.040947165765326,1.0
375087,-5.827111771071988,-6.051880186841064,1.0
375168,-39.86543229183767,-38.506633406020654,13.0
375174,-30.081498240437135,-30.04015996799597,11.0
375312,-8.759932226559275,-8.968032410611652,2.0
375375,-56.28537048257271,-56.81346515155182,27.0
375473,-11.482194393348994,-11.673855996123475,3.0
375480,-5.133080292239298,-5.145507458298827,1.0
375605,-10.440822207187418,-10.631141897002738,2.0
375634,-33.88910626913024,-31.1482799002474,7.0
375647,-22.285809845360493,-21.12554562255478,4.0
375909,-1.4813409710145136,-1.5480790226977645,0.0
375940,-8.889030353300322,-8.988395445420394,2.0
376078,-28.477229082544554,-24.824089215505456,7.0
376142,-21.41479260015168,-21.101188586869643,7.0
376222,-30.7445825854446,-29.33321094778273,8.0
376393,-143.07732576794575,-99.29201374877852,25.0
376449,-10.167002426357309,-10.340749009563613,2.0
376525,-52.51602247301847,-52.56285516286681,21.0
376666,-14.450010900512906,-14.626207947366222,4.0
376729,-1.177625112814377,-1.2826497976385305,0.0
376776,-11.558598477748212,-11.7544216786735,3.0
376861,-45.0756434171009,-46.29632504369219,17.0
376919,-1.177625112814377,-1.213440150122777,0.0
377021,-6.948226418616968,-6.996202745131314,0.0
377172,-13.546149078883378,-13.805627544113566,3.0
377223,-12.572602023290376,-12.567423457189726,3.0
377254,-48.987198606528914,-46.67421756770155,14.0
377306,-2.9999202620151957,-3.1067729946293907,0.0
377450,-26.68975720162583,-26.93347160065561,0.0
377539,-2.147932654312294,-2.1919199741614257,0.0
377601,-2.9999202620151957,-3.0544335889586063,0.0
377738,-14.805446450686324,-15.391711195439486,4.0
377819,-14.950177594545979,-14.693169129283557,4.0
377831,-9.599562241117995,-7.703332393253855,2.0
377843,-12.044273240599278,-12.434256359532618,2.0
377853,-45.093237924366186,-45.67510383361036,18.0
377874,-9.618016700741865,-9.784680632731016,2.0
378002,-39.84914778933195,-40.26811338888289,10.0
378032,-12.524459820087142,-12.899309344978795,2.0
378043,-11.614182915717782,-11.588694137916676,3.0
378208,-5.051347509300618,-5.119716007429273,1.0
378249,-18.51625106974634,-18.738907855677724,5.0
378269,-2.3924885456149223,-2.454280644263621,0.0
378276,-23.054392754199952,-23.24650069183623,6.0
378297,-17.831096571779405,-17.95885518440342,4.0
378319,-0.266477538213968,-0.7186622791725878,0.0
378340,-9.908933497936292,-10.176911451915549,2.0
378836,-23.385368558889322,-23.10533064004773,7.0
378879,-3.303636120215332,-3.309606267116533,0.0
379026,-97.29465367831342,-90.17180391408009,21.0
379162,-15.174408802613096,-15.535678218656605,3.0
379203,-9.375501361527958,-9.608689111174506,2.0
379287,-12.246906818627316,-12.332232427388792,3.0
379314,-48.733621996419316,-47.88832970937069,20.0
379364,-12.568986415719737,-12.584704826897497,3.0
379477,-69.74165331893578,-66.36673479529705,24.0
379518,-8.160961806864606,-8.329048097966886,1.0
379569,-6.129017165553716,-6.292499857516727,1.0
379579,-2.3924885456149223,-2.457992364739253,0.0
379608,-27.700506893325944,-27.570843511622382,9.0
379867,-69.16199749546892,-68.03699054813805,33.0
379896,-1.4813409710145136,-1.5175214614617907,0.0
380227,-0.5701933964141045,-0.7371589354840502,0.0
380420,-26.40054037828624,-26.185919992751202,7.0
380427,-6.250155217259061,-6.463249707691069,1.0
380555,-1.4813409710145136,-1.4987336496800072,0.0
380585,-14.30233498622569,-14.05174587301145,4.0
380590,-2.067359211910339,-2.2035652650700683,0.0
380611,-1.177625112814377,-1.3259236791497226,0.0
380618,-22.26660964643693,-22.448600318694215,3.0
380644,-68.37658135229364,-65.50043484082624,39.0
380728,-22.4222638910146,-22.680256285354954,7.0
380806,-39.73959297465238,-38.488466672532915,14.0
380839,-17.37541837241811,-17.717348451293525,4.0
380862,-10.178141228899332,-11.309475618413536,2.0
380883,-4.989319647917328,-4.776407319295646,1.0
381041,-14.857928510708273,-14.696144557695002,4.0
381082,-15.118067417273034,-15.179664350927577,4.0
381265,-29.562541646803915,-28.05883596695769,8.0
381546,-1.4813409710145136,-1.4934203793782783,0.0
381926,-5.102886605633265,-5.279678128065713,1.0
381944,-12.272657305318827,-12.394778034888118,3.0
381990,-32.86946754294308,-33.52936757087836,6.0
382082,-14.119796787594654,-14.056683116649692,4.0
382251,-2.9999202620151957,-3.051988328135324,0.0
382322,-5.427323931355463,-5.251680826316787,1.0
382406,-42.03270360384775,-41.197529670839295,15.0
382492,-14.426692637581239,-14.512088086576235,4.0
382596,-47.04657170420958,-46.7348930005847,10.0
382782,-9.754336629199807,-9.378444272868723,2.0
382887,-14.806449448510024,-15.063621250210948,4.0
382958,-5.12597323376819,-5.430609125107161,1.0
382966,-40.302944607771366,-39.125712084791616,14.0
382973,-12.585266819553087,-12.703188396911951,3.0
383097,-4.987879436964805,-5.144667182840816,1.0
383207,-23.91641916618039,-24.09030161121282,6.0
383222,-32.9286095989705,-33.55108227126667,13.0
383388,-2.088772687414786,-2.3395233122587125,0.0
383463,-12.011305971738311,-11.35756510037836,3.0
383583,-5.0042138182440565,-5.081357816108081,1.0
383741,-11.456308975761996,-11.577841701134059,3.0
383777,-4.969887973140411,-5.082220076285507,1.0
383812,-0.5027811334801452,-0.5242853385423103,0.0
383838,-15.848954250535433,-16.226842959169016,4.0
383844,-3.303636120215332,-3.3418208437175907,0.0
383990,-8.163089851417514,-8.166817066534556,0.0
384087,-2.3924885456149223,-2.607755465373114,0.0
384102,-5.052845898334015,-5.1748246044177275,1.0
384300,-1.177625112814377,-1.1956782502485965,0.0
384315,-34.08640908766389,-33.891425486741824,12.0
384337,-54.67023252831493,-54.48105773317205,27.0
384545,-6.4110500261885885,-6.680876353895582,1.0
384591,-5.131383795438192,-5.240412289633461,1.0
384808,-12.271716992972946,-12.384260834414318,3.0
384928,-37.733438543394065,-36.73926771225093,13.0
384992,-15.26237353547328,-15.337970216480388,3.0
385009,-5.322678124396068,-5.276424796928156,1.0
385109,-0.8739092546142408,-0.9666415930700565,0.0
385151,-12.46109730095724,-12.529693022429777,3.0
385309,-10.4986231256754,-10.626311800117717,2.0
385317,-12.12801350673184,-11.823417132783915,3.0
385326,-5.115002849215627,-5.2205934777128205,1.0
385452,-6.735744295306444,-6.7837480001873365,1.0
385455,-39.589102107778736,-36.3388843574636,11.0
385458,-17.35394641804609,-17.53902452058928,5.0
385613,-10.977336144381956,-11.216282964413027,2.0
385645,-46.45250334895566,-46.746351275609044,12.0
385885,-14.611831306237464,-14.83136927049679,4.0
385914,-6.923425283834098,-7.007804427708803,1.0
385977,-44.10231499245967,-42.66493902679304,14.0
386078,-5.6401285995718835,-5.754991884605334,1.0
386082,-11.975623501827782,-12.301535843568542,3.0
386086,-11.88533852323597,-10.995216362277308,3.0
386200,-35.13647742744834,-32.33015606235664,10.0
386250,-17.8228649430519,-18.081273329641448,4.0
386278,-1.7850568292146498,-1.8126864968258527,0.0
386291,-12.119724409171909,-11.227495448731425,3.0
386324,-21.610956903277756,-21.280125795491397,6.0
386635,-5.078382122905173,-5.124921477350177,1.0
386666,-12.35914495325811,-12.278411215387669,3.0
386997,-78.96862466743687,-79.38670741443445,46.0
387065,-5.668812062566051,-5.729894288308073,1.0
387166,-23.190012705210542,-23.224629701699094,7.0
387177,-1.4813409710145136,-1.6553996012965535,0.0
387380,-5.146760168748891,-5.147507879082501,1.0
387390,-12.045955429982495,-12.04387600649556,3.0
387522,-36.899802713055266,-36.99319827624644,15.0
387546,-5.819708320088983,-6.008967501701845,1.0
387553,-0.8739092546142408,-0.9598720572159403,0.0
387599,-2.088772687414786,-2.183778690812203,0.0
387763,-20.945959706851813,-21.25597409699487,5.0
387785,-16.121761869215426,-14.43316440701806,3.0
387800,-1.5734119085628853,-1.6691678508434868,0.0
387972,-43.08279807481438,-42.481646724262234,17.0
388086,-0.266477538213968,-0.3194336981064598,0.0
388147,-18.86571488355927,-19.016883448403014,6.0
388403,-7.255040702421009,-7.5432087046913985,1.0
388456,-38.43741613476627,-34.984283396685896,7.0
388472,-17.66212243509236,-17.235917779731796,5.0
388476,-39.04211850813849,-38.46349151018766,14.0
388618,-58.28558147151098,-50.102630302675195,16.0
388818,-9.069594864461008,-9.302871317575153,2.0
388839,-8.736741128934842,-8.837924439787042,2.0
388841,-1.923718112949924,-2.677672519734735,0.0
389053,-6.790972511223983,-6.908637480289703,1.0
389081,-9.22665496630872,-8.78502479255086,2.0
389133,-8.52271339610906,-8.631859976080639,2.0
389380,-5.0070264637789945,-5.170358435991515,1.0
389464,-11.699606839316507,-11.431070218684091,3.0
389471,-20.01147177521293,-19.677370663935676,6.0
389477,-28.460869344962923,-26.37536934057934,8.0
389581,-1.177625112814377,-1.3048468545987475,0.0
389674,-9.548359439510172,-9.723936814472028,2.0
389700,-15.274653315796726,-14.934300988580222,4.0
389871,-5.256974699460587,-5.39500627369636,1.0
389961,-18.703592280886202,-19.052067291303324,4.0
390066,-5.223745493858919,-5.265033295411701,1.0
390099,-14.5135662277075,-14.612209433946436,4.0
390136,-22.776021020675813,-22.553516935759053,7.0
390179,-23.89976339417952,-23.61334251258827,7.0
390217,-17.878574220437883,-16.84889291296819,5.0
390218,-9.44966367852961,-9.357814541454346,2.0
390223,-6.561551381935273,-6.839706466869991,1.0
390267,-4.928528847490942,-4.944471309810546,1.0
390270,-44.677586396919835,-44.53072058624869,17.0
390647,-41.180841982503225,-36.92070529332584,13.0
390697,-12.098601734767652,-12.216009724589233,3.0
390719,-28.352792190686824,-28.52653703776715,8.0
390976,-17.21377361747299,-17.593748035484715,5.0
391046,-14.161053026631954,-14.059295654412312,4.0
391050,-0.5701933964141045,-0.6013221435440214,0.0
391065,-47.861173333324466,-47.526549682632144,9.0
391165,-1.177625112814377,-1.1979762458564769,0.0
391211,-11.802062733943371,-11.33568677624966,3.0
391291,-18.24062613590565,-18.49842374896875,5.0
391349,-9.347026088621167,-9.606773851903652,2.0
391362,-5.494957599330331,-5.475545906890475,1.0
391384,-48.631122716670305,-48.68525774475113,13.0
391412,-1.6238133808992854,-1.668151413484538,0.0
391426,-5.359416569465543,-5.4132451640741275,1.0
391560,-44.451050172591145,-41.45128451898978,11.0
391698,-9.040984958087346,-9.099943244802953,2.0
391790,-22.74519584623058,-22.43762622994013,7.0
391834,-16.59439256676478,-16.717716505713426,4.0
391988,-9.830678113403373,-9.692756302632747,2.0
392002,-113.52750300384491,-109.90517138502035,57.0
392081,-27.194304023605696,-27.440749780052677,9.0
392163,-0.8739092546142408,-1.0720380847079356,0.0
392198,-6.047660296248917,-6.190622989551169,1.0
392201,-5.123217494249653,-5.20697877056842,1.0
392309,-23.1322076494746,-22.480321378987316,7.0
392423,-3.9713814494406745,-4.089312902120219,0.0
392467,-42.42080795590219,-40.28833752909051,10.0
392668,-45.97427010985158,-44.97717021495592,19.0
392753,-21.57222727417571,-21.406300467937317,7.0
392798,-21.947866441719874,-21.879150901057617,4.0
392811,-54.48363149576668,-49.0609394012184,15.0
392826,-9.05704544158798,-9.092172112827086,2.0
392881,-30.956434841753076,-30.948810502349154,12.0
392969,-15.206021530758074,-15.388654186177511,4.0
392995,-1.4813409710145136,-1.607613274354469,0.0
393106,-13.093747026246696,-13.170875447286225,3.0
393413,-5.269431122215536,-5.340529027915821,1.0
393534,-8.833227016332243,-9.03166370626039,2.0
393613,-1.4813409710145136,-1.5700882703523629,0.0
393678,-31.0228367284359,-30.97556868359099,9.0
393743,-45.942562286707904,-46.58809264653426,12.0
393828,-3.8865126612647236,-3.915907502641204,0.0
393980,-2.3924885456149223,-2.610459185627742,0.0
394057,-1.2054698242894017,-1.2294185360193628,0.0
394118,-12.963218750819605,-13.112793863372707,3.0
394136,-8.487225150244818,-8.302778780123905,2.0
394192,-45.21881354477058,-44.66570066760546,15.0
394226,-1.7850568292146498,-1.7910313646651208,0.0
394357,-4.939191436379763,-5.047654017802567,1.0
394440,-16.77933279568309,-16.96037903017222,1.0
394607,-74.1980287378411,-74.4062910087746,41.0
394758,-11.600083062871125,-12.071688093076071,1.0
394825,-18.547148413241874,-18.642227077802016,4.0
394833,-24.39970849820021,-24.365138059998845,8.0
395036,-5.022981977028399,-5.130553536243953,1.0
395037,-29.332021086220788,-28.82595816671973,7.0
395042,-34.46642928536066,-34.811979572541055,12.0
395140,-4.995562674420425,-5.313979148397475,1.0
395248,-13.72928396862407,-13.787810807608162,3.0
395313,-62.28070592881696,-60.28042909423772,14.0
395323,-3.3871213574516594,-3.4608640667546298,0.0
395451,-54.98452512747394,-54.49256874016281,22.0
395462,-18.059924730542484,-18.305504639134096,5.0
395535,-3.303636120215332,-3.5028491105756836,0.0
395629,-26.66098493387749,-26.53190677384162,8.0
395801,-5.231984579705419,-5.303477411861201,1.0
395861,-8.552276036618345,-8.32207267233401,2.0
395895,-12.207572379882135,-12.268817616523227,3.0
396334,-2.3924885456149223,-2.436563196622511,0.0
396402,-1.4377573591600905,-1.5231125179871563,0.0
396403,-4.924508577279718,-5.058530846177034,1.0
396635,-11.517912424870218,-11.636413940514174,3.0
396678,-3.303636120215332,-3.353791482710048,0.0
396705,-2.088772687414786,-3.6273135651485267,0.0
396749,-5.1830807779166115,-5.426529282188218,1.0
396801,-26.443920493138858,-26.30161929440608,8.0
396889,-88.16819749958916,-86.46473828226118,35.0
396938,-16.05609838187121,-13.754927897834811,3.0
396940,-25.431871203232262,-24.902508050791038,9.0
396987,-17.11568803169367,-17.1805030940233,4.0
397026,-26.840107631585735,-27.46077630117189,6.0
397089,-16.097523561349043,-16.655626863328337,2.0
397163,-3.911067836615605,-3.987168225351727,0.0
397196,-25.75260601893248,-26.035615761058633,9.0
397243,-2.6962044038150594,-2.716646913583948,0.0
397367,-58.683843739046566,-55.688547812207666,19.0
397371,-25.83014463222799,-25.86134180374858,8.0
397444,-19.885372699789073,-20.05168385286281,5.0
397457,-10.07893028165639,-10.155066829516372,2.0
397557,-22.274976280782944,-21.47360209735947,6.0
397633,-2.6962044038150594,-2.771868516463811,0.0
397693,-23.81382332176207,-22.10317598629297,5.0
397821,-10.634928974769325,-10.4483464278141,2.0
397833,-10.30929990873821,-10.409023578764927,2.0
397998,-10.915494768972806,-11.511838423816807,2.0
398076,-114.29428091377423,-113.96631229847898,40.0
398101,-40.039537837253995,-40.30388067606169,17.0
398208,-12.575755956338133,-12.794450118319538,3.0
398276,-10.84257769213669,-10.887352322126313,1.0
398321,-15.644677392382082,-15.412693883573455,4.0
398373,-9.377953284218059,-10.133442456168078,0.0
398415,-43.676183188864194,-40.78537451409223,17.0
398490,-13.265452942718396,-13.30968195956538,3.0
398852,-4.906643308804655,-4.720481641661204,1.0
398871,-7.251942276817105,-7.490553458258808,0.0
398954,-16.76009857898299,-17.049491644477822,4.0
398957,-21.190996863505266,-21.466189456910264,6.0
399222,-11.677605230581241,-11.705850003652728,3.0
399284,-10.163464317953542,-10.477160186746381,2.0
399395,-0.8739092546142408,-0.9769932684858926,0.0
399410,-39.45778194269001,-36.870191206247874,10.0
399581,-15.78038155738477,-15.839303746814208,4.0
399640,-40.5310720865837,-30.471512552323066,9.0
399662,-42.45591072656368,-42.089782990724586,11.0
399729,-133.3034072688028,-132.21246270091706,64.0
399759,-40.28785493227225,-40.638968125154804,9.0
399892,-12.601991285937554,-12.57426782522377,3.0
399906,-11.648733302533973,-11.744892515163045,3.0
399911,-20.813103667349903,-20.922266854741515,6.0
399938,-47.03621697575426,-46.2996997337584,19.0
400107,-9.030675797009822,-8.996328861904662,2.0
400250,-24.079021350962716,-24.375637235746087,6.0
400260,-1.177625112814377,-1.7492633383174756,0.0
400272,-16.69060425410634,-16.809762711950874,5.0
400327,-3.115794316328213,-3.665765907243004,0.0
400441,-12.741969176746494,-10.536697587140104,3.0
400473,-39.523185459936236,-39.910638519253844,15.0
400504,-19.167510913054276,-19.08636238575213,6.0
400511,-48.44578121102728,-46.89053726337562,20.0
400603,-21.920863773434608,-22.244523985760033,6.0
400664,-27.863790546952895,-27.448312718173916,9.0
400681,-21.3658874792596,-21.666355653621977,6.0
400741,-29.18076347401301,-29.218848519225986,10.0
400778,-1.7850568292146498,-1.7901665450544957,0.0
400839,-12.54146229210717,-12.639710837691418,3.0
400861,-16.54118227558305,-16.63148500724837,3.0
400994,-2.6962044038150594,-2.7648709927241804,0.0
401289,-40.95375204960835,-39.8324856261801,15.0
401352,-185.70127591999812,-182.66623142559698,45.0
401448,-27.068015976932884,-24.744666176163967,7.0
401495,-1.7850568292146498,-2.066771072108626,0.0
401585,-1.4813409710145136,-1.5774512841841715,0.0
401595,-33.36507291888776,-30.487788897560208,9.0
401613,-4.913466665636709,-4.984885323057372,1.0
401667,-6.813446459135221,-7.708290251921771,1.0
401694,-2.088772687414786,-2.123420574354162,0.0
401774,-21.354627847363215,-21.47814018463187,6.0
401814,-12.365045408513652,-12.36434718859758,3.0
401956,-11.813662942570895,-11.894951184969944,3.0
401979,-12.879274930499374,-12.334551738719465,3.0
402264,-9.532644422466444,-9.800170885559659,2.0
402368,-8.595264493337229,-8.703771962172553,2.0
402374,-14.518468953874004,-14.554498585021273,4.0
402411,-5.733362985816423,-6.02058032584516,0.0
402426,-43.221258133215365,-37.19773322801937,9.0
402560,-35.96179388307212,-35.47631203655644,13.0
402680,-1.8104923012447072,-1.9134266080392723,0.0
402772,-1.177625112814377,-1.9456574013449257,0.0
402787,-7.251942276817105,-7.531115025242132,0.0
402794,-20.976073651355836,-21.29411498822666,3.0
402830,-15.62276523440123,-15.797696731570445,4.0
403081,-23.05843139563954,-22.74138770428607,5.0
403128,-32.58811635790021,-29.985271875766152,11.0
403162,-4.2147836948157416,-4.215340817196159,0.0
403253,-8.74809243360526,-8.66704474218177,2.0
403321,-25.910460146952204,-25.844842355482097,8.0
403415,-11.720710052961644,-11.732394044135312,3.0
403621,-28.751363163916402,-28.539939206334413,9.0
404017,-0.266477538213968,-0.3586166948120181,0.0
404170,-35.109001122247214,-35.01173733989119,13.0
404280,-8.838680318403222,-9.00953043374489,2.0
404355,-4.782893020605263,-4.820830208506307,1.0
404389,-8.192452587778206,-8.33604121413274,1.0
404419,-18.17172614793421,-18.23181767101985,5.0
404465,-21.99419800024743,-21.861825664672683,7.0
404583,-2.471412931182396,-2.5405214297914367,0.0
404605,-1.4813409710145136,-1.534276735908001,0.0
404637,-14.338996503491675,-14.404658333369376,4.0
404919,-1.177625112814377,-1.2448682385772702,0.0
404928,-29.968311801632872,-29.156916749134737,9.0
405217,-29.34050981979673,-29.63415198237587,10.0
405242,-11.929452962108554,-12.192061109581946,1.0
405332,-5.412672479078364,-5.538866119179291,1.0
405333,-13.586722458185742,-13.673468832749844,3.0
405766,-12.100205981402986,-12.216281248472932,3.0
405801,-9.480938898509839,-9.642568778874574,2.0
406090,-27.22752539552592,-27.448761639266177,8.0
406109,-8.784061901345428,-8.44191493749726,2.0
406137,-37.494024867456176,-37.38426702755041,14.0
406320,-0.8739092546142408,-1.0307019330039802,0.0
406348,-2.9999202620151957,-4.021382853598108,0.0
406373,-23.277699922007827,-22.915456121443828,4.0
406414,-25.19584705512103,-25.444859753919033,7.0
406680,-1.177625112814377,-1.240645306409245,0.0
406701,-33.35650056249912,-33.223780840137145,12.0
406801,-0.5701933964141045,-0.6824490589986357,0.0
406862,-8.599914094631952,-8.615811918303645,2.0
406898,-8.488236259295604,-8.328204438794742,2.0
406909,-8.851820966155499,-8.87534350284274,2.0
407024,-5.12597323376819,-5.27621619304593,1.0
407135,-10.20962900182575,-10.335047648029184,2.0
407175,-15.29115008164576,-15.293369357985654,4.0
407321,-8.427328350897001,-8.499928318375108,2.0
407357,-24.940890741070625,-24.797598634393974,8.0
407366,-2.088772687414786,-2.202780738946188,0.0
407370,-13.195336020565355,-13.427243671105728,3.0
407378,-94.42609286216951,-88.47850968788997,24.0
407552,-25.04064514972665,-25.177262175705366,8.0
407677,-17.38779305161259,-17.640106974462423,2.0
407827,-9.135214918040734,-9.330730850274898,2.0
408007,-68.22048987737384,-67.24650822694079,24.0
408056,-52.85650280607409,-52.420498219780505,21.0
408101,-56.963116917137945,-58.06914725064431,11.0
408170,-19.040280047592496,-19.038028410802358,6.0
408270,-15.355077580838914,-14.796373740214372,4.0
408318,-4.9619819946264005,-5.106647957065424,1.0
408331,-112.88902429595112,-109.53955072520283,31.0
408413,-19.247704622222795,-20.581843967601543,4.0
408463,-63.97295119158934,-64.06961421793305,29.0
408468,-6.858793144502878,-6.9207548283693905,1.0
408500,-4.979116291304467,-5.0535466841284284,1.0
408563,-4.989319647917328,-4.895169652912969,1.0
408700,-14.609070783312212,-14.811201084111211,4.0
408758,-10.988211854724646,-11.100709057952745,2.0
408801,-34.283024574600354,-34.39095915152845,13.0
408826,-19.08127659076676,-19.28762190568269,6.0
408833,-6.249444116965957,-6.299878827468974,1.0
408860,-17.176905130836662,-16.92180824026777,5.0
408918,-16.93051026897018,-16.18998352596491,5.0
409010,-5.025292346494863,-5.299220832018301,1.0
409028,-43.31661200363046,-42.5786147719291,15.0
409251,-12.8124818763758,-12.375339913155917,3.0
409300,-28.98928126715958,-29.270048947725854,9.0
409310,-58.69888890844409,-53.416438513099266,19.0
409385,-26.583557948641417,-26.839450129098772,7.0
409512,-8.935598833150102,-8.779501681235761,2.0
409550,-12.112385822904546,-12.05555563282327,3.0
409609,-5.4333786765232865,-5.564831189102528,1.0
409678,-1.177625112814377,-1.18020348494536,0.0
409736,-16.811999743101552,-16.914774610837412,5.0
409761,-1.7850568292146498,-1.9163945983600703,0.0
409777,-33.28584901190358,-33.38562543376317,12.0
409876,-14.237584540404812,-14.392000474085037,4.0
409938,-18.66021129840912,-17.08012205545576,4.0
410071,-4.2147836948157416,-4.594458341329914,0.0
410096,-0.5701933964141045,-0.6013102704947062,0.0
410168,-14.967227931447894,-15.552634791131076,3.0
410187,-85.47300382741854,-80.42852644720917,31.0
410228,-15.195547725534754,-15.30953079280961,4.0
410371,-9.299697615999674,-9.498717107732574,2.0
410495,-0.9339073355424331,-0.937313825644811,0.0
410793,-2.088772687414786,-2.3314008788722402,0.0
410808,-12.609428808792243,-11.749763495079824,3.0
410826,-27.84951618395402,-28.1938956291693,8.0
410853,-54.387604145871094,-54.11662017979863,28.0
410975,-20.047152502102566,-19.862880984516128,6.0
411005,-18.31654941523121,-11.240409833596875,4.0
411010,-11.534830824267122,-11.697829290434445,3.0
411016,-4.950190565147365,-4.913471737600858,1.0
411019,-5.577808625456165,-5.357162787408614,1.0
411118,-0.8739092546142408,-1.2962766221421083,0.0
411186,-4.979116291304467,-5.214179248809486,1.0
411271,-2.6962044038150594,-2.703433530210942,0.0
411390,-35.09169563007099,-35.02933896437945,12.0
411397,-4.994434104298297,-5.054617261310002,1.0
411409,-22.734274217309604,-22.162845170019892,6.0
411412,-15.560259229128652,-15.793245374739303,4.0
411440,-4.534763590426128,-4.656982870477051,1.0
411564,-2.0129319222493316,-2.13899481916858,0.0
411634,-18.387480105863638,-18.669674228415154,5.0
411675,-11.869568395139863,-12.334786407623003,3.0
411842,-12.29928192051655,-12.434419571568748,3.0
411967,-4.518499553015877,-4.642101891609345,0.0
412028,-5.005369732719546,-5.09900716860133,1.0
412053,-49.86339503003979,-47.50091200934342,18.0
412175,-1.4813409710145136,-1.655167735080899,0.0
412183,-12.999199519843835,-13.20467908155763,3.0
412261,-1.502448762216766,-1.5238989610714664,0.0
412354,-4.9410947346878915,-5.098942104142652,1.0
412443,-9.86929250470853,-10.158003972699866,2.0
412636,-2.9999202620151957,-3.113525436223291,0.0
412668,-22.326916765092797,-21.218238478398515,5.0
413180,-25.91776827899215,-26.385720824325116,7.0
413216,-9.242871266697692,-9.378584216727015,2.0
413289,-29.69330336983057,-29.718910079731963,10.0
413297,-5.12593126941615,-5.12593126941615,0.0
413349,-6.511710062276552,-6.594008309068787,1.0
413384,-43.05335330410394,-41.61597407839541,15.0
413414,-5.907426985382938,-6.127866216595792,1.0
413423,-2.088772687414786,-2.171316467395957,0.0
413633,-8.657627544617345,-8.398235383321994,2.0
413672,-13.853691616933164,-13.493690036828486,3.0
413771,-32.99730377208954,-30.73871324745094,9.0
413820,-90.23685727925361,-84.20122576588844,33.0
413857,-8.64856083783977,-8.74609445640209,2.0
413939,-40.0909435701091,-36.740645181618625,13.0
413969,-113.26037037873652,-107.57667086220297,38.0
414156,-11.632429398397269,-11.716418761081227,3.0
414261,-26.468845678525753,-26.48411071425274,9.0
414295,-16.38499273780279,-16.659320159057415,3.0
414406,-1.177625112814377,-1.2881923960052049,0.0
414415,-8.994553673496805,-8.58168694592488,2.0
414441,-4.940364552884816,-5.30089136748827,1.0
414443,-5.352662781490464,-5.580010275790361,1.0
414474,-5.035297608251289,-5.152318803148681,1.0
414490,-34.6532684296943,-34.67629085970538,12.0
414631,-25.795716650717477,-26.679633678192545,8.0
414730,-0.8739092546142408,-0.9214886407671634,0.0
414815,-4.425153557526129,-4.46984757392588,1.0
414945,-34.57659227620433,-34.36959751149403,14.0
415067,-225.44397384517075,-228.4397138207549,103.0
415111,-22.233740162820993,-22.486460115639975,7.0
415207,-25.151274278500924,-25.766247099015,7.0
415486,-1.177625112814377,-1.2322908525308025,0.0
415562,-15.002633788366293,-14.26586130463289,4.0
415738,-1.177625112814377,-1.1844380627971751,0.0
415864,-44.54831845926483,-43.18301834765858,17.0
416036,-36.81183726428207,-37.047004670300936,12.0
416101,-35.32355515776331,-35.12041042799311,13.0
416269,-1.177625112814377,-1.3461100264467754,0.0
416387,-17.760291953520927,-17.275348738247033,5.0
416419,-17.70996053396118,-17.664210836108545,5.0
416563,-13.795662327951678,-14.048662650130723,3.0
416574,-50.56452745694557,-50.68867255368292,23.0
416595,-3.303636120215332,-3.458077463115468,0.0
416688,-9.852499544171106,-10.044278090904557,2.0
416829,-19.238588695994398,-18.422807949022694,5.0
416971,-8.655797283144922,-8.719071119401274,2.0
417061,-11.865671715878248,-12.111382251730882,3.0
417144,-26.610644845592162,-26.598931690874597,9.0
417261,-2.3924885456149223,-2.5764400456146475,0.0
417264,-1.7850568292146498,-2.1515644387302073,0.0
417465,-77.42097137255206,-77.20408823859754,36.0
417511,-38.65262314937955,-35.54772974905025,10.0
417628,-18.113006611963833,-17.566027816682297,5.0
417726,-9.290256752462552,-9.358698093864852,2.0
417797,-9.65503346721861,-9.613169483268805,2.0
417926,-21.355733522122108,-21.64442386980648,6.0
417976,-5.062046869554245,-5.266789081964838,1.0
418042,-6.915098246212038,-7.078526514073959,1.0
418086,-62.35613339392307,-61.929014725895044,25.0
418150,-28.501282945001304,-28.738499373628848,10.0
418273,-31.27920409688652,-27.958236400761074,10.0
418411,-27.192077691795348,-27.539668344249304,7.0
418516,-1.4813409710145136,-1.9666465731204432,0.0
418560,-1.7850568292146498,-1.8543841311503,0.0
418724,-23.531278600720782,-21.228261779606473,7.0
418783,-6.0803976774413515,-6.119364604546614,1.0
418788,-12.48062317052155,-12.283852785776304,3.0
418798,-27.054971151675513,-26.334390193017352,7.0
418803,-0.8739092546142408,-0.8739097768155014,0.0
418862,-4.679316985957784,-5.222329643909908,0.0
418949,-55.3924025714445,-51.523289019999794,21.0
419090,-7.555658135017241,-7.645713614547832,0.0
419138,-56.37424795185884,-56.26967841109467,24.0
419162,-16.111902159095433,-14.25151442395298,3.0
419367,-5.630136614243573,-5.79688007528635,1.0
419385,-16.850264187828305,-16.85072977417672,5.0
419386,-4.562487702023398,-4.593394449010521,0.0
419462,-0.8739092546142408,-1.0467788991720532,0.0
419473,-11.588226768387885,-11.4123023879202,3.0
419670,-0.9393514502218439,-0.9500820385240025,0.0
419811,-38.851192330940016,-38.137547119482605,17.0
419853,-11.910178263971337,-11.756595261027343,3.0
419860,-5.454415942721915,-5.552347586942222,1.0
419908,-30.3260463341912,-27.76606975889676,8.0
419975,-22.86794202903315,-18.179943815084698,5.0
420080,-12.730190030035583,-11.817827269070293,3.0
420226,-31.77493163138054,-29.794310554930085,9.0
420236,-23.1194865034801,-22.794337789536893,8.0
420274,-8.727761515100404,-8.798124034882086,1.0
420386,-0.5757442992725161,-0.6745164183413888,0.0
420464,-15.286119144371925,-15.358584027698369,4.0
420488,-8.555453167108167,-8.508998756727504,2.0
420550,-86.82489067927125,-88.13079671990515,27.0
420562,-5.391703957934419,-5.431712672315089,1.0
420592,-4.2147836948157416,-4.218196822885139,0.0
420636,-5.674841495768565,-5.807993920760394,1.0
420752,-29.021913912066186,-29.014138334722787,10.0
420803,-62.909133641193314,-61.697611653895656,27.0
420882,-22.052277292647368,-20.120434799175452,5.0
421013,-21.113756300995686,-21.237840949287186,6.0
421063,-5.129338042446404,-5.196406403663001,1.0
421146,-19.818674488943262,-19.906640496805185,6.0
421401,-24.895270917168574,-25.125471025308727,7.0
421419,-251.7134405107998,-211.1302031548428,80.0
421505,-5.011761635037316,-5.140846175203166,1.0
421531,-17.57947060467512,-18.34477373039751,4.0
421558,-16.887759265727123,-17.094467257105368,4.0
421581,-9.609518872885475,-7.998744672057773,2.0
421695,-15.680098836652283,-15.8070256512302,4.0
421740,-34.347271621595944,-34.585601069828705,13.0
421798,-5.6335111829887925,-5.6776615371337735,1.0
421799,-37.2844992834102,-36.93313449126736,15.0
421933,-8.203532447991654,-8.345420154039312,0.0
422182,-11.646898819738096,-11.128691065275754,3.0
422451,-2.3924885456149223,-2.39930149397973,0.0
422668,-9.709877093399,-9.479904910683189,2.0
422942,-0.8739092546142408,-0.9742297281705933,0.0
422966,-5.846224233005284,-5.925071834666803,1.0
423008,-8.539680038789827,-8.45256304729465,2.0
423277,-44.037334182128966,-41.393717383872215,10.0
423314,-2.109107146484394,-2.158291870852815,0.0
423315,-16.06180766793495,-15.339812380369331,4.0
423358,-0.8739092546142408,-0.9013178787068357,0.0
423626,-19.915877223038567,-20.080334319321054,5.0
423647,-11.531331551016208,-11.661731431055378,3.0
423749,-53.66793229560746,-53.36928419661731,28.0
423933,-36.03953539516556,-28.7926314594991,10.0
424007,-4.518499553015877,-4.740338644727462,0.0
424018,-13.00167520865018,-13.16085449809335,3.0
424035,-25.3549346990465,-25.614094287846378,7.0
424152,-1.4813409710145136,-1.5507531160414978,0.0
424197,-2.9999202620151957,-3.084892470449094,0.0
424214,-12.722256167498491,-12.550052682008936,3.0
424243,-6.781436854805804,-7.399910799303897,1.0
424369,-9.007894302996014,-9.334612420920383,2.0
424373,-55.94964852152884,-56.43420138929461,22.0
424444,-12.49164293970561,-12.117310041443812,3.0
424500,-35.237826389454455,-35.23784576170996,13.0
424558,-4.934491975002863,-4.992021058788054,1.0
424625,-5.011761635037316,-4.950263119311407,1.0
424761,-5.20607333405758,-5.452084685397291,1.0
424816,-24.63746500196243,-24.819727959557703,5.0
424831,-26.7168051726526,-27.242980596769772,9.0
424957,-25.411667552494666,-25.176327776528524,8.0
425054,-5.8145587406487,-5.948750887379936,1.0
425095,-32.41557050194096,-33.04161566351833,11.0
425226,-51.22829719642094,-48.034683981767316,16.0
425280,-9.17760707971212,-9.379481770775609,2.0
425318,-20.820090799437864,-20.31415080322677,6.0
425367,-27.05981007789347,-27.36870612251069,6.0
425453,-13.267711756893739,-13.523346735640386,2.0
425522,-2.3924885456149223,-2.3925398179243444,0.0
425574,-8.637109477189457,-8.600624569760173,2.0
425782,-4.880237460035042,-5.020012436133366,1.0
425809,-0.5863428906411597,-1.5096439463980451,0.0
425857,-40.9313731079639,-41.27910475437035,17.0
425892,-36.944321091628694,-34.904679087661094,8.0
426171,-35.74746295586761,-35.8122577000198,14.0
426182,-24.011331786693436,-23.760745673202102,7.0
426241,-8.531906705179273,-8.655130931960752,2.0
426266,-9.049882406192207,-8.558849089208632,2.0
426320,-85.38078547062327,-86.37698839472503,42.0
426386,-17.88853432533338,-17.83371680382563,5.0
426657,-25.8324499954462,-25.669123892357256,8.0
426871,-13.154847506921396,-12.014376726387322,3.0
427030,-0.8739092546142408,-0.8820371591476639,0.0
427074,-73.55845041892957,-70.09000589950404,39.0
427450,-5.100556176912241,-5.176188787470025,1.0
427604,-17.713841701853774,-17.659984238887187,4.0
427670,-12.33962438597322,-12.347217795715846,3.0
427712,-1.177625112814377,-1.2387904585945577,0.0
427766,-13.911559177530293,-14.327702911474683,3.0
427928,-17.494878212162504,-17.771976644585497,3.0
428234,-6.340794702216695,-6.571061734092107,0.0
428399,-9.55103633516877,-9.90178014930217,2.0
428419,-26.384531882340003,-26.352290901585516,8.0
428506,-26.802506552949506,-27.601290063319308,7.0
428641,-4.915686229443301,-4.962757182319039,1.0
428710,-21.235206316937344,-21.656541040697768,5.0
428760,-5.0067669990285335,-5.222613166386058,1.0
428877,-12.017437774575955,-12.11250760923757,3.0
429022,-17.40294104952292,-17.362214548927767,5.0
429063,-14.409631674147187,-14.538708492211168,4.0
429132,-5.87652888231645,-5.94770191345503,1.0
429285,-38.42685547615954,-38.637639284413055,16.0
429315,-59.79021089967929,-60.06486925918159,25.0
429337,-36.521332556571096,-36.91288347400141,13.0
429401,-8.597974488028635,-8.649317860363972,2.0
429414,-18.758076301203623,-19.229064712373045,5.0
429425,-37.150475833500025,-36.24971372287404,10.0
429476,-13.22944539267423,-13.758777956034352,3.0
429477,-60.66297835134251,-59.92126744390898,27.0
429608,-14.471293178253772,-14.57592921088791,4.0
429640,-5.068569676511637,-5.141049146583613,1.0
429644,-19.40153988132647,-19.251017220309567,6.0
429675,-35.00579057018748,-35.36507834696073,9.0
429691,-22.4193480088681,-22.36775498388709,7.0
429741,-15.939764326232178,-15.392198474674036,4.0
429760,-63.18145370921386,-60.43520325882719,20.0
429982,-20.831873958605172,-20.81806259014284,6.0
430064,-39.29631984544643,-38.639076577723564,12.0
430085,-17.725001488691003,-17.867567918299574,5.0
430124,-27.285735185442835,-27.50204811250574,8.0
430207,-26.87117639687582,-25.368887620120535,9.0
430325,-48.37514108009319,-48.112725960678056,21.0
430403,-40.87112871792692,-41.91486356262375,15.0
430437,-12.98100863803672,-12.298587543684235,3.0
430530,-11.778556349379434,-12.040166660057245,3.0
430552,-27.131694342546663,-27.71554388815734,9.0
430583,-2.7442658058487144,-2.7442746384028784,0.0
430585,-9.985385000618333,-10.171523583662475,0.0
430726,-21.654993025232116,-21.698901091182794,6.0
430884,-58.089452047233486,-58.20588165836224,14.0
430940,-16.059702164621058,-16.127236514456865,0.0
431116,-16.78300093938563,-15.077312546219334,3.0
431136,-17.114658248982266,-17.29175971722141,5.0
431160,-21.619649845411022,-21.988845397142374,7.0
431180,-35.52477154180199,-32.31642181004741,11.0
431246,-5.162255726351237,-5.155733982019871,1.0
431561,-5.485145461578177,-5.607634283389853,1.0
431746,-12.330845194886898,-12.11604531908349,3.0
431823,-5.488737585655845,-5.629774972779896,1.0
431953,-16.732728307475284,-16.913221175107044,5.0
432204,-4.89092769152412,-4.904791486702721,0.0
432235,-17.8284173388094,-16.669117162257205,3.0
432284,-6.561551381935273,-6.793464201427796,1.0
432299,-5.253484515706252,-5.5395517601724915,1.0
432337,-10.026421373184974,-10.383760478377289,1.0
432420,-5.174189674147462,-5.158665069777608,1.0
432514,-13.355295368023567,-13.23804852582003,3.0
432756,-23.547206959875325,-22.568418147008636,7.0
432764,-5.1099477999561564,-5.268708091075512,1.0
433057,-8.767583831440016,-8.623991674235,2.0
433291,-7.728460556254623,-7.930180445713531,1.0
433389,-5.61152883865246,-5.647131511226817,1.0
433440,-9.546572838961584,-9.92443484237447,2.0
433494,-4.380726048438212,-4.4147964060792315,0.0
433511,-25.537894921226933,-25.400097823892402,7.0
433602,-8.819124460765027,-9.06111148446138,2.0
434031,-9.629908201589359,-9.146750448189906,2.0
434060,-8.567986656092957,-8.619533851054701,2.0
434073,-24.164323109234953,-24.370756672612625,7.0
434116,-1.4813409710145136,-1.6136316892766267,0.0
434368,-8.672713349308724,-8.7965640755825,1.0
434386,-24.87913386742796,-25.121508421109418,7.0
434472,-13.869977049278546,-14.187366748256084,1.0
434707,-5.399943043780918,-5.482375416571102,1.0
434808,-27.02984569791925,-27.4527767085596,6.0
434879,-21.597010942832327,-21.667955690263877,4.0
434887,-56.10552024653421,-52.014220418518285,14.0
434920,-8.586663972122015,-8.759707304551352,2.0
434955,-65.76186285097012,-63.813106903641184,18.0
435003,-22.305420338194985,-17.801397184829266,4.0
435082,-1.4813409710145136,-1.5171581145975355,0.0
435091,-5.045712533691445,-5.085855727983669,1.0
435155,-127.14312246867713,-121.01437916895428,38.0
435191,-17.91000049583282,-18.05277254590362,4.0
435242,-8.613581782448914,-8.496056445493357,2.0
435326,-6.12520767867091,-6.122867183035156,1.0
435819,-15.671806008187623,-15.930076045202572,4.0
435832,-44.261553296462324,-44.192185715263854,24.0
435919,-18.23611698485408,-18.1761758223929,5.0
436202,-14.208214367175394,-14.416564256851352,2.0
436265,-10.677113687187147,-10.690276239655477,3.0
436330,-8.453213130451513,-8.288629650433748,2.0
436373,-9.54719837210548,-9.580331812836222,2.0
436566,-48.84317223525972,-48.817895252813734,19.0
436756,-19.11755520271489,-19.187866656332965,5.0
436985,-7.907427375107169,-8.457031152247634,1.0
437037,-9.274184476782711,-9.527819219863611,2.0
437195,-8.898942022897456,-9.063248281888793,2.0
437197,-8.655384064921115,-8.653312157817806,2.0
437339,-28.512064241021957,-27.39296541113507,7.0
437350,-12.275611419659208,-12.375909489153553,3.0
437542,-6.697988645343665,-6.8104021047465215,1.0
437543,-57.3268318506456,-57.71135142155182,27.0
437590,-11.897164675466767,-11.999238200727756,3.0
437629,-21.269109011058887,-21.42673702308777,1.0
437717,-1.4813409710145136,-1.7930746687791101,0.0
437724,-24.354760325362182,-24.44369361444333,5.0
437755,-38.338454946860615,-37.7385639805564,14.0
437798,-9.418608698069443,-10.275889077056915,2.0
438047,-16.338063802265413,-16.219065165227914,4.0
438074,-52.35194388307743,-51.84998099003826,21.0
438167,-17.960805847137898,-18.312333231280085,5.0
438404,-1.502448762216766,-1.958774009822016,0.0
438410,-87.74629881346722,-77.34808488512998,23.0
438602,-5.481460851692875,-5.152438511524261,1.0
438656,-5.057750298202972,-5.120188007945056,1.0
438693,-11.046761187438042,-11.128918094400715,1.0
438719,-35.05657758210773,-35.01508727524636,13.0
438870,-33.136813528656134,-31.81640985939597,6.0
438912,-46.778259011018434,-44.672277465689035,16.0
439018,-18.981959485966897,-18.56455340799699,5.0
439079,-29.834822765197895,-30.154299556343506,6.0
439546,-4.939902536672866,-4.99569293335006,1.0
439659,-16.303867700728244,-15.384225037870126,4.0
439666,-35.46220445889992,-35.14969089764431,13.0
439670,-24.59721964957283,-24.504309218643765,6.0
439777,-49.22732599310376,-48.91519453407864,20.0
439941,-29.24876592360943,-29.608985672078582,11.0
440024,-24.559527287512637,-19.35071347209811,5.0
440063,-8.478413245361889,-8.868536838931284,2.0
440265,-5.113139731626799,-4.947643822800549,1.0
440403,-6.2447446555890584,-6.607126120074143,1.0
440442,-25.99820386597513,-26.116881622023616,9.0
440479,-16.59941475002667,-15.497174897903136,4.0
440662,-27.055127445877297,-26.94957953964198,9.0
440683,-10.820563076197308,-10.93101086198966,2.0
440736,-14.428591440014342,-14.158096194055952,4.0
440776,-11.898768615992134,-11.85920011432675,3.0
440896,-19.35309576640768,-14.79628734402421,4.0
441140,-4.193899726836502,-4.402310507801225,0.0
441187,-13.45084579111757,-12.780669396893904,3.0
441278,-57.94080511836378,-54.5416669154848,19.0
441335,-1.7850568292146498,-1.816185784818349,0.0
441407,-21.294619940927966,-21.622312488268438,4.0
441805,-20.446495727643633,-20.67633186761246,6.0
441896,-57.652139036187116,-56.21816847727304,23.0
442087,-5.864288830361069,-6.221445418717222,1.0
442136,-5.313396006964288,-5.472766679538914,1.0
442264,-11.658964388470583,-11.829640674420645,2.0
442378,-87.57444320576451,-88.97776263829113,46.0
442414,-23.502599843133332,-23.786690557825352,7.0
442455,-23.45732184661379,-21.571292502396865,6.0
442463,-29.360253445636513,-28.17812644905092,9.0
442485,-10.274135046902135,-10.37060400795399,2.0
442520,-6.7674298367247445,-6.7402158187325165,1.0
442567,-2.9999202620151957,-3.122798213979687,0.0
442608,-52.728831188274384,-44.65036921646132,13.0
442625,-1.5302080496751536,-1.5508038206499315,0.0
442639,-43.72391635011665,-44.63014585540011,20.0
442685,-18.85526679173521,-18.713473442606023,6.0
442978,-22.048356059147793,-22.114953452277717,7.0
443031,-32.99293057732599,-32.79129670578164,11.0
443068,-5.0931730622961835,-4.975107683732477,1.0
443074,-8.528264432144073,-8.602151252255721,2.0
443076,-36.820801156628086,-37.02298233253528,9.0
443084,-8.485913670594332,-8.51165889716206,2.0
443124,-2.9999202620151957,-3.017850653025428,0.0
443135,-8.770419230938119,-9.015410476060874,2.0
443192,-14.393074600837688,-14.073427966257448,4.0
443226,-12.111396008019288,-12.278734672620931,0.0
443468,-14.380182314877711,-14.465879567368454,4.0
443473,-30.346165052986446,-30.233906943249472,11.0
443527,-57.72773491360172,-57.06929000932806,21.0
443538,-33.43140123115057,-34.37461303562719,12.0
443552,-8.577952374033986,-8.482381177476238,2.0
443726,-20.124671000210384,-19.04498790199404,4.0
443736,-1.177625112814377,-1.229543303292289,0.0
443738,-4.736824018616654,-4.864204067605834,1.0
443786,-9.377953284218059,-9.647244871202146,0.0
443835,-5.36880038031874,-5.567375593374437,1.0
443904,-13.12585263311138,-13.234491048800347,3.0
443954,-31.554646055587565,-31.010318761464458,9.0
443997,-28.085232765095338,-27.248983699843947,10.0
444029,-12.752895570561245,-13.147993944439492,1.0
444216,-18.380755300420205,-18.46214092610416,5.0
444248,-4.991167307448308,-4.578990253489449,1.0
444296,-5.209401695737809,-5.2638191843781525,1.0
444301,-12.556850477100184,-12.510130307767257,3.0
444318,-20.706877025827538,-20.907744141121064,6.0
444385,-5.493721536150597,-5.62027460661355,1.0
444740,-9.023749269951074,-9.253971941162309,1.0
444778,-34.81532286584048,-33.20039179774183,9.0
444878,-4.918903993262377,-4.836177484396767,1.0
445021,-28.708088131893454,-29.198667624993238,7.0
445131,-16.310753563186076,-15.411343589292047,4.0
445237,-33.26436645355294,-33.66151982439246,9.0
445284,-12.398424622745358,-12.257143904189746,3.0
445422,-39.117781960621365,-39.24792108156554,10.0
445435,-19.926663107472862,-20.157938194145157,6.0
445451,-4.99628670601439,-4.964897437834267,1.0
445527,-9.487568649534431,-9.413702837914679,2.0
445682,-15.653295237338417,-14.67055757200829,4.0
445698,-12.638549251301823,-12.55009197216632,3.0
445737,-5.269431122215536,-5.350964743088065,1.0
445784,-8.792195398916618,-8.770307528544581,2.0
445841,-4.9716422683362795,-5.061380150987338,1.0
445923,-74.49935194637489,-69.60281796798232,24.0
445956,-23.560003305428094,-22.837280175922604,7.0
445971,-24.75850908084803,-25.186542182647973,7.0
446030,-33.90418962069578,-33.85071131687344,13.0
446183,-55.024592964897515,-45.604924977614836,10.0
446218,-5.558030053586975,-5.8057731979988265,0.0
446221,-10.566794053436723,-10.724549950259801,2.0
446265,-184.81942647467744,-128.94091808991593,45.0
446326,-24.18168154301251,-24.417743694742104,8.0
446701,-2.3924885456149223,-2.4410868102622323,0.0
446764,-4.941943798531394,-4.954528930485571,1.0
446822,-14.865137791622017,-14.813569877929101,4.0
446989,-26.94474037620879,-27.01327859518775,10.0
447030,-14.301148535829775,-13.777407821787843,4.0
447201,-18.762298545390458,-17.11895452333798,4.0
447283,-37.020915341550726,-36.98590353941054,12.0
447423,-38.474771953782074,-38.297989066968064,14.0
447465,-13.370030206163955,-13.076184360163102,3.0
447551,-23.759272118445207,-24.196685819678848,6.0
448058,-9.595176590071013,-9.539671486417602,2.0
448094,-16.910656149215004,-17.26270009901594,4.0
448170,-33.16332042160054,-32.733808527998804,13.0
448362,-15.037175759411817,-15.628142729632945,3.0
448374,-25.041825237924257,-24.18136635404781,8.0
448379,-57.482910529872385,-49.60201818714095,11.0
448387,-12.17194246095282,-12.069633640652887,3.0
448404,-8.439547673654321,-7.956883922620543,2.0
448415,-32.19474210274738,-32.692579890418784,6.0
448812,-37.28353881992349,-37.48357745335417,16.0
448825,-88.0342256612588,-86.32588905243998,56.0
448911,-27.518194915230726,-27.460393368999906,10.0
448941,-50.629099409513586,-47.45556427481664,17.0
449033,-15.168272599510047,-15.600316432763753,4.0
449038,-188.81925682545457,-191.9282009173833,107.0
449141,-97.89318441293851,-99.06004918457337,41.0
449251,-22.90726523804109,-22.263823641538384,5.0
449328,-35.776682410860744,-34.50314563162142,11.0
449384,-8.874053609027895,-9.043298379041342,1.0
449608,-11.021066165138143,-11.16295277404532,2.0
449631,-12.577566986393512,-12.662768086216458,3.0
449702,-17.70318694787874,-17.700438845297047,3.0
450012,-5.180330813400251,-5.102639925231594,1.0
450187,-12.290914709602145,-12.478005065913926,3.0
450440,-4.989082537228889,-5.046825047674746,1.0
450856,-17.29681582981037,-17.479778203510786,3.0
450910,-19.15173429686678,-17.980298159641944,4.0
451015,-16.185365522880076,-16.07599464387864,4.0
451057,-2.9999202620151957,-3.0303672247403908,0.0
451153,-5.268016611103595,-5.402055739163427,1.0
451293,-19.263031410374296,-19.559181610304712,4.0
451493,-23.15923235595821,-23.17707279863244,7.0
451693,-27.411708015040443,-27.41689894543318,9.0
451853,-2.088772687414786,-2.234410728422367,0.0
451916,-22.913492000705304,-22.87373983117657,6.0
452138,-30.549029429831464,-29.85397404831049,10.0
452145,-2.9999202620151957,-3.1480426402319126,0.0
452282,-28.76744084461822,-29.43771293908398,8.0
452291,-1.7254428561175221,-1.9404620030505417,0.0
452389,-5.112776019847081,-5.1489826426399405,1.0
452423,-28.581804613459617,-29.113752277488256,8.0
452736,-11.872464263702632,-12.134760389124427,3.0
452751,-13.248701264224447,-13.255746928527783,3.0
453071,-8.881348810806596,-8.180497063965948,2.0
453148,-23.753257264374604,-23.779874097682317,7.0
453210,-2.9999202620151957,-3.47112057962791,0.0
453496,-59.52328552257411,-59.01497060147951,34.0
453528,-8.64035512658881,-8.710623715532657,2.0
453544,-11.651923323808212,-11.38571741189622,3.0
453551,-79.82440178972811,-71.49729244230517,26.0
453601,-4.851538471441195,-4.972578806217309,1.0
453648,-45.035589408422766,-44.71318894389456,21.0
453752,-14.162048261419292,-14.316257218338109,4.0
453834,-38.03155909225681,-37.99675690186156,13.0
454104,-16.871429247010184,-13.33675118121721,3.0
454111,-62.910276441848296,-61.609633375276196,21.0
454219,-2.3924885456149223,-2.577172009886921,0.0
454399,-20.3236994604685,-20.489955622287333,5.0
454407,-14.74650408269374,-14.89098804193778,3.0
454743,-43.71246747111188,-43.71625251337297,15.0
454762,-106.80705616095833,-107.28957043548478,16.0
454765,-12.828153738667748,-12.798022547025566,3.0
454984,-22.89881195426852,-17.063393582618772,4.0
455054,-8.467570206818177,-8.50885639642675,1.0
455073,-9.407266042429619,-9.625559625473239,2.0
455092,-15.183931528566712,-15.347166178965962,4.0
455202,-8.641800665593719,-8.532728484661892,2.0
455264,-3.567842861682066,-3.4919518517579027,1.0
455325,-1.4813409710145136,-1.5089498705443052,0.0
455382,-4.9839444010762515,-5.05951004240679,1.0
455477,-4.969887973140411,-4.945373308335306,1.0
455479,-6.2995723285035226,-6.36999080892527,1.0
455730,-1.7850568292146498,-1.7948238990656826,0.0
455796,-1.4813409710145136,-1.5284591887891839,0.0
455849,-1.7850568292146498,-1.9595613607866897,0.0
455857,-1.4813409710145136,-1.5533119920347305,0.0
456014,-40.14058233097225,-39.92322641899272,18.0
456127,-4.822215411216014,-4.832426519417707,0.0
456173,-27.10363080302142,-27.624218951523535,10.0
456200,-13.028614035356147,-13.193324647979212,3.0
456327,-38.64049461206671,-38.10950300892829,12.0
456329,-34.80109288170971,-35.10663814914583,12.0
456527,-5.5627224740657715,-5.521938340476514,1.0
456564,-11.73268735010968,-12.005700143019011,3.0
456574,-6.481518849729413,-6.848855208168135,1.0
456694,-8.591423003631101,-8.373356347635223,2.0
456752,-13.266523030277723,-13.321104358229897,3.0
456870,-105.57583746157,-101.80520915958303,53.0
457209,-5.223745493858919,-5.271629510065482,1.0
457265,-25.619998040312485,-26.113205671845,8.0
457316,-15.107731831374382,-15.064882386054396,4.0
457372,-9.472678037736255,-9.6063301639067,2.0
457559,-53.01388792579419,-53.250344112931536,21.0
457608,-21.283698459625548,-21.45719630350352,7.0
457676,-22.790190619118658,-23.141321825193724,6.0
457736,-47.29214832310067,-46.89161874478934,13.0
457932,-38.81822000480793,-38.04375602612858,15.0
458013,-8.530663503569032,-8.555885055026655,2.0
458138,-15.462982919881807,-15.538302260453698,4.0
458162,-22.170096556711922,-21.76016773416018,5.0
458210,-1.177625112814377,-1.1946583264517758,0.0
458332,-0.9338464344745899,-0.9898056314544486,0.0
458415,-25.232735961425874,-25.19581451835126,6.0
458557,-5.096964052834575,-5.024558342462083,1.0
458582,-58.06985838715433,-57.99244122066056,23.0
458791,-5.008759888341535,-5.075293260341022,1.0
458918,-86.699677620562,-84.61236657490187,41.0
458941,-15.619358082452448,-15.713400157295137,4.0
459259,-21.430896426781434,-20.35621607867828,6.0
459331,-36.74201990301137,-36.49303166028776,14.0
459538,-28.575191813224645,-27.49775580943857,9.0
459645,-11.70477126006367,-11.939325057581222,3.0
459727,-6.644510560416832,-6.668922746385065,0.0
459808,-12.618263343752732,-13.08536819129498,3.0
459862,-46.340776273796216,-46.594411194891606,19.0
459869,-24.458790767200735,-24.303089586361825,8.0
459983,-13.140473344276499,-13.338482570040197,3.0
460010,-0.8739092546142408,-1.0416693667278554,0.0
460230,-4.95994270099938,-5.095617430358567,1.0
460248,-15.982353880240163,-16.397089787876382,3.0
460530,-2.3924885456149223,-2.5363682401561403,0.0
460544,-15.241607743671315,-15.165302888804042,4.0
460631,-5.022227053339197,-4.913299069022345,1.0
460755,-12.471467177576764,-12.267528577341563,3.0
460790,-27.735791680438275,-25.86140346396917,7.0
460873,-44.612390517096706,-42.82587058844986,16.0
460928,-17.267477775066823,-17.37087267384771,1.0
461035,-88.36794619081056,-84.99056195649541,49.0
461063,-49.93514401796904,-50.005346096763354,24.0
461113,-8.840113839757016,-8.627996473852102,2.0
461266,-16.39418053852323,-16.513348129375988,4.0
461325,-17.805285124327348,-18.082261195057225,5.0
461380,-1.177625112814377,-1.4386830032337157,0.0
461506,-10.259030437500787,-10.434357836091001,2.0
461524,-9.572853478349176,-8.76206934106356,2.0
461530,-40.65526492214987,-41.18918449144552,15.0
461614,-11.651941443832463,-11.895141443237545,3.0
461645,-19.003795578293282,-19.31108420558241,4.0
461825,-21.871246703759997,-17.955823201560307,4.0
462088,-8.6057316800827,-9.043288802067256,2.0
462166,-24.274176118519144,-24.39704932669631,8.0
462179,-14.835846950956492,-14.990613414301693,3.0
462221,-0.567021560651568,-0.5886484817843372,0.0
462485,-5.642244799934509,-5.603598104987245,1.0
462500,-18.63376109198077,-18.607100980710907,5.0
462538,-38.309865896795785,-38.626963362363895,18.0
462823,-17.118711099280933,-16.99197421837902,5.0
462989,-14.547163959309941,-14.661757101274041,4.0
463136,-6.749965035182751,-6.830968694849504,1.0
463309,-5.166806559531404,-5.509382630033876,1.0
463316,-46.944240141205256,-46.87511678241257,21.0
463328,-2.088772687414786,-2.2415240761207333,0.0
463330,-0.9258539543881119,-1.012979611106938,0.0
463430,-36.655241871315816,-36.572379859517554,13.0
463660,-0.5701933964141045,-0.7159882362525298,0.0
464067,-15.88381100456051,-14.36848758684101,3.0
464107,-14.084572497254964,-14.186924274462715,3.0
464447,-140.37710215167866,-132.24219168922485,83.0
464473,-0.266477538213968,-0.4579082799793019,0.0
464562,-5.040734935876955,-5.079854285498708,1.0
464610,-17.07049412603496,-17.024321467541302,5.0
464638,-4.989319647917328,-5.023319923228532,1.0
464811,-2.088772687414786,-2.1343566258609687,0.0
464858,-20.129314751844607,-18.783461068458706,5.0
464929,-3.911067836615605,-4.0164816432479835,0.0
464934,-8.980222082741468,-9.193154387573314,1.0
465007,-16.756734843360636,-16.846198442835014,4.0
465157,-5.87403929349489,-6.089506935453804,1.0
465373,-93.14589964083339,-94.05224376197494,44.0
465487,-5.050346847219969,-4.891157743475894,1.0
465506,-14.056909419556519,-13.860870316952726,3.0
465517,-5.280014504729605,-5.339088152866175,1.0
465684,-9.602822124689697,-9.765174107079394,2.0
465791,-0.8739092546142408,-0.9383669799810961,0.0
465831,-21.316693462696676,-20.306702072571305,6.0
466030,-8.69062612590851,-8.7501018941691,2.0
466149,-5.1140432202804496,-5.213927007522426,0.0
466165,-10.825665512922164,-10.175453697087494,2.0
466366,-23.75275195463484,-24.504119588169434,7.0
466499,-18.3810280036531,-18.928282891992005,5.0
466581,-39.990499443832284,-40.235580409614606,16.0
466647,-33.11704407605571,-30.910496275323837,11.0
466805,-3.0527158525535367,-3.275515119652048,0.0
467087,-1.7850568292146498,-1.842833374147775,0.0
467286,-29.209355776570387,-28.809881428431268,11.0
467337,-5.393603718159168,-5.5169579591840145,1.0
467468,-1.4813409710145136,-1.5413493663978481,0.0
467546,-4.927231030884438,-4.951902519904894,1.0
467579,-22.771667337456854,-22.87351120337616,7.0
467590,-111.15976814612858,-111.77201290095026,54.0
467802,-10.281313452608046,-10.437203166495085,2.0
467825,-4.860659311920478,-4.923810923818794,1.0
467955,-23.70353435089537,-23.507732466192962,6.0
467966,-15.76979097617346,-15.897879690382105,4.0
468081,-6.446098654390907,-6.567707594563402,1.0
468177,-8.568146689084267,-8.666961237299738,2.0
468181,-5.016683637196786,-5.044396915547847,1.0
468199,-4.936119141656627,-6.005173273380083,1.0
468389,-4.987904931177552,-5.141471255467738,1.0
468507,-11.256991599987591,-11.487338409490185,2.0
468855,-22.21935911233491,-22.743373185018054,4.0
469012,-23.848578360910196,-23.42643019088077,7.0
469108,-17.728952299510553,-17.91009081347224,5.0
469280,-1.4813409710145136,-1.5222253213275003,0.0
469380,-5.140991194463363,-5.19946994695089,1.0
469500,-14.000431540492972,-14.006168690721163,3.0
469606,-24.427330799050125,-25.05557917866638,5.0
469635,-6.948226418616968,-7.004794126263523,0.0
469839,-18.326991553343383,-17.918304062274824,5.0
469842,-41.04422558907152,-41.75460196110965,13.0
469892,-1.7850568292146498,-1.9076634255288523,0.0
470105,-27.115533675866306,-27.22304647266097,10.0
470137,-9.193225393110442,-9.3730812291236,2.0
470339,-4.999871431923965,-4.431804295362085,1.0
470364,-1.5761979168245335,-1.6092513905460375,0.0
470402,-29.335862997737244,-28.20163055555698,10.0
470437,-26.465945320794788,-26.22071975582277,6.0
470598,-19.573817940393372,-19.370730840976716,6.0
470601,-35.209379534362476,-32.990921971595014,9.0
470943,-9.246394881892027,-9.501665094646683,2.0
471005,-9.435713659570048,-9.666579645648333,2.0
471044,-56.1641196752339,-56.40070545320015,23.0
471298,-3.607351978415468,-3.656769997774858,0.0
471340,-2.9999202620151957,-3.098156133603609,0.0
471368,-62.415995311343394,-61.41274641815905,29.0
471453,-19.647320524601348,-20.209377085472802,5.0
471474,-18.121898265841462,-18.331062465120702,5.0
471573,-9.131838182084087,-8.938152787281098,2.0
471658,-20.767014526847117,-21.183433083689994,6.0
471752,-41.88777136022791,-40.89356098169903,15.0
471836,-61.922644056296186,-59.88558075379614,29.0
471897,-30.397381868496314,-30.251323927136802,11.0
471915,-217.40300001436103,-195.91376991419614,56.0
472079,-8.582109645220728,-8.48185527693949,2.0
472239,-15.674214197320712,-15.795636069702784,4.0
472515,-12.698028309945384,-12.909888181460246,3.0
472629,-0.5701933964141045,-0.5772194989059477,0.0
472632,-28.559281837715393,-28.547492308309867,10.0
472702,-10.098054033976863,-10.419128765901677,2.0
472767,-17.738052999768726,-17.942234384804173,5.0
472815,-21.910662517986022,-22.09354285099138,7.0
472816,-4.880956719710567,-5.161835543663776,1.0
472918,-8.565085097144637,-8.80473856953155,2.0
473039,-12.165280688208664,-12.109462307786242,3.0
473519,-19.137587887239054,-19.103236918682466,6.0
473542,-14.924029034351156,-14.36263736063977,4.0
473548,-42.04467760963274,-41.48341856090126,17.0
473551,-9.377953284218059,-9.487651305867844,0.0
473753,-88.01863179829915,-83.87460549282497,58.0
473777,-11.943099522134682,-12.058100635361136,3.0
473810,-22.317674702973573,-22.80112669654803,6.0
473838,-37.114655225179554,-36.8734396397792,15.0
473843,-1.247622521136041,-1.3151126714655843,0.0
473853,-16.508853487637563,-16.25527021882146,4.0
473902,-1.7850568292146498,-1.9517710938661956,0.0
474032,-2.9999202620151957,-3.251255112059136,0.0
474039,-11.698999121043686,-11.785161164476728,3.0
474050,-0.8739092546142408,-1.0549269358698001,0.0
474269,-8.42143028509055,-8.610622784305143,2.0
474358,-12.644715992479162,-12.794331800629456,3.0
474412,-57.527113429587835,-57.783609109814996,27.0
474419,-45.20192694754527,-45.77884084391143,13.0
474513,-32.51217661723613,-32.55059359746029,13.0
474613,-8.803069920671247,-8.521589425792532,2.0
474645,-17.50957868808984,-17.81466187272088,5.0
474710,-43.57161633309642,-43.81351444051373,14.0
474966,-18.1063764911533,-18.029192186848295,5.0
475020,-25.1175453155646,-25.213565378790985,7.0
475034,-24.091940135848027,-23.95857879290555,8.0
475085,-19.454359254844636,-19.643555648381554,2.0
475111,-9.884673163130385,-9.999687251463296,2.0
475116,-20.64197278250658,-20.78130604712332,6.0
475200,-20.81060583429853,-20.864694760126607,6.0
475316,-41.86563992908122,-40.14931130412807,16.0
475370,-14.828509491701091,-14.873124317165752,4.0
475437,-9.377953284218059,-9.384777704556317,0.0
475525,-1.4813409710145136,-1.5777278606648555,0.0
475609,-56.55774680381135,-56.04698411451483,21.0
475652,-14.635339557363762,-14.814085784847657,4.0
475697,-28.51190945190551,-28.273012155413344,9.0
475830,-4.504148902794921,-4.6277964962232625,0.0
475850,-8.520267705511136,-8.52675996414544,2.0
475876,-4.518499553015877,-4.5588756223771405,0.0
475951,-8.539263560911676,-8.532138189189434,2.0
476182,-1.177625112814377,-1.2221120105615129,0.0
476224,-76.43293391195525,-71.15315072877546,19.0
476304,-10.340387915667952,-10.573788697375917,2.0
476412,-5.12593126941615,-5.365530739132423,0.0
476423,-5.17621776070889,-5.218753259341687,1.0
476647,-2.6962044038150594,-2.7672353598871675,0.0
476655,-5.066234533978312,-4.551266861414585,1.0
476812,-61.893687240616906,-62.280059961948574,32.0
476831,-32.93814166216944,-32.808848993191354,12.0
477081,-1.4813409710145136,-1.5192826692696977,0.0
477119,-8.676273413953972,-9.16022765900861,2.0
477140,-5.174189674147462,-5.443845157269599,1.0
477334,-32.55879167892095,-28.168714995233394,7.0
477357,-10.245203518042226,-10.335750632597662,2.0
477416,-9.177289450437991,-9.298020927406727,2.0
477425,-38.333323995028564,-30.861442674904563,7.0
477438,-10.107778728497147,-10.098772694964909,2.0
477459,-1.7850568292146498,-1.8846962664450835,0.0
477480,-70.18554787637568,-58.757680493982654,16.0
477664,-28.477736806537685,-29.605775649252646,4.0
477785,-12.530667504138417,-11.992059203026415,3.0
477915,-3.607351978415468,-3.796606448473914,0.0
478195,-72.58418126466353,-44.98042387703442,13.0
478224,-33.12605627852269,-32.55378878282946,11.0
478298,-14.810320034997297,-14.522569587672674,4.0
478303,-9.900827840191987,-9.973689096603277,2.0
478497,-21.24966376880001,-21.057994766888356,5.0
478500,-51.619273189310285,-52.33868597525132,23.0
478619,-3.303636120215332,-3.303636120215332,0.0
478683,-28.849970912890385,-23.156018827432135,8.0
478716,-5.504763447793604,-5.572990110918866,1.0
478734,-48.99980881127817,-48.036124193168995,23.0
478743,-32.431648709287515,-32.803812030846636,6.0
478757,-5.505900602197674,-5.625024044285434,1.0
478843,-1.4813409710145136,-1.5711660302088841,0.0
478866,-70.26681854543634,-68.41860790155418,28.0
478899,-12.49587329514822,-12.381303676801801,3.0
478903,-0.8739092546142408,-0.9431239279096969,0.0
478938,-8.620819000927368,-8.77544289789468,2.0
479014,-2.6962044038150594,-3.2711591203532833,0.0
479071,-24.45099980893126,-24.775685860504538,4.0
479074,-19.66213852515971,-19.854494353363325,5.0
479140,-7.251942276817105,-7.318955158841711,0.0
479145,-7.754377336979191,-7.921865364987502,1.0
479157,-5.127868213415717,-5.1416453640936455,1.0
479163,-6.037078844016559,-6.113332476691447,0.0
479179,-25.19536544815891,-25.168981506830928,8.0
479328,-12.03068633703232,-12.202530441009529,2.0
479407,-18.43192660561717,-18.74577325471705,5.0
479410,-28.530792734165676,-28.817877709666725,10.0
479436,-23.90367848008835,-23.65193848654404,7.0
479438,-33.462479799574965,-32.79512326205215,12.0
479541,-23.021681964880536,-23.24809293459952,5.0
479590,-6.948226418616968,-7.133939994611129,0.0
479608,-30.164648571305143,-30.401856448562192,9.0
479652,-14.449799449687042,-14.39636779354066,4.0
479699,-14.13893548154267,-14.952874969484425,3.0
479905,-22.01685957499854,-21.546804871131616,7.0
479914,-1.177625112814377,-1.2437382527232062,0.0
479924,-4.822215411216014,-4.95288033325828,0.0
480150,-18.488293076313408,-18.733523018430915,5.0
480152,-31.919340495556305,-29.424402723361684,8.0
480162,-0.8739092546142408,-1.0493403320802348,0.0
480172,-50.430372073271904,-47.471288863258536,19.0
480190,-31.696548790963057,-32.81274764697395,4.0
480205,-7.941909196427831,-7.799869384888845,2.0
480281,-8.930106639546475,-9.06081324263772,1.0
480483,-5.564841549174337,-5.637949093314698,1.0
480497,-67.95479414527578,-67.18790108231164,25.0
480533,-1.177625112814377,-1.27751120809579,0.0
480640,-21.89316323764402,-20.3873366170874,6.0
480727,-5.534941577492495,-5.616662057753291,1.0
481031,-13.714604910871417,-13.645542983874066,3.0
481153,-21.500455690641672,-21.683005808686104,3.0
481173,-21.218181067398415,-21.148601364972645,7.0
481235,-10.220830128990853,-10.436853887441123,2.0
481279,-19.546529913780446,-19.27885287689567,6.0
481413,-11.429288241982995,-10.460185730437972,2.0
481521,-14.82893652348338,-15.02706235062362,4.0
481607,-8.561511376474327,-8.559962637821382,2.0
481643,-5.110385252027703,-5.2787398043871665,1.0
481778,-1.6238133808992854,-1.6641611434311823,0.0
481814,-18.244439911245006,-18.391561707124044,4.0
481843,-1.7850568292146498,-1.8343506384819679,0.0
481846,-17.686481644258834,-17.783067712543986,4.0
481935,-152.53539737948714,-145.09563623175316,54.0
482049,-9.109041266904006,-8.965331570408454,2.0
482177,-77.55714435433572,-76.57992186245063,32.0
482364,-4.840444605905176,-4.231289899200443,1.0
482519,-1.7900762560009358,-1.8098637362434866,0.0
482522,-66.786835938012,-66.61074105699176,36.0
482581,-16.74537679609138,-13.414717905305844,3.0
482603,-19.585154335751923,-19.81986542395729,5.0
482789,-14.284465107638185,-14.016315071640713,4.0
482852,-56.812295806418916,-55.22452938882504,27.0
483014,-18.547327195633304,-18.52453182766448,5.0
483096,-25.58055266162291,-26.02719321822854,8.0
483125,-9.217544367608536,-8.42075217489144,2.0
483312,-22.63650220700925,-22.290486901654372,6.0
483347,-8.935382852797998,-9.01454157572766,2.0
483357,-12.754794573376968,-12.823123708675965,1.0
483371,-175.85181868966365,-163.50023902088324,112.0
483418,-21.450855293007155,-20.98316010346657,7.0
483489,-17.899352727808868,-17.28056305321948,4.0
483696,-25.785544365498417,-21.804089174507908,7.0
483745,-9.19143399917068,-9.285050044378865,2.0
483807,-22.82463620246795,-22.695551657003104,7.0
483991,-66.42816846109547,-66.89193177644542,25.0
484001,-5.256974699460587,-5.18405957445341,1.0
484085,-5.31809186234368,-5.3806191062542785,1.0
484136,-39.09490373193471,-38.975761149624226,13.0
484169,-16.883633051243407,-16.897646109472024,4.0
484177,-12.290076857297816,-12.314363657537648,3.0
484193,-24.90512536385208,-25.431059588116472,6.0
484216,-48.324295684125,-49.44866771580666,13.0
484396,-1.4813409710145136,-1.9796662499190254,0.0
484453,-12.339748360376452,-12.051714853383205,3.0
484655,-4.995595224158933,-5.1015919185556085,1.0
484697,-66.64766055782441,-67.03712915529576,37.0
484724,-25.13995352782199,-25.393325084673613,8.0
485025,-10.487994960227605,-10.539223018811846,2.0
485105,-25.456379898245842,-25.23268708026251,7.0
485259,-5.008759888341535,-5.050015245330546,1.0
485457,-15.59701102776367,-15.801331237884963,4.0
485604,-26.464405074581013,-24.65710480406567,8.0
485624,-5.004114209566501,-5.071924735443796,1.0
485876,-5.376942524486338,-5.392084106111973,1.0
485878,-21.905671142274095,-22.318040678166177,6.0
485894,-16.846073656074726,-16.865665011716636,4.0
486000,-37.581034967787645,-37.080053219594305,17.0
486270,-30.171174876575318,-29.908467791062275,9.0
486340,-25.18781786833287,-25.22204500032583,7.0
486574,-2.9999202620151957,-3.1299029147093447,0.0
486613,-0.5701933964141045,-0.6479714987936329,0.0
486708,-26.83609285458741,-26.984514278327122,9.0
486781,-5.05337505127496,-5.123414037817628,1.0
486817,-29.320980413956246,-29.757373886167063,9.0
486967,-59.97055354883253,-54.63975496204728,15.0
487041,-19.302506894217718,-18.844037532096,5.0
487087,-16.849285771281835,-16.82985974496706,5.0
487510,-7.4560717161594265,-8.396573426961785,1.0
487649,-70.56189955198242,-69.73513422780935,28.0
487715,-30.994522523071506,-31.2432722828137,10.0
487765,-20.166998999938908,-20.01799521279861,6.0
487822,-9.495035689687553,-9.891240681319644,2.0
487832,-88.01052482385592,-79.47867140168334,22.0
487928,-33.176040113126675,-32.78722160650001,10.0
487954,-26.2270303086613,-26.173972873983857,7.0
488036,-8.50552713108314,-8.606452560646023,2.0
488115,-4.9921745813700955,-5.154744181496093,1.0
488116,-15.34837243035786,-14.062321510131566,4.0
488297,-230.95703696511504,-210.281591467223,77.0
488448,-2.3924885456149223,-2.3924885456149227,0.0
488619,-18.818225925320103,-18.93239949339867,5.0
488643,-17.616442143634917,-17.549387768994418,5.0
488843,-8.769466048167738,-8.71002934419604,2.0
488880,-22.205885060025192,-20.614356210533483,6.0
488914,-24.428824700413905,-24.737553491581643,7.0
488976,-40.62219267464596,-40.59903869741118,16.0
489070,-30.967791594209377,-31.37847899802867,9.0
489247,-4.927231030884438,-4.945749068679142,1.0
489254,-14.34597580507888,-14.538864601277558,4.0
489565,-38.83434160836492,-38.94134741674295,16.0
489993,-11.701641945407104,-11.600841377246025,3.0
490176,-10.119625983470636,-10.338865409070399,2.0
490201,-51.475127851774694,-52.16135035225893,17.0
490287,-9.013590447178126,-8.067950702374933,2.0
490312,-28.94650612120621,-29.470390898254482,9.0
490351,-0.8739092546142408,-1.0154256559719719,0.0
490472,-5.4405211452765725,-5.773154258065956,1.0
490536,-0.3841222061941032,-0.41137400564640353,0.0
490693,-11.905131821737434,-11.779490911774076,3.0
490716,-33.03257219746022,-31.270247355947223,10.0
490777,-6.420706625166667,-6.680688212105682,1.0
490792,-14.285730857565671,-14.255430507390486,3.0
490903,-17.929030033720327,-17.498782249412944,5.0
491045,-1.7850568292146498,-1.8119863887036904,0.0
491082,-20.565006538556414,-20.850864629989452,6.0
491156,-2.088772687414786,-2.489025272432295,0.0
491196,-9.359745546782914,-9.289965393055338,2.0
491243,-34.79708474880659,-31.488707447840373,10.0
491498,-35.78968185930282,-36.48922571891319,13.0
491533,-1.4813409710145136,-1.5460640998684458,0.0
491700,-46.22333425796368,-43.0765335522863,16.0
491892,-20.406753946560897,-20.178022162320122,6.0
492187,-8.110708053186848,-8.35245388804684,1.0
492239,-12.827267151057814,-12.954205203684788,2.0
492373,-39.95768326787186,-40.93763061044554,11.0
492387,-15.755986306420924,-15.928611749544908,0.0
492463,-8.701580533942174,-8.844597920015456,2.0
492526,-2.6962044038150594,-2.8496263000168085,0.0
492550,-0.5701933964141045,-0.6326873604958534,0.0
492578,-79.09054438552543,-79.8159702803141,46.0
492633,-49.59681887541522,-49.25341070334103,14.0
492637,-8.875542878526566,-8.810478299777113,2.0
492744,-5.059830501190934,-5.116269752149225,1.0
492767,-42.25190727317096,-41.28541608731111,14.0
492772,-144.6899344054871,-136.06565488213846,101.0
492778,-31.201295034320598,-30.911182702974784,9.0
492936,-12.672758048673519,-12.796464031505597,3.0
492959,-16.59430305597414,-17.285562629225634,1.0
493067,-26.04582232894913,-26.124793241676088,9.0
493107,-25.757107803651355,-25.795377757074917,7.0
493320,-39.86293338519489,-39.82130922278553,13.0
493441,-36.73860694405688,-34.606965423632786,12.0
493476,-1.177625112814377,-1.7065006961019578,0.0
493572,-40.746715168664835,-38.71360948647036,11.0
493621,-24.635597416939017,-22.16229004205282,6.0
493709,-21.154376027427404,-20.342015724015727,6.0
493753,-2.260013356159517,-2.294287408004237,0.0
493806,-15.304642343325412,-15.514412701365123,3.0
493816,-11.854681283936136,-12.032602446397783,2.0
493817,-19.23056207876983,-18.674866622477392,5.0
493890,-1.5370130922602088,-1.5540986948448434,0.0
493959,-38.89592540379677,-39.253764498906556,16.0
493960,-84.30935056296471,-85.58289836337252,42.0
494032,-134.4495220780849,-121.61378846891171,50.0
494136,-4.9716422683362795,-4.747279527662554,1.0
494137,-13.472608406272556,-13.694234383286872,3.0
494295,-3.303636120215332,-3.357377530480884,0.0
494310,-10.572159994329091,-11.163709246779012,2.0
494613,-5.250293637665954,-5.368500230603768,1.0
494635,-8.369456833743559,-8.4721372728718,1.0
494679,-72.07375010518088,-71.687721391068,36.0
494738,-77.2500226760804,-73.56565563663008,26.0
494905,-4.2147836948157416,-4.508164236164005,0.0
494952,-8.598918568686688,-8.69960402201102,2.0
495001,-11.740147879460944,-12.018176667242924,3.0
495002,-7.1414999500427,-7.473697112050656,1.0
495309,-2.088772687414786,-2.5933682417131,0.0
495347,-2.538648349602004,-2.5373038471501146,1.0
495415,-23.74656972122937,-23.979371122646167,7.0
495469,-7.859373993217377,-8.025380170242395,0.0
495482,-206.84626238955238,-160.99359594682977,56.0
495506,-45.172897451311506,-44.80118135453435,17.0
495596,-15.674601357903814,-15.686075843376987,4.0
495674,-9.446467142831027,-9.666146233047163,1.0
495692,-33.63852450963871,-33.61974457174102,10.0
495707,-1.177625112814377,-1.3476284824724478,0.0
495916,-53.437875853392946,-53.17646432033427,24.0
495941,-35.21494828503487,-29.05612056136898,6.0
496029,-12.90236670344623,-13.02044269572701,3.0
496183,-4.921294761081755,-4.979096549964019,1.0
496310,-19.360309053480876,-18.91871171030791,4.0
496316,-26.10176469745708,-23.415198458498747,5.0
496336,-5.310466340232016,-5.433224861841867,1.0
496344,-34.91276412231927,-34.0713137817215,12.0
496354,-14.62043395803281,-14.351224184750887,4.0
496361,-27.95967518851845,-27.45532119662777,8.0
496446,-0.9143578597416491,-1.1103939388915502,0.0
496450,-4.937839777792419,-5.01962194925165,1.0
496490,-0.2896246745885214,-0.3794583749919797,0.0
496549,-16.384318597415717,-14.630221536016128,4.0
496621,-13.2621753683592,-13.133450032943433,3.0
496723,-7.31076623870012,-7.4210706628136185,1.0
496778,-9.291916360500757,-9.444635186695136,2.0
496880,-12.767150621576596,-12.973736815218956,3.0
496954,-14.92183512772166,-15.332845083660073,3.0
497355,-8.96706093269691,-9.105281453331362,2.0
497367,-12.155180081853537,-12.002724032047801,3.0
497374,-23.294831889996193,-23.493802315315452,2.0
497379,-31.87414558254988,-31.629469369897173,12.0
497435,-14.976359391715627,-14.189543653446533,4.0
497528,-9.567674586328994,-9.78361925624294,2.0
497557,-1.4813409710145136,-1.5615549731660523,0.0
497560,-45.9133619866316,-44.88605561756503,14.0
497764,-110.47910707727782,-111.48046327755698,47.0
497794,-22.862900455636748,-23.159105640537366,6.0
497835,-9.17587436896677,-9.217443629264618,2.0
497889,-14.890636788009761,-13.940833283447049,3.0
497954,-11.93457168647877,-12.060906411392969,1.0
497998,-14.912455438963285,-14.284647186934999,3.0
498099,-35.07706282580539,-35.113717461634046,11.0
498101,-1.177625112814377,-1.2289059670838598,0.0
498179,-7.7331346530479035,-7.789923898617032,1.0
498217,-9.192522048838173,-9.480726868971809,2.0
498340,-8.646182578891262,-9.108157606755505,2.0
498380,-15.385975027617436,-13.97384201206817,4.0
498411,-21.166486826775383,-21.12025778547182,6.0
498435,-39.36225601632249,-39.12167951348278,11.0
498488,-38.669633761254815,-37.00967474705855,15.0
498582,-23.830182250366175,-23.60883215893535,8.0
498609,-57.623334722278265,-55.333909192826354,16.0
498659,-28.459212772946497,-28.077312314983107,10.0
498774,-5.112776019847081,-5.180341070601027,1.0
498848,-90.92180557249614,-83.03214781459421,34.0
498895,-3.164936961060574,-3.167778211616561,0.0
498969,-11.661304465414048,-12.465394078860683,1.0
498978,-49.60116378751878,-47.53007020415781,17.0
498996,-8.84228243228996,-9.265913959680821,2.0
499010,-5.0725125358245435,-5.261334888435074,1.0
499100,-32.29702734363387,-32.63158414880259,11.0
499424,-5.5759088652314155,-6.100180882808341,1.0
499600,-49.75992657562382,-47.40733544168133,21.0
499636,-1.177625112814377,-1.2131877630436412,0.0
499710,-17.11382589234072,-17.477487771236603,4.0
499720,-5.274189847854837,-5.2532206864215825,1.0
499775,-5.001498944223109,-4.937569388047475,1.0
500004,-8.55454595718492,-8.773006060473342,2.0
500056,-5.862534535165199,-5.8697204742440245,1.0
500063,-2.2305212821727562,-2.240897531285726,0.0
500228,-9.95900607069671,-10.1319374848256,2.0
500331,-24.980055296363723,-23.475051287924966,7.0
500776,-5.130914293310418,-5.3059909490581525,1.0
500797,-19.905057373889676,-20.24135798513498,5.0
500820,-26.55518146021875,-26.52646088194017,8.0
500824,-0.266477538213968,-0.6654335893298192,0.0
500932,-58.00054537933108,-58.08201913721307,27.0
501004,-1.8619417899251736,-1.8799689302822384,0.0
501132,-13.495639693546114,-13.689648986257152,3.0
501174,-17.896919178025474,-16.4572261327193,4.0
501307,-10.645251445051432,-10.785917384272318,2.0
501315,-5.7191464847894915,-5.750314810318306,1.0
501340,-12.266028443787627,-12.429590190590945,3.0
501365,-45.0256932834543,-44.03531191433748,15.0
501428,-20.593982562934446,-18.81889544739586,5.0
501445,-50.726408014317464,-50.42270954334933,19.0
501482,-56.17555751866166,-54.453569284673854,22.0
501515,-27.975709703200437,-27.81831811251053,10.0
501523,-86.76056084324206,-87.94370034884773,24.0
501533,-13.808593247002172,-14.018934702447007,3.0
501657,-7.310804357364589,-7.661389729023088,1.0
501753,-5.449306275691795,-5.5898611758867505,1.0
501873,-35.18260171016174,-35.04339491714467,12.0
502109,-8.545447905351741,-8.308736440599898,2.0
502204,-38.16900795725038,-37.54032374093105,14.0
502253,-13.604447012064615,-13.557655763356042,3.0
502289,-5.158900581017393,-5.261148978481044,1.0
502374,-19.002294095113363,-19.211673661111444,5.0
502387,-14.122572439832318,-13.727897860493906,4.0
502472,-33.063302728494826,-33.80360134929247,11.0
502593,-19.89124797455017,-19.990209568353517,6.0
502761,-19.983715475557002,-20.036884192184925,6.0
502765,-21.253257250714928,-21.070673584941648,6.0
502798,-77.72735381539873,-75.09189444492718,39.0
502833,-3.911067836615605,-4.400201683933357,0.0
502976,-21.50242471051613,-21.619374695800726,6.0
503208,-5.439841526273097,-5.412353548414763,1.0
503218,-32.57430605902634,-32.213248729566985,10.0
503614,-25.247367745060146,-22.89698693138983,6.0
503637,-5.053674111548249,-5.2903262358285,1.0
503734,-13.194572243871843,-12.46524175063355,3.0
503818,-11.477194449435501,-11.19247989915901,3.0
503910,-2.9999202620151957,-3.1743579970574354,0.0
503991,-8.981184161604535,-8.916087478454322,2.0
504061,-40.141506741670305,-40.47891406447792,12.0
504220,-75.72455828410338,-60.983685004603274,18.0
504223,-49.02402738787714,-47.90723791257486,21.0
504301,-12.173987656252953,-12.270347621322076,3.0
504309,-11.007559193816348,-11.17920037231532,1.0
504367,-2.088772687414786,-2.2110960207713783,0.0
504376,-25.7448285084733,-26.023485659950882,8.0
504377,-18.994617594758324,-18.854036194577468,6.0
504614,-21.91132115092244,-21.57039544074915,6.0
504649,-11.76672211618521,-12.058140596171782,3.0
504698,-32.439811472251655,-32.05353952934911,12.0
504746,-5.001498944223109,-5.12278717784785,1.0
504882,-2.6962044038150594,-2.8035299524993094,0.0
504953,-87.75750205730209,-83.31104626776238,43.0
505133,-45.22512570828089,-44.42700729430421,12.0
505254,-74.82353004524356,-71.95015050927952,37.0
505382,-26.646645691648242,-26.431501053366627,8.0
505419,-18.87595736776092,-18.71399271112143,5.0
505473,-32.54474805987397,-32.69395832995072,10.0
505564,-13.903417981368326,-14.063740980617018,1.0
505807,-59.42262398766397,-59.31557427727154,28.0
505922,-5.077949863450209,-5.213321963491529,1.0
505985,-6.028979060101831,-6.102216717436807,1.0
506434,-57.918417549140244,-58.68683910229922,18.0
506445,-14.927241830770413,-15.101416439503055,4.0
506489,-8.899319942488932,-8.985618328353896,2.0
506671,-8.564754504093159,-8.757523587527167,2.0
506702,-11.923610992333822,-12.343517807715356,3.0
506724,-20.271916090643405,-19.900539775833348,5.0
506809,-5.074139345262636,-5.183903012196673,1.0
507143,-5.408674297876219,-5.549008106759265,1.0
507146,-32.940484719375796,-32.72284260449407,11.0
507256,-13.28762720344934,-13.531023869848557,3.0
507301,-81.57654903102765,-82.03272247585718,44.0
507371,-20.398120767416117,-20.76995322731403,6.0
507539,-46.75089447708182,-46.07843645815365,20.0
507575,-60.91641905838348,-60.119009975701964,18.0
507628,-11.90661246070844,-11.802304931625908,3.0
507791,-16.118814921578068,-16.294573379621703,4.0
507805,-19.467442933063293,-19.649971553034216,6.0
507893,-64.7101724658795,-62.92434083203481,31.0
508003,-14.94718572467475,-14.927817565895618,4.0
508013,-20.00385440366415,-19.442560396060887,6.0
508043,-19.99722057503758,-20.345193892453693,4.0
508142,-13.531202382264121,-13.519386563087837,3.0
508167,-5.054977870273966,-5.096252427240963,1.0
508242,-46.69473081720739,-46.62535025186003,19.0
508243,-48.73101934640762,-44.86760421219887,17.0
508321,-9.883800730981838,-9.98202098085795,2.0
508369,-15.017629209435915,-14.926501260495247,4.0
508396,-14.12898047141662,-12.981657420209405,3.0
508675,-35.269356490341295,-34.19925871801046,13.0
508687,-43.556439140408756,-40.71424828448326,16.0
508725,-26.93833534207751,-20.091695602445817,5.0
508738,-16.00922862822993,-14.060418406099453,3.0
508785,-1.7850568292146498,-1.9791529512890425,0.0
508921,-18.718474292614545,-18.849457991530947,3.0
509297,-92.23430918569542,-81.86383627010007,21.0
509342,-15.403977928408686,-15.447902842021854,4.0
509443,-1.7850568292146498,-1.8267925741637876,0.0
509451,-4.930491213712799,-4.583420518132711,1.0
509540,-56.40400680526285,-55.512557638966975,24.0
509556,-31.44309410988299,-31.571268002238483,11.0
509602,-20.889915431428204,-19.194695209366714,6.0
509611,-30.988451653392925,-29.60569021194685,11.0
509826,-8.64596457904874,-8.841864844186976,2.0
509952,-13.62997529901997,-13.682444487963068,0.0
509977,-23.780788549145655,-23.55882549844074,6.0
510168,-0.8739092546142408,-1.141436759262689,0.0
510342,-23.734640453402058,-23.383472741065688,8.0
510410,-17.096730156663543,-17.288177746644894,5.0
510479,-8.958245629251774,-9.758961543432621,2.0
510559,-28.79844759159627,-28.13994853246507,9.0
510601,-21.240372908827023,-21.07087177089549,6.0
510650,-19.27487323619176,-19.815232918446394,5.0
510680,-2.088772687414786,-2.1539659789605943,0.0
510683,-47.985577790484186,-47.26828026473073,19.0
510811,-16.208186322557026,-12.205143082830915,3.0
510835,-5.273999247536676,-5.50532885784833,1.0
510859,-6.394323677408004,-6.9329776342488065,1.0
510864,-8.748821253359209,-8.862593806421787,2.0
510976,-105.41263132053052,-88.39902847758893,34.0
511029,-12.697851163442913,-12.835964519895843,3.0
511177,-22.07655196268183,-22.000232867837568,6.0
511285,-83.35194856437728,-83.95271635369683,45.0
511289,-10.257621818058752,-10.31803984531753,1.0
511301,-8.684725905898153,-8.872097663703004,2.0
511359,-26.748714678688053,-26.64598159425426,7.0
511464,-28.905503967957145,-28.59371658733861,10.0
511624,-2.6962044038150594,-2.8746271709912365,0.0
511745,-14.041481342243815,-12.562971391361277,3.0
511902,-34.90723954518743,-35.16351794447667,11.0
511907,-5.014592075292253,-5.126529343088448,1.0
511918,-13.063932412911745,-12.574928446031677,3.0
511933,-12.137408257481713,-12.253920641398505,3.0
511960,-8.739590762495562,-8.6995660148332,2.0
511983,-1.177625112814377,-1.2082840151617893,0.0
512009,-25.075738539162003,-24.93305728925422,7.0
512185,-27.016231538112482,-27.306297969112215,9.0
512222,-16.60679814640345,-16.717063401562964,4.0
512334,-4.518499553015877,-4.762600822850167,0.0
512475,-23.36276713293028,-23.730524106138294,7.0
512477,-44.663653393533245,-44.708571235030554,17.0
512646,-9.02438470873924,-9.13134020302656,2.0
512822,-40.19674132990815,-39.822164593592845,14.0
512971,-4.2147836948157416,-5.078619682762125,0.0
513326,-8.63155554998551,-8.579862242414226,2.0
513415,-58.17688317690188,-58.25758895346468,24.0
513460,-32.90742682671512,-29.30077500827851,9.0
513466,-41.34060387232364,-41.36092482808951,17.0
513578,-35.638122039448234,-33.52961069065989,10.0
513597,-84.51241322453424,-85.00416500239523,31.0
513693,-9.663062283193524,-9.794605915939853,2.0
513932,-1.6167863879240312,-1.7252919998139087,0.0
513953,-46.49035119374451,-44.852033825692345,16.0
513980,-1.177625112814377,-1.325454508424139,0.0
514043,-34.02485135293432,-33.70265864628098,11.0
514343,-14.613385661732492,-14.845489193282452,4.0
514345,-20.50394833099626,-20.93377218953409,6.0
514523,-14.158250521749206,-14.330084935064017,3.0
514541,-31.146680884320894,-30.819666819365157,11.0
514581,-17.368190220522067,-17.200425183004164,4.0
514650,-1.7850568292146498,-2.2992406541185506,0.0
514755,-10.874196286934744,-10.227951272489804,2.0
514954,-2.098944001181821,-2.4723703329402844,0.0
514976,-79.2061360852154,-78.78618496940418,49.0
515036,-4.933754108754096,-4.593090124008671,1.0
515084,-1.7850568292146498,-1.8252809555257026,0.0
515469,-1.56939108788397,-1.5764024460575496,0.0
515501,-15.195482051682076,-15.384952393691984,4.0
515560,-5.442148311930336,-5.479609488248664,1.0
515844,-10.565494391160135,-10.947555147641895,2.0
515989,-8.957221498831423,-9.061536342074413,2.0
516162,-5.115002849215627,-5.172751603347394,1.0
516166,-1.9374313332200432,-2.3250366692384934,0.0
516192,-9.52736377017685,-9.954013723693066,2.0
516277,-9.929193666493639,-10.001706770530228,2.0
516324,-3.303636120215332,-3.9111846039472895,0.0
516433,-17.123423073499062,-17.230167444019166,4.0
516637,-47.74030763835908,-47.72128748802893,17.0
516822,-11.602092043119711,-11.775357623171358,3.0
516824,-26.385991530431426,-26.14899612709863,8.0
516830,-4.9827084153821355,-4.986844192493853,1.0
516841,-18.909351366065476,-19.153613351984667,6.0
516877,-6.628156743551344,-6.708907827212942,1.0
516904,-15.407721302341097,-15.73551793057879,3.0
516911,-1.177625112814377,-1.2252711554314977,0.0
517133,-27.00797447475343,-26.545607539285257,9.0
517175,-22.005099667972768,-22.033890415937,7.0
517186,-0.31116342492133386,-0.35247121796065134,0.0
517246,-14.564623225866985,-14.530071232312423,4.0
517270,-0.266477538213968,-0.303187944392608,0.0
517322,-5.20607333405758,-5.104013676128027,1.0
517327,-34.716797484201415,-34.43146606554505,11.0
517333,-39.416229696513895,-33.08961077403347,7.0
517363,-1.2597232515197054,-1.4870422554010294,0.0
517497,-10.631509191510027,-10.094249996786212,3.0
517533,-34.32645826713239,-34.51254232013629,10.0
517632,-5.12593126941615,-5.215634995746654,0.0
517690,-13.342147906049481,-13.608712896436703,2.0
517746,-14.47404415292024,-14.780227714936307,3.0
517756,-8.924287078114634,-9.03002625964646,2.0
517792,-34.16174794104658,-31.66152450316873,10.0
517832,-5.733362985816423,-6.053902852317302,0.0
517908,-26.755206282969255,-26.7647354804907,8.0
517981,-7.709210250710924,-7.873753849381706,1.0
518106,-5.051347509300618,-5.157583508464683,1.0
518123,-27.99937646037598,-28.065623210089658,8.0
518219,-0.266477538213968,-0.4227846495966419,0.0
518309,-2.3924885456149223,-2.448794014330963,0.0
518343,-29.210771852121532,-27.66816746847851,8.0
518447,-17.970149171368245,-17.95826099775492,5.0
518514,-151.61676722481738,-150.30970149259406,108.0
518695,-4.9827084153821355,-5.152086021963548,1.0
518783,-20.146863505300036,-19.59302565879974,5.0
518834,-9.417905699122812,-9.538522015610098,2.0
518882,-102.35935152116751,-99.04206489467657,43.0
518935,-6.340794702216695,-6.391319272115287,0.0
519263,-11.509660666656378,-11.582466347710659,3.0
519264,-29.81389817491197,-29.78397148275446,11.0
519266,-17.60695115340142,-13.96727411009536,3.0
519417,-4.956360680798732,-5.1973531955019086,1.0
519552,-36.77687460139511,-36.051501442098626,15.0
519564,-63.1325651111584,-63.966630254076804,26.0
519672,-27.71530497269488,-26.2366863881332,8.0
519675,-76.8872871811697,-76.51925721606355,39.0
519702,-9.074237426017923,-9.123098016508829,0.0
519961,-9.256469699640219,-9.358517094093239,2.0
520204,-18.60561153380395,-18.69971157722229,5.0
520218,-1.4813409710145136,-1.4995946984008244,0.0
520371,-5.8217012094019855,-5.898138587143448,1.0
520479,-18.004603974000336,-17.90514604111659,5.0
520524,-21.933803256283653,-21.927362712818812,7.0
520590,-21.941267912361386,-21.643743556796085,5.0
520740,-58.57561116106669,-58.75882835553417,19.0
521028,-5.113139731626799,-5.185336531726331,1.0
521054,-6.981756840801924,-7.1913294635387786,1.0
521071,-6.591944456181835,-6.815173526177265,1.0
521089,-1.7165085243410745,-1.7749425427483985,0.0
521121,-14.555361809281655,-15.068096229324215,2.0
521216,-22.959873685339467,-20.1155732764861,4.0
521303,-8.839824690469094,-9.146561501193103,2.0
521479,-36.93319305423928,-35.17183169192904,11.0
521513,-13.18130227451022,-13.380000267114363,2.0
521547,-19.275063699711826,-19.224891802354936,5.0
521621,-5.534448474927775,-5.682081980570783,1.0
521907,-25.444447366292266,-22.799881661631044,7.0
522010,-1.177625112814377,-1.2830096956079147,0.0
522037,-14.1679649361853,-14.889249819149034,3.0
522039,-5.322678124396068,-6.017925849624418,1.0
522109,-4.94294944482254,-4.957988842903534,1.0
522150,-6.948226418616968,-7.235740901597357,0.0
522189,-8.438609390968772,-8.347185272209492,2.0
522203,-70.42700411982452,-69.81631733897497,32.0
522220,-37.24558896709004,-38.557878351920685,13.0
522264,-22.572503102196855,-21.8554918737176,7.0
522291,-12.349444395339235,-12.468403431430852,3.0
522419,-31.66170482782128,-31.971734048123658,11.0
522426,-8.550347572722094,-8.497397278868476,2.0
522579,-115.46435765255892,-98.99262168110778,30.0
522899,-9.279707602665686,-9.459239178423456,2.0
522938,-16.98730155301397,-17.289161003536456,4.0
522955,-21.603158944407607,-21.74865878934699,6.0
522979,-2.088772687414786,-2.08877289532952,0.0
522984,-28.727431797700365,-28.759833352009853,10.0
523057,-25.764069379179883,-25.426778195340006,6.0
523235,-21.276546523918658,-21.698115151650697,6.0
523268,-50.14375943056088,-43.13046855285276,13.0
523330,-23.021754528641058,-22.902966070571747,5.0
523363,-17.954273133231606,-17.91458700094405,5.0
523402,-35.747105685346774,-35.06550632520679,12.0
523433,-5.427323931355463,-5.158047572132877,1.0
523486,-15.83081616292448,-15.62689514313157,4.0
523531,-36.79044206382151,-35.63034686432284,12.0
523620,-21.73771339007983,-15.128051695223041,4.0
523672,-19.44872327829116,-19.494489953387482,4.0
523796,-26.688427491009676,-25.087035910911343,7.0
523828,-14.116530628060946,-14.185595497445739,4.0
523838,-18.222687475315606,-18.695271957894395,5.0
523844,-19.39569686619809,-19.509204992725756,3.0
523846,-72.04792127798008,-72.35620254672575,18.0
523873,-7.251942276817105,-7.47575330013082,0.0
523986,-114.32629655752375,-95.75053162661709,38.0
524065,-8.645182141670281,-8.706201277939249,2.0
524066,-1.6214674892898016,-1.848280410917902,0.0
524153,-19.342026976389622,-19.774516192251788,5.0
524311,-64.09106929962418,-62.437866120691204,21.0
524399,-5.186824768854139,-5.425687942589475,1.0
524454,-11.749789541752413,-11.738698489542143,3.0
524487,-5.641921675108096,-6.796542724768894,1.0
524584,-69.90679375434541,-70.48721471689105,37.0
524886,-2.6962044038150594,-2.708396400283948,0.0
524983,-37.70263500003448,-36.858327346602266,13.0
525048,-8.756142746762393,-8.894495866292058,2.0
525203,-5.329238013646518,-5.447526560188087,1.0
525336,-100.4915752871559,-87.69302739147184,22.0
525546,-0.8739092546142408,-1.1264787317126306,0.0
525772,-63.384254626073094,-61.32489652429354,28.0
525804,-14.139329892585142,-14.390203988170832,4.0
525817,-11.386629153214274,-11.538048549729805,1.0
525830,-5.104997587459201,-4.503203066475748,1.0
525888,-2.6962044038150594,-2.745137948581558,0.0
525918,-53.67726362508268,-54.3528358908004,22.0
525979,-24.26578486621736,-23.27555845232963,7.0
526083,-15.140603609939081,-15.039606403006237,4.0
526113,-2.736310894938024,-2.7636100362364795,0.0
526151,-20.322917481801017,-20.71731867489562,6.0
526289,-74.74818339221696,-72.40849496808411,38.0
526349,-4.5431406476069744,-4.563762965724487,1.0
526410,-52.76371595670299,-52.24152856132106,24.0
526458,-47.1574551062821,-46.60052037831377,18.0
526536,-42.318366129203824,-40.27796666305108,10.0
526540,-17.336605144992298,-17.539308631034523,5.0
526619,-49.27987637809456,-49.088197686911315,23.0
526635,-7.211936237199992,-7.33447105734869,1.0
526714,-82.93361656297573,-82.0425027528688,52.0
526774,-11.075656991503655,-11.395421013932156,1.0
526946,-5.427323931355463,-5.51310897172319,1.0
526984,-21.3719206723384,-21.758092770145804,6.0
527012,-14.088993578752383,-14.257168852448276,3.0
527018,-18.429183113786863,-17.414522574295496,5.0
527311,-6.601701753792846,-6.733705524419498,1.0
527327,-15.718141557675734,-15.386855485027466,4.0
527449,-9.254761717204358,-9.605293854873901,1.0
527587,-13.457816052952216,-13.789815723911145,3.0
527713,-43.39798181582373,-42.99951836395122,20.0
527780,-40.33151404307517,-40.08717356530899,15.0
527866,-9.074237426017923,-9.14710867657756,0.0
527927,-1.2054698242894017,-1.280371615209718,0.0
527969,-45.040432374828704,-44.2016367512377,17.0
528268,-5.053776302868574,-5.068173377388719,1.0
528359,-18.589539068604143,-18.762646025328788,5.0
528365,-28.47804894171932,-28.748811324420828,8.0
528416,-15.635683670938922,-16.05067888240921,3.0
528549,-5.8085039954808755,-5.880726173374708,1.0
528625,-14.965236092002367,-14.627043397473415,4.0
528643,-2.9999202620151957,-3.101077499714882,0.0
528824,-8.451669933566365,-8.643457584393628,2.0
528864,-45.145552046230094,-45.5529087878568,14.0
528865,-4.822215411216014,-4.864795804311989,0.0
529040,-0.5701933964141045,-0.708513252357678,0.0
529048,-29.53526247838541,-30.231294490243442,8.0
529090,-23.425011336386707,-23.719008723774927,8.0
529107,-8.867733919890936,-8.99738135172358,2.0
529189,-1.7850568292146498,-1.816140120867322,0.0
529254,-29.57433500290123,-30.006951473639496,9.0
529442,-2.7442658058487144,-2.77193678814651,0.0
529546,-11.698134545506425,-11.763282612195049,3.0
529876,-12.146923424162035,-11.290716896827119,3.0
529951,-16.972646884501096,-17.153029123582744,4.0
530084,-1.7850568292146498,-1.8866017238055393,0.0
530098,-17.772531825568958,-17.867315479131268,5.0
530440,-6.184817391231742,-6.628315696518512,1.0
530460,-29.1219208671342,-29.12175516244217,10.0
530530,-20.21975580032957,-20.06558273348187,4.0
530577,-1.177625112814377,-1.2388207292927307,0.0
530591,-21.993200262563317,-21.943812219388132,7.0
530641,-17.37547964242497,-17.70878069948625,5.0
530941,-50.31359114047362,-47.819121410887064,13.0
530942,-5.976579852559027,-6.2047457940126955,1.0
530968,-1.4813409710145136,-1.4847474460475656,0.0
530972,-28.554317980404633,-28.771911262721932,10.0
530987,-50.01943676449165,-45.78749178585318,19.0
531132,-17.349718356047095,-17.40164424268238,4.0
531236,-22.461354840017076,-22.414439320855188,7.0
531425,-21.22582698515735,-21.159096395944648,6.0
531548,-20.709564174174446,-20.671862880649474,6.0
531582,-5.03343449066246,-5.151382133400749,1.0
531640,-20.09184794985467,-20.200843984001484,5.0
531720,-13.44055922594897,-14.032375485303648,3.0
531813,-20.73592886432432,-20.356050908216382,5.0
531861,-42.775459018770995,-41.68603012669864,14.0
531938,-16.471829664810176,-16.753605407061123,2.0
532110,-30.163861967559694,-29.47394115088985,10.0
532131,-12.234646592243175,-10.13366992006683,3.0
532398,-47.23283069813218,-47.153520478869524,17.0
532411,-30.517169770391092,-30.850987514064904,8.0
532582,-5.514720079561086,-5.860908088343198,1.0
532674,-5.174189674147462,-5.230927665334304,1.0
532694,-25.814947737942603,-25.371583954967566,5.0
532738,-9.571429617891031,-8.572634236449156,2.0
532807,-27.693488843958463,-27.58324500878549,9.0
532902,-2.088772687414786,-2.123739803664232,0.0
532932,-47.317166630447105,-45.92476071998899,17.0
532960,-16.920869793051406,-15.19608710129463,3.0
533174,-12.961963439004132,-12.970056510539802,3.0
533340,-34.79162744329361,-35.47910236755222,12.0
533346,-20.032895449787926,-20.154740361911358,6.0
533395,-35.985144163788405,-36.31534101116404,14.0
533750,-46.91222332082675,-46.740743824282944,21.0
533878,-55.90115947400681,-54.792334061194275,19.0
533923,-1.7850568292146498,-1.8011843593178345,0.0
533968,-35.76943205031276,-34.956368735134596,14.0
534049,-32.9467618123926,-32.727986741377194,13.0
534147,-11.333182617090984,-11.629096886661493,2.0
534275,-33.50824785211339,-33.95330728476207,11.0
534309,-28.096637697422477,-28.787112536553668,7.0
534488,-13.439052342041544,-13.793672808978835,3.0
534510,-50.70401215225927,-48.64517936625063,16.0
534529,-4.943726298948976,-5.346097349011122,1.0
534572,-5.574688974812184,-5.464078040811016,1.0
534577,-1.177625112814377,-1.2150247344919387,0.0
534665,-0.8739092546142408,-0.9156888406440473,0.0
534797,-19.14713778720618,-18.36183708194837,5.0
534895,-4.972911377380577,-5.141344711629396,1.0
534901,-0.266477538213968,-0.354491110003849,0.0
534926,-9.017585813716458,-9.14079882369215,2.0
534959,-33.134683679706505,-33.55914381479205,12.0
535230,-15.414506063145637,-15.616599266441408,4.0
535253,-1.7850568292146498,-1.8374317490299512,0.0
535268,-27.787566346416614,-27.996139637566092,8.0
535361,-32.05061282215884,-32.33250552721992,9.0
535423,-4.822215411216014,-4.966921538382028,0.0
535530,-22.006858622626606,-22.222883058826298,6.0
535579,-11.624406853902798,-11.680473853806737,3.0
535582,-33.619600361365784,-33.96946288318577,12.0
535628,-11.772843369510879,-11.894424538611931,3.0
535655,-2.088772687414786,-2.1123420513698985,0.0
535695,-28.10100715392365,-28.65999687472911,9.0
535882,-47.06409320621882,-47.04622163410817,16.0
536047,-27.486037265923656,-27.487242777333986,9.0
536154,-25.40311676380065,-22.741220465913777,6.0
536180,-0.5701933964141045,-0.6506412375560825,0.0
536181,-0.8739092546142408,-0.9457551794515666,0.0
536234,-11.742023744652792,-11.883419185031773,3.0
536290,-18.6077056337173,-18.260299497749738,5.0
536307,-77.635986448704,-75.44304577142394,20.0
536403,-27.109014611874844,-27.84029353873118,9.0
536437,-17.556611374715423,-17.478909850036057,5.0
536516,-4.93974429908819,-4.947334532842522,1.0
536560,-8.893480107398217,-8.984405386231186,2.0
536758,-40.69099381039283,-39.68155002849509,12.0
537041,-16.687064555103337,-16.16807802488068,3.0
537058,-0.8739092546142408,-0.9683267011650282,0.0
537075,-23.90363304943033,-23.669002480548194,8.0
537123,-2.2995574461633623,-2.3860531316335614,0.0
537340,-61.513989541650176,-60.22176250652112,29.0
537351,-26.600725816579914,-26.238305243523694,8.0
537479,-35.42009569261192,-35.36838966435871,13.0
537787,-5.260546278955986,-5.468083764632204,1.0
537916,-31.043366378248543,-31.221663058677937,10.0
537988,-1.177625112814377,-1.184438207373265,0.0
538006,-24.147895715599418,-24.103383655673497,7.0
538008,-10.251019058373725,-10.650698317498104,1.0
538015,-5.12593126941615,-5.221338954818247,0.0
538118,-1.7850568292146498,-1.9149896019309582,0.0
538125,-9.06042503438882,-9.106803400577729,2.0
538209,-14.51771761989831,-12.440469123485343,3.0
538220,-23.56360499544696,-23.479829070298216,7.0
538533,-5.334816632968301,-5.393055997429962,1.0
538624,-1.177625112814377,-1.236414499574844,0.0
538745,-6.20429448120584,-6.491494036939909,1.0
538920,-22.741064776806304,-21.91844405783017,7.0
538944,-22.327769791405323,-22.7715026072589,6.0
538970,-83.18434922328552,-81.64160438741979,34.0
538980,-4.994434104298297,-5.091694468110483,1.0
539004,-9.306994262770417,-9.788512077331742,2.0
539136,-14.938906377507616,-15.043400898221925,4.0
539137,-5.519916910799907,-5.521033573822215,1.0
539224,-8.721033820339583,-9.527155678434362,2.0
539248,-5.0067669990285335,-5.078689764847434,1.0
539327,-6.042873857547174,-6.208907211222222,1.0
539369,-4.995220598588175,-5.0890959011206816,1.0
539379,-15.48515070959483,-16.038432573530546,4.0
539381,-15.562937247830773,-15.80475383697204,4.0
539384,-2.9999202620151957,-2.9999202620151957,0.0
539398,-35.477630386101076,-35.80931254519238,12.0
539788,-1.4813409710145136,-1.5222183963481197,0.0
539882,-9.244452556126834,-9.313283950466994,1.0
539912,-8.595963405805538,-7.981939508929991,2.0
540177,-25.39171562064719,-25.069019073070958,8.0
540227,-0.991599253017984,-1.1070420170451545,0.0
540401,-18.893540414108603,-18.832472597728287,5.0
540446,-19.847093003585982,-20.839186250876573,5.0
540620,-15.527275522585844,-15.66368771288144,3.0
540683,-5.127600400421953,-5.20052776828861,1.0
540701,-39.083450809625006,-39.57191859225061,15.0
540755,-19.739203284848774,-19.246690135765427,6.0
540790,-20.85732507345785,-21.040908608986115,6.0
540818,-16.856966946533902,-16.89179108671746,5.0
540872,-2.088772687414786,-2.1879262222643865,0.0
540922,-2.6962044038150594,-2.9044872939351976,0.0
541044,-26.192700712983143,-25.597380793723058,8.0
541106,-28.976238536388014,-29.010164762729843,10.0
541289,-3.1856984121794967,-3.2097543868176124,0.0
541392,-10.725919998023752,-9.540193714006334,2.0
541400,-19.717817815321542,-19.475545060518378,6.0
541581,-28.31062422316989,-28.485599469843656,7.0
541594,-1.177625112814377,-1.3650420337441198,0.0
541603,-8.614112481035301,-8.695699333876695,2.0
541617,-32.109035983138774,-32.10960174891916,11.0
541775,-81.48081233704296,-81.35151110546468,49.0
541789,-26.901958164711814,-24.61710597516842,7.0
541868,-101.21370956828365,-95.4716102722042,53.0
541979,-17.90399582831553,-17.41165380805894,4.0
542063,-12.278363709311428,-11.332648554758881,3.0
542124,-15.208558936495418,-15.156752458339174,4.0
542187,-42.88598152494513,-43.1223610610585,12.0
542224,-53.87383500376788,-53.92847945013209,26.0
542231,-1.7850568292146498,-1.8945998159335795,0.0
542240,-23.147097703428102,-23.307763626069775,7.0
542356,-5.1929140306283115,-5.163820857337584,1.0
542449,-32.608711316576034,-30.879791055112054,9.0
542579,-5.543075794371792,-5.785359036184712,1.0
542596,-5.315150302160157,-5.552028877159844,1.0
542636,-5.398485904097844,-5.5409960469345405,1.0
542690,-11.910799156326132,-12.181222637285156,3.0
542826,-3.303636120215332,-3.344827283949063,0.0
542849,-29.907939011574445,-30.19452348005513,11.0
542904,-17.548430891360066,-18.376030189690862,3.0
542932,-17.52118400520608,-17.182715172944334,5.0
542974,-39.33092702474201,-39.7393716862999,13.0
543443,-71.2545988406974,-70.52706894133969,42.0
543554,-9.529104735584054,-9.119892078845279,2.0
543642,-38.275835389808144,-38.30136458583779,14.0
543646,-23.61266883809181,-23.81548112150398,6.0
543681,-47.465384013441934,-45.8110582393752,17.0
543714,-23.27033025605669,-23.544825690086537,6.0
543822,-16.74182246460973,-16.773372618113523,5.0
543826,-1.4813409710145136,-1.4914539436546477,0.0
544012,-14.838507283150781,-15.040996177020274,3.0
544052,-10.415487916514186,-10.587233976741931,2.0
544153,-29.79707807133134,-29.266820148861665,8.0
544206,-1.7850568292146498,-2.255096942925034,0.0
544207,-2.3924885456149223,-2.395975418804758,0.0
544211,-1.4813409710145136,-1.489014405273791,0.0
544259,-0.8739092546142408,-0.8962867351993512,0.0
544362,-8.766936056284932,-8.24865028482552,2.0
544607,-17.710708096240467,-17.849359710542984,5.0
544631,-15.027790953112355,-15.030855989544206,4.0
544677,-30.53301795127749,-30.1618459354815,10.0
544732,-0.266477538213968,-0.5089284172576517,0.0
544739,-2.3924885456149223,-2.449827178991868,0.0
544928,-3.607351978415468,-3.64500770227196,0.0
545085,-18.02191396084096,-17.71350982037686,5.0
545311,-31.945294684982258,-31.401748270601956,12.0
545330,-5.117719193454072,-4.8609139513185,1.0
545398,-4.9716422683362795,-5.019008539154133,1.0
545631,-12.4586143592738,-12.605945761441985,3.0
545771,-25.263280894572777,-25.0373533720102,8.0
545855,-5.040734935876955,-4.627338588796753,1.0
545862,-8.548195440858619,-8.529490531222173,2.0
545885,-4.822215411216014,-4.896581338331615,0.0
545955,-37.0568775676051,-36.36031527516947,11.0
546050,-9.817558334902474,-10.111326499434838,2.0
546065,-24.06724817480046,-24.289618041269406,7.0
546106,-4.949509935698037,-5.137521648559494,1.0
546217,-1.4813409710145136,-2.358691970880859,0.0
546252,-31.733167290992398,-31.571350355922235,11.0
546349,-19.33661156541239,-18.042471839913805,4.0
546374,-4.9900705826250356,-5.0060730641761655,1.0
546400,-4.929054647377197,-4.970782112573781,1.0
546412,-16.43553908741013,-14.829077742024191,4.0
546835,-4.927349506249577,-5.075145446581525,1.0
546927,-71.8190464152196,-53.47980699389671,15.0
546947,-10.156524560631556,-10.205482816266734,2.0
546971,-14.481219810071815,-14.597838730608306,3.0
547034,-19.06315849554577,-19.300682965055714,4.0
547314,-24.890295581632515,-25.25934454026504,8.0
547414,-9.429539288421948,-9.542656392235003,2.0
547555,-1.177625112814377,-1.3325823760068303,0.0
547670,-13.702080169464363,-13.779016620002237,3.0
547960,-71.47566129001417,-68.98996425125182,19.0
547997,-38.25719341778494,-38.50364246635299,15.0
548007,-1.4813409710145136,-1.514332664657951,0.0
548059,-14.609949705749475,-14.343834975890198,4.0
548088,-6.340794702216695,-6.557943949215362,0.0
548135,-15.12691771422234,-15.8164384387495,4.0
548164,-22.938801173768056,-22.758470837154352,7.0
548201,-4.518499553015877,-4.666301347058959,0.0
548343,-22.93540348262289,-23.25090290569687,7.0
548653,-14.481959592238026,-14.440783508872082,4.0
548728,-1.7850568292146498,-2.030959005681359,0.0
548770,-6.08004967295123,-6.447122887372736,1.0
548850,-60.05080574171981,-57.928002665581865,29.0
548993,-69.98469781165488,-70.29001613274626,27.0
549123,-2.6962044038150594,-2.8034204832169745,0.0
549190,-20.17652092861472,-20.56457485092088,5.0
549197,-9.197642359637173,-9.38723909480102,1.0
549203,-3.911067836615605,-3.9783704719160706,0.0
549292,-11.170731654733268,-11.31048091850256,2.0
549322,-22.121188432316846,-22.450117793773526,6.0
549413,-38.32623460670329,-38.81412506181579,13.0
549418,-5.058875331536529,-5.049242349349515,1.0
549485,-39.668173238506846,-40.036474777803825,15.0
549589,-9.074237426017923,-9.121861204710084,0.0
549693,-31.046882913019463,-31.25392214126738,10.0
549705,-1.177625112814377,-1.3954182842037874,0.0
549706,-39.90815067747361,-38.454974734153,16.0
549882,-5.014170450011537,-5.161144532292952,1.0
549913,-131.2169710010007,-119.70167715739834,55.0
550087,-11.737423538555127,-11.427724687548945,3.0
550509,-15.33614883345592,-15.508389997712165,3.0
550579,-45.89590555741935,-45.9169639769448,20.0
550721,-12.395107821456294,-12.473482931107576,3.0
550807,-16.29601373895442,-15.416357427017386,4.0
550827,-40.67413253390866,-40.48164660365394,18.0
550970,-12.165146149155916,-12.245332459836757,3.0
551014,-52.1186184545971,-50.58900557087685,11.0
551039,-1.4813409710145136,-1.4999521737300905,0.0
551062,-26.11358076637576,-26.359202126312756,8.0
551229,-2.088772687414786,-2.9392331460832435,0.0
551335,-155.20640643667554,-127.32721782302927,29.0
551403,-35.19214530469883,-34.87152361470252,8.0
551439,-27.908739689910895,-25.655492537947545,6.0
551454,-70.59250867248234,-66.32950558094487,18.0
551457,-12.176553627312446,-12.255432210304896,3.0
551459,-21.59874064891151,-21.882575837780227,6.0
551470,-9.250302679806513,-9.342552891196604,2.0
551631,-21.41057288718077,-21.777678114665658,7.0
551866,-22.90550327764284,-23.222372626000983,6.0
551956,-17.618611669377124,-14.048839089047718,3.0
551968,-32.00054632611257,-31.852906815338113,13.0
552078,-23.871024839432586,-23.75145307248485,8.0
552248,-9.52323414995786,-9.614740375852985,2.0
552263,-67.2312915011269,-64.8743623626879,33.0
552282,-19.44506143191398,-19.81960156820233,5.0
552706,-13.987615222201072,-12.202320964894438,3.0
552791,-49.902555293304175,-49.09461135610374,11.0
552841,-4.928164504255843,-4.8723546557196915,1.0
552889,-12.247909307778698,-12.451404732139052,3.0
552953,-16.43043414567276,-16.44439108726141,4.0
553072,-8.965212227140173,-9.041030724393307,2.0
553135,-66.9010115378624,-67.23700832461392,35.0
553172,-24.439720399818185,-24.74404730675182,7.0
553207,-14.259288274879236,-14.259573531933317,4.0
553222,-5.7191464847894915,-5.9354968731530375,1.0
553291,-14.240274597068497,-14.17361109098836,3.0
553322,-9.592466884089658,-9.641444415972854,2.0
553328,-20.98405865522189,-20.759592537281332,6.0
553412,-44.09608504542177,-44.10630264536241,14.0
553538,-5.769302001859182,-5.9852242056639104,1.0
553557,-12.08428476154314,-11.809073351715783,3.0
553563,-16.338994565422148,-15.755535050898528,4.0
553568,-2.088772687414786,-2.1707897464282233,0.0
553570,-6.452036070543585,-6.699480594410357,1.0
553676,-56.709456161342445,-53.897782283020504,20.0
553722,-56.02211324935366,-41.908682814827344,11.0
553773,-3.607351978415468,-3.758235530933414,0.0
553819,-5.099282862057394,-5.105829043199375,1.0
554004,-21.61204153811393,-21.92312565006461,6.0
554081,-1.7290435139781681,-1.7599961541217908,0.0
554173,-9.576946569068813,-8.713647108416536,2.0
554235,-18.2370415697048,-18.45495328111288,5.0
554260,-42.9651238957809,-43.307830472219635,13.0
554520,-17.590427672017512,-16.450726380242752,5.0
554640,-20.712256462261447,-20.442689551900862,6.0
554695,-3.303636120215332,-3.4698912335106304,0.0
554766,-3.0145284242364307,-3.045338544207237,0.0
554824,-94.87066817009007,-93.73013216844231,39.0
554863,-0.266477538213968,-0.5116571080912348,0.0
554928,-5.01552404139806,-5.060212703390049,1.0
554952,-7.116949408698105,-7.168615175266166,1.0
554985,-12.152295144471077,-11.02738709454284,3.0
555052,-34.187183570627354,-33.30583581081355,13.0
555189,-1.7850568292146498,-1.8557264934611322,0.0
555195,-14.490062984067727,-14.191199422208237,4.0
555208,-24.494202170015836,-24.819131613360977,5.0
555362,-20.641738298227057,-20.291978991397745,6.0
555387,-3.607351978415468,-4.0002251192069,0.0
555425,-8.596417040253023,-8.739537061755906,2.0
555469,-11.711959953385303,-11.785139356262162,2.0
555560,-31.95339660274463,-32.333492197985954,11.0
555572,-4.979116291304467,-5.0407398382042565,1.0
555787,-2.3924885456149223,-2.4455838324847767,0.0
556173,-62.73913905717189,-60.20028191110009,24.0
556249,-31.013792316197783,-29.442940411508197,10.0
556427,-5.270569791888072,-5.332691378365138,1.0
556433,-12.318671230765503,-12.233223917703064,3.0
556480,-14.685922280421208,-14.84307556496524,3.0
556612,-19.467169148790216,-18.99057225871196,5.0
556643,-17.531672130822557,-17.21361108358209,5.0
556707,-15.90937277139129,-15.926405146332442,0.0
556763,-24.458569426432646,-24.445721553530312,8.0
556779,-8.537968133265242,-8.408861227898702,2.0
556858,-9.57556004827782,-9.681495638283389,2.0
556931,-9.475258775438961,-9.570915055883054,2.0
556958,-17.92272868509401,-16.50959176458364,4.0
556970,-115.12495590329667,-114.53587284449443,43.0
557025,-0.5701933964141045,-0.6475864244807105,0.0
557165,-34.56332720502818,-34.11839479525349,10.0
557221,-45.89317001426469,-45.948581909222895,19.0
557312,-5.536758844394239,-5.772272782908845,1.0
557392,-29.611430884479233,-29.674430375857874,10.0
557439,-12.852107435377231,-13.205602177643897,3.0
557452,-31.186101478467087,-25.12819712682785,8.0
557579,-14.975604201432716,-14.864387132537926,4.0
557611,-37.239252850632276,-37.71361604770785,14.0
557702,-21.928573808571937,-21.632403782788664,6.0
557852,-23.3353663980164,-23.742564900803462,6.0
557855,-14.300097402915759,-14.52674034967162,3.0
557974,-23.87502680328895,-22.559157146186273,7.0
558028,-9.546595535010075,-8.63708884208696,2.0
558074,-9.782959478673437,-9.938200490632205,2.0
558106,-55.93068492060101,-55.100447802782845,17.0
558259,-50.18192826588008,-50.76568693387029,16.0
558448,-52.35107058392709,-50.020780416876974,15.0
558575,-23.937822715458996,-23.92499531529485,7.0
558593,-31.89358472792718,-31.09547332108699,10.0
558657,-21.198469331485864,-21.257419889506735,6.0
558755,-5.633629921788846,-5.586489882529627,1.0
558791,-70.28485149322209,-67.2586405897714,30.0
558866,-9.328808685354877,-8.740774382816854,2.0
559016,-2.271851765235827,-2.364160395144545,0.0
559019,-56.388507636383686,-55.997736123897155,22.0
559028,-11.453380685113613,-11.499566273445643,3.0
559152,-11.701592557215625,-11.387878137919541,3.0
559502,-1.7850568292146498,-1.8299947067368318,0.0
559512,-9.672410577765703,-9.306838779481748,2.0
559517,-36.51602442161979,-36.507556204912206,12.0
559536,-35.12822715242942,-29.412308768532334,7.0
559542,-68.49292595390035,-58.55832409510434,19.0
559609,-9.589066705965369,-9.978194470876407,2.0
559955,-12.804338822044828,-12.519968726816995,3.0
559968,-19.548030763604523,-19.673149019579913,4.0
560013,-2.2803896766827134,-2.338193962904254,0.0
560030,-103.23623835597536,-104.63743640837566,43.0
560047,-11.466672489824845,-11.446230922763643,3.0
560146,-9.31245983934037,-9.495132739430478,2.0
560158,-47.10681928754845,-47.01560380599115,17.0
560161,-2.088772687414786,-2.116338160306372,0.0
560247,-1.177625112814377,-1.2280005914452237,0.0
560289,-38.89449090647997,-39.11381177080073,11.0
560423,-12.649705500837866,-13.089898716232618,3.0
560536,-5.083279762062854,-5.183810481796348,1.0
560620,-10.761316069763792,-10.851071411586913,1.0
560752,-18.686811653083883,-18.754043097839215,1.0
560814,-36.95227978383277,-34.23975464034237,12.0
560830,-1.7850568292146498,-1.8218757876875327,0.0
560831,-35.76569430475072,-36.25177418489278,14.0
560855,-18.645766420792995,-18.742721630305997,6.0
560861,-2.3924885456149223,-2.7032647231414537,0.0
561083,-33.31507793839609,-31.972434693990646,9.0
561090,-4.2147836948157416,-4.335004414399218,0.0
561172,-8.311861950140681,-8.417115218458706,2.0
561202,-0.266477538213968,-0.34794840213230877,0.0
561342,-7.153760634500422,-7.3172137590001505,1.0
561489,-1.177625112814377,-1.1842251564920256,0.0
561587,-5.352662781490464,-5.411122019511144,1.0
561613,-102.60102845244873,-104.27632633002617,42.0
561649,-6.644510560416832,-7.145602185064419,0.0
562013,-9.54996578606712,-9.803097231619304,1.0
562063,-19.165127720454667,-17.93855887838577,5.0
562227,-1.7850568292146498,-1.942701356316677,0.0
562287,-11.787802355469188,-11.755724662007644,3.0
562308,-33.1328527116731,-31.528885335880577,8.0
562500,-11.738706834477378,-11.925317361546174,1.0
562607,-21.507773493245626,-21.745595576150723,1.0
562807,-11.365946469515357,-11.464426635951664,3.0
562831,-1.4813409710145136,-1.5323493624408622,0.0
562855,-21.804665952405134,-19.425948334775452,6.0
562949,-12.235315082148725,-12.368170673095568,3.0
562955,-63.506421041215525,-64.7535975553111,15.0
563008,-4.933754108754096,-4.563497742292135,1.0
563064,-8.57422035653016,-8.716015804866968,2.0
563091,-47.091243622493856,-47.10669787112669,22.0
563225,-19.41736744065064,-19.09977344108397,5.0
563244,-11.274591062584124,-11.51278246285405,2.0
563297,-8.587275838570152,-8.694134322535817,2.0
563298,-1.177625112814377,-1.1810321609875571,0.0
563412,-4.8884765458815425,-5.05080566489892,1.0
563423,-16.472054874722005,-16.914386218409458,4.0
563533,-19.812872903975947,-19.948394112890764,6.0
563590,-28.54246739930264,-28.651159514654562,7.0
563657,-31.713601796435142,-31.86441960431077,9.0
563661,-14.289794328516733,-14.45880576710198,3.0
563734,-1.4813409710145136,-1.6122725440189765,0.0
563921,-6.465891662117395,-7.045526175250407,1.0
563986,-15.791747646222547,-16.150321093703948,4.0
564027,-1.4813409710145136,-1.6087026518336336,0.0
564040,-73.53803624957101,-73.4265828003792,47.0
564260,-5.077949863450209,-5.3572009662619156,1.0
564290,-48.87987591651076,-46.672423415598644,16.0
564599,-1.4885543858120807,-1.5464653652378908,0.0
564655,-21.52801418805845,-21.546690910271433,7.0
564696,-12.776468763491842,-12.92190760526781,1.0
564867,-38.966841775016235,-35.613512946771586,13.0
564951,-62.112392972722034,-59.16417484534566,20.0
565026,-2.3924885456149223,-2.963409585808285,0.0
565041,-23.27640201656999,-23.19855962255705,7.0
565198,-14.089861998656993,-12.53951333636651,3.0
565224,-8.48167826765718,-7.924984794998971,2.0
565348,-19.365083348600184,-19.489807256703756,4.0
565352,-22.33351381936061,-22.42911836181151,6.0
565522,-17.721939303575002,-17.519125887517227,5.0
565598,-98.68067574750658,-97.66747258638601,40.0
565736,-8.516422502013887,-8.358876189466308,2.0
565851,-77.90506388623422,-77.27888160622177,34.0
565918,-28.26506422619639,-27.955665751329246,7.0
565929,-1.4813409710145136,-1.4855990713044624,0.0
565967,-1.177625112814377,-1.2241447801571796,0.0
566129,-14.719322834978083,-14.82785051703009,3.0
566277,-6.701962640678064,-6.864664659717536,1.0
566491,-5.837399799546488,-5.9301694792886686,1.0
566493,-47.502045604463326,-44.501999097866744,17.0
566623,-1.177625112814377,-1.425276536608088,0.0
566759,-247.77769267245526,-240.21701866824628,315.0
566878,-13.345807529660213,-13.43996229911259,3.0
566907,-1.4813409710145136,-1.5691464491786804,0.0
567069,-2.6962044038150594,-2.708774001193607,0.0
567089,-5.12593126941615,-5.321971348957622,0.0
567174,-26.583161887546357,-26.708637943710706,8.0
567279,-1.2530337619346732,-1.290504981748168,0.0
567287,-14.986628938757585,-14.907812702830569,4.0
567398,-9.401159113992758,-9.635003163730293,2.0
567404,-10.008099429070311,-10.10792068210216,2.0
567529,-1.177625112814377,-1.1844916988150394,0.0
567596,-15.06616430903123,-15.157308679664183,4.0
567647,-14.995540503711064,-15.186102252616141,4.0
567771,-18.124999594660927,-18.327937181251457,5.0
567797,-1.7850568292146498,-1.9557022850218257,0.0
567829,-0.266477538213968,-0.47614325465120744,0.0
567963,-9.076902510412562,-9.040478750394051,2.0
567983,-7.211936237199992,-7.883773183697883,1.0
568107,-4.980911222143327,-5.0555830231473475,1.0
568119,-21.02780155896095,-20.726795637198624,6.0
568142,-39.334341332597084,-39.75119994580834,14.0
568168,-52.264077955778596,-52.1671985535739,26.0
568183,-115.91738169182592,-118.32041954887639,49.0
568222,-9.194822844299507,-8.70377062856502,2.0
568394,-80.2102468885736,-77.0420670556947,35.0
568649,-1.7850568292146498,-2.1593088129521223,0.0
568665,-20.989506684832982,-20.7229172640709,6.0
568864,-6.513278796931471,-6.5449454624314045,0.0
569220,-38.65673441248052,-39.55386505072379,13.0
569223,-26.590276519166867,-26.351424830680426,8.0
569246,-55.34456360278639,-55.44562441423225,24.0
569297,-39.70488107836512,-40.27399675075189,16.0
569301,-28.557381611026763,-28.660489666934986,10.0
569358,-5.0796376460582175,-5.2135765368651965,1.0
569428,-24.70600054250336,-22.06991527296133,7.0
569436,-154.56360401127503,-154.79649120243496,75.0
569507,-23.756056096998837,-21.298645583626588,5.0
569509,-16.179420693317486,-15.916063855590945,4.0
569528,-10.838717845429382,-9.590815257673382,2.0
569566,-5.622733163260569,-5.697792220081098,1.0
569586,-25.572765770211976,-24.325962886726238,7.0
569695,-19.95042158905281,-19.709126816546334,6.0
569801,-11.322422495063591,-11.522510975207746,2.0
569810,-11.632937764718728,-12.094850652781725,3.0
569935,-8.49518759826514,-8.609173136593657,2.0
569986,-12.478107068422378,-12.737979189502225,3.0
570098,-11.49158788904819,-11.450857396705503,3.0
570276,-16.908827920607436,-17.05889383642919,0.0
570279,-11.937832730182148,-12.085938254596067,3.0
570396,-9.483714035762798,-9.268512944887712,2.0
570634,-11.855699924351917,-12.076678387590883,3.0
570655,-12.36426821002182,-12.570966878554225,3.0
570672,-41.90413191833543,-41.74531956143313,15.0
570705,-38.658544859112844,-38.957253506402026,14.0
570806,-8.788477736358187,-8.87528443127717,2.0
570856,-56.84849647452241,-49.448018722049476,20.0
571049,-30.464297336264675,-31.121927366405323,7.0
571256,-4.987048901669764,-5.127553692350058,1.0
571406,-8.509957306124111,-8.434806000303185,2.0
571988,-12.236479654853682,-11.922536037504425,3.0
572017,-28.587356687256793,-28.827836594340734,5.0
572113,-27.621227939965113,-27.818824110479337,9.0
572215,-11.706777359503542,-11.811956646873622,3.0
572224,-26.66013981774431,-25.56634695913764,7.0
572362,-9.24062998447667,-9.340953795872533,2.0
572558,-29.535101823809352,-29.466343322691525,10.0
572794,-5.118830765014903,-5.201274233223887,1.0
572810,-9.915260176048028,-10.538472824351246,2.0
572824,-2.088772687414786,-2.0929211034493087,0.0
572860,-3.303636120215332,-3.510677022300232,0.0
572886,-61.990739707658605,-62.36892279456568,20.0
572943,-10.125487772223694,-10.206357685256725,2.0
573020,-19.1320569918484,-19.291322482672225,5.0
573053,-19.504294317601627,-19.54402136899893,6.0
573127,-1.7850568292146498,-1.988422135920554,0.0
573145,-33.8567851065217,-32.88134205006106,10.0
573355,-5.885423326654198,-6.038023239152933,1.0
573364,-19.21720867477151,-19.341748495370982,6.0
573421,-20.986264864885026,-21.58632337173944,5.0
573463,-15.14855459002065,-15.294585408794639,0.0
573494,-36.54228571711527,-34.492334956660684,9.0
573517,-1.4813409710145136,-1.5279550301995957,0.0
573531,-34.39481062913076,-34.43064784047788,13.0
573579,-31.271103632623813,-31.39530767717711,11.0
573688,-4.924508577279718,-4.917423315193836,1.0
573720,-1.105602932539384,-1.1146821553253816,0.0
573807,-13.126534881271109,-13.27111924786955,3.0
573862,-24.914434396310167,-24.34806375920577,5.0
574037,-23.008893176823378,-23.17193011998473,7.0
574047,-9.5634310059046,-9.682773321729066,2.0
574093,-1.693910846650517,-1.766609895402977,0.0
574312,-17.779895792876154,-17.982614717879954,3.0
574345,-8.673385459651515,-8.588230053808061,2.0
574428,-43.857890158925684,-44.198089607198575,19.0
574461,-3.3171941399170803,-3.3581979385637912,0.0
574470,-17.50251950325227,-17.790721958423834,4.0
574547,-10.369388772645147,-10.504556841005364,2.0
574693,-4.875734622954937,-4.773393235853999,1.0
574712,-18.400943330956977,-18.074631571465,5.0
574837,-37.840214292684074,-37.55767641547643,11.0
574913,-8.736796348071486,-8.861962716221552,2.0
574932,-6.197827228471654,-6.260110372237679,1.0
575020,-1.177625112814377,-1.2808770415177841,0.0
575087,-3.303636120215332,-3.546097029495475,0.0
575136,-14.950894584299073,-14.728723621506472,4.0
575201,-16.215482289632256,-16.26981390350903,4.0
575343,-7.7449935261259935,-7.9808901318375725,1.0
575388,-8.63129686665312,-8.58990932435703,2.0
575634,-31.56693209159082,-32.139930406416475,10.0
575683,-1.177625112814377,-1.2652415026409616,0.0
575693,-22.25929117591328,-22.399225370215582,7.0
575733,-8.805859833509341,-8.89142862061055,2.0
575776,-24.041715501267923,-23.363344184615602,8.0
576194,-6.7661743135717005,-6.930436085404326,1.0
576283,-11.9168416866136,-11.83002119194307,3.0
576285,-3.786490488940752,-3.8727750545331316,0.0
576315,-2.2958983109299687,-2.296975651716553,0.0
576346,-10.444437107299843,-10.710508002490714,1.0
576485,-27.622951993725458,-27.835652584520616,8.0
576541,-8.560670213663379,-8.592394792545074,2.0
576758,-35.51627766361421,-34.19857383158903,13.0
576790,-32.30437795767257,-32.804670897540404,9.0
576846,-8.63929228622117,-8.785696561392164,2.0
576882,-45.66622928076749,-45.64086373291893,22.0
576931,-10.716256063715331,-10.786975474668598,2.0
576965,-18.63125217694207,-18.317655793291866,5.0
577018,-22.575561810513427,-22.54156165432496,7.0
577125,-5.825139360435609,-5.9295266138226035,1.0
577281,-28.56671930279866,-28.89219586360409,9.0
577368,-12.392754985386674,-12.559327890761343,3.0
577447,-20.86081666632636,-21.623712998028886,5.0
577471,-5.680125637476797,-5.718007015453426,1.0
577537,-16.833168730869378,-16.886384984429903,4.0
577636,-29.44806048307759,-29.768245283963726,9.0
577694,-17.61047844527648,-18.876216332844493,4.0
577718,-8.869198012243244,-8.883750807913705,2.0
577737,-41.82822427495683,-42.4485590062408,8.0
577943,-4.796493006261109,-4.729153241108536,1.0
578011,-19.144562810223277,-17.872158463489157,4.0
578187,-6.0487382463951285,-6.048743722053114,0.0
578326,-15.416468184572748,-15.4945064611182,4.0
578332,-8.536452775276752,-8.641265187958869,2.0
578400,-21.323296701032394,-21.495749406826057,5.0
578600,-47.309882298167224,-47.82981587472161,13.0
578603,-9.2293259862285,-9.351745259961948,2.0
578751,-12.617750119384123,-12.832920709891827,3.0
578766,-27.805675957433134,-28.045174125057322,5.0
578857,-24.775471763285164,-25.03092429567152,8.0
578859,-12.528528338914196,-12.894557913601435,3.0
579022,-6.20570489072998,-6.265077290268373,1.0
579127,-32.318179466992106,-32.1363348533709,12.0
579155,-3.6249180396061704,-3.7473569503140842,0.0
579293,-3.2669798886742973,-3.3339533492177487,1.0
579355,-6.753227411453507,-7.045100857263266,1.0
579433,-43.62418628051363,-43.083963711745184,17.0
579460,-19.265196393692573,-20.07487976710107,6.0
579483,-6.34639181913807,-6.364425334735261,1.0
579523,-5.130672695145089,-5.32476082538642,1.0
579610,-21.012563975654544,-21.086893897411564,6.0
579629,-16.285761572991657,-16.99489585225686,3.0
579926,-92.98207543185576,-89.37349003166241,27.0
579959,-32.60217208356528,-32.92884616955727,12.0
579960,-42.362744862814736,-41.82674858657155,17.0
580027,-18.74811749275511,-18.294896562739204,5.0
580041,-2.9999202620151957,-3.0308337626312287,0.0
580120,-9.562186969398423,-9.170863057569935,2.0
580137,-47.80321280907028,-47.402144991873634,16.0
580141,-4.988240186508845,-5.0755698246938845,1.0
580219,-34.94690757103749,-35.50184601326006,11.0
580260,-1.177625112814377,-1.2009787462517318,0.0
580267,-5.023777849036708,-5.091739843120513,1.0
580348,-16.25537862522095,-15.811520269637288,4.0
580409,-9.518810513019218,-9.521830856130544,2.0
580667,-9.074237426017923,-9.150261531086416,0.0
580702,-1.4813409710145136,-1.6227982207837641,0.0
580743,-9.125231109816017,-8.46764903296972,2.0
580766,-16.121841273717397,-13.306151318020843,4.0
580782,-39.04329592564885,-39.208659388516175,1.0
580907,-19.148645295019044,-19.269408147265274,6.0
580923,-59.5662141593214,-60.05710578005826,24.0
580999,-16.984512043709643,-17.220535812403327,1.0
581127,-106.25518128135563,-101.58327068669836,52.0
581454,-2.3924885456149223,-2.461324888712492,0.0
581662,-5.12593126941615,-5.313857622772576,0.0
581850,-42.08468702124226,-41.25435757238295,12.0
581859,-15.88734841986547,-16.057991508490513,4.0
581991,-94.82193506522046,-71.11292587553137,25.0
582015,-12.935060367638805,-13.225162139088312,2.0
582143,-9.133642391039457,-9.450354044905936,2.0
582200,-7.5379089290637165,-8.04690196571581,1.0
582206,-19.6861968935379,-19.362371392133287,6.0
582267,-4.224298600581245,-4.258778632704123,0.0
582361,-9.703540023637446,-9.841514761797301,2.0
582634,-16.43585742914221,-16.65520531981583,4.0
582713,-8.68237361513589,-8.620331427608033,2.0
582729,-21.61774451155796,-20.65294182692729,6.0
582813,-24.724556343089095,-24.52150613125002,8.0
582823,-15.144913880713432,-15.185344579829392,4.0
582875,-38.621631484684855,-37.05717754585421,12.0
582925,-18.062821868845035,-18.287609780298034,5.0
582980,-41.72730496002644,-42.28962585307126,15.0
583023,-1.9158706580781537,-1.9612421079506617,0.0
583045,-11.385214436474499,-11.49348656005258,1.0
583356,-5.22016347365827,-5.392462766585489,1.0
583605,-15.369074295423268,-14.53541069144664,4.0
583698,-34.907007730338215,-34.98225272787769,13.0
583725,-90.40733994029573,-64.69951243899986,21.0
583862,-5.170597550069794,-5.259896221093269,1.0
583895,-12.705657079398124,-12.564577463978736,3.0
583944,-8.46680570961765,-8.48469080615434,0.0
584006,-8.501253551906537,-8.223275402675617,2.0
584026,-16.176534269440435,-15.248892346650162,3.0
584290,-5.036751754792484,-4.767995388148333,1.0
584490,-38.868310035319716,-37.94887967868894,15.0
584519,-9.764611908935455,-9.961417590756081,2.0
584526,-45.890841410535074,-45.541111649386096,18.0
584647,-22.249057366800333,-22.4751088547727,5.0
584651,-30.610219885838113,-30.32829493224314,11.0
584842,-5.197382068880416,-5.043807803670177,1.0
584847,-1.7850568292146498,-2.209047685811486,0.0
584905,-2.088772687414786,-2.5512150663510043,0.0
584974,-2.241843642016525,-2.47975042029755,0.0
584988,-8.556942777857682,-8.64473635876799,2.0
585003,-32.7279400415961,-31.978162866996392,12.0
585305,-55.06787605839366,-50.69241243616899,17.0
585349,-2.0684402333662146,-2.06844023336624,0.0
585365,-28.67655689665754,-28.210964091137,7.0
585413,-83.28238507535906,-62.64993014402397,16.0
585427,-14.854434628127926,-14.104956127607855,3.0
585495,-17.739265786335018,-18.09032726301473,5.0
585562,-30.501160344998443,-30.783432684644687,10.0
585655,-3.911067836615605,-3.9814332285783474,0.0
585844,-12.35965744171861,-12.652635699104415,3.0
585880,-44.63365192116549,-43.26397865714412,17.0
585890,-47.20170578750337,-45.083766734227154,19.0
585955,-1.177625112814377,-1.2351659307008198,0.0
585958,-22.538591599134712,-22.670635182754825,6.0
585991,-10.560027046737716,-10.723868825079293,2.0
586080,-12.412139655994508,-12.253845874859941,3.0
586132,-5.930247593414388,-6.001850867324129,1.0
586276,-19.372524867712617,-19.393823410791864,5.0
586384,-11.641331999030385,-11.47035881635637,3.0
586412,-29.624845575079664,-29.778853500631538,8.0
586489,-5.491697095550326,-5.45431890344019,1.0
586537,-21.015554499220805,-21.088496701630866,7.0
586544,-5.488737585655845,-5.800493724366492,1.0
586611,-1.177625112814377,-1.4333891167374904,0.0
586681,-8.652854427093887,-8.344902784769427,2.0
586697,-13.516019513508699,-13.519190350083313,3.0
586910,-57.50244630245903,-58.12204260843866,24.0
586922,-15.401456104908291,-15.194536664052535,4.0
586938,-5.230353077053453,-5.394963260348131,1.0
587084,-3.911067836615605,-3.9601423473356747,0.0
587103,-16.094982850163262,-15.071079084337484,3.0
587289,-14.31404102133759,-14.481930876367095,4.0
587354,-16.812519578436817,-17.021176238873302,5.0
587359,-17.53707540688174,-17.587892048014833,5.0
587547,-74.09747308499217,-75.33617804093578,19.0
587678,-5.875114165576674,-6.031376314209763,1.0
587877,-7.665591461390056,-7.748685533269625,1.0
588267,-23.102994328448673,-23.354624751875274,6.0
588805,-22.76711267702015,-21.815046411630153,6.0
588852,-9.408635863826822,-9.158910022684948,2.0
588868,-15.688188487226554,-15.429298427591721,4.0
588883,-38.832905567648865,-35.27723955590448,8.0
588900,-23.455526881672938,-22.183850118655137,6.0
588999,-32.729395527894845,-33.41397449389472,11.0
589026,-44.00155079273622,-44.62355017835427,13.0
589045,-41.146281572299294,-40.7175229160027,11.0
589050,-18.33858112776629,-18.5519745725675,4.0
589053,-29.68599963198443,-28.797912171698243,10.0
589115,-17.894380763421964,-17.842817767906336,5.0
589177,-17.53931834192406,-16.70892590423139,5.0
589380,-14.262823551078801,-14.427676182049394,4.0
589424,-0.8739092546142408,-1.2109177847927728,0.0
589427,-16.890226054571873,-17.015358981756027,5.0
589469,-5.284321129787183,-5.311488508071645,1.0
589580,-5.139073501244257,-5.189384879685531,1.0
589593,-12.528996255512562,-12.703995526562558,3.0
589654,-15.371733469021082,-15.486101626245603,4.0
589690,-28.857509687426916,-29.100681923897724,8.0
589708,-2.6962044038150594,-2.725311350028397,0.0
589948,-85.63771045863433,-85.44071944915395,49.0
589957,-28.748341053557052,-26.878797770310626,7.0
590160,-14.045260463452102,-14.226836643984708,3.0
590264,-8.165521662825139,-8.332061433554175,1.0
590418,-26.20660140978288,-25.633362012204305,9.0
590449,-100.52598960950999,-98.94420445363428,43.0
590528,-3.303636120215332,-3.5432595735762082,0.0
590574,-19.549336332910453,-20.362311053260616,5.0
590952,-8.163089851417514,-8.217730548971222,0.0
591016,-5.4296471276162865,-5.817399243401295,0.0
591248,-1.4813409710145136,-1.4880874922591665,0.0
591376,-1.7850568292146498,-1.8194324866183234,0.0
591399,-31.6430678871895,-30.0007729427694,10.0
591420,-22.437872157165746,-22.511098402703897,6.0
591432,-21.27442638260281,-18.53920401441144,5.0
591479,-11.763304999172783,-11.84849790593184,3.0
591486,-12.745267764602186,-12.82157003544831,3.0
591547,-24.09943854878444,-24.2810619254718,7.0
591616,-12.653202017330608,-13.310373379968686,3.0
591746,-1.177625112814377,-1.2046867994989212,0.0
591803,-76.87750621124725,-74.42620342671414,40.0
592023,-5.7597772612499165,-6.060243134157721,1.0
592029,-5.87652888231645,-6.060479679387185,1.0
592093,-5.016211711870066,-5.077986601340311,1.0
592160,-16.710837666224005,-16.771752546386104,5.0
592216,-2.6962044038150594,-2.81942755303121,0.0
592301,-25.699091032047736,-26.134890031344135,9.0
592381,-5.733362985816423,-5.757525591965082,0.0
592384,-1.7850568292146498,-1.785341581351827,0.0
592419,-21.499108253420886,-22.264740331508357,6.0
592430,-9.152782130732133,-9.25555477016179,2.0
592461,-1.7850568292146498,-1.889994722954559,0.0
592491,-20.819198486583907,-20.199150980542573,5.0
592722,-27.666831537858062,-27.506409128255903,9.0
592737,-24.742510882150448,-24.583044792545586,5.0
592741,-14.184003640130262,-14.35783037423135,4.0
592854,-14.901865751066627,-15.698740011517577,4.0
592881,-2.088772687414786,-2.190362253765251,0.0
592882,-5.440914182434364,-5.543072228258198,1.0
593233,-23.963322868135478,-24.16983774069227,8.0
593283,-8.990381041305557,-9.251116738035515,2.0
593419,-17.561707587497068,-18.152274767187176,2.0
593440,-2.8029642155149053,-2.878477881154343,0.0
593527,-8.835401610037547,-8.50317820269526,2.0
593833,-50.60085977763174,-49.83778221777806,21.0
594171,-17.51675086167439,-17.69031580717791,4.0
594422,-18.694828636880285,-18.06673939344075,5.0
594428,-10.57056256060984,-10.933303721623352,1.0
594540,-16.287400507890727,-14.216737013136202,3.0
594583,-8.581136189186973,-8.68539413103617,2.0
594753,-18.071886938899148,-18.2693363202374,5.0
594816,-27.24906787885444,-27.531194485177313,10.0
594882,-1.4813409710145136,-1.5191847783760732,0.0
594934,-38.583387409995694,-38.45573402792057,10.0
594941,-21.75835001519103,-21.929753637638655,7.0
594992,-20.096774178532407,-19.60708500731141,5.0
595041,-8.637966854689251,-8.84720370848218,2.0
595078,-29.183137868809542,-29.97106947703519,8.0
595087,-8.711595195310613,-9.173845409227015,2.0
595088,-9.129679597350643,-9.28530199250952,2.0
595162,-140.81764915477876,-129.63839325904203,48.0
595424,-64.25290134970587,-59.13120640534109,23.0
595433,-10.692028027428428,-10.949448493283345,2.0
595502,-17.345247405417634,-17.416232281276816,5.0
595554,-6.094358517022932,-6.174019291036771,1.0
595657,-52.20707355272058,-51.27723753377822,25.0
595807,-27.831819102457732,-27.686395472281568,10.0
595909,-23.802285637739455,-22.95473624961036,5.0
596054,-1.7850568292146498,-1.8200386096832102,0.0
596302,-19.536082186393575,-19.674672086268405,6.0
596349,-22.728294132028967,-23.085787462721374,7.0
596476,-37.21388750610657,-37.030036085163346,15.0
596493,-37.2847987619265,-37.12507683033358,11.0
596502,-12.582506508078126,-12.542716469415028,3.0
596648,-11.951110365206802,-12.04056223626274,2.0
596655,-67.21454316787796,-69.18309702757425,36.0
596770,-2.181293638707806,-2.2291331734767668,0.0
596784,-5.103180320557456,-5.154844319165892,1.0
596821,-3.607351978415468,-3.6073519788231407,0.0
596901,-14.63015463636691,-15.061127830810408,3.0
596919,-38.73303639431119,-36.419204526438946,12.0
596927,-22.26722712331272,-22.342837975968333,6.0
596948,-16.983842831358864,-17.114446308875944,5.0
597005,-14.32822347812838,-14.652482012299027,4.0
597021,-15.398873987485704,-16.22676638537149,3.0
597026,-16.678367529376185,-17.123023464387455,3.0
597308,-3.607351978415468,-3.705494328085987,0.0
597373,-24.855723418228635,-21.890803306246024,6.0
597374,-91.85860285293583,-91.71471207233179,38.0
597605,-9.251641081246104,-9.347271883700152,2.0
597835,-2.6962044038150594,-2.706423832342713,0.0
597925,-14.317727339949439,-14.061100153224258,4.0
598029,-14.361333798787522,-14.563317475020876,4.0
598047,-17.989177900895346,-16.994002755218567,4.0
598171,-11.329808590986808,-11.38583040517629,1.0
598411,-63.50545192736162,-53.2386306168056,17.0
598474,-29.2214315861288,-29.190509601960517,8.0
598509,-5.118830765014903,-5.17693475894107,1.0
598700,-17.664998641986404,-17.691651270718374,3.0
598768,-16.133403194196617,-15.617254257248012,4.0
598782,-1.4813409710145136,-1.6146151882744906,0.0
598973,-27.90818607100099,-24.26162978443529,5.0
599041,-43.94733674731132,-39.730411805059255,8.0
599113,-5.104997587459201,-5.179330100960144,1.0
599317,-6.277626452377089,-6.317288644393178,1.0
599413,-9.851641013155268,-10.672560499594024,2.0
599512,-27.42516314886523,-27.993483585982762,8.0
599615,-27.02890697360809,-25.457362053061154,6.0
599695,-4.984607418197858,-5.114958345400627,1.0
599984,-17.152500814470358,-17.64101264017242,4.0
600013,-1.177625112814377,-1.236267529263508,0.0
600060,-3.1126640042205755,-5.877229220108779,0.0
600097,-2.088772687414786,-2.1703552424526467,0.0
600131,-2.7093336165515605,-2.7718668790739707,0.0
600288,-12.218851542035122,-11.97216689429556,3.0
600294,-19.02907658483174,-18.727734264583376,6.0
600296,-8.163089851417514,-8.321608134924489,0.0
600521,-2.6962044038150594,-2.8574490827429697,0.0
600735,-8.632749572003034,-8.699592856726577,2.0
600953,-35.28823089381919,-32.47497778869913,10.0
601085,-3.303636120215332,-3.325492174588615,0.0
601204,-8.597033136181164,-8.628397474420876,2.0
601243,-36.83366914375997,-36.71295088953746,17.0
601274,-3.911067836615605,-3.9693071855611,0.0
601432,-0.8739092546142408,-0.8901835497088256,0.0
601467,-18.073643810049052,-18.10919513337948,5.0
601585,-13.092022106801558,-13.34078691142023,2.0
601712,-30.21178722186845,-30.000775639313563,9.0
601737,-5.305490028450277,-5.414756619262753,1.0
601933,-5.505900602197674,-5.723025498938273,1.0
602055,-1.177625112814377,-1.451176373880329,0.0
602068,-7.312806504688255,-7.511236303442496,1.0
602082,-8.43490610120216,-8.51827569147796,2.0
602130,-27.11718643919807,-24.806646066785444,5.0
602166,-8.550664982762838,-8.909687692720677,2.0
602207,-74.76143944340137,-75.52207234621883,17.0
602339,-2.088772687414786,-2.1032521923326493,0.0
602388,-24.63262247665275,-24.919184268268374,7.0
602392,-26.264063110494796,-26.455424315726304,7.0
602449,-0.5701933964141045,-0.6809125129856005,0.0
602459,-11.708008045851582,-11.608051761316263,3.0
602518,-21.1082344063982,-21.51353105706579,5.0
602599,-8.39632774098622,-8.530441861267938,2.0
602686,-31.763067273340713,-31.8447876787721,11.0
602840,-28.88844835225413,-27.58892833500061,8.0
602908,-10.900896500133864,-10.357576981288757,2.0
603094,-9.499563686755023,-9.27022015769261,2.0
603185,-5.518094648306305,-5.637166478098663,1.0
603216,-5.969895430674639,-6.19348120592795,1.0
603218,-36.60410642423815,-35.091576078302005,11.0
603221,-17.469674610238833,-17.622770687839786,5.0
603241,-9.933062623499861,-10.059079464330322,2.0
603338,-12.526358822902864,-12.72231306763643,2.0
603355,-17.848364592534,-18.23094181201935,5.0
603404,-11.760418389963085,-11.654252990753804,3.0
603620,-23.084898006456662,-22.57449228414301,6.0
603834,-47.09755938755833,-47.648431759719706,22.0
603868,-58.031690692255026,-53.54346603549496,19.0
603878,-5.885423326654198,-6.102902595803409,1.0
603940,-10.054711509942573,-10.369576131260786,1.0
604151,-36.58700065520746,-37.040598681618384,14.0
604206,-21.60874655987438,-20.910835276129152,6.0
604284,-19.48171317967829,-19.36119121440252,6.0
604422,-8.75116168399847,-8.920047820958485,2.0
604427,-9.6211597076034,-8.869290607853017,2.0
604457,-56.7034398928073,-55.76606995510193,16.0
604510,-3.6997985615320172,-3.6668447001079785,1.0
604674,-10.667790836798178,-10.652201826111067,1.0
604703,-43.848941069257826,-44.28506896443444,16.0
604782,-67.91313082140249,-64.10417572063498,22.0
604788,-32.548142158836875,-32.632167689225255,13.0
604884,-78.21162180944992,-78.77760829369058,46.0
604949,-27.857027464359728,-28.005824621516126,10.0
604986,-81.83730640857084,-79.26270111170155,30.0
604990,-5.0244584784860375,-5.120130304293561,1.0
605047,-5.0042138182440565,-4.961584267266606,1.0
605063,-11.715558493154942,-11.862629449504512,3.0
605088,-1.177625112814377,-1.4615357775023456,0.0
605143,-4.929945904905384,-4.988686233381623,1.0
605257,-17.53728839068371,-17.805572713334495,5.0
605377,-1.973845814592457,-1.977254353587089,0.0
605395,-8.43397813318575,-8.372969972487526,2.0
605404,-6.9037551515131845,-6.6858578024118405,1.0
605438,-1.8911596546318992,-1.9026940347275945,0.0
605484,-23.939679740014988,-24.343776177128206,7.0
605674,-34.91876812404786,-34.562298378103854,12.0
605741,-148.60062749974526,-150.06345188705416,146.0
605857,-31.93152367260719,-32.47580939776703,11.0
605889,-29.51527209918388,-28.680521488567546,7.0
605960,-4.989319647917328,-5.130685495443009,1.0
606012,-71.47537474898147,-67.69553857597127,19.0
606055,-30.70013880061142,-29.95496232046764,9.0
606070,-38.14699920157876,-38.00157287938683,16.0
606147,-17.190754931902788,-17.391541816822688,4.0
606186,-6.33916508780498,-6.744262063572108,1.0
606365,-45.966693005038294,-45.57963175455804,13.0
606460,-5.86632552570359,-5.894909367233407,1.0
606543,-14.370295195997784,-14.567616240908317,4.0
606635,-46.05716271184329,-45.15444485758132,13.0
606648,-17.763098654579917,-17.907180249903657,4.0
606696,-22.88022207463054,-22.76682973094328,7.0
606701,-4.95994270099938,-5.182717890027426,1.0
606840,-30.908170739455517,-29.88321485076729,7.0
606893,-52.74587885147738,-51.819646302884145,24.0
606974,-8.350909343445833,-8.34817544051526,2.0
607069,-2.4041388088666906,-2.427984150306645,0.0
607108,-39.19194127800835,-35.02376100484675,9.0
607312,-20.814460590472414,-20.95221575188517,2.0
607361,-65.1236459414396,-65.79439522384124,12.0
607412,-30.344415346597163,-30.290844951934986,11.0
607527,-30.665869048743218,-28.356711657655364,7.0
607683,-6.237483711470633,-6.420428072720275,1.0
607711,-9.587048055641272,-9.78679886653383,2.0
607780,-27.815597497895027,-28.321597787132546,7.0
607874,-68.3821040468898,-66.03230909237124,13.0
607885,-5.145139153121103,-6.840671585250409,1.0
608099,-19.02103368082655,-18.309339775075053,6.0
608219,-6.0157818461807215,-6.365168379156409,1.0
608236,-11.624758708717124,-11.758387605295475,3.0
608253,-62.11638988113522,-62.37601720767499,33.0
608331,-44.08553629534569,-43.97745031744673,18.0
608341,-0.8739092546142408,-0.9773134311138271,0.0
608355,-47.156588368360914,-46.31922570774253,19.0
608361,-43.4399594988028,-42.090837241181426,16.0
608406,-1.177625112814377,-1.2048937498752528,0.0
608458,-57.257482598412906,-56.271591028928796,14.0
608534,-24.91607636334479,-24.70044422000611,7.0
608826,-12.779040843249417,-11.102145608346401,3.0
608903,-133.38634899308843,-97.43309097120255,39.0
609001,-1.177625112814377,-1.444302301579507,0.0
609053,-31.43517761428212,-29.791817669570868,8.0
609059,-34.713137148920275,-34.311464640835474,13.0
609065,-14.608956752698898,-14.486474680051439,4.0
609066,-1.1944052231888247,-1.6191316053011529,0.0
609167,-10.592816717018605,-11.452807737676958,0.0
609260,-24.52806204116129,-23.228717002951967,7.0
609292,-2.3924885456149223,-2.481556230888404,0.0
609429,-42.99638945676419,-42.39171393645283,9.0
609443,-13.725659499485012,-13.622629325695392,3.0
609554,-1.177625112814377,-1.2988827864846562,0.0
609557,-6.644152871465259,-6.894956875261171,1.0
609587,-6.533003509205173,-6.657711726506912,1.0
609663,-8.642114736442153,-8.984426204976463,2.0
609818,-39.855370479804705,-38.660879718481794,13.0
609853,-33.40997299955867,-29.10464809859036,8.0
609902,-66.30950772640449,-65.55923975513973,27.0
609935,-11.69914104400566,-12.012030382707817,3.0
610007,-6.680964097267576,-6.71079112509565,1.0
610008,-32.35818258309665,-30.920654216838646,9.0
610305,-19.05134541209235,-18.61306528857559,5.0
610307,-2.3924885456149223,-2.5205533991553595,0.0
610343,-1.4813409710145136,-1.4985595109521324,0.0
610439,-133.57494379738122,-131.6371057221657,63.0
610556,-9.708261839668568,-10.29555934186709,2.0
610587,-36.748237232726154,-36.60981352581705,14.0
610595,-11.357916833876956,-11.369776520409056,3.0
610673,-1.177625112814377,-1.6496867982067727,0.0
610940,-25.492554881827157,-24.509857998971448,7.0
611086,-5.733362985816423,-6.040771645951743,0.0
611106,-79.54901113293909,-80.23201947387098,32.0
611221,-12.65564096944677,-12.631201800349281,3.0
611426,-11.863130910309462,-11.536848051675916,3.0
611472,-29.645357114829768,-29.71559280714528,10.0
611604,-4.991167307448308,-5.074074333126222,1.0
611613,-4.96184246122413,-5.057557210314534,1.0
611694,-8.56278504303142,-8.523116485660866,2.0
611955,-16.857710743202603,-16.92220849212276,5.0
611961,-42.656371468775475,-42.512409261551724,18.0
611964,-91.95850619344127,-90.44144165576085,41.0
611990,-12.263733344064168,-12.14160571647329,3.0
612074,-40.66350618533453,-35.39751721415661,8.0
612078,-1.4813409710145136,-1.5517952349878485,0.0
612106,-0.9067527274760621,-0.9429099559212719,0.0
612224,-15.389183245977978,-16.023779953727864,4.0
612242,-74.17898000993843,-70.18196643237134,32.0
612378,-2.8321990775384047,-3.204795726285352,0.0
612508,-70.35441538326346,-70.51582310882017,38.0
612605,-115.75390785346171,-116.55674043131545,93.0
612635,-17.42967542353546,-16.85914207219976,5.0
612859,-13.795142779439313,-14.103711053132727,3.0
612912,-41.932076430981176,-42.003431840074526,12.0
613023,-53.250787717390466,-53.68005068474056,23.0
613223,-5.058335470334234,-5.11011579174583,1.0
613260,-5.265420212447787,-5.529356813274952,1.0
613262,-4.804173951446542,-4.778785846452392,1.0
613269,-80.25399591833526,-79.97505593856822,33.0
613324,-20.412832835340883,-20.20072074236663,5.0
613434,-6.778966087601439,-6.877721569027604,1.0
613447,-13.7920857339066,-14.222435166615002,3.0
613519,-6.483322642428574,-6.6258783005063595,1.0
613757,-2.3924885456149223,-2.3924885457164478,0.0
613765,-28.545834232351257,-30.107519228094894,5.0
613848,-1.7850568292146498,-2.107421980577689,0.0
613924,-9.538071064503619,-9.640912244924708,2.0
613992,-1.4391055835406474,-1.531336824853278,0.0
614021,-12.356893209066309,-12.444357672456269,3.0
614201,-27.735907437321497,-27.848421180802433,10.0
614560,-9.664533145925802,-9.904876635559502,2.0
614568,-47.24744201830119,-46.14315772341349,14.0
614701,-3.303636120215332,-3.429759808781307,0.0
614720,-55.76184920052427,-55.59119404266714,23.0
614731,-9.396568355783074,-9.444526417060306,1.0
614753,-11.52422755795122,-11.556618783165288,3.0
614828,-11.936191292456405,-11.549097722101866,3.0
615056,-15.162440751756797,-15.265917346880093,4.0
615063,-8.498797558820927,-7.979485718847134,2.0
615086,-24.237481658108052,-24.891294392183983,7.0
615193,-21.635074846102725,-17.24467203710666,4.0
615204,-5.095613776606004,-5.104778902277631,1.0
615263,-2.6962044038150594,-2.719326584246907,0.0
615332,-18.680437011167392,-15.05984482847002,4.0
615395,-34.89863532773632,-35.07701144522426,13.0
615435,-9.22832966559757,-9.365971208211452,2.0
615438,-59.24006133010189,-57.775900467855344,25.0
615519,-23.85490509747881,-23.88456058735721,7.0
615589,-8.744505348689724,-8.720935874070138,2.0
615631,-1.7850568292146498,-1.8866739537153712,0.0
615743,-23.035599451575493,-23.221232663036037,6.0
615767,-48.019008666313134,-47.708637085702094,21.0
615855,-22.696353574672084,-22.876659119104353,5.0
616048,-19.34416106190919,-19.73830549532659,5.0
616119,-37.81225639211816,-36.590576800127636,15.0
616202,-177.9434334858847,-132.29187982292865,40.0
616623,-54.037277513208544,-52.31651900982511,18.0
616652,-9.784173133049475,-9.998724885717692,2.0
616729,-3.607351978415468,-3.937019043474626,0.0
616769,-38.49130457042022,-38.486691086776624,16.0
616798,-8.577345875899038,-8.719329825365891,2.0
617004,-12.240060265460226,-12.024086802285993,3.0
617282,-16.66693806363632,-16.730263470180674,4.0
617313,-1.177625112814377,-1.2178940592366854,0.0
617321,-12.683216674218869,-12.786133009039823,3.0
617351,-2.3924885456149223,-2.417128764609507,0.0
617362,-16.710398024130345,-16.72498880138694,4.0
617381,-1.8101606536822767,-1.81356712869617,0.0
617426,-16.988421281576656,-15.885048947184432,4.0
617497,-48.64702196525809,-46.3566752790688,20.0
617563,-47.65302642971044,-47.31022675814792,18.0
617588,-27.406265004719785,-24.448156149912386,5.0
617705,-12.55657213293365,-12.298574925391028,3.0
617853,-0.8739092546142408,-1.106849445439403,0.0
617864,-106.34279166873266,-108.09999814056187,65.0
617967,-2.088772687414786,-2.148106201934001,0.0
618001,-16.169619073439513,-16.314281978071257,4.0
618055,-1.9248669634771514,-2.0299211555312,0.0
618080,-17.165538313388325,-15.419679548380085,4.0
618082,-83.14890216562632,-76.0383703498027,27.0
618153,-12.824812468448288,-12.92377663666117,2.0
618207,-21.364170741252753,-21.069102855198302,5.0
618304,-29.365314583149768,-26.091605008336654,6.0
618325,-17.62211182684783,-17.740569813321812,5.0
618346,-41.19311553081158,-40.92927335366481,13.0
618500,-26.682306987450968,-22.80967776518446,6.0
618627,-8.80360099806679,-8.800794945404297,2.0
618636,-42.75905778971644,-41.1320357768591,13.0
618681,-5.010387054995299,-5.061890103131135,1.0
618700,-9.543550169764385,-9.266301367130406,2.0
618777,-10.97714739659757,-10.998223473605627,2.0
618778,-9.569931228857632,-8.090087413674222,2.0
618824,-28.475861921743924,-28.58433909077617,8.0
618885,-1.4813409710145136,-1.5422433812539313,0.0
619024,-13.227790814193305,-13.04259910114025,3.0
619171,-10.289100858818468,-10.555271847531133,0.0
619189,-35.80092222553235,-33.022456124842506,8.0
619254,-29.10826474059955,-28.642492074547945,8.0
619798,-45.84361961665736,-43.41390795173291,9.0
619854,-8.152264296410577,-8.211534745058874,1.0
619910,-9.084066550813858,-9.164576759732475,2.0
620435,-17.627677042730493,-17.580207814776344,5.0
620575,-1.502448762216766,-2.09759167024451,0.0
620697,-11.641178272022868,-11.81143306195226,3.0
620771,-8.533221325940934,-8.654684994101533,2.0
620781,-147.6818313126075,-144.0273852145185,86.0
620787,-0.9620982435415126,-1.1964194270861293,0.0
620821,-1.177625112814377,-1.2687315963495673,0.0
620852,-0.5701933964141045,-0.6115812498605969,0.0
620854,-23.585435652847593,-23.40561797346245,7.0
620865,-0.9538145604475403,-0.9977158357512479,0.0
621248,-22.000351875576335,-20.896951786807247,6.0
621283,-14.957143369825497,-15.179858392418444,4.0
621310,-10.4586369595093,-10.578193337179105,2.0
621362,-21.020854106053143,-21.238854860483826,5.0
621397,-1.177625112814377,-1.1776360051057213,0.0
621461,-8.436693329583209,-8.27120996909888,2.0
621479,-22.74523113091618,-22.99528442306571,6.0
621488,-25.183699387550018,-25.199904838148576,7.0
621736,-44.20930448205493,-44.854097560598994,18.0
621790,-15.1672386368214,-15.834033947414882,4.0
621878,-25.525545636168864,-25.776385263097666,6.0
621901,-18.28223907728607,-18.420003178149916,4.0
621923,-6.683354865086953,-7.166184271160178,1.0
622219,-32.23819131802211,-32.63350337538095,10.0
622346,-11.012924020970546,-11.075654917169398,2.0
622388,-12.570687109017864,-12.57287288288206,3.0
622451,-15.738385814512874,-15.918596750664351,3.0
622565,-27.28619749538933,-27.245697568058265,9.0
622603,-29.988327545368506,-29.98040900744448,9.0
622879,-3.607351978415468,-3.766814355010349,0.0
622953,-9.603292076773057,-9.346425722142223,2.0
623022,-4.980125260226596,-4.961040977974448,1.0
623121,-0.266477538213968,-0.27329045612251734,0.0
623232,-5.010196454677137,-5.116737992093223,1.0
623337,-15.72735655567043,-16.043373639441146,4.0
623390,-17.04544196027323,-17.033388158261427,4.0
623489,-20.08516215348624,-19.87675885466035,5.0
623680,-22.570142388276437,-22.169188040592992,7.0
623764,-14.161671677415951,-14.133580748312102,4.0
624052,-8.724927101752229,-8.592632160295945,2.0
624059,-4.880237460035042,-4.93587599521076,1.0
624071,-1.177625112814377,-1.614224515974792,0.0
624113,-3.412617812689639,-3.4850399907173655,0.0
624146,-12.220756752835873,-12.283055283090734,3.0
624349,-27.919130748522328,-27.252990508210473,10.0
624469,-9.287313476287448,-9.3473044094079,2.0
624593,-28.402124786731214,-27.692473104716157,9.0
624612,-12.744358795928626,-12.922486608819968,3.0
624648,-6.037078844016559,-6.070917547650088,0.0
624742,-24.079272501233675,-24.412270103895604,4.0
624753,-5.015908535641666,-5.176664321018259,1.0
624830,-43.7193607169647,-42.38581909544417,17.0
624912,-61.459358869262154,-61.834985183293036,34.0
624981,-14.642486335055727,-15.264021451570814,2.0
624990,-15.261688901433294,-15.12230140871299,4.0
625022,-1.788083297930967,-1.8086003517850389,0.0
625048,-48.53458048153318,-47.660782503854264,14.0
625054,-1.4813409710145136,-2.194318560862902,0.0
625132,-80.1757397183216,-80.90411560555671,32.0
625265,-19.821218951792186,-19.78530531217688,6.0
625284,-18.528779328253385,-18.401657744065744,5.0
625385,-1.923718112949924,-2.823905012339424,0.0
625443,-32.670307658868126,-33.08025177583575,9.0
625483,-55.87028141156831,-54.21909237208357,20.0
625690,-29.020264592099537,-27.511551283735525,10.0
625781,-7.198957867228473,-7.310758888000727,1.0
626074,-13.916664483479943,-11.220541180308564,3.0
626146,-11.956930531132755,-12.15778082368942,3.0
626155,-11.693043645527858,-11.825317211732012,3.0
626161,-47.298209746959,-46.175928159275294,15.0
626218,-45.23161416490396,-42.15199430990975,11.0
626317,-18.00470359350967,-16.653091711423887,5.0
626403,-26.063351275978377,-25.722216491860614,7.0
626451,-0.8739092546142408,-1.0035815913576074,0.0
626588,-5.553933834192686,-5.677009855489711,1.0
626665,-21.215542303648462,-21.294756861317154,6.0
626773,-17.152248735704262,-17.560759367763424,4.0
626797,-2.3924885456149223,-2.418564390161176,0.0
626869,-9.377953284218059,-9.512928245558,0.0
626967,-15.817743468303023,-15.867610221890743,4.0
627025,-5.477022986193391,-5.322044353892727,1.0
627253,-14.620679772389545,-14.299196301838748,3.0
627280,-2.3924885456149223,-2.435185201850803,0.0
627452,-5.133425057296721,-5.189262830540648,1.0
627560,-29.759340396679008,-27.825393099619724,9.0
627664,-61.01451178033102,-61.29344238882288,30.0
627692,-8.57205225672256,-8.30734640288459,2.0
627767,-43.81888077600852,-42.74768043919479,14.0
627867,-36.63118488474949,-36.822856960082106,13.0
627913,-124.07000078386073,-124.62713711042113,65.0
628021,-1.4813409710145136,-1.5546072992309365,0.0
628282,-54.15675940203808,-54.29226301827331,24.0
628444,-21.64420655458804,-20.05207419029442,6.0
628522,-44.63985845034322,-41.136713916711095,11.0
628633,-8.677791174649096,-8.786822909751919,2.0
628660,-15.668144041209715,-15.687668433724596,5.0
628670,-8.584089171311739,-8.665939807024545,2.0
628689,-20.658806357817724,-21.19296587091572,6.0
628694,-28.423516656839215,-28.452941134346098,8.0
628802,-2.9999202620151957,-3.1189327771456017,0.0
628847,-28.19420729205879,-27.600373016023035,8.0
628966,-19.29437614686814,-18.873819957287285,6.0
629024,-19.827765675747045,-19.97593601849554,6.0
629054,-15.439360457937783,-15.82751484148208,4.0
629226,-8.588430239759736,-8.649781273282537,2.0
629272,-19.464561382101156,-17.943911761522557,4.0
629391,-53.53811155979242,-50.244068285811565,21.0
629409,-2.088772687414786,-2.154668609459671,0.0
629468,-28.687919551258354,-27.93727276846917,8.0
629498,-9.605221387475325,-9.713768864055266,2.0
629507,-14.642218273134212,-14.933667576679062,3.0
629574,-25.496896828202942,-25.50196410339029,7.0
629644,-5.317186997502678,-5.429998537389783,1.0
629654,-0.917988629225791,-0.9888729622084217,0.0
629782,-6.440809408538681,-6.495592618207977,1.0
629822,-22.066270531933657,-22.23497745921079,3.0
630093,-7.884253064621207,-7.972626009537377,1.0
630201,-24.346676168325704,-24.534514688045892,7.0
630270,-21.45569301892611,-21.615219838563622,6.0
630644,-14.21800915429333,-14.097090878245933,4.0
630951,-12.261347721603737,-12.183522732625988,3.0
631050,-56.28213159396499,-56.83093430579385,31.0
631051,-5.304520851980657,-5.658394453837091,1.0
631117,-18.88983935583691,-20.435720062923796,5.0
631169,-22.047603681655524,-22.48207538704116,6.0
631179,-4.040087733694467,-4.098938752959746,0.0
631297,-1.177625112814377,-1.1946575137733728,0.0
631344,-5.988400958606176,-6.063685970352279,1.0
631445,-50.61342408011807,-49.69122941713591,21.0
631639,-26.70379455732856,-26.916156344087977,9.0
631694,-4.518499553015877,-4.5933152114729685,0.0
631706,-3.911067836615605,-4.053685024423789,0.0
631748,-8.719330865036834,-8.665683398830954,2.0
631785,-18.579900617664325,-18.533618061820672,5.0
631819,-33.403455195808434,-33.47814206652172,12.0
631834,-2.088772687414786,-2.299454537720454,0.0
631865,-15.448763147926261,-15.115460529855442,4.0
631908,-84.26616907058988,-79.66181782846967,29.0
632036,-22.93514531528544,-23.261048608941977,7.0
632165,-11.45992876654324,-11.640909244005353,3.0
632186,-4.926864120475541,-5.028576430589545,1.0
632373,-32.52585657559147,-32.76576564408117,8.0
632396,-22.048812935471265,-21.769766103124507,7.0
632417,-8.602750571686268,-8.601928968401657,2.0
632524,-40.72432580567674,-41.238844052873915,11.0
632598,-8.501417099776237,-8.34056609765991,2.0
632613,-8.591122000464702,-8.590655695552073,2.0
632642,-10.649171039932213,-10.723589838911746,2.0
632666,-16.174664156390925,-16.443914661252943,4.0
632700,-18.895699163919428,-18.983706082524417,6.0
632720,-4.92191217862391,-5.028598276150181,1.0
633021,-5.994255602701393,-6.19611224896341,1.0
633185,-33.84805642431849,-34.10626522940247,10.0
633277,-21.28474476287169,-21.43885420512086,5.0
633366,-33.880368992896805,-34.348412545602315,11.0
633434,-8.495345986040443,-8.342006981019498,2.0
633459,-27.2387350364263,-27.7329658673989,7.0
633463,-2.9999202620151957,-3.7490466861272527,0.0
633497,-31.43963544982164,-31.20994343450848,10.0
633757,-14.776510819635115,-14.904721392460461,3.0
633814,-2.3924885456149223,-2.3958933572916257,0.0
633851,-52.91451785464132,-49.981068717894196,20.0
633907,-58.82130887351922,-58.799167333389455,33.0
634137,-42.40880786524466,-42.52182238622292,18.0
634181,-20.11649182924002,-18.678315783962677,5.0
634509,-2.4041388088666906,-2.438521405547961,0.0
634619,-34.84858722577461,-35.40675936471584,13.0
634629,-9.381872118683155,-9.355541998245887,2.0
634827,-19.19298788377935,-19.448765839238067,4.0
634925,-57.001729828537044,-56.46054122985017,26.0
634964,-8.582211978746706,-8.683593626796956,2.0
635065,-5.023820257376556,-5.103843311727228,1.0
635203,-23.59844147333659,-22.85995347419877,7.0
635355,-19.734449007483455,-19.758398965577584,6.0
635567,-8.976216178561213,-8.808806291296957,2.0
635639,-6.242641404493186,-6.326894890676656,1.0
635708,-1.7850568292146498,-1.8504598291089849,0.0
635710,-4.822215411216014,-4.906790449699626,0.0
635827,-10.366877726339057,-9.776318948454973,2.0
635863,-104.1429240044472,-104.67011028296697,42.0
636037,-32.54446688576017,-32.17736896494205,12.0
636110,-9.48979851721549,-9.644970559442964,2.0
636176,-77.70675402885996,-67.13395083813008,14.0
636206,-26.084580136886384,-26.174438326911524,9.0
636256,-11.511757855251544,-11.854022739879126,2.0
636362,-9.857196621509592,-10.013052745987212,2.0
636544,-31.694052008969045,-32.08080379083477,7.0
636866,-1.177625112814377,-1.2310583666705086,0.0
636884,-28.78194312568372,-28.875597254679132,1.0
636933,-1.177625112814377,-1.2084401397685924,0.0
637103,-15.86106222129254,-15.761958859973076,4.0
637353,-42.74558143379457,-40.8893047435639,14.0
637456,-21.813889489537047,-22.033081109143854,7.0
637458,-24.540936241777064,-20.212420790796255,6.0
637489,-5.085267083782174,-5.15482154728185,1.0
637568,-5.009154747666586,-4.757949911641527,1.0
637573,-8.502038336730344,-8.8192829479224,2.0
637634,-14.249434690078044,-14.46269877186203,4.0
637647,-13.183586841281262,-13.063606515669452,3.0
637674,-22.352913368448487,-22.27782175309422,7.0
637689,-3.607351978415468,-3.707570436372291,0.0
637744,-8.496593070958854,-8.711333154442121,2.0
637884,-23.78470165892967,-24.171002579356806,8.0
637961,-30.323853873682452,-30.581209792883552,9.0
637972,-15.377503544622712,-15.07195337356188,4.0
638118,-17.39083227281512,-17.532317726293464,5.0
638151,-5.843520376584919,-6.011676644944516,1.0
638168,-25.099708015422685,-25.441306441510687,8.0
638499,-43.35302325611588,-43.29248198904133,18.0
638508,-66.83715241127952,-63.102857239122514,29.0
638607,-9.731818134660832,-10.022436605431905,2.0
638704,-4.822215411216014,-4.909308283139786,0.0
638974,-2.6962044038150594,-2.937989634255479,0.0
639078,-8.990483766316466,-8.994962592934742,2.0
639239,-47.978583038342755,-46.7163523053817,18.0
639508,-0.8739092546142408,-1.1854935323262683,0.0
639924,-9.177842386031037,-9.435175225767622,1.0
639956,-22.912789023941905,-22.878179471668417,6.0
640018,-30.926196276542722,-30.992870514257916,11.0
640152,-9.50671013905083,-9.84552342640775,2.0
640439,-9.135491131993692,-9.304613382730173,2.0
640518,-18.602949367169785,-18.564022363618967,5.0
640608,-5.781123107906331,-6.1643432465196195,1.0
640660,-0.8739092546142408,-1.0032800541439304,0.0
641013,-9.560762625085742,-9.689466627808875,2.0
641188,-25.87264498994803,-25.710988581802983,8.0
641499,-1.177625112814377,-1.2547955667304407,0.0
641591,-1.177625112814377,-1.3121010500863155,0.0
641619,-10.707766903038532,-10.755396393360249,2.0
642047,-21.371414297944717,-21.20838268077891,7.0
642291,-18.28822137358403,-18.44732907292202,5.0
642321,-14.07837655741834,-13.929617743593882,4.0
642390,-1.177625112814377,-1.3322411947008257,0.0
642396,-77.58876055622127,-69.07277809717,27.0
642629,-22.404002109074405,-21.250419459833928,7.0
642632,-90.40405577799719,-90.04170259352286,29.0
642650,-1.177625112814377,-1.2586211913521437,0.0
642701,-10.074714352855713,-10.234022581824922,2.0
642705,-31.155403718914126,-28.818486966728187,9.0
642706,-69.2512000871282,-63.55471010601892,21.0
642825,-53.808233004559426,-52.999267937983,24.0
642840,-23.666275469771932,-23.921662719070373,8.0
642937,-62.908752319789244,-57.1638972853594,15.0
643027,-11.38287209314921,-11.559273983835665,1.0
643028,-20.255930527433758,-20.54871547803915,6.0
643038,-14.002712446953753,-14.138186254927566,3.0
643358,-1.7850568292146498,-1.9106857549372016,0.0
643457,-8.894972187441683,-8.898692370418111,2.0
643501,-36.478219870773565,-35.95147414735727,11.0
643571,-20.679478826232632,-20.25453327571905,6.0
643776,-5.065435220786979,-5.1864627191971575,1.0
643820,-14.271564544801755,-14.182054420602253,4.0
643899,-26.98928702946272,-27.14400947797274,9.0
643949,-12.099173411258997,-12.367795886898337,3.0
643963,-5.22016347365827,-5.441221639673759,1.0
644021,-41.905102312417725,-41.34011029838425,16.0
644118,-59.22023414235379,-49.54793084331883,14.0
644176,-2.3924885456149223,-2.4845423759623477,0.0
644194,-41.7058294730018,-42.385437590920425,13.0
644206,-53.60103943627276,-53.42905685541874,24.0
644265,-6.099856817818513,-6.2673114982070635,1.0
644376,-63.35010388352029,-61.61506736067595,19.0
644682,-6.644510560416832,-6.79457291700899,0.0
644853,-8.841428915924824,-8.952557776968218,2.0
644964,-2.9999202620151957,-3.1125279222129096,0.0
645144,-30.036554146285866,-30.391886440510767,10.0
645162,-13.34120052227009,-13.47979260729055,3.0
645310,-5.68893634722781,-5.919429306588623,1.0
645373,-4.949639521574643,-5.1252131172450595,1.0
645404,-26.431058592493375,-25.0043500676742,7.0
645524,-6.030415626437434,-6.232345228286801,1.0
645750,-59.18018703435731,-58.242638870695416,32.0
645793,-0.8739092546142408,-1.0920823611011043,0.0
645804,-8.648611597318887,-8.762731766055529,2.0
645818,-22.171338428755927,-21.928645195925398,7.0
645819,-10.758572665968966,-10.833867335058695,3.0
645846,-16.848275655816014,-16.98230640739848,3.0
645869,-5.399943043780918,-5.469245375339225,1.0
645874,-92.35311533234517,-84.9695402001064,17.0
645881,-3.607351978415468,-3.9123246577425337,0.0
646031,-6.1243069801113785,-6.146474755121397,0.0
646136,-3.1357418134493047,-3.185791839830215,0.0
646271,-5.490636588471568,-5.724325538287681,1.0
646323,-12.247582221375628,-12.078729705324925,3.0
646376,-0.9143578597416491,-0.9966873012160484,0.0
646403,-4.935928541338466,-5.044885221002814,1.0
646679,-12.34946130293039,-12.28409162201663,3.0
646746,-37.96036011684268,-37.6738008060854,10.0
646816,-5.005369732719546,-5.018610913779605,1.0
646925,-15.028817144456687,-15.120371325017041,3.0
646958,-5.225645254083669,-5.435321528240112,1.0
647213,-5.7389052637745595,-5.807305561680776,1.0
647228,-30.554865837936028,-29.080401414196672,10.0
647332,-12.500961528884163,-12.337756948833851,3.0
647550,-25.034654753486656,-25.224027728589,7.0
647552,-19.058038720055716,-19.636247396665972,5.0
647558,-1.177625112814377,-1.2502448762695761,0.0
647879,-123.83503153596249,-112.20224335117038,51.0
647887,-15.318839365391028,-15.19547246113772,4.0
648160,-4.9791700905721905,-5.682901303295169,1.0
648192,-2.9999202620151957,-3.0282499052497514,0.0
648211,-7.859373993217377,-8.126237370666418,0.0
648376,-10.053455986789528,-10.211145615494827,1.0
648471,-4.927231030884438,-4.99585951074211,1.0
648578,-9.194476137646792,-9.296389962493402,2.0
648587,-22.038435563201002,-21.650426143209703,7.0
648591,-16.692754194159434,-13.457743108128954,3.0
648624,-22.07329632287335,-21.82458708394859,7.0
648715,-21.626839095004264,-21.646997004833455,7.0
648837,-12.498442439182329,-12.74898628413075,3.0
648910,-23.78963578015276,-23.93072620070524,7.0
648976,-5.7191464847894915,-5.980090731348207,1.0
649082,-17.985808705894705,-18.441315099014826,4.0
649090,-2.4490584612315653,-2.4694939841571757,0.0
649173,-11.077260043300187,-11.204224308751556,2.0
649233,-38.738682901854816,-38.790580660752255,17.0
649311,-5.488737585655845,-5.578635480613005,1.0
649341,-21.058025084839077,-20.918505354401173,5.0
649389,-13.182365154492427,-13.309790454758298,3.0
649490,-5.915628539053188,-6.066928014870844,1.0
649602,-5.678139008748259,-5.857840605831762,1.0
649701,-14.605415498437829,-14.09129950877443,4.0
649734,-2.088772687414786,-2.193453843458351,0.0
649947,-10.598345170232882,-10.724029038920177,2.0
649967,-2.3924885456149223,-2.543366940778406,0.0
650005,-1.7850568292146498,-1.8500189502458029,0.0
650019,-30.977920780432484,-31.1726360984724,9.0
650153,-4.936119141656627,-4.9757037333813425,1.0
650154,-8.619223242920851,-8.693688518258742,2.0
650221,-5.0244584784860375,-5.152792609598165,1.0
650257,-17.092445534889542,-16.233952821108463,4.0
650291,-1.177625112814377,-1.2016272824603933,0.0
650322,-23.70758859635711,-23.869882890751335,7.0
650481,-16.44053246707395,-16.03995024795426,4.0
650939,-22.303608159705224,-22.994403564265344,6.0
651119,-2.3924885456149223,-2.4095949739733817,0.0
651131,-9.94553272171698,-10.048007631284387,2.0
651174,-2.088772687414786,-2.6011466892048842,0.0
651285,-78.23734416364512,-77.66410296520854,37.0
651323,-5.887080666323087,-6.409460269327725,1.0
651434,-0.266477538213968,-0.28491192273720767,0.0
651444,-23.82061831207983,-24.05981441275127,7.0
651456,-36.70267594778212,-34.23944513388943,12.0
651689,-32.71960792833586,-32.970180539113,11.0
651754,-11.572431190195026,-11.668388101755186,3.0
651787,-9.263367577024596,-9.408801543285628,2.0
651819,-17.278214867282106,-17.015672742332345,5.0
651975,-4.994434104298297,-4.949228827307374,1.0
652062,-11.62529413154424,-11.028114859384369,3.0
652067,-43.43552951945688,-43.25700341958961,16.0
652084,-5.343774500854974,-5.343774524928611,1.0
652088,-5.049593214104749,-5.083952826038502,1.0
652219,-2.3924885456149223,-2.53715810940722,0.0
652530,-36.82795182641243,-37.24703407008069,12.0
652564,-1.549904355232325,-1.6272914213728091,0.0
652626,-2.3924885456149223,-2.419740345571518,0.0
652701,-21.19357810759483,-21.46114253583364,5.0
652806,-22.784707467525454,-23.107264026527517,6.0
652937,-9.470560116916856,-9.595461600502874,2.0
652957,-1.177625112814377,-1.263381721042097,0.0
653148,-2.9999202620151957,-3.0445547625163147,0.0
653223,-18.933346065327626,-17.532153236309895,4.0
653336,-8.467903386953616,-8.584015006896262,2.0
653437,-1.177625112814377,-1.208950893701783,0.0
653496,-22.871989671346924,-22.846409479062572,7.0
653512,-38.73154394149628,-38.68355457916212,14.0
653545,-21.04489962657312,-21.2235716941894,6.0
653593,-1.4813409710145136,-1.5621675745917867,0.0
653665,-12.716445580371426,-12.966957639419482,3.0
653692,-2.088772687414786,-2.427197199914323,0.0
653750,-9.914268259948868,-10.43769869626498,2.0
653767,-1.4813409710145136,-1.4813431361248353,0.0
653787,-14.948665257102547,-14.349479393868354,4.0
653910,-26.504779109407806,-25.4390046932938,8.0
654054,-35.659018922762534,-34.72658609941152,12.0
654058,-2.3924885456149223,-2.494970356991837,0.0
654153,-4.518499553015877,-4.611953666855345,0.0
654497,-40.38060200895116,-40.872075540217416,18.0
654689,-27.2200418064403,-26.792101775475498,9.0
654747,-39.142583489317374,-36.64852937708964,7.0
654774,-1.177625112814377,-1.1993103593942473,0.0
654777,-20.16573621573736,-19.77649498770152,5.0
654789,-16.755777472032715,-16.960689839163024,4.0
654793,-30.30674952494074,-30.43951524376633,11.0
655003,-9.1532001332272,-9.284331509284316,2.0
655407,-12.066249686693034,-12.092256472974677,3.0
655477,-15.838987694620377,-16.011152392678717,4.0
655695,-8.759780415820462,-8.864580649289703,2.0
655708,-33.39952179814689,-34.032648017511995,11.0
655782,-14.207247852246017,-13.439793051336386,3.0
655806,-25.056103047995435,-25.32859826938795,8.0
656001,-4.9585911348904,-5.530544072096412,1.0
656090,-6.098601294665469,-6.238877538086977,1.0
656115,-1.1321832202876931,-1.3545233711754463,0.0
656325,-5.166806559531404,-5.2219243377511,1.0
656388,-34.733630012987064,-32.803346293575096,6.0
656408,-16.67209634426506,-16.951524833253245,4.0
656614,-44.294962596881184,-43.60231912571372,15.0
656677,-58.83505904946192,-56.21658903767295,19.0
656708,-13.283689225065018,-13.099610035717419,3.0
656841,-69.4173327206568,-66.78422260810267,35.0
657037,-47.63981841706355,-46.154150421644296,8.0
657134,-11.334217167828177,-11.486533608311797,2.0
657240,-20.98767673030295,-21.06149715902876,6.0
657377,-11.503964291619015,-11.695197141094267,0.0
657385,-22.029842169011204,-22.302072751459367,7.0
657630,-26.574523231374325,-26.840068420357685,6.0
657661,-0.8739092546142408,-1.04004175960425,0.0
657704,-29.854897778844137,-29.98442533838307,8.0
657722,-7.21756505662018,-7.477049235766608,1.0
657760,-61.46881241799727,-62.22089413683907,27.0
657790,-5.009154747666586,-5.223130509292615,1.0
657841,-23.88430702513621,-24.046092507339985,4.0
657979,-5.690105509494671,-5.692852524701386,1.0
658088,-5.872771822251384,-6.076742753929908,1.0
658186,-53.23517786512343,-49.928292504255516,19.0
658204,-22.028893195019492,-22.22841091171669,7.0
658209,-4.973140657369677,-4.801863124320581,1.0
658241,-15.911613330927484,-16.210813668649912,4.0
658278,-49.30680344554507,-46.743747072101655,13.0
658455,-2.088772687414786,-2.266648607185519,0.0
658471,-1.177625112814377,-1.29060369853618,0.0
658475,-36.48703174725168,-35.63933358666902,9.0
658547,-5.733362985816423,-5.903704234042286,0.0
658549,-18.30684942909353,-18.57481834475264,5.0
658744,-5.492552221741192,-2.741821193184272,1.0
658878,-44.207815783671656,-40.52743400517168,11.0
658945,-17.569815541438903,-17.74301842349321,5.0
658994,-23.239874656903503,-23.157027825922942,8.0
659003,-41.5681683563623,-42.48535148482368,12.0
659041,-8.776869499150742,-8.804487462684456,2.0
659051,-107.46061518363176,-104.97144083740055,26.0
659087,-27.51449769964362,-26.801821243698498,9.0
659144,-8.146328026607891,-8.654188928088892,1.0
659230,-22.37414284118028,-22.217214907200567,7.0
659311,-9.519587180926177,-9.560495348160892,2.0
659418,-14.492377773558596,-14.726235712901792,3.0
659456,-109.81936006320268,-101.91668659074178,39.0
659810,-7.5636612693836,-7.563998518446462,0.0
659961,-8.63334780162147,-8.814256789892305,2.0
659980,-19.542296574816397,-19.604095801020403,6.0
660050,-32.522620156339364,-29.98009867396662,10.0
660258,-21.400714100188452,-21.683352928814145,5.0
660294,-11.529818308817084,-11.373830906987669,3.0
660352,-5.617583583820284,-8.357453323323009,1.0
660368,-14.766871817389665,-14.959152570407309,4.0
660637,-31.18989606247051,-31.13112860428585,10.0
660664,-43.52166211874653,-43.15503901214772,18.0
660717,-13.509178505578726,-13.779800870166223,3.0
660803,-14.470292170107568,-14.601866248236085,4.0
660861,-2.088772687414786,-2.10948843667832,0.0
660881,-5.174189674147462,-5.208094958385897,1.0
660997,-21.760347656110476,-21.663081316955967,7.0
661022,-2.9999202620151957,-3.058912946488614,0.0
661216,-16.298980037517527,-16.15381992417365,4.0
661235,-5.195797624980317,-5.316694692439273,1.0
661285,-54.045378523476415,-52.63430091690992,21.0
661460,-9.298234591395142,-9.482312616606107,2.0
661977,-30.507026981461394,-30.75668300186032,9.0
662138,-8.678538006183492,-8.85561330530291,1.0
662192,-49.94002070026464,-50.26640826275878,8.0
662199,-35.14552751555545,-35.8487765469269,12.0
662248,-6.703154838693091,-6.9149194019020666,1.0
662362,-37.398582412460435,-37.666916011943535,11.0
662519,-26.39911858532988,-26.78714916555492,9.0
662628,-53.10238015563541,-51.715932326681006,19.0
662712,-6.601701753792846,-6.895342880407159,1.0
663178,-8.909433946824539,-8.27821888072603,2.0
663233,-12.654557959606084,-12.920998901991055,3.0
663369,-1.7937491934969505,-1.910106540787029,0.0
663431,-12.388684008246237,-12.260700249501769,3.0
663459,-6.994408345204738,-7.136649513422504,1.0
663465,-43.85402697777949,-44.21698444134794,18.0
663578,-19.735035399899775,-18.10713270281243,5.0
663643,-1.177625112814377,-1.2320185444828977,0.0
663764,-24.639543741245642,-23.68865794207082,7.0
663790,-34.42776374881466,-34.833377603909646,11.0
663902,-17.171532260084046,-17.537418665832767,3.0
663939,-16.26542380244957,-16.479876168065122,4.0
663960,-54.894943127909535,-54.744363541295805,20.0
663988,-1.4813409710145136,-1.514094565706092,0.0
664081,-3.911067836615605,-3.9178810144711225,0.0
664180,-15.084903631472379,-15.367241349555977,4.0
664207,-12.681136380657001,-12.891501514428107,3.0
664273,-11.750764146398037,-11.922827840582297,3.0
664382,-24.62345132980244,-24.50351542671738,8.0
664414,-15.601396567421986,-15.796899810562367,4.0
664438,-9.669733084065669,-9.660112652354469,2.0
664567,-8.571961897236498,-9.153676157370667,2.0
664569,-5.3439715163133,-5.464322351157252,1.0
664694,-5.053776302868574,-4.784793951865168,1.0
664871,-25.79206750707491,-23.70961661105921,6.0
664877,-1.4813409710145136,-1.5377868217547375,0.0
664917,-5.231984579705419,-5.389177473995542,1.0
665011,-13.225434748339058,-13.029721780653487,3.0
665054,-22.99570504217763,-22.684415084568368,7.0
665157,-16.077101038099396,-15.901429989115233,3.0
665182,-9.06477499959862,-9.394495303348728,2.0
665204,-8.573874569646364,-8.642627961115341,2.0
665239,-68.64833422002995,-62.9013409116153,23.0
665377,-8.586703708999659,-8.644491635713669,2.0
665455,-52.506894726211854,-53.71808229090893,15.0
665495,-39.22134935575188,-37.00660083457569,8.0
665586,-6.037078844016559,-6.129408029220003,0.0
665636,-19.824956617371747,-20.071700099937182,5.0
665710,-21.343045719053755,-21.33668105207344,6.0
665764,-13.076115922634369,-13.041012124705045,3.0
665803,-16.94912450676075,-17.07314473047037,3.0
666018,-6.109079160391221,-6.180488036973335,1.0
666125,-1.4813409710145136,-1.4814380560513865,0.0
666275,-16.42604865921996,-16.743474487642196,3.0
666326,-8.224904697450103,-8.273005499990688,1.0
666340,-12.614088782570603,-12.751586321930818,3.0
666356,-60.77759966694925,-58.29371382270244,10.0
666468,-25.88609061228387,-26.09277282150159,9.0
666658,-14.913346043632087,-14.818374931106826,4.0
666679,-9.130481417586303,-9.561308356872622,2.0
666696,-67.09783665129986,-64.7006549234225,26.0
666772,-124.80338985069983,-126.32476393879132,62.0
666882,-5.865787219394465,-5.8788705930970755,1.0
667048,-2.3924885456149223,-2.6073673746386343,0.0
667098,-5.556330717116852,-5.667320211800842,1.0
667338,-11.521567899295238,-11.845839318571173,2.0
667342,-3.412617812689639,-3.4574334720201976,0.0
667450,-13.903616911773845,-14.115306290843545,3.0
667477,-75.02845272616001,-75.99617329353774,31.0
667580,-1.8024345770420178,-1.927117401470744,0.0
667593,-12.901846185629266,-13.563994179393251,3.0
667598,-5.222210932885856,-5.3821018472127005,1.0
667600,-15.006963635171417,-15.625444094026706,4.0
667664,-24.606808265816532,-24.97552563794772,8.0
667693,-35.830829483801054,-34.07499706343795,10.0
667765,-5.893110044514212,-5.985290384164396,1.0
667798,-8.646225817393189,-8.835675285317727,2.0
667875,-7.222761572415598,-7.317558988433024,1.0
667902,-4.518499553015877,-4.576467622971255,0.0
668075,-18.174074804230845,-17.983492790563382,5.0
668100,-43.95834558570414,-43.33640686057171,17.0
668146,-5.36880038031874,-5.462371190680285,1.0
668154,-20.670037221883053,-16.924008565592132,4.0
668284,-5.674841495768565,-5.902348078520321,1.0
668287,-5.578931752454721,-5.648295906844986,1.0
668314,-1.8993620717143938,-1.9139692782659496,0.0
668418,-39.27029662820938,-37.687934685695076,14.0
668550,-8.550658386780363,-8.691213696662153,2.0
668577,-32.09768716072975,-32.10641000957343,11.0
668944,-43.360028800480414,-44.0655450411282,16.0
668953,-9.237671875532268,-9.139742146606933,2.0
668955,-1.7850568292146498,-1.8244129461441851,0.0
668958,-30.297542894640085,-30.777307193778704,7.0
669196,-2.7712957305303125,-2.8027527692959175,0.0
669282,-9.15314476033952,-6.958788229118888,2.0
669321,-13.298591639485462,-13.40455932489539,3.0
669397,-15.022640900893883,-15.194262687894879,4.0
669699,-55.439584281645566,-52.808514319306695,22.0
669852,-2.6962044038150594,-2.730775728176296,0.0
669860,-11.702877276708584,-11.90486458885441,3.0
669888,-18.77284338917369,-18.92783166303355,5.0
670113,-7.048915528996363,-7.228936019763352,1.0
670415,-2.3924885456149223,-2.4129268987084815,0.0
670426,-25.67309826121008,-24.92552285699304,7.0
670455,-57.42037296447959,-57.0056463252506,20.0
670468,-94.5094519467408,-90.55566181006952,46.0
670598,-39.303643927275274,-39.49891117888831,15.0
670635,-15.341817104621043,-15.519270691961259,4.0
670653,-8.63421607814485,-8.910651354352778,2.0
670683,-24.09196819643995,-23.878169932022818,8.0
671045,-5.908555097666455,-6.0331917652583185,1.0
671253,-8.435894516947826,-8.598123953943766,2.0
671384,-5.232216194642282,-5.2865828215313515,1.0
671415,-5.482500068295355,-5.530522233272267,1.0
671504,-21.411531876112143,-20.104580888212904,4.0
671619,-5.560380130740482,-5.418645274423344,1.0
671634,-64.06222466918935,-64.29017316696424,34.0
671728,-8.577613596556628,-8.548591242185312,2.0
671740,-1.7850568292146498,-2.082886612360267,0.0
671778,-44.46388769511304,-44.64760768003568,15.0
671868,-1.7850568292146498,-1.8199066647897786,0.0
671912,-9.634621058649111,-9.438880411508078,2.0
671934,-52.45989522152176,-44.630099813932965,16.0
672100,-1.7850568292146498,-1.8260797844301686,0.0
672165,-30.080991695240535,-30.735365178813396,7.0
672184,-19.137548931244197,-19.167834885678378,5.0
672322,-8.448039477437037,-8.311679292095809,2.0
672434,-8.561135920259632,-8.58207749174517,2.0
672471,-2.6962044038150594,-2.7236077229995144,0.0
672494,-10.129998882527472,-10.225250700956638,2.0
672677,-15.033062372530003,-15.146002798644348,4.0
672681,-154.61368667972278,-149.49977429265715,60.0
672853,-11.575313170209936,-11.849281399441203,3.0
672865,-8.574003780102759,-8.649102956158528,2.0
672878,-6.0799045748766325,-6.16128808638801,1.0
673006,-35.41166125931986,-35.5853022464111,10.0
673136,-2.3924885456149223,-2.550241388650507,0.0
673142,-8.903483953736522,-8.868919284769074,2.0
673332,-111.91904349172493,-110.99123628496736,58.0
673540,-52.71918843789743,-52.72357521443423,25.0
673630,-37.54086168378975,-37.449319057241816,15.0
673692,-6.340794702216695,-6.382824479962387,0.0
673738,-20.995285478521534,-20.94545410003205,6.0
673772,-5.3623038205905305,-5.434323154669656,1.0
673806,-3.8873039610669604,-3.903758002853153,0.0
673949,-7.877373241215371,-8.106327119167496,1.0
673970,-65.16858312143596,-65.72074127826667,17.0
674081,-9.78108293336194,-9.931586707902929,2.0
674131,-19.506597425113526,-19.53376828135961,5.0
674170,-13.293320103345483,-13.568642963920494,3.0
674323,-11.566539912470036,-11.76329859143019,3.0
674361,-48.02652745636088,-48.28840217095174,20.0
674443,-4.94294944482254,-5.013046318270573,1.0
674527,-21.002781643150566,-20.575814566019456,6.0
674704,-80.42896006650085,-67.68418574478721,24.0
674741,-245.23473215136582,-248.44173119384226,136.0
674758,-7.729017395578207,-7.9363586026456385,1.0
674782,-19.50448712896972,-18.8644702392456,6.0
674954,-22.785137334738955,-23.21342131953735,6.0
675020,-72.23003098156663,-72.6272783321247,32.0
675060,-13.292262298238333,-13.516966801647579,2.0
675077,-9.290671163516485,-9.400416734801112,2.0
675084,-12.541420773991643,-12.615334388345872,3.0
675133,-27.902193640700137,-23.541585694099314,5.0
675134,-24.752354268692336,-24.20807258224169,9.0
675138,-22.391789680111472,-22.235735648016473,6.0
675228,-2.088772687414786,-2.7806845884976767,0.0
675268,-6.340982354706725,-6.60103982362349,1.0
675421,-24.79206224125558,-24.94943939115964,8.0
675427,-12.339521128602335,-12.499760938973779,2.0
675600,-18.601035929335115,-18.96692205815465,3.0
675647,-8.938891769961696,-8.979476322865759,1.0
675667,-4.518499553015877,-4.847757193854013,0.0
676017,-18.575975847772003,-18.4145078733867,5.0
676089,-23.985546607895106,-24.190932362918517,6.0
676128,-436.17752391824644,-355.5080267525249,97.0
676228,-1.177625112814377,-1.187847032974763,0.0
676326,-9.5571660045124,-9.59382167463429,2.0
676470,-19.994042690590195,-20.232136280673064,4.0
676565,-16.155311467572538,-16.713983866013262,4.0
676779,-9.291901784779327,-9.366220580199444,2.0
676824,-26.581832909576207,-26.687590246424467,8.0
676871,-18.6312648216995,-19.022918659611047,4.0
677022,-43.37450778284149,-41.432436508637544,7.0
677032,-255.15814194113761,-226.4501198196065,85.0
677042,-11.696260677620309,-11.63858007038043,3.0
677058,-70.57218529354473,-71.17341991635392,35.0
677073,-5.166806559531404,-5.220866449479657,1.0
677111,-41.79534847277223,-39.77520929198984,12.0
677114,-6.216895989390849,-6.2498031682541795,1.0
677162,-0.8739092546142408,-0.9883118075370929,0.0
677222,-9.735484713901373,-9.6694761736716,2.0
677242,-11.941018003071058,-12.157638504009043,3.0
677324,-29.497459661913894,-29.72055057873387,10.0
677331,-66.3180897966406,-64.82947611099965,35.0
677437,-4.985729979822641,-5.068684541177848,1.0
677521,-14.23605733339423,-14.324056329058394,4.0
677543,-35.746462988872665,-36.148261905989806,13.0
677590,-27.191874483239356,-27.68789125879254,9.0
677610,-1.177625112814377,-1.2902066838920825,0.0
677649,-12.109003617453782,-11.713532111610098,3.0
677872,-8.688915829814961,-8.490692637140164,2.0
677940,-4.920680276583964,-5.080860665295342,1.0
677996,-8.535922978724761,-8.40738509934254,2.0
678007,-28.73348671553064,-29.19744358623529,8.0
678013,-16.592446905674848,-14.282935628635382,4.0
678040,-20.121027065133255,-20.933185936084538,6.0
678184,-37.07312680587362,-34.564308319401746,12.0
678191,-32.02190996854296,-32.02242564222845,11.0
678253,-4.940364552884816,-5.5972430790931185,1.0
678289,-24.975380629941696,-24.83146246103166,6.0
678322,-28.402365033527975,-28.23522585766674,10.0
678407,-25.99972148304314,-26.27543796048683,9.0
678725,-27.666058717491904,-26.271176434473713,8.0
678738,-33.336739498816364,-30.506489789642373,7.0
678741,-11.815955449928035,-11.885337406349059,3.0
678979,-4.866096639546145,-4.996234955234384,1.0
679055,-5.553933834192686,-5.459950974823497,1.0
679061,-5.551897138850167,-5.751685026101214,1.0
679078,-30.616046246908894,-30.556193061234126,11.0
679213,-2.9999202620151957,-3.1656830526415813,0.0
679240,-99.71169998657349,-86.75615677721855,25.0
679275,-8.450837372887838,-8.539035257576192,2.0
679301,-1.177625112814377,-1.2117749449120032,0.0
679316,-12.568210421572237,-11.503316994791255,3.0
679332,-13.661936240076274,-14.01180199219277,1.0
679508,-25.627539114811583,-25.59709887094584,8.0
679623,-3.303636120215332,-3.356537331091262,0.0
679720,-2.3924885456149223,-2.4441953718594562,0.0
679759,-14.256645437982009,-14.432526871433176,4.0
679830,-37.20816977095273,-33.949022761255335,10.0
679960,-38.17552265537752,-38.52649477900888,13.0
680069,-8.929424415098632,-8.999751468925162,2.0
680213,-24.802576899712623,-24.567774865567312,8.0
680314,-27.59606304242303,-28.206335799590452,10.0
680350,-18.249497974389428,-18.35142084561891,2.0
680358,-9.605320434712942,-9.751164268894954,2.0
680465,-59.967219509138296,-58.55482721094057,13.0
680469,-5.622733163260569,-5.694056138316996,1.0
680674,-5.384468114757993,-5.41901941243756,1.0
680830,-8.585876159970866,-8.584740213177374,2.0
680878,-27.184394976229452,-25.88882771326395,8.0
680922,-17.066291694649962,-16.215073260161816,4.0
681047,-0.8739092546142408,-0.9306801767129926,0.0
681069,-3.911067836615605,-4.090719070203198,0.0
681318,-65.95513133859689,-66.87129772528941,23.0
681323,-6.683354865086953,-6.704423692645724,1.0
681466,-5.053966903186734,-4.840904547061342,1.0
681511,-5.179386189942878,-5.166434724092515,1.0
681563,-38.52248284455645,-34.76837335622029,8.0
681606,-11.525783418924204,-11.599442877084364,3.0
681659,-17.804883600938588,-18.091757098828225,5.0
681673,-5.123217494249653,-5.0926981630732095,1.0
681775,-1.7850568292146498,-2.1680730617103596,0.0
681882,-8.656200279168116,-8.6307706465817,2.0
681999,-24.624351706527214,-25.042834896387358,8.0
682171,-2.088772687414786,-2.103266831866028,0.0
682208,-26.040931453450398,-20.924922836851383,5.0
682224,-2.088772687414786,-2.7134387047060713,0.0
682249,-5.712718138225891,-5.782543320304574,1.0
682409,-6.948226418616968,-7.209054851909784,0.0
682477,-19.947438368754337,-19.420769904806896,6.0
682504,-11.52956448402217,-11.683834398707626,3.0
682598,-49.219225510834136,-47.501944206161134,20.0
682636,-1.4813409710145136,-1.5197703188469043,0.0
682644,-17.344271579129554,-17.435326548779006,5.0
682652,-18.46841623788601,-18.688510643110337,5.0
682690,-8.2105958533784,-8.490453892881012,1.0
682861,-4.773190053318434,-4.782016905773028,1.0
682898,-15.751264833511984,-14.825472460303725,4.0
682950,-19.359163890339193,-18.17165826506557,5.0
683019,-38.090205436631415,-35.489549789703666,13.0
683059,-26.269991451936626,-25.58010158043914,8.0
683073,-41.3915971847555,-41.319955498684,16.0
683143,-19.025708266075437,-19.248489301200912,6.0
683222,-8.867486973688816,-9.191039762818669,2.0
683447,-19.03440560636751,-17.443801588271615,5.0
683465,-3.252122486418653,-3.366831057783559,0.0
683481,-5.5677976096799275,-5.738326675292756,1.0
683517,-9.012469782652166,-9.135842899124253,2.0
683758,-12.451970946967094,-12.411931285167885,3.0
683891,-40.17479691744907,-40.39199033769741,17.0
683970,-20.074010925060215,-19.478435278432276,5.0
684027,-15.463683137912597,-15.423980134341305,4.0
684152,-24.9313753766953,-25.52498225706726,7.0
684346,-5.665177175225759,-5.57814807704782,1.0
684629,-41.67784878479719,-42.269882956825015,11.0
684751,-1.4813409710145136,-1.5044001737007997,0.0
684777,-18.566167982358778,-18.790293624561574,5.0
684789,-5.56867302205499,-5.662554164013857,1.0
684990,-5.230353077053453,-5.269181921332145,1.0
685120,-22.909263912154582,-23.100385149209902,8.0
685173,-7.109421351883593,-7.222837745090366,1.0
685181,-13.756374221005773,-14.264256542442402,3.0
685244,-29.096389568813766,-28.7931738597587,10.0
685272,-36.47814404423351,-32.464026399308885,10.0
685372,-20.616189079605086,-20.41247214449058,6.0
685516,-6.4742268119691,-6.691188475435058,1.0
685563,-9.242922035540975,-9.376283092917419,2.0
685761,-63.059560993525764,-62.42633693242629,26.0
685806,-7.507443005712424,-7.853757743428671,0.0
685808,-8.706714641784997,-8.464788304296007,2.0
685816,-12.292091259689725,-12.542453197341107,3.0
685884,-1.7850568292146498,-1.941087843180567,0.0
685892,-18.980398724952998,-19.1510002957615,4.0
685995,-4.822215411216014,-4.982503164252932,0.0
686117,-5.001717838286476,-5.1043804596772,1.0
686148,-21.92491629391112,-22.097301063869093,7.0
686210,-76.82928353572274,-74.58921315070909,24.0
686218,-97.89969877390175,-96.83649715654165,43.0
686472,-19.063309670605907,-17.830642409884106,5.0
686542,-33.73091759615356,-33.90357922897304,11.0
686568,-25.359178429028052,-22.778213097068072,6.0
686619,-1.177625112814377,-2.58989428792094,0.0
686620,-60.24370232250286,-58.82475733714548,27.0
686915,-0.5836755058183201,-0.7767744932943955,0.0
687312,-25.860018842893382,-26.237928772337003,8.0
687420,-2.6962044038150594,-2.734619084836212,0.0
687426,-21.38278205256015,-21.215469184146436,6.0
687664,-17.951597685308485,-17.88777597501217,5.0
687817,-16.882192799847,-14.70841663231546,3.0
688101,-42.56028133429694,-42.74622853184346,18.0
688114,-70.2305669190989,-70.15153820026649,36.0
688187,-4.9146440136929215,-4.884000710305279,1.0
688307,-1.2164730891727396,-1.2746839870629365,0.0
688387,-17.10370410008211,-15.830654607779723,4.0
688582,-1.4813409710145136,-1.4985303014682756,0.0
688595,-47.26367661152299,-48.11716787063527,19.0
688712,-2.088772687414786,-2.409009184546982,0.0
688752,-64.57739682262724,-65.18506684413519,35.0
688756,-17.531128926860635,-17.156132804680226,5.0
688853,-17.872340568731737,-17.822417257683224,4.0
688866,-5.566824258736214,-5.64450493238634,1.0
688879,-5.083374385918461,-5.1933053620408245,1.0
689132,-2.088772687414786,-2.1125395029541263,0.0
689172,-8.685047255785905,-8.817215121147267,2.0
689268,-55.86181392317816,-52.03708017082695,18.0
689394,-7.45457332712603,-7.6351776583060795,1.0
689405,-1.4813409710145136,-1.4917443551176892,0.0
689435,-1.7850568292146498,-1.7952562943871153,0.0
689472,-26.992055823588586,-26.899733588550685,8.0
689525,-5.179386189942878,-5.236596642594704,1.0
689629,-10.9661360300374,-11.070219064455076,2.0
689822,-10.086747356094849,-10.243193746828993,2.0
689965,-3.3972044652492017,-3.410723705073019,0.0
689967,-11.819298325021128,-11.923958813791447,2.0
689975,-29.185050851204693,-27.871526402204125,8.0
690184,-8.955661348116614,-9.121936304546947,2.0
690202,-17.717741433827246,-17.422611582191024,5.0
690292,-5.297236744678808,-5.6022815050674275,1.0
690293,-104.23343987616077,-96.16051806729558,35.0
690310,-2.088772687414786,-2.313384312097696,0.0
690507,-45.029651798400266,-43.771546636730484,15.0
690609,-47.54887467660037,-46.72873298829344,20.0
690906,-36.43164914342079,-35.698381252155954,11.0
691080,-76.54174493628258,-72.25588657706605,25.0
691190,-17.451641655271807,-17.583640798474867,4.0
691200,-9.925988028495624,-10.073638734500289,2.0
691271,-32.17104879731596,-32.422369409316666,11.0
691325,-1.7850568292146498,-2.0215724313305015,0.0
691359,-92.80749933748159,-91.57728737071903,40.0
691424,-4.866096639546145,-4.829148958258677,1.0
691579,-6.037078844016559,-6.185993828696103,0.0
691675,-75.85162631750566,-67.24226612340485,22.0
691683,-0.266477538213968,-0.37514659092369684,0.0
691887,-63.36794118664216,-55.66182717300669,20.0
691921,-16.55002434212593,-16.663500427319615,4.0
691963,-8.392123545006116,-7.82988338339867,2.0
692088,-4.2147836948157416,-4.545164804406782,0.0
692174,-13.335582812699927,-13.463445292558673,3.0
692178,-4.969887973140411,-4.825725171861464,1.0
692216,-9.466059308957973,-9.4613641218684,2.0
692389,-5.711579940838039,-5.797382639072085,1.0
692470,-6.340794702216695,-6.347607448186387,0.0
692622,-41.91630910456498,-39.44410852189591,15.0
692634,-20.15560670770955,-19.419212971651127,4.0
692637,-42.65850542799507,-41.608509169436786,11.0
692646,-21.395741165208445,-20.79022763810895,7.0
692790,-13.576046886471278,-13.55203098392301,5.0
692913,-28.808402721365066,-28.961299169401638,11.0
693027,-16.682122214747448,-16.74684107426585,4.0
693074,-24.55917205815227,-25.015591095739335,7.0
693080,-36.058179663941324,-36.03686741203713,12.0
693086,-12.795997771323396,-13.131980611117234,2.0
693114,-27.143393915099306,-26.648368702602276,10.0
693283,-11.781431932091671,-11.535177245198689,3.0
693381,-45.58330314264656,-44.85390433674789,19.0
693477,-5.694348287137208,-5.7902128108493445,1.0
693578,-11.888274353721567,-12.068981398314587,3.0
693610,-4.927231030884438,-5.013441993305472,1.0
693665,-11.468832417879117,-11.035054768012593,3.0
693750,-19.7478610521731,-20.04318734492514,6.0
693778,-37.3198122386306,-38.885562065013445,0.0
693807,-176.17563126010742,-176.6039079082026,35.0
693879,-33.98945530574908,-33.238183289024654,6.0
693959,-6.978902668331797,-7.254746835470517,1.0
694020,-57.87163353668204,-57.45538694581166,26.0
694023,-33.00680493276306,-31.111550796233555,10.0
694039,-12.422268945276265,-12.438106861524213,3.0
694150,-1.7850568292146498,-1.834926348891913,0.0
694156,-15.772048333837077,-15.9648725997592,4.0
694396,-25.118900391937174,-25.455341589889287,7.0
694452,-8.960969783238083,-9.046897538630992,2.0
694565,-17.79055755328672,-17.77641647930738,5.0
694791,-9.29871791289804,-9.09692500796326,2.0
694802,-11.902117528712893,-11.726880161707832,3.0
694826,-9.23643236198143,-9.34213009692953,2.0
694917,-25.963142616516503,-25.410067293171153,7.0
694972,-14.329609821080833,-14.52247711700901,4.0
695306,-34.51695075847382,-33.31456734060673,11.0
695382,-8.385741166904767,-8.766910138049434,1.0
695433,-8.152382771775715,-8.410808375816245,1.0
695443,-62.8164551174263,-62.40569430464358,40.0
695486,-18.38382742031001,-18.636169403328584,5.0
695594,-7.922445335802343,-8.348429585095163,1.0
695621,-48.81863804548993,-38.03169542819637,8.0
695652,-35.90868304244299,-35.90581627176214,12.0
695868,-2.088772687414786,-2.227072125269512,0.0
695910,-38.715002162165206,-37.98334812287278,8.0
696192,-22.297879758594625,-21.947149567827495,7.0
696323,-18.27832656361548,-18.4132720755909,5.0
696358,-24.606338996316545,-24.258631104499067,5.0
696531,-1.8024345770420178,-1.8356068735459345,0.0
696815,-47.33006860608815,-47.81012391511024,18.0
696849,-1.7850568292146498,-1.7850574269695088,0.0
696850,-5.733362985816423,-6.2260797848199765,0.0
697154,-61.108024349020376,-61.71012034765274,24.0
697235,-4.87390143272944,-4.901465914414331,1.0
697266,-14.940482557695406,-14.416395387617241,4.0
697349,-24.5026348216527,-22.801248228205957,6.0
697369,-46.389583974628714,-47.14813048073033,17.0
697451,-3.607351978415468,-3.658279725848967,0.0
697595,-5.179386189942878,-5.268895494659037,1.0
697598,-23.657044729078383,-24.067928589326005,6.0
697647,-27.45163875341903,-25.38457601149215,9.0
697655,-21.2962368018516,-20.96700179186757,7.0
697702,-22.791534870834038,-21.605394385447166,6.0
697892,-5.127409800103793,-5.162353208239635,1.0
698039,-15.298412822453503,-15.274843686521793,4.0
698193,-6.249444116965957,-6.500341172666046,1.0
698195,-9.83423294056396,-9.839827116347706,2.0
698258,-15.177586923603656,-15.21997459399376,4.0
698432,-28.794500864707196,-28.79813098365012,9.0
698438,-17.511320557427695,-17.85073587846066,4.0
698515,-38.46766094054369,-38.78594408701905,14.0
698846,-44.74204672039559,-44.91205949254502,21.0
698881,-21.064524853792317,-21.453912189563546,6.0
698925,-17.57828145562174,-17.699402017783594,0.0
698944,-31.68773328054076,-31.89459829101473,10.0
698990,-5.176088676963185,-5.402300240877064,1.0
699018,-11.903491335941212,-12.298961307429982,2.0
699096,-20.371056131725787,-20.536084286458056,5.0
699100,-8.637626995467752,-8.882753321611286,2.0
699200,-33.94889584027406,-34.175016065799646,13.0
699234,-1.6380087332613011,-1.6996498323260936,0.0
699275,-7.662839099238424,-7.884750210383499,1.0
699644,-2.797533821828502,-2.9796242378110134,0.0
699675,-39.730886327673126,-38.539456665900005,14.0
699694,-14.992449640388264,-15.277046389586973,3.0
699696,-5.483108766235657,-5.54366340654589,1.0
699950,-0.5701933964141045,-0.9301804336802734,0.0
700185,-12.297430588116036,-12.643804621675656,3.0
700226,-30.114049017153494,-30.034767229996348,9.0
700260,-2.088772687414786,-2.140085430786335,0.0
700447,-2.6962044038150594,-2.734202181469049,0.0
700497,-10.966801765047874,-11.2754381053318,2.0
700635,-29.36035026776976,-26.858950450469298,5.0
700678,-5.704826152862959,-5.80712863518673,1.0
700731,-22.47254242543466,-21.8686018913272,5.0
700884,-22.12151586452447,-22.288695449362205,7.0
700900,-18.597844959595065,-18.5775124364925,5.0
701182,-4.98388232029166,-5.195611390211489,1.0
701234,-23.02816233367882,-22.74255334527871,7.0
701277,-41.40845244780618,-39.76481257155911,12.0
701467,-19.9088065604103,-19.766346680303613,5.0
701590,-27.970782905070767,-28.118897555698766,9.0
701622,-9.159434025931674,-9.195962746801918,2.0
701628,-90.77024661345115,-85.6505130569003,35.0
701672,-12.476451514013409,-12.407424901016029,3.0
701859,-19.13859741164235,-19.585008065261253,4.0
701901,-20.76953732021109,-20.75315853276526,6.0
701981,-1.88316558578092,-1.9741879700291423,0.0
702127,-0.29584741738338427,-0.3062236662720771,0.0
702132,-22.18860230963399,-21.49287521112851,6.0
702240,-25.694099909309855,-24.962305676241186,8.0
702307,-15.184166196397669,-15.43682360747494,4.0
702310,-21.89431206256976,-22.06933731519439,7.0
702316,-54.16055456652184,-53.70393195907215,20.0
702376,-16.863146566054688,-13.866074288385391,3.0
702394,-12.741856837293367,-12.223953011006722,3.0
702425,-1.7850568292146498,-1.9778352149968688,0.0
702444,-18.943094053777752,-18.646160066855654,6.0
702521,-2.3924885456149223,-2.5474509677478876,0.0
702534,-3.607351978415468,-3.6784864762463663,0.0
702549,-5.272562681201074,-5.573732743127014,1.0
702759,-35.48244841040882,-33.97994740225922,10.0
702887,-9.116607810855458,-9.385166495022943,2.0
702964,-45.48315003661749,-42.91696983443814,12.0
702965,-9.763198826505558,-9.864469086369064,2.0
702998,-3.911067836615605,-4.130947132220448,0.0
703105,-21.91659760657011,-22.047083258807575,6.0
703220,-15.509643925842061,-15.30174722310108,4.0
703261,-16.713218170703556,-16.69295525932843,3.0
703320,-31.10390342931905,-31.30675010436402,10.0
703329,-3.911067836615605,-3.9724216498269342,0.0
703353,-1.177625112814377,-1.2504913245466762,0.0
703387,-0.8739092546142408,-0.9047160375877539,0.0
703443,-15.600502197583038,-15.191760620396744,4.0
703448,-21.943156736454988,-21.6640887387752,7.0
703456,-5.490636588471568,-5.533407000774034,1.0
703467,-18.487828145050425,-18.78762373903264,2.0
703483,-14.963610834948813,-15.21671836986424,4.0
703758,-14.635800541484933,-14.837474738177232,4.0
703805,-65.88976283407762,-63.52423256079487,17.0
703872,-11.389591345731725,-8.61897539565331,2.0
703907,-17.307276017481687,-17.03158577896668,5.0
703927,-32.05944734459822,-32.014172224969336,11.0
703944,-8.801149242146616,-8.693540512689564,2.0
704107,-25.636292432621445,-25.970354795921626,8.0
704236,-8.448953907401803,-8.55873374430205,2.0
704316,-1.4813409710145136,-1.5575820605257982,0.0
704407,-14.762360039332965,-14.995521067894197,3.0
704415,-8.814544071102308,-9.444793612879838,1.0
704445,-16.95502595848347,-16.304425300457623,4.0
704470,-66.83680664873177,-67.12613121945921,30.0
704535,-18.291053760425388,-18.6210484481401,5.0
704549,-0.8739092546142408,-1.2984419873208213,0.0
704555,-76.66331144537422,-77.27690505860205,38.0
704603,-12.910220564560474,-12.98407010489381,3.0
704637,-5.398875625746587,-5.559061277760619,1.0
704694,-13.13901426796754,-12.908433547148011,3.0
704834,-10.848613235267752,-9.852621613910939,2.0
704988,-19.981553760940262,-20.171108263669932,4.0
705001,-5.534448474927775,-5.590146424862933,1.0
705059,-30.502617515823015,-30.459864594998354,9.0
705167,-26.750232193343848,-26.549158106940162,8.0
705393,-8.153096639839399,-8.235775870439653,2.0
705396,-9.277607516429054,-9.530422819564555,2.0
705398,-8.472997802336298,-8.54192748603056,2.0
705525,-2.371003073525983,-2.4188503783925532,0.0
705608,-2.6962044038150594,-2.7015564257636773,0.0
705862,-27.91307823466188,-27.661232447684224,9.0
705904,-4.918903993262377,-5.000220368865825,1.0
705975,-19.59162668436956,-19.799463841026196,4.0
705986,-46.92413990716474,-46.88682093705992,15.0
706104,-8.702681746900758,-8.661151803380273,2.0
706222,-16.402569641648878,-15.674491057689028,4.0
706270,-4.929054647377197,-4.7055207351189745,1.0
706423,-11.807443683633196,-11.713089949417217,3.0
706425,-10.889539969867323,-11.17523512572997,2.0
706469,-14.90623544025347,-14.855896924708286,4.0
706542,-12.464516752845238,-12.416302708461995,3.0
706562,-1.177625112814377,-1.187853760206508,0.0
706603,-28.296745234708478,-28.46824982299922,9.0
706631,-4.073723727275186,-4.11661870154574,0.0
706633,-31.059315772023474,-30.976822039495744,10.0
706863,-15.254307417478662,-14.784242890654859,4.0
706935,-34.30384898325413,-34.64868645996728,12.0
707000,-19.752740085831036,-19.686390353107615,6.0
707076,-2.6962044038150594,-2.797762003697083,0.0
707091,-28.196550029515006,-26.55122366233176,10.0
707233,-17.337111464746076,-17.72860247252089,5.0
707238,-61.625457729946966,-61.309394728609746,33.0
707325,-33.305849983688184,-30.698580038740296,7.0
707348,-14.549502718914114,-14.169795064880166,4.0
707374,-8.422660964108916,-8.163710945802393,2.0
707438,-1.9993868521834517,-2.20913393123152,0.0
707451,-55.131644806714284,-55.36444474448649,26.0
707663,-5.12593126941615,-5.42312756868448,0.0
707771,-4.876655439834392,-4.924955226174764,1.0
707869,-42.61719713315226,-42.947710969285666,16.0
708063,-0.266477538213968,-0.32066011757546764,0.0
708065,-1.4813409710145136,-1.496027802529473,0.0
708220,-1.3572876748712321,-1.4630109096099142,0.0
708243,-63.099682285587335,-55.68087971065056,14.0
708504,-8.843046448744188,-8.897277457271763,0.0
708552,-10.251251064604281,-10.362338133604355,2.0
708766,-18.91562209019187,-18.698765863228335,6.0
708785,-187.8630711127349,-186.56043977516248,125.0
709149,-16.763122637788932,-16.84781882393238,5.0
709172,-66.58357630003995,-63.84979639304989,25.0
709206,-15.875880434433896,-16.08814979345549,4.0
709220,-5.196818385683893,-5.228667679185505,1.0
709237,-4.950190565147365,-5.210137119450118,1.0
709273,-29.733249431786852,-29.912433180058997,11.0
709319,-12.393377116073514,-12.049004898581236,3.0
709329,-19.13292142915644,-18.952114169414692,6.0
709499,-20.906954321614446,-20.315434811088494,6.0
709515,-24.393368223578374,-24.25820775182996,7.0
709672,-27.82330344042943,-27.685200226427206,7.0
709812,-9.610683274453278,-9.722121592172257,2.0
709896,-5.056976328720807,-5.235568622501189,1.0
709906,-23.608667759292427,-23.71496129292489,7.0
710225,-1.7850568292146498,-2.0863335915481156,0.0
710300,-9.694268345648826,-8.989033992295955,2.0
710322,-17.704521932136817,-17.879695628158515,5.0
710331,-15.683461299981843,-15.88061216555959,4.0
710346,-10.888215841320866,-10.993598856214339,2.0
710393,-0.8739092546142408,-1.0262950781140574,0.0
710395,-16.941592007220184,-17.402529793162017,5.0
710408,-0.8739092546142408,-0.9808823611361166,0.0
710437,-51.184185324077625,-47.67693330220214,16.0
710617,-26.786748131885535,-26.615005527760918,9.0
710646,-3.308810070127736,-3.4928158034515437,0.0
710707,-9.720464739795476,-9.75809373366128,2.0
710741,-21.839026831560766,-22.12750515991175,5.0
710906,-28.400539371926886,-28.718009801653576,9.0
711158,-30.41329923152458,-30.59628771153551,11.0
711339,-9.717327448512483,-9.403254467590003,2.0
711359,-9.283212751227943,-9.631550242788238,2.0
711552,-36.01448116557456,-36.540427536163115,9.0
711589,-26.596380564129944,-24.09274633152576,6.0
711686,-5.505900602197674,-5.67376887249933,1.0
711853,-38.2464196228757,-36.80356245962201,13.0
711861,-8.52863199114235,-8.335887880909658,2.0
711890,-17.268854101998436,-17.33481775709617,5.0
711947,-15.464962358475809,-15.819795795354832,4.0
711994,-2.9999202620151957,-3.0205201043966285,0.0
712042,-77.18426637448908,-76.17396594278394,37.0
712062,-18.879702912172405,-19.72027291665491,5.0
712334,-20.92652814965185,-21.082653351099776,7.0
712367,-18.545665702530762,-17.78000961323253,5.0
712608,-48.10440456168026,-34.665169176032386,8.0
712632,-29.884851816302888,-30.634619842058427,9.0
712656,-93.24610927586049,-88.81427339923607,33.0
712701,-4.999357263750321,-5.018372512358286,1.0
712861,-19.38539949916606,-19.360390405024578,5.0
712961,-4.93068181403096,-4.630003951906287,1.0
713220,-17.496101405115937,-16.61959491142321,5.0
713312,-23.39154563973413,-23.39750387182111,5.0
713422,-14.996763011586937,-15.086941295972064,2.0
713445,-2.6962044038150594,-2.7310128952916153,0.0
713541,-8.601370255214073,-8.715030356722833,2.0
713604,-10.34098392210267,-10.157538828915571,2.0
713779,-62.580681446522064,-58.796066902051265,27.0
713783,-30.10671140246753,-29.604093195777622,11.0
713881,-18.20462704571027,-18.469830848845763,5.0
714060,-19.544979940274796,-16.529372761746504,4.0
714380,-13.584175657065316,-14.057215145538127,3.0
714398,-3.303636120215332,-3.3302265018772226,0.0
714457,-5.107481693515759,-5.113214053012831,1.0
714627,-25.224633515065513,-24.77421190319486,7.0
714847,-20.124599031334352,-20.110884021780787,6.0
714880,-20.079281126367658,-20.421689443789955,6.0
714897,-0.8739092546142408,-1.0867026988829367,0.0
714922,-22.18994472350948,-22.555725419126873,5.0
715118,-53.095639411437844,-53.40338926261503,26.0
715190,-4.9827084153821355,-5.042842482664373,1.0
715195,-2.9999202620151957,-3.0321206015986135,0.0
715368,-19.841305419694358,-20.32887713576156,5.0
715511,-21.127208549456927,-20.798933661802014,5.0
715525,-1.4813409710145136,-1.5085828049795815,0.0
715564,-4.2147836948157416,-4.259251309638918,0.0
715710,-23.775649835038383,-23.662093674637664,6.0
715900,-5.725287221708805,-5.915904508576106,1.0
715973,-11.66580588136797,-11.46019700046227,3.0
716038,-11.857459049590146,-11.901132287989356,3.0
716060,-8.970939965309688,-9.439932147618176,1.0
716091,-1.4813409710145136,-1.7094116733811011,0.0
716145,-12.747159427425848,-12.599130546694179,3.0
716148,-13.895609373838345,-14.026181166444962,2.0
716163,-22.26790746708536,-20.66138272025943,7.0
716174,-4.935657407062225,-4.992182950514341,1.0
716447,-34.31233169085772,-34.124970919752876,13.0
716618,-78.63108317537393,-74.61352516153572,30.0
716878,-47.03635206801783,-45.1523705192809,17.0
717128,-36.99231191110073,-35.61572233361155,10.0
717242,-34.86887375065262,-29.786232943570425,9.0
717268,-5.4296471276162865,-5.561711492179073,0.0
717285,-53.15390898347949,-52.62315827297891,22.0
717401,-9.128860855400701,-9.063744038984945,2.0
717425,-9.261298528949089,-9.761598750943083,2.0
717518,-8.883755301068836,-9.106758355711419,2.0
717530,-5.280014504729605,-5.357462555785876,1.0
717620,-17.15419019381977,-17.091761734423343,5.0
717646,-52.80070921772296,-52.841438455543674,18.0
717713,-5.366983113416995,-5.435831792975771,1.0
717846,-88.54848850597138,-56.469122540315574,19.0
717848,-6.874633197433945,-6.960403358320987,1.0
717886,-8.746034635197747,-8.986487933557243,2.0
717965,-15.019078352868908,-15.287253837257495,3.0
717969,-15.850554338291618,-15.883697667563546,4.0
718034,-64.49173055640904,-62.956253232489836,23.0
718047,-5.733362985816423,-5.776100952129131,0.0
718071,-15.691035736089582,-15.427695922519232,4.0
718091,-5.056109630741788,-5.1117454921486205,1.0
718099,-26.00428967692921,-26.081422676740388,9.0
718162,-5.484607155269052,-5.3405327000281595,1.0
718253,-2.3924885456149223,-2.6090515410860875,0.0
718258,-9.819468674211281,-10.001793281623819,2.0
718343,-10.70354029057815,-10.51438161137726,2.0
718508,-6.285180042804406,-6.349519802965582,0.0
718653,-1.7850568292146498,-1.9854772480274896,0.0
718654,-11.069718506457132,-11.144624871165506,2.0
718989,-49.47366086704006,-49.77911100721862,24.0
719155,-5.0023179170448735,-5.06753491781315,1.0
719301,-5.75064927547034,-5.777154242633682,1.0
719372,-1.177625112814377,-1.212123282500279,0.0
719611,-11.856138676162585,-11.900152748250862,3.0
719642,-27.137407375225447,-27.21191397738669,9.0
719761,-37.92277856535026,-38.325077655223886,14.0
719769,-8.416887071398488,-8.50623310025814,2.0
719812,-15.486018841844109,-15.779930035571494,4.0
719859,-6.467624052284071,-6.678156203371965,1.0
719900,-7.617725198319938,-7.777454004976033,0.0
719911,-0.5701933964141045,-0.6589832766437095,0.0
719943,-26.93616052286682,-26.98161780659925,9.0
720021,-10.592816717018605,-10.661860196036406,0.0
720174,-16.39431165442826,-16.5737835361639,4.0
720212,-30.529181145322607,-31.0338947702012,8.0
720305,-17.77158332853185,-18.078820761458253,4.0
720536,-21.093225220422358,-20.672751429845853,5.0
720675,-32.314310272299096,-32.94242507590184,11.0
720732,-27.821799471143255,-27.674276448917766,9.0
720788,-30.23665782281443,-29.960825582731033,9.0
721103,-81.56025201803398,-79.15110105887132,44.0
721121,-4.2147836948157416,-4.49488785714807,0.0
721140,-20.056715462597563,-19.982708198973377,6.0
721170,-16.023843013927127,-16.064645102575263,3.0
721238,-9.603618755574052,-8.774746872425052,2.0
721313,-2.088772687414786,-2.140258547849931,0.0
721338,-5.1522177767888815,-5.2372687649027005,1.0
721403,-26.03198560961708,-22.6754726219844,6.0
721514,-0.3412768363418131,-0.4068947262583784,0.0
721542,-4.913466665636709,-4.79967698085898,1.0
721579,-2.371003073525983,-2.397635242831231,0.0
721853,-23.720815553341925,-23.723440976812423,8.0
721856,-45.56972325963577,-44.65830947470171,19.0
721969,-10.518454257006482,-10.679003638787055,2.0
722070,-2.9999202620151957,-3.090226721742247,0.0
722178,-8.453909667610974,-8.485042280105702,2.0
722258,-8.583614891116799,-8.677751608114226,2.0
722462,-6.937288987637553,-7.064545497289063,1.0
722517,-22.328726053169166,-21.755932134975605,7.0
722573,-115.16670526577843,-111.03854886389915,47.0
722630,-43.09594402365089,-40.448024611196,13.0
722651,-12.833380355873803,-12.926638911590613,3.0
722655,-39.476470897801995,-40.134965025417834,15.0
722801,-10.805768499617473,-8.173496489339989,2.0
722876,-22.814889819174475,-22.56172579667364,7.0
722880,-59.2894117570713,-59.724600034784004,29.0
722986,-19.81131710008971,-19.99932323622558,6.0
723376,-47.00209812856601,-46.86279954961077,16.0
723418,-6.839280170970447,-7.010211133997154,1.0
723648,-2.088772687414786,-2.164709099355002,0.0
723687,-9.021887157136739,-9.419974943320138,2.0
723903,-10.735109286106415,-10.850583761040749,2.0
723915,-1.7850568292146498,-1.866907940541199,0.0
723939,-21.815959684488817,-20.32305827949802,6.0
723986,-67.34004050884286,-64.43437954242539,28.0
724013,-31.607618337793006,-31.929296318931094,9.0
724126,-0.5701933964141045,-0.6784355940612431,0.0
724165,-5.836719170097159,-6.037596552308787,1.0
724193,-9.269872945483128,-9.360583329401113,2.0
724212,-11.702647856449824,-11.86621581518269,3.0
724246,-9.20605756064732,-9.427486349697581,1.0
724291,-17.529484873344607,-17.653510232769992,5.0
724451,-11.617767360309191,-11.77573925271599,2.0
724590,-75.5995149166155,-75.1618103138016,45.0
724608,-8.631542701655361,-9.017918994083507,2.0
724872,-32.884367935181054,-31.686521242282225,12.0
724989,-42.333719805321344,-40.60141831517592,15.0
725116,-15.71142090074619,-15.893850662698636,4.0
725153,-40.00970477945043,-40.19396111195927,12.0
725212,-28.503117015109794,-26.099091508567028,5.0
725214,-44.81867659707413,-40.97228849523143,13.0
725219,-5.011761635037316,-5.081552918096119,1.0
725398,-37.47179065122606,-36.83166679670014,14.0
725501,-37.7152322942484,-38.04731794035459,10.0
725540,-21.440752240164446,-21.712918547855182,6.0
725618,-47.71863633320436,-45.73527855783124,19.0
725679,-2.3924885456149223,-2.417142767391591,0.0
726133,-21.191037590281763,-21.43931591458363,5.0
726430,-8.797668575402646,-9.077938104226654,2.0
726519,-4.9791700905721905,-4.719293361779622,1.0
726520,-21.542150063902127,-21.788238905241645,5.0
726663,-10.328242124462847,-10.486593885802247,2.0
726707,-18.85828815758588,-18.60421421373663,5.0
726727,-5.011761635037316,-5.411730700218671,1.0
726825,-9.719660857604055,-10.301293481451415,1.0
727099,-17.361996787198315,-17.511599714039132,3.0
727110,-10.00966733884509,-10.226859449690842,2.0
727285,-27.416955452460822,-27.48577706988055,10.0
727439,-77.8469507144642,-71.25841318240013,16.0
727515,-2.1938428221547297,-2.244820086004658,0.0
727521,-14.273776108306567,-14.492267197567264,4.0
727590,-8.975253589761573,-9.04646302942015,2.0
727641,-17.390274885372854,-17.9181875957632,5.0
727643,-31.231141945220195,-29.130503201113147,11.0
727785,-9.68474757685442,-8.931626028340068,2.0
727811,-15.624211294942771,-15.546090727349272,4.0
728051,-28.376215689265905,-28.744002687405423,3.0
728065,-0.8739092546142408,-0.9530418825884037,0.0
728090,-15.897945257235149,-13.794417269925658,3.0
728205,-31.503677573046645,-29.469970849445446,6.0
728248,-45.9717342958018,-45.09198987444465,19.0
728486,-38.50994294399469,-38.847018152823146,14.0
728505,-21.286157262362398,-21.29068229818241,6.0
728524,-28.446375164324838,-26.079498488174025,7.0
728551,-1.6488634972337992,-1.872514344406637,0.0
728583,-14.581529870634677,-14.688046224257528,3.0
728737,-1.1890894381572672,-1.2525729793596463,0.0
728772,-1.4813409710145136,-1.615705721435904,0.0
728775,-35.43397605956104,-34.91041437815166,12.0
728828,-9.506308418961362,-9.66624829718351,2.0
729086,-11.584773990188259,-11.735236599862143,3.0
729089,-5.398223328123836,-5.453333741712988,1.0
729414,-3.607351978415468,-3.607351978415468,0.0
729554,-5.115938173702083,-4.625886040502636,1.0
729555,-37.57858238294761,-37.271084283722146,11.0
729569,-16.045733982047835,-16.13733183690715,4.0
729610,-47.40953060543947,-46.45350827307913,18.0
729737,-1.4819022918830835,-2.076802749888668,0.0
729949,-0.8739092546142408,-0.9199441235750133,0.0
730004,-55.38100874929713,-51.4642234061878,17.0
730081,-18.434867910051835,-18.52460302682786,5.0
730147,-81.46700030978762,-81.20315847059918,35.0
730166,-8.886847982570128,-9.238583441118397,2.0
730193,-46.34317955078989,-40.126862228425686,12.0
730459,-47.446117036143505,-46.862597587571535,20.0
730599,-4.928669945849553,-5.066006857096338,1.0
730668,-1.177625112814377,-1.3182446292676169,0.0
730758,-8.937558463075005,-8.985541304996213,1.0
730877,-44.45035242721474,-43.46187735968397,16.0
731006,-22.63970588833467,-22.933159671741958,7.0
731043,-5.696134887685797,-6.171189646586867,1.0
731089,-17.384722400159795,-17.018395634213054,5.0
731194,-22.993934069653474,-22.317257541105896,7.0
731209,-11.746514725348048,-12.021406100146683,3.0
731215,-25.949264777491347,-27.419449070766674,6.0
731327,-1.23702370394456,-1.288751384275896,0.0
731546,-1.177625112814377,-1.4346004024076946,0.0
731599,-7.859373993217377,-8.463762272262185,0.0
731604,-15.555572783801503,-15.942446228917346,3.0
731621,-35.21654513162858,-32.749205727249056,8.0
731798,-19.865896445727632,-19.46283073785237,6.0
731802,-12.400819220203136,-12.933587225625681,3.0
731813,-4.822215411216014,-5.2511349946436745,0.0
731915,-1.2690158301952144,-1.3897132420220846,0.0
732011,-1.177625112814377,-1.2147226336180372,0.0
732031,-44.828956226060555,-45.348439981900356,18.0
732420,-42.35819045169884,-42.703134506990835,18.0
732431,-4.963579002061045,-5.026055977238795,1.0
732439,-25.69420157612434,-25.47296538895185,8.0
732502,-22.337736563509722,-22.37593987257835,7.0
732550,-4.982467603551886,-5.043124253411481,1.0
732774,-5.067139666089175,-5.141378419191368,1.0
732953,-1.4813409710145136,-1.5146294737180084,0.0
732994,-4.9716422683362795,-5.155263103722637,1.0
733161,-51.632643758346845,-50.28709974064066,20.0
733231,-27.42317111371425,-27.85900985859816,9.0
733415,-15.3812080699461,-14.706348254713882,4.0
733486,-31.407231582823137,-31.50672409107742,12.0
733512,-30.08276985499518,-29.523105576354634,10.0
733519,-40.29306027909569,-40.86142005403787,15.0
733547,-1.177625112814377,-1.2443183211749536,0.0
733560,-0.266477538213968,-0.3023253636964313,0.0
733567,-12.518559109548756,-12.485509054521364,3.0
733641,-93.87827649083017,-94.82154289231134,56.0
733895,-3.607351978415468,-3.7313103730192325,0.0
733914,-33.93403672851437,-29.42650598612189,9.0
733915,-2.088772687414786,-2.234032231305653,0.0
733942,-2.3924885456149223,-2.54794511120972,0.0
734064,-29.626834414016407,-29.788959573436813,13.0
734095,-5.127409800103793,-5.5738840111983805,1.0
734164,-22.745664446941266,-23.53667211913524,7.0
734165,-33.98216442888104,-34.823279778764636,13.0
734175,-7.859373993217377,-7.955365774964888,0.0
734183,-1.4813409710145136,-2.0819254513445866,0.0
734241,-37.989409069413554,-38.365470660950976,13.0
734351,-35.078199698568625,-35.374657821689055,13.0
734589,-77.07704961784907,-78.41248927276723,22.0
734679,-17.236601203316255,-15.85958825421769,4.0
734793,-43.76941853866952,-43.624200818024846,17.0
734825,-15.090579394158786,-15.267851780257173,4.0
735166,-12.446710129394788,-12.484912742480798,3.0
735174,-6.790479408659264,-6.963438475694925,1.0
735184,-28.918772869209402,-28.58888389883553,9.0
735222,-6.083806733016295,-6.2447543440683235,1.0
735467,-71.65799570281946,-69.43479204971561,45.0
735471,-61.470263846895854,-61.623561906906005,14.0
735652,-25.513232776422555,-25.704572846723153,9.0
735936,-11.670156373284595,-11.689721814716881,3.0
735943,-43.42072875461494,-43.93690169413412,17.0
736116,-30.987472588558152,-29.90198700655137,10.0
736139,-25.1100060782578,-23.05382394771909,6.0
736218,-11.615010907029767,-11.634326242714781,3.0
736231,-9.352347893140974,-9.462092046910364,2.0
736364,-5.891323443965623,-6.098244349293184,1.0
736412,-16.860165035006307,-16.738859605860746,4.0
736657,-30.256411548636237,-30.53136360021753,6.0
737006,-5.733362985816423,-5.733409865015557,0.0
737059,-114.72756555114144,-106.28620028561792,48.0
737112,-0.266477538213968,-0.34882472441801726,0.0
737231,-11.581225805207216,-11.72614853296349,3.0
737250,-5.793852543203776,-5.865832525029829,1.0
737411,-20.256710891980408,-18.89244574306051,4.0
737495,-24.41658436029057,-24.902597942969773,7.0
737526,-4.2147836948157416,-4.2785929180814275,0.0
737681,-14.939798778022933,-14.989209250916103,4.0
737698,-14.331437341529831,-14.73756167565028,2.0
737707,-17.417820264930764,-16.431395615728636,5.0
737720,-50.648697691031586,-50.16057811248755,20.0
737724,-42.077326844635316,-42.39177064838696,19.0
737747,-12.50097916690174,-12.764456031508388,2.0
737923,-5.12593126941615,-5.339960216605225,0.0
737978,-3.8633921878225648,-3.8812543095163847,1.0
738119,-54.71833081501248,-53.20516795108008,27.0
738269,-10.89653257521874,-10.903345208706964,0.0
738276,-1.3444868016928988,-1.3444870705781233,0.0
738372,-12.244392275280367,-10.50546804804469,3.0
738547,-17.84542495479984,-18.058956643434144,3.0
738586,-33.711605190003276,-31.752686069222484,9.0
738641,-19.43816859954345,-19.672891753803658,5.0
738684,-2.088772687414786,-2.193331259734067,0.0
738799,-7.6597668045152885,-7.972649948036333,1.0
738814,-38.3259848924649,-38.6437036072525,9.0
738850,-51.63481814493855,-52.69645340612072,14.0
738990,-5.985666281400874,-6.164101973408209,1.0
739159,-64.64628148725097,-62.922900496716416,25.0
739222,-22.348772087208065,-22.526344944705137,6.0
739278,-36.132663733218315,-35.676143281690436,8.0
739551,-13.3189325576392,-13.06999812859607,3.0
739554,-17.642943767190474,-16.89538081971656,5.0
739603,-5.010387054995299,-5.058346085332798,1.0
739905,-3.984393589802299,-4.033069229197956,0.0
740009,-8.95771455185623,-9.16625775526841,2.0
740063,-34.589917303306805,-34.11343552414483,11.0
740152,-24.615446727892415,-24.78206187067942,7.0
740198,-8.633677771835725,-8.744007062403977,2.0
740247,-33.50361826942288,-33.183018578209506,11.0
740398,-20.69852133574342,-21.08331348378469,5.0
740489,-14.43273171063679,-14.357349056131863,4.0
740682,-21.906231664361115,-22.135513734193673,6.0
740734,-7.839032039650451,-8.040426510110354,1.0
740826,-14.694627080328416,-14.00809090150988,4.0
740853,-20.121147863664444,-20.225516555993032,5.0
740935,-8.961761935611946,-9.014575447614607,2.0
740959,-6.902837561754316,-6.945512491069638,1.0
740999,-5.287580641896247,-5.337131390450988,1.0
741050,-15.169112744305359,-15.400435550174466,4.0
741369,-21.06084019168566,-21.12373230472779,6.0
741436,-12.150554811371864,-12.075544471086427,3.0
741482,-12.24907854016218,-12.492563872467066,3.0
741505,-20.383102533337276,-20.4746017568224,3.0
741563,-32.73079962565048,-32.76604031156507,12.0
741583,-1.4813409710145136,-1.4881275156373837,0.0
741633,-5.040871994188457,-5.044286648493118,1.0
741970,-16.603011487366384,-14.11238284292092,5.0
741995,-5.130672695145089,-5.235131394844246,1.0
742013,-19.788759622820542,-19.681185607091972,6.0
742060,-14.940696931061558,-15.053627272544455,4.0
742109,-1.177625112814377,-1.2696377535049026,0.0
742147,-11.73789867536182,-12.229038298990872,3.0
742249,-8.855970260776,-8.812067019902404,2.0
742258,-20.822915357379866,-21.059764390860064,3.0
742337,-12.111396008019288,-12.290003275493447,0.0
742357,-116.84149813917416,-106.86022669076135,58.0
742375,-2.3924885456149223,-2.4435622998090283,0.0
742494,-23.610478924335577,-23.96098983994725,8.0
742783,-172.555108040755,-159.09487894673316,69.0
743052,-2.1656683065721833,-2.283963082472112,0.0
743093,-18.70604948815678,-18.984293138757693,4.0
743148,-20.91321014791923,-20.976678703392686,7.0
743157,-30.236840480076943,-30.637800876259593,11.0
743206,-30.863552614527837,-31.242088684357057,10.0
743212,-12.53299825454186,-12.299241806511253,3.0
743331,-8.763107432280274,-8.859272473055073,2.0
743515,-15.29432574826888,-15.616023931537033,4.0
743546,-62.855468751505015,-63.643575663166224,25.0
743552,-5.2128271220326585,-5.2646453430552755,1.0
743684,-247.79958975918333,-216.03333484874284,70.0
743803,-11.749132382430938,-11.781979743023653,3.0
743875,-1.7850568292146498,-1.834919552853355,0.0
743878,-30.190469151144566,-30.3565759946257,10.0
744145,-3.3197232319213006,-3.3706343291839764,0.0
744154,-20.983887766960464,-21.05728031673411,6.0
744191,-28.414103359842812,-28.552365813064654,7.0
744225,-5.0796376460582175,-5.286362765653767,1.0
744354,-25.380275998975474,-25.860255093338548,9.0
744361,-13.362909535897632,-13.559847264579085,3.0
744377,-51.955624517949296,-50.289901615545496,22.0
744616,-57.40582285204472,-57.052271872524145,19.0
744617,-16.526248084516205,-16.625801487014563,5.0
744649,-5.032614615629592,-5.102049567196177,1.0
744695,-65.58311391433338,-64.40132781889436,29.0
744840,-5.363702242287918,-5.081469436348454,1.0
744891,-3.5879560095536567,-3.625792148159654,1.0
744944,-37.28999370024717,-30.305889662065667,7.0
744959,-21.080477365038366,-20.357000684539617,6.0
744989,-59.2846622886886,-57.902110735256876,22.0
744992,-14.388657779530151,-13.267179486719666,4.0
745066,-19.647545896478547,-19.83309517960377,6.0
745155,-11.675779217763791,-11.004768599128196,3.0
745166,-94.38005235119726,-91.40475403984446,36.0
745197,-2.6962044038150594,-2.8496174732318407,0.0
745221,-5.445220606653472,-5.692828493280063,1.0
745290,-5.391703957934419,-5.371896603571027,1.0
745510,-0.8739092546142408,-0.9776894952217448,0.0
745576,-43.87375900988113,-43.06441189064232,16.0
745788,-21.15075734064545,-21.144069718597745,6.0
746120,-19.081609716952965,-19.283745425501426,5.0
746173,-1.177625112814377,-1.2607268918742316,0.0
746277,-9.5971859753968,-9.749960952445553,1.0
746305,-36.351465056397906,-35.288738769323444,10.0
746335,-30.08603539759842,-29.413713848919148,11.0
746347,-10.592816717018605,-10.706791152568105,0.0
746586,-14.769551299740323,-14.954885978941995,4.0
746623,-72.77919352013241,-69.38193926550416,45.0
746815,-8.46680570961765,-8.598226033718564,0.0
746869,-27.434553072654765,-27.270866282766658,10.0
746954,-3.607351978415468,-3.7635814440288877,0.0
746986,-48.88913216764539,-49.54702382489846,18.0
747146,-21.94754571802298,-21.290789827407764,5.0
747155,-4.935657407062225,-4.806637094130279,1.0
747202,-40.43653402633747,-39.36183111527597,18.0
747226,-27.11220057880455,-27.059814686923673,9.0
747285,-6.482681403771364,-6.442539587178777,1.0
747443,-86.80977536511143,-80.59051604453343,28.0
747452,-30.87330088485081,-26.686701928201018,7.0
747516,-8.49038235781078,-8.382833155043286,2.0
747561,-37.13129114639115,-37.345434457711825,15.0
747652,-6.037078844016559,-6.054111481399202,0.0
747758,-7.251942276817105,-7.30017386769271,0.0
747935,-14.005703521808616,-14.426839213023397,3.0
747982,-9.840835700248988,-9.941736686622693,2.0
748026,-2.088772687414786,-2.1173398585417824,0.0
748058,-63.898835068059945,-65.4114202678221,29.0
748307,-3.621373230468286,-3.6215772379538382,0.0
748467,-8.770521567817786,-8.819115108062164,0.0
748535,-102.37605904731286,-101.1412346690412,41.0
748691,-14.220431391055646,-14.974183540926465,1.0
748909,-23.711372655095857,-23.094774156640373,7.0
749047,-0.19710494847042476,-0.2005918352876673,0.0
749128,-34.47357277300337,-35.07355950169728,11.0
749279,-17.46174147508871,-17.686395648083884,5.0
749360,-29.74044171474015,-29.528101299974896,10.0
749418,-44.61069942691251,-43.800764542409254,16.0
749529,-16.919261853378305,-16.623921235253942,5.0
749699,-6.644510560416832,-6.944933358230461,0.0
749725,-9.037749471997596,-9.001810603870071,2.0
749966,-17.026208781674097,-17.086352244613142,5.0
750107,-17.640153016550126,-18.022151522708324,5.0
750208,-7.978836210219396,-8.078429377127138,1.0
750317,-30.894149238204474,-31.24903952768379,12.0
750398,-9.511681256749164,-9.661863899767148,2.0
750414,-9.765519240685057,-9.859490714774887,2.0
750457,-11.270396398525104,-11.303125711468057,2.0
750535,-9.148760507207717,-9.26125550009564,2.0
750567,-22.740608361956625,-23.0288887236749,7.0
750580,-36.76983593000516,-37.122570953841716,12.0
750584,-9.605320434712942,-9.873546721818036,2.0
750691,-1.502448762216766,-1.5262939209927584,0.0
750790,-10.222834521195805,-10.721698263683878,2.0
750812,-13.486365078858668,-13.591260781040747,3.0
750850,-240.97282929152738,-244.15400867894334,83.0
750980,-8.905830935389947,-8.972530570973772,2.0
750987,-30.93519862027128,-31.301043763698473,9.0
751064,-1.4813409710145136,-1.673053324643646,0.0
751089,-8.772502022063437,-8.747577043659245,2.0
751202,-11.324540536181384,-11.37506471741871,1.0
751383,-36.37884671528847,-31.358491000089852,9.0
751457,-23.69718580975841,-23.3121752276049,8.0
751465,-132.3105875005023,-133.17251957494628,24.0
751529,-28.137259345126207,-27.36998800400563,10.0
751575,-1.177625112814377,-1.188669788184559,0.0
751678,-43.19980816660223,-43.076348357347726,14.0
751717,-119.26131024529145,-87.32368175268172,21.0
751878,-5.872771822251384,-6.066212400124569,1.0
751976,-81.23608330495006,-77.58332241755241,22.0
752077,-2.2321769963615194,-2.443043368510245,0.0
752169,-22.859776310603092,-23.106309180187214,7.0
752184,-53.441539050973454,-53.72579428142175,19.0
752331,-5.630136614243573,-5.764019955381981,1.0
752417,-12.554207489101072,-12.682309007658036,2.0
752437,-12.529089376416641,-12.891291642929076,3.0
752503,-28.559570842839378,-27.73296107094365,9.0
752531,-17.78350500293737,-17.735814106106474,5.0
752540,-94.65242090586041,-94.62346823722378,47.0
752608,-14.39433963751907,-14.084824366088027,4.0
752650,-5.893110044514212,-5.9432456718740285,1.0
752815,-1.7850568292146498,-1.8569199673579704,0.0
752858,-14.698678747609293,-14.134317546016776,4.0
752967,-47.72486072723817,-47.17727155027337,21.0
753051,-18.559546208068966,-18.787672624851,4.0
753059,-1.7850568292146498,-1.8605821136177536,0.0
753091,-1.177625112814377,-1.3342776360583886,0.0
753183,-2.6962044038150594,-2.9102044081034983,0.0
753228,-40.41282518038373,-40.5353047389652,12.0
753233,-90.64359755817539,-88.37799976183216,44.0
753271,-2.6962044038150594,-2.7338072647473552,0.0
753448,-11.561874011856444,-11.898050799976865,3.0
753571,-47.3927877156439,-47.94793959520891,21.0
753622,-1.2054698242894017,-1.3785865333549172,0.0
753726,-8.619887529504995,-8.744392100388598,2.0
753785,-5.097161000615768,-5.17603012407003,1.0
753813,-1.5293038251062245,-2.979242814667106,0.0
753919,-27.799210383170006,-27.896777404377737,8.0
753947,-9.816591689827373,-9.920534576766945,2.0
754013,-17.02282244897197,-17.285166861994746,4.0
754139,-85.2571956499399,-74.14216919606636,18.0
754163,-57.15922384472422,-54.946992669590855,27.0
754181,-4.978567907312878,-5.122748044332695,1.0
754210,-4.915857433456087,-4.789609735306615,1.0
754264,-28.223865862586326,-28.345626532873098,8.0
754455,-23.216564138875704,-23.57859639429976,6.0
754565,-12.304677140248197,-12.131442732968404,3.0
754570,-9.65800808599081,-9.763566821892297,2.0
754599,-60.517841987793354,-60.64198596571397,40.0
754676,-12.96011499172672,-13.20646036787676,3.0
754763,-23.584828073616183,-24.251721240250735,6.0
754780,-52.167258653307925,-50.310677623639606,21.0
754815,-26.674499381177043,-22.91352767704984,5.0
754977,-21.065567391153944,-21.009587230181676,5.0
755105,-34.97204925510609,-35.278392932347465,13.0
755130,-9.42870589071028,-9.782310487547809,2.0
755147,-11.531151224370571,-10.838791310970262,3.0
755186,-1.7346870026220562,-1.8412484297844958,0.0
755188,-14.474696308379599,-14.238159933986882,4.0
755261,-45.19720637446402,-44.99464461157053,18.0
755298,-1.7850568292146498,-1.8635961489597213,0.0
755622,-12.201065868092247,-12.26100335525783,3.0
755651,-9.971698530150316,-10.178715789207446,2.0
755714,-19.876782313104428,-19.848635850909524,6.0
755783,-25.841216022795358,-26.17492277713052,6.0
756026,-2.9999202620151957,-3.100308083898649,0.0
756336,-6.037078844016559,-6.095649061511072,0.0
756490,-14.461820664915804,-14.6378233317639,4.0
756506,-9.452893527274007,-8.772918013733468,2.0
756517,-19.53765642203855,-19.886593146518646,6.0
756662,-5.7191464847894915,-5.7756799923604945,1.0
756720,-6.644510560416832,-6.7942319507189675,0.0
756748,-5.03343449066246,-5.121185072454581,1.0
756776,-18.25983577723959,-17.871343702439226,5.0
756853,-5.81534202740989,-5.95908686357741,1.0
756927,-33.52160208906557,-33.292904626871035,12.0
757135,-121.87739535840707,-119.44169565768945,85.0
757296,-18.308927114338143,-18.685368275235078,5.0
757432,-22.964780799895987,-22.378391467375874,7.0
757484,-14.427483634955372,-14.495048320462878,4.0
757548,-1.177625112814377,-1.1880316740013717,0.0
757555,-3.607351978415468,-3.875451902113143,0.0
757581,-21.66968743690293,-21.8261726658506,5.0
757614,-1.1833595781272106,-1.2177326708773986,0.0
757619,-5.455539105971746,-5.614302172277698,1.0
757715,-5.014592075292253,-5.162547736112197,1.0
757795,-8.598658571478907,-8.730399129074499,2.0
757900,-13.582248467586687,-13.747431672234697,3.0
758135,-0.266477538213968,-0.511316815875897,0.0
758146,-46.268386277194594,-45.494221557175024,18.0
758150,-6.473034613954074,-6.633557477526923,1.0
758241,-5.066234533978312,-4.423982006119072,1.0
758270,-2.6962044038150594,-2.7064238528056324,0.0
758374,-8.800035176634573,-8.985782090145655,2.0
758474,-24.169002699275882,-23.88223362496803,8.0
758543,-16.91665610724866,-16.886270835891576,3.0
758552,-3.911067836615605,-4.085541435301322,0.0
758623,-19.698661792533844,-19.54221779397265,5.0
758651,-2.3924885456149223,-2.5096981427766623,0.0
758714,-8.77525438421507,-8.890062789356913,2.0
758720,-9.375413877556337,-9.49146547870298,2.0
758799,-5.000463482489423,-4.902675647501396,1.0
758860,-149.66952390797775,-142.219177387984,107.0
758918,-80.00141462166052,-72.83206227967071,24.0
758926,-1.177625112814377,-1.1908102355282064,0.0
758944,-16.49563584896997,-16.01610811327563,3.0
758952,-6.043997020797004,-6.250960640278931,1.0
759009,-24.508520283759157,-24.62878190811277,8.0
759018,-26.665301007358117,-24.815214189572018,8.0
759223,-5.413531713287581,-5.251488918624055,1.0
759394,-23.79254267202235,-23.907117496799867,5.0
759486,-5.060903575021874,-5.178651682840081,1.0
759564,-21.543104896192748,-21.780922316362044,7.0
759575,-5.316648691193554,-5.363512795308162,1.0
759668,-27.774374350486493,-27.565504268395056,9.0
759798,-4.939622887688026,-5.012428860605876,1.0
759814,-5.511398902993255,-5.604681040614363,1.0
759897,-12.069997857868234,-12.214123936490259,3.0
759899,-9.346028260102518,-9.496148016183175,2.0
760020,-36.7157452453063,-37.01141807660048,10.0
760265,-17.50733500068114,-17.798319500512754,4.0
760332,-6.472323513660971,-6.54786543331027,1.0
760523,-111.2661676492069,-106.11032127620821,33.0
760535,-35.275000760807174,-33.90815255006933,8.0
760886,-24.025422508996872,-23.83566146257814,8.0
760899,-8.718514953022416,-8.532639945639078,2.0
760908,-23.8994435740124,-24.28485110878622,6.0
761030,-14.367252376413203,-14.677152384815397,2.0
761095,-1.177625112814377,-1.2910770646458112,0.0
761097,-21.14854990713469,-21.35893264766433,2.0
761182,-19.16444511473331,-19.178659073991437,6.0
761185,-15.786642612570933,-15.565800200670557,4.0
761195,-18.819179688914023,-18.725959519444785,6.0
761253,-21.70553763508346,-20.808905706091874,6.0
761313,-200.93412171683724,-202.96889713564536,242.0
761324,-11.74888070893748,-11.519634492083684,3.0
761340,-19.464779691727074,-19.051690222420536,5.0
761646,-23.67431561352381,-24.01239528555087,6.0
761653,-31.438566362134537,-30.559893672149855,8.0
761987,-1.177625112814377,-1.3128356848196792,0.0
761992,-16.582782728883185,-16.724615049956768,3.0
762033,-18.508907647012755,-17.861616392836797,5.0
762042,-9.34267076546267,-9.44510146370642,2.0
762044,-15.642884215461082,-15.76484613334334,4.0
762058,-37.56083224978427,-38.20334227618183,11.0
762158,-0.266477538213968,-1.1307545910213603,0.0
762177,-64.7854029753244,-65.73741645493007,22.0
762269,-12.637201872349033,-13.19558763227021,3.0
762544,-15.877906430957232,-15.730545544085338,4.0
762593,-10.00222655760253,-10.084419892708011,2.0
762652,-11.96460603981774,-12.05090092671104,3.0
762654,-4.9020235075852385,-4.8198142196333205,1.0
762685,-15.756731427944905,-16.191648645870316,4.0
763297,-19.841860163237968,-19.887574160003773,6.0
763336,-19.4595063183527,-19.15091300362654,5.0
763352,-23.89440950677928,-23.10230255691728,6.0
763518,-1.7850568292146498,-1.8856771684718612,0.0
763578,-5.12593126941615,-5.200405153575834,0.0
763682,-5.4296471276162865,-5.509672592739964,0.0
763701,-20.451237512047584,-19.779531819459397,6.0
763799,-18.458505910536083,-18.69367512495123,5.0
763818,-11.529044715921207,-11.343669101660769,3.0
763844,-13.465606301765465,-13.777512618378182,3.0
763975,-5.1522177767888815,-4.855806820297416,1.0
763989,-39.05700524335893,-37.43963179657328,9.0
764053,-34.626461999589544,-34.159116474229506,13.0
764127,-5.427323931355463,-5.523416169582703,1.0
764154,-13.929986789673102,-14.042711958555346,3.0
764298,-21.634959973826287,-21.464659887511495,7.0
764620,-13.89861079170182,-14.349813549721464,3.0
764624,-25.53892259821391,-24.826724611376733,7.0
764645,-36.53956733557423,-33.67034315807834,13.0
764679,-8.632217870425091,-8.690468748313217,2.0
764731,-22.118102776739473,-22.126027268702668,6.0
765019,-4.934465209047199,-4.764913016778375,1.0
765098,-0.5701933964141045,-0.6637384798557104,0.0
765229,-21.781100691228293,-21.87648237019027,7.0
765239,-16.729345401880874,-16.892363281670196,5.0
765252,-33.66481053147249,-34.00229023397586,7.0
765284,-10.841744177262845,-10.02215330025142,2.0
765394,-5.0391425226118605,-5.155922969828784,1.0
765607,-1.4813409710145136,-1.5205154334925808,0.0
765617,-9.532644422466444,-9.667082098934094,2.0
765643,-13.655374495518755,-13.984408754761159,3.0
765668,-9.103825315631651,-8.952845419042822,2.0
765674,-49.727252048600185,-48.87668196005951,22.0
765716,-11.994237984188509,-12.709123398961573,3.0
765759,-2.9999202620151957,-3.676738221930848,0.0
765887,-16.83406068651574,-16.812187659670272,5.0
765950,-3.607351978415468,-3.8380267310150176,0.0
766049,-4.518499553015877,-4.818336357749497,0.0
766100,-5.36880038031874,-5.4322450393581985,1.0
766131,-11.64826043120047,-11.501189120314542,3.0
766230,-30.051805834006903,-30.805186842011544,7.0
766251,-28.736196725142467,-20.831856282385914,6.0
766523,-9.354199598179164,-9.551956053873274,2.0
766561,-4.921793703258771,-5.049758022010396,1.0
766685,-4.2147836948157416,-4.356126551560283,0.0
766689,-13.163898007011447,-13.39507157631367,3.0
766694,-0.8739092546142408,-0.8739092611136019,0.0
766725,-23.195397784150153,-22.41137877648276,7.0
766750,-14.625918895761009,-14.729394083740143,3.0
766916,-8.255762939646667,-8.321997590345228,1.0
766939,-14.502874379325988,-14.673467772029362,2.0
766988,-45.11033797508562,-43.51582884158511,12.0
767010,-9.686279495332235,-9.829029229474537,2.0
767041,-9.09020705007918,-8.103866287805502,2.0
767076,-39.6649079253831,-39.514301599269245,11.0
767201,-31.892399053551692,-32.3273410673554,12.0
767208,-8.428757341619548,-8.499579638178357,2.0
767243,-2.6962044038150594,-2.776330281800642,0.0
767288,-28.597697062415445,-28.843576584442044,10.0
767292,-32.04973440589894,-31.556209064473926,13.0
767387,-17.937348274046215,-18.694972919842,5.0
767427,-6.937288987637553,-7.319775552253734,1.0
767732,-47.02750428557157,-45.236629093940586,12.0
767897,-16.18371858342341,-16.255744887835906,4.0
767940,-9.151115500708025,-8.781417488835139,2.0
768017,-8.606163603088252,-8.9584719092345,2.0
768136,-88.42102706394978,-80.77615450275084,18.0
768138,-11.9672179128209,-12.24286940731764,3.0
768190,-1.7850568292146498,-1.8779231269740284,0.0
768606,-17.247793130029827,-17.490007098016008,5.0
768608,-5.058942496217999,-5.096943193005351,1.0
768697,-6.9457041886476985,-7.060318766133876,1.0
768779,-72.32044607454583,-72.04289099278292,43.0
768872,-3.303636120215332,-3.524999684355142,0.0
769370,-15.306698210450293,-15.620357450061348,4.0
769428,-43.13255925966397,-42.8660430251253,19.0
769448,-27.48424788315279,-27.849698613270817,8.0
769468,-29.877846958975617,-30.122152692493504,10.0
769479,-22.169398094212593,-22.78144640457959,6.0
769563,-133.7897282025246,-118.41304620486173,52.0
769715,-1.4813409710145136,-1.909099081208978,0.0
769723,-42.47091578654134,-42.5265491908311,19.0
769743,-2.9999202620151957,-3.116670050018014,0.0
769834,-5.688448169825783,-5.7140062570547245,1.0
769841,-21.254323545722034,-21.27474263097491,7.0
769947,-15.913198295688348,-15.866565229689389,4.0
770008,-21.708295902093433,-22.12117748289159,7.0
770039,-44.73045844445054,-44.25222251561641,18.0
770281,-24.41761344936606,-24.062507486424654,7.0
770538,-9.34267076546267,-9.3003625435355,2.0
770877,-32.828377243495396,-32.66577949842211,12.0
770981,-20.1586497151565,-19.99429361777876,6.0
771048,-35.08993178036928,-34.756996829582334,8.0
771165,-108.574896961384,-95.621494661622,43.0
771190,-1.4813409710145136,-1.5396807571108886,0.0
771271,-36.74009435222074,-33.39404222811483,10.0
771301,-11.982762192544419,-12.07122065959191,1.0
771342,-20.054788378968443,-20.068679700207017,6.0
771880,-14.66246541473796,-15.025766551869149,2.0
771949,-5.115002849215627,-5.226489532286468,1.0
771959,-2.9999202620151957,-3.0633664438852524,0.0
771961,-90.15163277666343,-90.31500289946342,33.0
771994,-10.810253396349246,-10.63012348556079,2.0
772105,-39.019209923968596,-39.398228843480396,15.0
772152,-9.047930757844517,-8.803947910505851,2.0
772253,-14.194759293881372,-14.273962619235698,4.0
772397,-0.266477538213968,-0.3281012808625408,0.0
772443,-20.551456850127263,-20.80757278596957,6.0
772620,-19.79070772823183,-19.81184676024777,6.0
772738,-4.518499553015877,-4.5731591972669525,0.0
772750,-37.82191099493655,-38.56197312364235,12.0
772853,-4.8691273830198805,-4.944254344539128,1.0
773019,-3.1086710575697656,-3.1154707010143747,0.0
773073,-27.367254211309298,-27.578793855774585,9.0
773075,-0.8739092546142408,-1.3672050536589537,0.0
773289,-7.411985706166946,-7.53731838243439,1.0
773344,-44.979042717456124,-43.485794153998874,19.0
773425,-8.931733806200237,-8.993815317684577,1.0
773439,-44.30778332867059,-39.45942393691957,14.0
773440,-9.119112711020719,-9.146357990733208,1.0
773570,-4.518499553015877,-4.57663572580232,0.0
773850,-40.794492926237325,-37.487905163743946,10.0
773901,-5.141671823912692,-5.213011493925356,1.0
773920,-5.059830501190934,-5.4202159988620675,1.0
773933,-6.481518849729413,-6.567083264648494,1.0
773948,-2.3924885456149223,-2.5201545878987544,0.0
774068,-0.2908427329710495,-0.32521502494712634,0.0
774249,-35.00787277751827,-31.40585057862678,8.0
774268,-1.4813409710145136,-1.5338400619223582,0.0
774307,-59.0327736392175,-57.11864042060423,17.0
774373,-14.168983568576415,-14.299777743811694,4.0
774386,-9.780387842673766,-8.96598595921741,2.0
774543,-35.426102388181626,-34.81984882435995,11.0
774710,-99.36076359369649,-83.28913270632883,29.0
774711,-47.1012259807202,-43.596929905545146,12.0
774844,-8.753470075015963,-8.65702555505379,2.0
774858,-14.937246876273885,-14.858125738582771,4.0
775002,-28.586365975362934,-29.07096369044973,9.0
775083,-11.699899390629433,-12.065289799630568,3.0
775446,-2.157677970679982,-2.1833474430336266,0.0
775505,-3.607351978415468,-3.651910195495128,0.0
775572,-16.686685001029364,-16.91021204348209,5.0
775637,-9.555171906594165,-9.511386351433083,2.0
775896,-22.910618146194217,-23.14087613168491,6.0
775906,-5.0335886549182085,-5.08263164731852,1.0
776146,-31.61665150211388,-31.39963619190455,8.0
776210,-8.814531987262862,-8.933042094570604,2.0
776232,-14.204002459458133,-14.137482458790323,4.0
776289,-1.4813409710145136,-1.6417922511098104,0.0
776308,-21.862223339961837,-20.561385217494216,5.0
776376,-21.32326078206462,-20.51176507720958,6.0
776401,-0.8739092546142408,-0.9267566080020534,0.0
776422,-0.8739092546142408,-0.8977883898711039,0.0
776470,-41.04667208182636,-40.553417333150996,15.0
776476,-2.088772687414786,-2.1442171803528542,0.0
776589,-31.841161796318552,-31.968264666091738,9.0
776592,-5.490636588471568,-5.636951869695052,1.0
776830,-8.94628522375645,-9.076013536243297,2.0
776923,-12.391821772216959,-12.564166035112743,3.0
776961,-4.991167307448308,-4.741088689873681,1.0
776979,-9.739441535877294,-9.359822781364006,2.0
777003,-24.689794010423796,-24.9821605314709,8.0
777124,-33.385245229408575,-32.68154916021628,10.0
777185,-6.739188925691768,-6.751981231306918,0.0
777311,-11.624638696627583,-11.68652874634069,2.0
777352,-18.931353176014625,-18.824414574102313,4.0
777460,-8.543757532916128,-8.143315767846534,2.0
777492,-9.546190841484506,-9.699561145468167,2.0
777659,-8.752789269790842,-8.6576192739585,2.0
777725,-5.079055806650786,-5.250204946422809,1.0
777743,-6.48806102770534,-6.47203421335781,2.0
777865,-5.0244584784860375,-5.131404290433566,1.0
777922,-7.10095328078419,-7.176366064433858,1.0
777961,-17.70338117734038,-17.67564609414985,5.0
778186,-4.518499553015877,-5.03525801926119,0.0
778286,-30.087569072620937,-28.88392763090326,9.0
778319,-5.633591786638525,-5.730139608173493,1.0
778386,-56.06060125213566,-55.224862526350584,19.0
778389,-17.714832575306616,-17.722319715044797,5.0
778406,-41.29767880717575,-40.677696060063184,16.0
778645,-26.115593333615703,-25.986557685996264,8.0
778662,-88.14781746834068,-88.72723606603604,44.0
778721,-1.7850568292146498,-1.7884649747113353,0.0
778806,-59.646785516229144,-54.34685421028609,12.0
779008,-34.98761791698777,-33.453699094094276,8.0
779147,-1.4813409710145136,-1.6376714403012005,0.0
779213,-38.26220190046461,-37.82924733824672,15.0
779304,-34.26646394633162,-34.68207100571298,11.0
779463,-42.27878603358344,-42.75288275092186,15.0
779755,-17.780754278534364,-17.883557831682555,3.0
779826,-11.58924619024104,-11.539635933597532,3.0
779863,-8.457719112437223,-8.575827768610264,2.0
779877,-8.579040396235834,-8.642196435708573,2.0
780222,-47.12099283863926,-44.84565802569161,16.0
780740,-8.792486316375642,-9.132658714519057,2.0
780823,-18.924353623422203,-18.863875088329777,5.0
780861,-8.748384412664745,-8.845410643008053,2.0
780873,-32.04096107936612,-31.69458988356307,11.0
781022,-22.993848374995984,-23.034243114133794,8.0
781115,-45.56679813567119,-45.14620801696517,18.0
781120,-20.675053717709265,-20.941283695481076,5.0
781204,-1.4813409710145136,-1.4930774864177399,0.0
781253,-53.58206891980172,-53.81754529584194,22.0
781362,-14.541122873620377,-14.562410015562108,0.0
781380,-4.518499553015877,-4.656663724856465,0.0
781471,-0.8739092546142408,-1.0155192943966658,0.0
781593,-19.707422312579443,-19.96603983843188,6.0
781624,-13.21163634899151,-13.335217611748137,3.0
781673,-24.386255378859328,-24.70463733276085,6.0
781692,-25.05736546731011,-25.358218999797305,8.0
781755,-50.49463533898411,-50.589792716583766,20.0
781791,-3.198877602326956,-3.3283073259841456,0.0
781983,-12.225654808438845,-12.3211822205319,3.0
781995,-8.80934209047008,-8.841066171130494,2.0
782133,-30.752475594024762,-28.716108332694425,8.0
782177,-22.603468972288137,-18.444984152882487,4.0
782184,-19.783960317388125,-19.865004558980537,6.0
782373,-23.20229376712075,-22.84047363346314,7.0
782425,-6.937288987637553,-7.06434506738112,1.0
782426,-2.088772687414786,-2.1092192639970624,0.0
782563,-2.3924885456149223,-2.6743144266595333,0.0
782568,-22.51482589441429,-22.759886189387956,7.0
782588,-42.63634597852962,-43.086021393353704,16.0
782599,-22.07989736575198,-22.267322854457596,6.0
782730,-17.93476822961086,-18.184025525336345,5.0
782839,-9.373509137424573,-9.455923781437212,2.0
782876,-23.422026168997906,-23.48993529259379,8.0
783108,-12.140320626997111,-11.716107548632921,3.0
783123,-34.76280426862154,-35.372523197779415,11.0
783191,-44.949444452204396,-45.093759901565655,19.0
783206,-2.6335205518103884,-2.767171312589584,0.0
783390,-24.125969404129922,-24.479969055767533,6.0
783451,-29.67067063831547,-30.17833569427926,9.0
783863,-11.899060073407345,-12.318265098465808,2.0
783892,-12.26879520025879,-12.342398169286545,3.0
784027,-47.862352557907876,-48.102563714267674,22.0
784040,-11.513332761069432,-11.65520049374108,3.0
784238,-15.073547116887822,-15.429906220801454,3.0
784408,-10.317416789247241,-10.377350171554925,2.0
784774,-15.271806877482614,-15.143966290191173,4.0
784877,-4.980125260226596,-5.143423764277316,1.0
785310,-1.177625112814377,-1.2124326712487368,0.0
785403,-38.38869697545407,-38.199006867129256,14.0
785439,-115.32922887439395,-96.24709571234081,20.0
785492,-11.464173863183603,-11.844315973692298,3.0
785562,-8.560346286271228,-8.681253352945378,2.0
785565,-24.46305042211835,-24.89929802924086,8.0
785590,-18.45530587914328,-18.663262408984917,5.0
785653,-12.617500744548153,-12.822956387796227,3.0
785671,-1.7850568292146498,-1.8330625311233386,0.0
785744,-3.344609056961034,-3.36166139453631,0.0
785799,-11.637950740364843,-11.530849033607502,3.0
786023,-15.268218624173965,-15.222061888873,4.0
786043,-9.162909951552882,-9.311601017709247,2.0
786081,-4.2147836948157416,-4.757649228976044,0.0
786313,-6.878287020409722,-6.963260249367506,1.0
786512,-4.2147836948157416,-4.238629008109696,0.0
786534,-22.920816229930587,-23.23845249187854,7.0
786547,-18.093807980298546,-18.39251689504116,5.0
786659,-2.3924885456149223,-2.5275736991836686,0.0
786701,-14.4365525733039,-14.318743215803691,4.0
786726,-8.60901008611819,-8.895529077629597,2.0
786774,-18.139260524720534,-16.78167750955134,4.0
787028,-18.25410962024803,-17.981657145163194,4.0
787053,-11.048762293210816,-11.553499113093263,2.0
787112,-25.3389454072442,-25.45203184699387,8.0
787186,-12.415111866219423,-12.435832975864514,0.0
787246,-8.046458764994366,-8.102615931820813,1.0
787251,-5.009026975469546,-5.108814358932824,1.0
787271,-2.6962044038150594,-2.733782508517533,0.0
787279,-25.560999951069917,-25.814118656241536,9.0
787330,-28.55197080785192,-27.176532746326163,8.0
787442,-16.43836997551976,-16.41786356395654,5.0
787468,-6.061906407351035,-6.192885775469941,1.0
787603,-9.612497671449091,-9.701710604675945,2.0
787651,-23.587624032610133,-23.15463599891836,7.0
787797,-18.20786774964553,-17.74403954537606,5.0
787910,-11.877084900701702,-12.344493910482585,2.0
787941,-9.976572808107464,-10.197154702184587,1.0
787949,-13.012515490294245,-12.705459991076605,3.0
788111,-44.90039264897094,-45.44351749617017,14.0
788197,-8.479032602847926,-8.511595947870743,2.0
788236,-2.460250607046521,-2.803227692801842,0.0
788379,-17.11042290213706,-16.623644600261255,4.0
788442,-5.157662271623659,-5.387172317178004,1.0
788483,-0.6910019415405063,-0.6999046377341468,0.0
788577,-2.9999202620151957,-3.056559376821393,0.0
788664,-4.921793703258771,-5.411678150822248,1.0
788839,-29.481552388573938,-29.832686417911066,5.0
788868,-5.490013268497612,-5.366154766668208,1.0
788930,-1.7850568292146498,-2.0481675845094447,0.0
788952,-16.72835808288678,-16.612726234212623,5.0
788975,-32.59393509152408,-32.40851998654864,13.0
789017,-23.25212492213453,-22.755231489197392,7.0
789072,-2.3924885456149223,-2.6554716857953116,0.0
789124,-1.7850568292146498,-1.8773490453877866,0.0
789154,-17.01732883298063,-17.12934212966638,4.0
789168,-10.05246141543491,-10.452606250437602,2.0
789189,-44.9320213694811,-44.74811453372834,18.0
789224,-23.91216234471528,-24.293264114710382,8.0
789328,-5.113011794233181,-5.214655251268477,1.0
789342,-20.822502629209666,-21.315932877158744,3.0
789509,-2.3924885456149223,-2.4435856694993547,0.0
789515,-32.61163967575763,-32.8061784115374,12.0
789598,-34.78524985787244,-34.00192516454888,13.0
789785,-13.896900679480163,-14.2372266395714,3.0
789798,-65.29317007137593,-64.75786168440959,25.0
789832,-21.682925621003676,-21.888300956900355,5.0
790242,-11.73696676501891,-11.485325414591864,3.0
790316,-5.5206212455659625,-5.631437102023777,1.0
790495,-1.7850568292146498,-1.8733073604537345,0.0
790684,-82.55975697975406,-77.14838451759907,25.0
790783,-30.549273012537654,-30.45158644524838,11.0
790902,-8.70813758145631,-8.797610259881324,2.0
791083,-43.96666572389389,-41.92963860678259,16.0
791127,-9.201300986543313,-9.294312299056248,2.0
791439,-0.5701933964141045,-0.6043983565296199,0.0
791577,-16.292578695136008,-16.796473416673848,3.0
791594,-15.140108642018063,-15.594511861789186,4.0
791714,-28.000915004627394,-27.447589119942805,10.0
791747,-5.4915917581259714,-5.566068486920145,1.0
792115,-14.983075951310507,-14.254326119369034,4.0
792143,-54.3395302153571,-48.3751515780738,12.0
792153,-8.86714751558884,-8.967428437011424,2.0
792182,-51.8286357511927,-48.87162063078465,18.0
792189,-12.573273975346138,-10.840478925505758,3.0
792378,-11.49727028015645,-12.22387623661737,3.0
792536,-20.050274380554825,-19.918614640918985,6.0
792689,-19.849277253708276,-20.585329718797354,5.0
792950,-35.71847630946609,-33.363163024662775,12.0
792953,-2.9999202620151957,-3.1869794965440765,0.0
793024,-30.444468831246628,-30.66134655533801,10.0
793048,-19.73079799385394,-19.44370397876759,6.0
793070,-34.714420444588846,-34.510247109023126,12.0
793122,-88.54801491629613,-89.64484622606464,33.0
793129,-8.408398940300017,-8.110146957449759,2.0
793155,-5.250293637665954,-5.320260778318633,1.0
793270,-17.745230529695775,-17.67008370487946,5.0
793343,-5.028419304654065,-5.075849480547622,1.0
793441,-17.37692554003599,-17.49362302237718,4.0
793443,-24.27033158841817,-24.38489641563788,7.0
793505,-1.177625112814377,-1.2327427584051902,0.0
793734,-22.758699709536835,-22.695848813110832,7.0
793782,-34.433126694347514,-34.771993093096256,12.0
793821,-14.624231221836016,-14.680278109257321,3.0
793842,-13.154084906498372,-13.348890636526434,2.0
793965,-13.89032795812278,-14.289019607543645,3.0
794042,-25.504048992056422,-25.25834270887969,9.0
794081,-37.895863370835116,-38.597969266806466,13.0
794201,-6.0133910783613445,-6.252984147476749,1.0
794227,-9.919030975849578,-7.974498358264095,2.0
794409,-8.791240229262215,-9.081658278309309,2.0
794435,-35.31990711133818,-31.933593300790776,6.0
794466,-4.9410947346878915,-4.821018098000158,1.0
794556,-0.8377454025648438,-0.9217343203430965,0.0
794623,-25.412626148384106,-25.50619166734696,8.0
794673,-5.733362985816423,-5.747415561469807,0.0
794696,-42.14701554185572,-42.34136419153793,17.0
794710,-12.31397085337045,-11.810877179227901,3.0
794735,-9.241703470408103,-9.488563209262539,2.0
794778,-8.59224326758442,-8.61995011388142,2.0
794805,-0.27147353087202014,-0.37019378141877135,0.0
794979,-3.1795928298959955,-3.195039585416399,0.0
795115,-9.606993324319271,-9.71572010869856,2.0
795298,-15.69090818206809,-15.80912554803258,4.0
795352,-24.188820064623165,-24.322575556874586,6.0
795446,-3.607351978415468,-3.6169762805729864,0.0
795505,-16.895988435781568,-17.153721934579657,4.0
795561,-41.32761476672624,-41.79142109000495,16.0
795564,-6.473034613954074,-6.702002687953405,1.0
795669,-17.98100647306806,-18.080799584309165,5.0
795763,-11.573906017958704,-11.071291884338974,3.0
795935,-31.159593218322364,-29.191651435698592,9.0
796108,-25.388467391258114,-24.262083864290837,8.0
796183,-8.73195616037174,-8.78932316756934,2.0
796226,-23.796200165362286,-23.815744171633643,8.0
796279,-13.3275211641743,-13.453383428672376,3.0
796399,-63.632730201821,-63.33366620647139,22.0
796443,-5.1703784120397,-5.090037423988786,1.0
796448,-9.280932004952303,-8.743353267631239,2.0
796459,-59.81682513409206,-48.78698386373483,17.0
796472,-11.200248433418876,-11.203655012364457,0.0
796584,-24.33955532613866,-23.90876119322132,8.0
796709,-14.185858508757121,-14.087292431590269,4.0
796803,-4.518499553015877,-4.665710248063019,0.0
796922,-1.4813409710145136,-1.7387578956811192,0.0
797004,-5.490161453921814,-4.4095054653010335,1.0
797014,-6.340982354706725,-6.447788839450959,1.0
797176,-43.09848467089189,-41.82085868882676,18.0
797405,-26.121462534515484,-26.177910027839363,8.0
797442,-3.303636120215332,-3.3036401533577795,0.0
797606,-8.702078283165257,-8.926530218557476,2.0
797685,-23.057302515378222,-23.412774894998737,7.0
797723,-30.894898221027333,-31.211416966112274,5.0
797752,-22.557013702336715,-22.602684222621043,6.0
797828,-36.23833522969253,-36.54885873419304,13.0
798032,-9.647652534404592,-9.968060122611876,2.0
798091,-25.991146770492936,-24.370301836687826,8.0
798108,-6.517739495479066,-6.4075619857342385,1.0
798156,-26.786610654052048,-24.71572177979801,7.0
798190,-0.5701933964141045,-0.7020278434013452,0.0
798224,-24.215586795244846,-24.1740079367821,8.0
798284,-111.68369403135948,-103.36713337228744,46.0
798313,-9.766595853303306,-9.962701054491541,2.0
798325,-5.265301737082648,-5.139022009315741,1.0
798433,-15.210703518836027,-15.2905410330568,4.0
798555,-24.698978852156163,-24.92941118700275,8.0
798604,-31.18032576655795,-31.266106550143512,12.0
798728,-7.536306110064709,-7.739048027022565,1.0
798735,-7.41361287282071,-7.620263209519502,1.0
798772,-15.848084424434873,-17.455261946923617,4.0
798881,-9.029213619399954,-8.950921043965979,2.0
798918,-1.4813409710145136,-1.5257216872287886,0.0
799020,-6.554477940548541,-6.894780776595617,1.0
799068,-26.73946905325517,-26.86014682396874,8.0
799141,-67.54903855606848,-46.497360653025574,12.0
799173,-38.96622026642078,-38.87154901214973,14.0
799222,-11.624488018433851,-11.887637624644345,3.0
799252,-14.429966324884235,-14.573513716980317,3.0
799280,-2.9999202620151957,-3.5604055029070776,0.0
799320,-24.89759395618086,-24.474833027692934,5.0
799499,-19.648410785736992,-19.942541632163273,6.0
799612,-28.687913018235868,-29.47825072363809,9.0
799711,-21.211591836004565,-16.554711068461984,4.0
799735,-16.073132499085467,-16.061776200512814,4.0
799834,-38.74721339814615,-38.564096033443626,14.0
800070,-19.460313094414143,-19.730890166161675,5.0
800128,-21.001861037257452,-21.421574665633447,5.0
800175,-4.989319647917328,-5.120853239301872,1.0
800198,-29.755776986743836,-29.934969775819265,10.0
800203,-9.01270918463387,-9.207128894841695,2.0
800223,-4.952706857822955,-5.08731341158871,1.0
800246,-1.4813409710145136,-1.508216049257299,0.0
800289,-13.132524540449321,-12.890728371743673,3.0
800354,-38.69979105887625,-38.92321233608461,16.0
800392,-32.2085446049112,-31.426975241295416,11.0
800399,-68.02304837923977,-68.76165762283334,25.0
800437,-34.729719000821405,-34.96809150825251,12.0
800675,-20.68827852101002,-20.961269392293303,6.0
800713,-5.485145461578177,-5.6989143897481584,1.0
800737,-1.7850568292146498,-1.8718973422172083,0.0
800747,-65.63101077826916,-64.48644047332833,30.0
800780,-9.657005073094336,-9.848552271108286,2.0
800919,-46.02500502356693,-46.674756071823005,19.0
800953,-15.49953644345826,-15.574670663186167,4.0
801070,-20.88047777137771,-21.13082698227143,6.0
801074,-1.4813409710145136,-1.5657564089333584,0.0
801088,-34.35646545844825,-34.06612890543096,11.0
801112,-33.698103781771515,-33.426291758229006,14.0
801147,-47.681982176521196,-47.522886824075584,11.0
801165,-7.4988395944314155,-7.846371012535842,1.0
801208,-56.09728842597899,-55.255659669355836,22.0
801320,-16.663311640180503,-16.23345365243915,4.0
801370,-23.619872028956248,-23.48981144736638,8.0
801450,-5.063587561255999,-4.9427681457465225,1.0
801558,-14.953769112081988,-15.090337055827783,1.0
801581,-5.03343449066246,-4.846992491313911,1.0
801619,-16.89680182291811,-16.830135425098376,5.0
801675,-5.4296471276162865,-5.50685936659725,0.0
801736,-11.761168003262535,-11.93741451501568,3.0
801881,-9.331570123810193,-9.506556056040075,2.0
801885,-7.7840628607582945,-7.818579475615411,1.0
801996,-5.3434404389177566,-5.50199305783307,1.0
802041,-21.254405289898678,-19.029494825230927,5.0
802049,-23.457370466093135,-24.068006725648186,6.0
802079,-12.354262166655833,-12.612948766104171,3.0
802214,-77.9391417882605,-75.9704050209612,35.0
802226,-16.82884743851099,-15.034792013744731,4.0
802251,-9.291255370980672,-9.70879823377486,2.0
802271,-14.586550022582168,-12.609469550357067,3.0
802444,-2.088772687414786,-2.463362690066896,0.0
802456,-19.59746311225789,-19.695837715190912,6.0
802548,-44.56165853822807,-43.174081152365076,7.0
802767,-6.442936386397035,-6.470294222835994,0.0
802857,-1.5761979168245335,-1.6753176885029062,0.0
802864,-8.68300415558251,-8.745143655932813,2.0
802867,-14.326030941659836,-14.591722152450174,3.0
803002,-69.33655665521745,-61.12283784314769,11.0
803034,-0.6144437974772778,-0.7291728245392323,0.0
803038,-21.576100039647034,-20.946949592898868,7.0
803127,-21.658185340397072,-22.438747903792073,7.0
803179,-5.4296471276162865,-5.62709914907511,0.0
803182,-33.31316606117407,-33.63884202048734,11.0
803222,-8.628179208733064,-8.745187671089628,2.0
803615,-81.35449399625725,-81.87830859264729,22.0
803642,-4.843624572123603,-4.978788718146112,0.0
803685,-12.166902067646001,-12.461198770950398,1.0
803811,-16.114302245906,-15.08208101509216,3.0
803827,-99.84437271242037,-98.45694697408278,53.0
803890,-5.342184915764712,-5.428236818126815,1.0
803972,-23.511772368140115,-23.546344655019404,8.0
804001,-18.004585957460836,-17.558244011200156,5.0
804042,-72.98899757856695,-72.76729993383348,35.0
804173,-21.023328162097798,-20.747697330850354,6.0
804291,-11.540771548665761,-11.254427447583279,3.0
804483,-14.48272804621153,-14.591950738279326,4.0
804575,-5.976579852559027,-6.231210301688253,1.0
804593,-28.897897007935637,-27.729285363897176,9.0
804597,-33.057520688465104,-33.297651711874664,11.0
804618,-21.586292757870392,-20.68320324157328,5.0
804761,-13.375382200720493,-13.524188562687423,2.0
804850,-21.560651009005582,-20.817427224871295,6.0
804903,-68.2461125164056,-63.94479777023098,24.0
805159,-32.651055082739894,-31.418127683943084,11.0
805219,-2.3924885456149223,-2.469839938333943,0.0
805262,-3.607351978415468,-3.6581816745656996,0.0
805366,-26.85725437119843,-26.81769132282394,8.0
805853,-17.72560339525472,-17.969752786057654,5.0
805952,-5.0391425226118605,-4.8259375641193305,1.0
806072,-1.2584747507472045,-1.3859106432379535,0.0
806124,-20.845753988038496,-19.467411160278786,5.0
806191,-25.69365552098988,-25.03068214655871,8.0
806210,-90.6866605318327,-79.81639267175738,21.0
806255,-94.24648311850126,-89.03286792708418,34.0
806291,-23.86562761063112,-23.861129518828935,8.0
806415,-43.01460351285672,-42.50228037768996,17.0
806588,-60.079141549282575,-55.147938701562,21.0
806680,-5.869917649781257,-6.06162719836306,1.0
806708,-6.6489586342493805,-6.6475007600161815,1.0
806800,-47.018724778241854,-47.72858577169233,19.0
806903,-6.037078844016559,-6.166663939619012,0.0
806997,-5.197382068880416,-5.318651470836265,1.0
807021,-33.0117362478903,-32.226054139769836,12.0
807068,-4.935657407062225,-5.154419319709933,1.0
807641,-14.886770721006059,-14.639903748186878,4.0
807701,-42.620376868883255,-43.109468325238666,13.0
807782,-8.649488193663945,-8.722939535922526,2.0
807890,-33.53962394072984,-33.42000707180337,12.0
807934,-32.903497748850334,-28.716157265786105,8.0
807942,-20.940180757692488,-20.85143857701386,7.0
807963,-18.63361114682318,-19.56582062896863,1.0
808024,-20.35477725164604,-20.613850188475336,6.0
808218,-91.05314366867236,-90.95360433587538,35.0
808238,-27.163089017070067,-27.49485809578977,10.0
808240,-19.04374735506531,-19.22000262715825,5.0
808319,-13.25698392270438,-13.374436529027571,3.0
808400,-2.3924885456149223,-2.402771470360048,0.0
808421,-5.633629921788846,-5.729063533159045,1.0
808428,-1.177625112814377,-1.2631001349742965,0.0
808460,-28.182770906564055,-28.654678897498663,8.0
808489,-6.744768519387334,-6.9438011595289835,1.0
808619,-24.74392337723253,-25.03232316189932,8.0
808760,-2.3096828959236126,-2.3539883299234474,0.0
808977,-23.79473258557271,-23.816787477316932,8.0
809001,-8.751828590342592,-8.813079620316353,2.0
809208,-40.508142035876176,-40.4697470499973,15.0
809393,-10.572904903935129,-10.925103262503074,1.0
809405,-15.542000729972784,-15.194020128941036,4.0
809460,-23.627165229614494,-23.809505071808264,8.0
809556,-9.584329683684873,-9.419752618901423,2.0
809635,-32.112663401690135,-29.435419656749232,7.0
809694,-12.104614231138807,-12.212977838567959,3.0
809814,-5.793852543203776,-5.837867575271512,1.0
810077,-13.542572319164607,-13.4631922612836,3.0
810149,-8.876801447949955,-8.792183848112227,2.0
810305,-9.262058588615806,-9.433176886207693,2.0
810357,-41.47606730592401,-34.19092593486572,11.0
810492,-2.088772687414786,-2.1207788612068628,0.0
810524,-7.3650682790495425,-7.331885288123433,1.0
810576,-0.8739092546142408,-0.9511371066710637,0.0
810658,-9.023168402438513,-9.094821458788802,2.0
810826,-47.18045324603233,-47.32965155830303,17.0
810849,-21.62913635286835,-21.84408954595426,5.0
810937,-40.97256474349563,-39.98271282360752,11.0
810941,-48.49503327374248,-47.207995323501635,20.0
811052,-8.98988327805749,-9.16097415751015,2.0
811118,-9.064735888104861,-9.036180544182058,2.0
811234,-18.050693817800706,-18.176063126223763,4.0
811259,-22.821497637142865,-22.00091777049339,6.0
811271,-2.3924885456149223,-2.471276503983708,0.0
811311,-11.743601413540052,-12.029243854320896,2.0
811321,-17.89098470862335,-16.54557751678694,5.0
811348,-37.646353645280485,-37.71907285808727,16.0
811372,-9.512152015107484,-9.613144256472058,2.0
811419,-18.696755701017008,-18.612749998402343,5.0
811495,-4.802635654804055,-4.861053426911736,1.0
811530,-6.037078844016559,-6.050756306851221,0.0
811563,-21.988610735780377,-18.997751618826396,4.0
811639,-2.6962044038150594,-2.699185069473908,0.0
811779,-19.60179395699893,-19.670404152372356,6.0
811903,-1.177625112814377,-1.2530386463275525,0.0
811958,-2.3924885456149223,-2.7695734232718254,0.0
811976,-2.3924885456149223,-2.559118732892544,0.0
812023,-8.790360165986481,-8.870052770761037,2.0
812072,-1.177625112814377,-1.2031736752736633,0.0
812288,-18.581986534687353,-18.685310558657005,5.0
812522,-18.48942903022215,-18.54867641263591,0.0
812547,-34.16899394378876,-34.496459953369005,12.0
812670,-23.815374514049942,-23.717592935515984,8.0
812820,-75.62621683771738,-75.68423996338431,39.0
812846,-8.859005371421242,-9.067267054549196,2.0
812873,-27.246270932244872,-26.97189241119382,10.0
812984,-20.002494258825557,-20.526852857504547,6.0
813078,-56.4597157975272,-55.14781350761505,24.0
813079,-11.515233586712027,-12.130996938727106,3.0
813163,-28.384434906994787,-26.077108164925285,10.0
813225,-15.813130432303405,-16.110170034971183,4.0
813259,-33.040407919986514,-32.981991462038174,10.0
813289,-27.369979937501665,-26.752059400884676,9.0
813301,-1.4813409710145136,-1.566127100307803,0.0
813368,-12.147681991078002,-12.313319580371763,3.0
813514,-15.945081957959534,-16.73925788519828,4.0
813578,-5.1209627283060914,-5.214987851446999,1.0
813651,-15.824570593100269,-15.051028591921018,4.0
813687,-38.989321604715656,-38.92730778984961,16.0
813757,-25.842953180193856,-26.093749436377955,4.0
813924,-1.9313984235029154,-2.6354676057468254,0.0
813953,-5.600462042387948,-5.615793319900904,0.0
814003,-4.822215411216014,-4.840517247847011,0.0
814093,-15.243398708619686,-15.360463253766717,4.0
814119,-19.327249468033497,-19.42662275870037,6.0
814131,-5.022294651672465,-4.8656827184985385,1.0
814254,-12.162974824197686,-12.133125551194832,3.0
814269,-18.5632907249103,-18.598322477677094,5.0
814317,-18.44805840394367,-18.661846933776808,5.0
814322,-5.828303969087013,-5.8773184640352,1.0
814339,-20.09727808909953,-20.369747689828863,5.0
814420,-31.67560612920334,-32.118385258170235,10.0
814445,-23.21505389989523,-23.359150080167964,7.0
814548,-77.0210406600856,-77.88696921735404,28.0
814556,-1.4813409710145136,-1.4985289062608849,0.0
814696,-30.7478474381346,-30.783419579314614,10.0
814729,-80.8649913292951,-66.11472704842522,15.0
814733,-9.228845366531486,-9.329202318372708,2.0
814971,-18.298185370517654,-18.730730069674753,5.0
815260,-33.928867534202155,-33.78127624808922,11.0
815291,-18.194589349311034,-18.303713801942035,3.0
815434,-30.060052127964266,-30.59722522244137,11.0
815574,-4.518499553015877,-4.5666692278227705,0.0
815639,-1.7850568292146498,-2.0437363433035234,0.0
815704,-8.59267208013362,-8.713391402399393,2.0
815802,-9.125366323996932,-9.10031814959426,2.0
815907,-16.00389194741214,-15.267971578329561,3.0
815930,-14.089638010224032,-12.912036541396422,3.0
815977,-2.4837899548791125,-2.6148757669395777,0.0
816080,-8.976341222338458,-9.171425344580078,2.0
816138,-7.555658135017241,-7.741663008639984,0.0
816409,-17.693212912641464,-17.130724632040593,5.0
816422,-20.21198306334094,-20.088535194640155,6.0
816578,-3.303636120215332,-3.4072921286930757,0.0
816583,-14.133512356729916,-14.17697439084471,4.0
816749,-27.779377077058623,-28.082851126053775,7.0
816780,-20.553447401389015,-19.943884775771725,6.0
816836,-19.95832841245778,-20.230738654263934,6.0
816848,-4.973140657369677,-5.1003707072427344,1.0
816907,-37.26867646595063,-35.7196185803872,14.0
816925,-58.821911727131585,-56.45848141507423,25.0
816941,-13.225616521647309,-12.378866134479424,3.0
817060,-28.301691271206153,-27.150893014335477,9.0
817071,-184.46686055787183,-183.83220013591622,86.0
817120,-8.90413594835259,-8.78006263966416,2.0
817131,-0.5701933964141045,-0.7891845363944265,0.0
817151,-14.481921662341799,-14.489306085879479,4.0
817425,-12.52277523597227,-12.32680417556829,3.0
817571,-21.402036163015193,-20.619337059109196,6.0
817598,-19.154350039455295,-19.33642935510302,5.0
817652,-21.035207280652056,-21.162991186792425,6.0
817702,-9.481784721239041,-9.517263811733976,2.0
817755,-1.177625112814377,-1.1910114950196073,0.0
817828,-54.35913823867599,-51.93491897669052,13.0
817840,-29.87868231393896,-30.055820811952273,9.0
818054,-32.838882563872374,-31.616127467178163,8.0
818058,-12.529236309617438,-12.737082207351955,3.0
818148,-3.303636120215332,-3.473470704362052,0.0
818251,-20.430953305798802,-19.569247078977597,5.0
818290,-5.010196454677137,-5.182741409195516,1.0
818295,-40.31354298422297,-41.22192051578159,11.0
818310,-0.8739092546142408,-1.0166892868111586,0.0
818318,-5.029932712597737,-5.093978407507026,1.0
818529,-27.120591365820978,-27.228447904637903,7.0
818677,-1.7850568292146498,-1.8190741747029675,0.0
818882,-4.992943590769895,-3.7728693970203517,1.0
819168,-0.8739092546142408,-0.8813609185093625,0.0
819301,-43.893920592838256,-44.077249445934534,19.0
819387,-30.538810845658183,-30.88424702968795,10.0
819417,-34.88147537091996,-34.41331040238015,9.0
819425,-7.241592352525455,-7.292846064215392,0.0
819436,-24.40331025493096,-24.738997881676948,8.0
819553,-24.437501533950382,-24.375137524301042,4.0
819667,-4.949509935698037,-5.335462562143149,1.0
819672,-11.818086906475912,-11.748845102906692,3.0
819675,-16.5222647006687,-16.550754546602043,4.0
819929,-4.941943798531394,-4.996125542918152,1.0
819962,-28.0690671047407,-28.270460507198802,10.0
820250,-2.9999202620151957,-3.0411773726410387,0.0
820301,-4.941943798531394,-5.00008996557629,1.0
820312,-0.8739092546142408,-0.9045676440433893,0.0
820339,-26.268185594082304,-26.502454328714574,9.0
820569,-14.854257208872989,-15.08699062479942,3.0
820685,-5.052845898334015,-5.195030708661116,1.0
820875,-1.177625112814377,-1.4477448122693295,0.0
820976,-19.206330352042144,-19.836775561324515,4.0
820994,-34.52856387373059,-32.0580101669246,11.0
821013,-5.8264006707788845,-6.058866053148268,1.0
821069,-28.879312007980744,-28.64041053268163,8.0
821294,-6.946384818097028,-7.115926593019485,1.0
821340,-18.34688917859535,-17.88413704379327,5.0
821361,-32.700817659236314,-33.07347526637909,12.0
821602,-7.108232663884094,-7.246129186877376,1.0
821620,-18.15682865532478,-18.02274445199782,5.0
821747,-3.4761670694667783,-3.5192645779470855,0.0
821761,-7.477365163088047,-7.584469557636601,1.0
821972,-2.6962044038150594,-2.998578897126896,0.0
822000,-6.340794702216695,-6.374858599801199,0.0
822073,-5.908555097666455,-6.033217642399966,1.0
822167,-6.418806864941917,-6.7182995387819675,1.0
822229,-0.8739092546142408,-0.9329170967823409,0.0
822410,-7.174048077617807,-7.2829576752987,1.0
822709,-15.793413449201893,-14.57802178861221,3.0
822727,-9.291519333747491,-9.381110720100205,2.0
822917,-34.43390525201698,-32.15876432069496,10.0
822974,-36.2673600906469,-32.6528115934637,12.0
823091,-59.89897461365744,-57.50525680778781,17.0
823155,-8.573473080693917,-8.795247704540538,2.0
823162,-9.5749134150527,-9.377432451572473,2.0
823231,-5.447972968805105,-6.18844397771382,1.0
823359,-9.17260878530321,-9.312537393506796,2.0
823399,-2.088772687414786,-2.211894290485942,0.0
823411,-13.84394345491677,-13.331372861233387,3.0
823552,-36.15360559139214,-35.87638177492046,13.0
823611,-28.05850888427924,-27.978214492277715,8.0
823781,-33.49012350968412,-34.017985967618316,9.0
823795,-14.890694317239491,-15.2221540257819,4.0
824027,-9.278399568434377,-9.375486974461985,2.0
824032,-4.980911222143327,-4.995046410037988,1.0
824268,-10.726159833145083,-11.009918858457096,2.0
824280,-18.499071153635153,-18.81960743890484,4.0
824317,-8.528357877763838,-8.358315350496309,2.0
824357,-18.444331909908048,-18.098252946219873,5.0
824603,-24.127690732678605,-22.952776966880815,7.0
824616,-32.47190643393405,-32.007205115020824,11.0
824659,-9.579712846015788,-9.655474772242638,2.0
824685,-19.81963240807469,-19.84487766936787,6.0
824689,-24.84137351024698,-24.695634452984134,8.0
824719,-30.650811785329214,-29.257989758979477,10.0
824916,-25.038748740735663,-25.083558572306078,7.0
824966,-6.124154034730007,-6.952553837233615,0.0
825115,-5.5811711146795435,-4.9244486782276224,1.0
825360,-29.12958373109276,-29.08729731332869,9.0
825367,-15.02622525897701,-14.963861665257667,4.0
825380,-7.555658135017241,-7.5965930840514,0.0
825483,-4.880237460035042,-4.710012093914387,1.0
825660,-6.644510560416832,-6.746973464131343,0.0
825662,-1.4813409710145136,-1.6266844573082302,0.0
825996,-15.964190118383721,-16.313250347954405,4.0
826061,-2.6962044038150594,-2.865479351794791,0.0
826132,-50.3735701081813,-49.55240825269435,22.0
826158,-86.01610577043613,-86.70275393670829,24.0
826159,-1.4813409710145136,-1.4915737054396414,0.0
826227,-39.68448241360468,-34.97323157727453,11.0
826245,-6.938138051481056,-7.306341571205444,1.0
826251,-1.177625112814377,-1.2450666005566078,0.0
826297,-8.856329618265015,-9.158471672198207,2.0
826325,-53.499024124334994,-42.32256008293148,17.0
826338,-6.878287020409722,-6.912762016153892,1.0
826438,-3.607351978415468,-3.635827259272093,0.0
826449,-14.884287664734632,-14.895991327144097,3.0
826468,-56.15413830849073,-56.450634616724,24.0
826566,-15.198841878806226,-15.65872729683274,4.0
826569,-8.827153280437964,-8.90972737523024,2.0
826617,-0.3964287454244595,-0.3998352204182378,0.0
826735,-26.25615713215798,-26.429046961334272,8.0
826742,-8.64010158959655,-8.625099411192199,2.0
826746,-9.067068111553901,-9.139825410754536,2.0
827070,-2.088772687414786,-2.1256241705714207,0.0
827161,-6.737385404771277,-6.9293423699260615,1.0
827375,-12.025868148033968,-12.063071395952155,3.0
827382,-4.822215411216014,-5.20265492775225,0.0
827404,-27.616628545123163,-27.961231884968708,9.0
827407,-2.644190257129562,-2.954438964523605,0.0
827555,-8.621499630376697,-8.262778531058316,2.0
827719,-16.527197409425945,-11.716203189128832,3.0
828061,-1.7850568292146498,-2.0750055903346376,0.0
828155,-13.122541872335729,-12.787849507440336,3.0
828234,-1.4813409710145136,-1.7133498920047814,0.0
828290,-67.27636237618916,-64.70132054673209,27.0
828325,-1.4813409710145136,-1.5652242175265039,0.0
828433,-103.14911306955774,-103.07260318324579,32.0
828471,-26.405002456983453,-26.619989396348963,7.0
828583,-25.732834624114336,-23.95988522943022,6.0
828608,-4.9619819946264005,-5.044376794670597,1.0
828613,-57.73555210935991,-55.531137722764015,26.0
828671,-45.92413290245778,-46.188405270153936,14.0
828811,-66.0501211515812,-66.24782063789378,38.0
828878,-57.89413427438781,-57.18936359977536,17.0
828976,-12.444695036339702,-12.586064260089476,3.0
829279,-20.940828821871275,-20.657718905618378,7.0
829348,-4.2147836948157416,-4.541740577058399,0.0
829352,-12.052364752750726,-10.707403059633224,3.0
