user_id,ll_joint,ll_experimental_1_hawkes,test_purchases,delta_ll
59,-12.304288326641867,-13.373193930581875,2.0,1.0689056039400082
137,-5.184177075399618,-5.697978744955249,1.0,0.5138016695556304
267,-2.397629680903958,-2.612723763933891,0.0,0.21509408302993327
306,-27.449601125290492,-26.70184236118765,6.0,-0.7477587641028407
341,-11.942966076275098,-11.40503441943066,2.0,-0.5379316568444388
418,-7.6428939227397255,-7.82858256351984,2.0,0.18568864078011416
801,-2.410860850588833,-2.6242640876370564,0.0,0.21340323704822328
961,-2.4384619805514065,-3.5768324883163123,0.0,1.1383705077649058
996,-46.22626118203426,-45.86666929670018,17.0,-0.35959188533407627
1042,-0.427196194635858,-0.5458665012413171,0.0,0.11867030660545907
1160,-24.637601603573728,-25.10797475785918,9.0,0.47037315428545057
1267,-5.4828883648253495,-5.956727046211585,1.0,0.4738386813862352
1353,-4.007165215351317,-3.496636491959175,0.0,-0.5105287233921421
1378,-7.684564382537174,-7.3655821667671635,1.0,-0.31898221577001085
1553,-33.66602594977197,-33.211845862744305,13.0,-0.454180087027666
1748,-23.698959723748295,-23.27013920897159,7.0,-0.4288205147767066
1881,-1.1953415342260985,-1.3937783186249644,0.0,0.19843678439886592
1887,-18.618058389359064,-18.06233927025952,5.0,-0.5557191190995425
1933,-26.983359738030117,-26.05349064742433,8.0,-0.9298690906057878
2209,-8.923668061065818,-8.716352746765974,2.0,-0.2073153142998443
2232,-45.23328853539507,-44.47677915565906,16.0,-0.7565093797360092
2249,-5.830878169958094,-5.767848935919439,1.0,-0.06302923403865535
2293,-17.00129202397438,-17.5246582361182,6.0,0.5233662121438201
2340,-5.482882570639344,-5.167551789398865,1.0,-0.31533078124047886
2596,-20.07259046391312,-22.720639970660564,4.0,2.6480495067474443
2647,-29.220723468609776,-28.5534224813659,9.0,-0.6673009872438769
2740,-5.061007705847392,-4.968432798682659,1.0,-0.09257490716473349
2807,-8.176175809467153,-8.11645901297036,1.0,-0.059716796496793734
2812,-12.431761155019867,-12.254562298314992,3.0,-0.17719885670487479
2873,-3.3539254695673684,-3.955178829140212,0.0,0.6012533595728438
3001,-130.98459087379769,-122.04105845512032,85.0,-8.943532418677364
3042,-7.507967614900501,-7.293115185530692,1.0,-0.21485242936980864
3325,-12.702237998990576,-13.25845352835191,4.0,0.5562155293613333
3367,-14.872841846456001,-14.87841970600366,3.0,0.005577859547658548
3485,-28.756502485129285,-28.568602570997307,9.0,-0.18789991413197882
3552,-2.408657285769337,-3.36107252300983,0.0,0.9524152372404933
3631,-1.3854032694302343,-2.1311500707295807,0.0,0.7457468012993465
3733,-17.521009129977685,-16.559115721764883,4.0,-0.9618934082128021
3761,-1.6941427210469626,-2.217788252803767,0.0,0.5236455317568043
3774,-1.5871484411245103,-2.3735364368832808,0.0,0.7863879957587705
3883,-8.4074424850033,-8.626464167921355,2.0,0.21902168291805602
3896,-29.299007436710315,-28.542234530080783,8.0,-0.7567729066295321
3905,-31.42499460968425,-25.746924171866898,4.0,-5.678070437817354
3952,-28.157993442164674,-27.575564331557555,8.0,-0.5824291106071193
3955,-15.384525995522777,-15.350054919321384,4.0,-0.03447107620139356
3956,-21.242096185540163,-21.374795106699786,7.0,0.13269892115962278
3979,-5.582673274307137,-5.765885761271051,1.0,0.1832124869639138
4073,-22.463627675830686,-22.317875844803915,6.0,-0.14575183102677158
4344,-2.173232401053824,-2.770664502246164,0.0,0.5974321011923398
4453,-5.369983105639495,-5.365700382046011,1.0,-0.004282723593483695
4650,-25.997343393740675,-26.53470364036853,7.0,0.5373602466278555
4711,-39.28714736164882,-39.20542938964122,17.0,-0.08171797200760267
4730,-93.05332204574187,-96.99751026345967,32.0,3.9441882177178087
4753,-13.387082021210981,-13.039726043327136,3.0,-0.3473559778838453
4892,-12.35426110751283,-12.074510651252712,3.0,-0.27975045626011763
5010,-41.639363220030106,-41.01259006227334,17.0,-0.6267731577567659
5020,-28.799976971952933,-29.330891396073444,10.0,0.5309144241205104
5043,-14.282138730331571,-13.488709499020064,3.0,-0.7934292313115066
5120,-6.540707503820954,-6.289657850506733,1.0,-0.25104965331422147
5331,-21.192676541218248,-19.8295654057123,5.0,-1.363111135505946
5340,-30.478565333315814,-30.919682100261365,11.0,0.4411167669455516
5552,-37.268348505338835,-38.88060200744546,12.0,1.6122535021066255
5568,-18.2020387806389,-17.704949361409785,5.0,-0.4970894192291162
5761,-10.365276962576683,-10.38502514454858,2.0,0.019748181971896983
5867,-32.2178293941423,-30.207959924552867,7.0,-2.0098694695894324
5887,-7.188664981262729,-5.230587412561636,1.0,-1.9580775687010927
5912,-36.578933296451986,-35.278878299266424,13.0,-1.300054997185562
5932,-5.3238152468310105,-5.2256708102250355,1.0,-0.09814443660597494
6321,-13.49998711400357,-12.680993880612109,3.0,-0.8189932333914616
6350,-45.651209025791246,-45.599279735157126,20.0,-0.05192929063412066
6411,-1.024574977291278,-1.1096979680737775,0.0,0.08512299078249952
6442,-18.659525716720292,-17.559930474890333,5.0,-1.0995952418299595
6713,-10.909669182287224,-10.275230915750146,2.0,-0.634438266537078
6977,-6.880511472038881,-5.576137591322089,0.0,-1.304373880716792
7070,-74.09517077679948,-81.01001360692956,30.0,6.914842830130084
7235,-49.28209858904808,-50.10587275135875,23.0,0.82377416231067
7261,-23.549546290485377,-24.28886661803807,8.0,0.7393203275526936
7388,-46.26763667072604,-48.54097880141393,14.0,2.2733421306878867
7395,-23.96634653631276,-24.05980061265753,8.0,0.09345407634476999
7398,-1.0267481682409803,-1.5044341999485702,0.0,0.47768603170758994
7409,-22.61223849004348,-27.123722881012803,8.0,4.511484390969322
7438,-7.578058280464172,-7.853708629599352,2.0,0.27565034913518005
7613,-68.41399774772673,-68.25313869171272,29.0,-0.1608590560140044
7733,-15.817433368481396,-15.455101581241449,4.0,-0.3623317872399472
7766,-5.3431836326625115,-4.820069865378401,1.0,-0.5231137672841104
7802,-23.047359450199636,-22.147966466400437,6.0,-0.8993929837991992
7841,-0.77590046310172,-0.9397200005504334,0.0,0.16381953744871336
7900,-15.473434459290655,-15.325836946330847,4.0,-0.14759751295980728
7923,-11.577337028992403,-11.486797149839882,3.0,-0.09053987915252115
7949,-5.465244460322153,-5.9051827565682995,1.0,0.43993829624614644
8108,-19.47666530546267,-18.81856863155444,5.0,-0.6580966739082292
8203,-13.045503129083487,-12.804981044935886,3.0,-0.24052208414760123
8344,-37.63929809553424,-37.42141798804818,14.0,-0.21788010748606013
8403,-9.024215043284881,-8.880971544189261,2.0,-0.14324349909561995
8585,-11.785490630779268,-12.12081155654089,3.0,0.3353209257616214
8616,-13.877178914756204,-13.990047669698304,4.0,0.11286875494210058
8766,-8.414941361093094,-8.676700049317615,2.0,0.2617586882245213
8863,-3.7603136563802093,-4.2916420332805565,1.0,0.5313283769003472
8866,-5.1934993535669705,-5.2498729715509045,1.0,0.05637361798393403
8876,-6.084301214241612,-5.865099919528358,1.0,-0.21920129471325378
8902,-33.722907455282225,-33.70311218060608,12.0,-0.019795274676148722
9099,-5.677391222712784,-5.679069625449911,1.0,0.0016784027371263832
9163,-6.808559014681182,-5.713506092692156,1.0,-1.0950529219890264
9230,-17.09759880961283,-17.911047031090344,5.0,0.8134482214775147
9264,-18.813226909837468,-19.68027482998641,4.0,0.8670479201489414
9279,-16.914725605235407,-17.5539376713302,3.0,0.6392120660947924
9431,-214.38754088133152,-209.30943704651955,115.0,-5.078103834811969
9434,-13.845697079013926,-14.067408042322691,4.0,0.22171096330876594
9567,-1.4881417853750964,-2.1198650514960393,0.0,0.6317232661209429
9591,-35.55755756818595,-35.108558510149514,9.0,-0.4489990580364349
9772,-6.560751898446247,-6.479309161556463,1.0,-0.08144273688978387
10022,-71.95470183321844,-76.52653121972212,32.0,4.57182938650368
10139,-9.539593340170905,-8.788535274774985,2.0,-0.7510580653959202
10299,-77.03219025998408,-75.23973276052809,29.0,-1.7924574994559919
10407,-34.83498359353773,-34.38095544042788,12.0,-0.4540281531098458
10415,-4.875694186610519,-4.990713978188724,1.0,0.11501979157820497
10436,-1.962645854087604,-2.421189346549657,0.0,0.45854349246205306
10446,-23.967707818589044,-23.253049357103347,6.0,-0.7146584614856977
10503,-15.01027269852753,-14.129538322463937,1.0,-0.8807343760635931
10542,-0.2894862512841953,-0.5721894994239037,0.0,0.28270324813970843
10667,-36.4039784527941,-36.15831287262043,15.0,-0.24566558017367157
10714,-5.047384631429787,-4.970879893968587,1.0,-0.07650473746119957
10761,-2.9377633580331985,-2.9366048450645814,0.0,-0.0011585129686171314
10954,-4.902574702279159,-5.098468911616296,1.0,0.19589420933713697
11028,-4.886914761859116,-4.9903469608367335,1.0,0.10343219897761724
11085,-29.912404270193022,-29.528710617424174,9.0,-0.3836936527688479
11355,-40.30766304432745,-45.44068865101683,12.0,5.13302560668938
11500,-52.91842918846654,-53.189123076110505,20.0,0.27069388764396507
11667,-17.78094823262755,-18.040934245393903,5.0,0.25998601276635114
11865,-15.557338882761972,-15.15370468209394,4.0,-0.4036342006680318
11961,-10.771649112773558,-10.4566650139718,2.0,-0.31498409880175693
12020,-5.333289530769794,-5.301517861863969,1.0,-0.031771668905824946
12048,-35.02261770579615,-34.03933624736246,11.0,-0.9832814584336873
12174,-44.80934104091311,-46.3353909007115,16.0,1.5260498597983911
12187,-9.961136566226223,-9.485259386673937,2.0,-0.4758771795522865
12192,-2.0426640940444023,-2.1207713129847865,0.0,0.0781072189403842
12396,-38.007594970361914,-37.36258314282832,14.0,-0.6450118275335939
12435,-21.56009881328053,-22.28185055251421,6.0,0.7217517392336816
12467,-25.929567454680594,-26.17223554960086,6.0,0.24266809492026553
12492,-56.18192167357251,-56.79852906854954,18.0,0.6166073949770308
12505,-1.349365827199494,-0.7586013232673104,0.0,-0.5907645039321835
12519,-59.70107675593457,-61.239778556388785,23.0,1.5387018004542128
12547,-19.270157626091958,-18.957742547360795,6.0,-0.3124150787311635
12905,-15.082232910452095,-11.0493461633434,2.0,-4.032886747108696
13012,-23.118247078881033,-23.647439583770012,7.0,0.5291925048889787
13187,-67.42248050949371,-66.15959511844429,29.0,-1.2628853910494229
13403,-52.202232923747445,-52.960595002211406,22.0,0.7583620784639606
13435,-15.050178159191736,-14.963288278618284,4.0,-0.0868898805734517
13442,-6.386637478716459,-5.46279543020169,1.0,-0.9238420485147687
13495,-9.05657064001192,-8.662037759239825,2.0,-0.39453288077209514
13629,-37.33087319502008,-37.28859074858476,14.0,-0.04228244643532264
13731,-17.089383419204456,-16.4424199747929,4.0,-0.6469634444115542
13742,-2.890154967237506,-3.261310319591854,0.0,0.3711553523543478
13915,-13.966829919904312,-13.346330862813224,3.0,-0.620499057091088
13985,-18.19978001055659,-18.12294287115363,5.0,-0.07683713940296144
14049,-9.742428915592566,-9.43823976496003,2.0,-0.30418915063253493
14075,-1.1705197574374993,-2.0472194138783135,0.0,0.8766996564408143
14098,-4.046522112223279,-4.249483870501229,1.0,0.20296175827794993
14166,-41.372051457538724,-41.4873869909626,15.0,0.11533553342387393
14184,-9.137207772469033,-8.763527871261905,2.0,-0.3736799012071277
14240,-12.82757710336666,-12.692357545110305,3.0,-0.135219558256356
14263,-15.549937198594465,-15.373990449621234,4.0,-0.1759467489732316
14471,-30.329326022891912,-30.010187491733205,10.0,-0.31913853115870694
14586,-1.0729573510488992,-1.2676445278034505,0.0,0.19468717675455127
14661,-5.585059686025527,-5.417031436924289,1.0,-0.16802824910123793
14786,-3.777865770917905,-3.7277541233424354,1.0,-0.05011164757546949
14792,-22.311659487287923,-23.295216266270952,8.0,0.9835567789830293
14816,-22.355663169392017,-23.21649635956819,7.0,0.860833190176173
14823,-21.727239274562088,-21.95924055226149,7.0,0.23200127769940337
14910,-58.23940300362366,-57.35116833029144,11.0,-0.8882346733322137
14916,-38.970753906862576,-38.57967359193124,13.0,-0.39108031493133666
14937,-5.186341856821333,-5.110369364343756,1.0,-0.0759724924775762
15111,-26.879651625631947,-26.195763428345693,8.0,-0.6838881972862545
15197,-11.411868735033462,-11.696008250634456,3.0,0.2841395156009945
15360,-15.892007951615255,-15.07347233730687,4.0,-0.8185356143083862
15370,-56.64104814379497,-55.70360768181767,22.0,-0.937440461977296
15391,-6.613673055220586,-5.881472524622158,1.0,-0.732200530598428
15508,-24.82396093125817,-24.8064908600782,6.0,-0.01747007117997157
15517,-28.84686758225735,-32.02279277523293,8.0,3.17592519297558
15553,-12.066309946674622,-11.900074453957563,3.0,-0.16623549271705862
15580,-28.772116820887767,-28.901661845791367,11.0,0.12954502490359943
15613,-9.639133867819208,-9.667308760799408,2.0,0.028174892980199928
15625,-70.37481514310079,-72.72716390810972,31.0,2.3523487650089265
15662,-12.048807575457602,-11.77280107851802,2.0,-0.2760064969395817
15671,-14.292266120346893,-13.775484085762512,3.0,-0.5167820345843808
15803,-31.7831555717914,-31.40340221385072,11.0,-0.37975335794068243
15954,-56.2623958399922,-56.91085592233115,22.0,0.6484600823389499
16051,-62.31454656295295,-61.15895490504702,25.0,-1.15559165790593
16082,-0.9701283500730153,-1.2755560028453818,0.0,0.3054276527723665
16306,-0.5484021095098637,-0.8050410765564245,0.0,0.25663896704656086
16355,-4.745149334818793,-4.819725537765692,1.0,0.07457620294689882
16360,-1.8754936062081515,-2.690012734857071,0.0,0.8145191286489195
16387,-8.563457427570135,-8.292269178954083,1.0,-0.2711882486160526
16483,-5.901509795210928,-6.574466045722618,1.0,0.6729562505116897
16492,-14.814116236107132,-10.649919058359048,2.0,-4.164197177748084
16612,-11.583272645033182,-11.520002066009766,3.0,-0.06327057902341515
16907,-12.788488899786868,-10.72717666817518,2.0,-2.061312231611689
16982,-5.310026695578199,-5.391681813226196,1.0,0.08165511764799671
17104,-12.468986991540572,-12.015402850202246,3.0,-0.45358414133832525
17189,-21.194192504507757,-22.219154987179692,4.0,1.0249624826719348
17225,-4.568544455021531,-4.6632672324769295,1.0,0.0947227774553987
17237,-109.9653239412556,-103.2151300247181,39.0,-6.750193916537498
17415,-13.061456735922938,-12.589260974018146,3.0,-0.47219576190479273
17601,-11.989133123429314,-12.104042799248782,3.0,0.11490967581946876
17775,-11.395371226422931,-11.54449311880027,3.0,0.1491218923773392
17838,-1.5625103667316054,-2.160332955149506,0.0,0.5978225884179007
17863,-9.05735187253655,-8.667315948746568,2.0,-0.3900359237899824
17920,-23.763287269760646,-21.112938205862708,2.0,-2.650349063897938
17932,-8.151490803793985,-7.508861381660259,1.0,-0.6426294221337256
17991,-21.81358145780363,-21.4723552267,7.0,-0.3412262311036294
18119,-43.669807089657866,-43.625343919743194,13.0,-0.04446316991467114
18187,-15.928502426664435,-15.513409560225012,4.0,-0.4150928664394229
18267,-11.34146903187966,-10.80867822320665,2.0,-0.5327908086730098
18268,-25.010118029681824,-24.93275745402298,8.0,-0.0773605756588438
18345,-19.292153321257622,-19.00829011606886,5.0,-0.2838632051887622
18402,-13.262123904838408,-12.722215737161482,3.0,-0.5399081676769253
18519,-13.841228313954916,-12.90189078628394,3.0,-0.9393375276709772
18566,-12.023450383037472,-11.89163652421996,3.0,-0.1318138588175124
18853,-50.89243349358039,-51.69156172118698,18.0,0.7991282276065874
18929,-3.845655169434146,-3.5068921201834424,0.0,-0.33876304925070366
18945,-42.38612289329432,-41.331043049491875,12.0,-1.0550798438024458
19029,-28.356528308131256,-27.623252920506644,7.0,-0.7332753876246123
19200,-32.56990761712039,-32.39654194164013,11.0,-0.17336567548026238
19260,-4.899500632653455,-5.03778971302206,1.0,0.13828908036860543
19277,-15.799877343892671,-15.412335028193882,4.0,-0.3875423156987896
19293,-30.610444856431304,-30.6195834012262,12.0,0.009138544794897285
19325,-252.23041565560405,-273.9098678033807,108.0,21.67945214777663
19532,-45.8144369618768,-46.3483108608056,16.0,0.5338738989287961
19687,-16.080090296742192,-16.669797208908566,5.0,0.589706912166374
19734,-10.52032515499546,-10.609404540568915,2.0,0.08907938557345574
19792,-5.361606783473036,-5.0778921221287145,1.0,-0.28371466134432133
19814,-20.78655182688729,-20.60812376079336,6.0,-0.1784280660939288
19905,-7.073736582569589,-7.622145802562416,2.0,0.548409219992827
20014,-9.788723364079875,-12.998124782396424,3.0,3.209401418316549
20026,-31.445094596170396,-29.79167000810051,7.0,-1.6534245880698855
20107,-21.729701917571905,-22.299418707575224,6.0,0.5697167900033193
20293,-31.267359731893244,-31.747658519428505,9.0,0.48029878753526134
20416,-13.641503614327203,-13.963846952329272,4.0,0.32234333800206905
20426,-25.30519816565957,-24.88621561115037,7.0,-0.4189825545091992
20473,-5.40178700996116,-4.623052167049461,0.0,-0.7787348429116987
20569,-1.1770766522120004,-1.232697588993874,0.0,0.05562093678187363
20598,-128.33135310348538,-121.17142641731682,58.0,-7.159926686168561
20768,-18.896802200037065,-11.902957597786989,0.0,-6.993844602250077
20776,-21.367916969776832,-21.02959325896788,6.0,-0.33832371080895385
20888,-11.092270934883336,-10.344066063564254,2.0,-0.7482048713190821
20971,-45.85279523666118,-45.319713788842,16.0,-0.5330814478191783
20981,-8.86712915064061,-8.883413334013664,2.0,0.016284183373054262
21033,-24.536391341508075,-24.45429301222566,8.0,-0.08209832928241667
21056,-0.006689023043745335,-0.2303456911123479,0.0,0.22365666806860257
21277,-12.447227888215886,-12.259749500946745,3.0,-0.18747838726914168
21339,-75.12724870469172,-70.04391546495019,15.0,-5.083333239741535
21403,-7.559815766151624,-5.664972059314208,1.0,-1.894843706837416
21455,-18.398267958597536,-18.55036494655993,5.0,0.1520969879623948
21600,-32.98708822071312,-32.38652571423567,12.0,-0.600562506477452
21659,-19.18319843449516,-19.05711076152699,6.0,-0.12608767296817192
21720,-25.661360656557466,-25.653639672859143,8.0,-0.007720983698323636
21817,-10.64078100110631,-10.528264023421784,1.0,-0.11251697768452651
21867,-9.061518779561343,-8.968033619731463,2.0,-0.09348515982988026
22023,-42.143513839181814,-42.52763648631354,17.0,0.3841226471317256
22033,-11.979810698086162,-11.790816187368348,3.0,-0.18899451071781392
22044,-0.9988727998649819,-1.1030759283323417,0.0,0.1042031284673598
22072,-27.840738982649754,-28.033561894186327,9.0,0.19282291153657383
22188,-62.79167846143851,-65.13824024503468,27.0,2.3465617835961723
22226,-61.43556776326425,-64.37022580845054,23.0,2.934658045186289
22235,-14.837240577580173,-14.29126170915444,3.0,-0.545978868425733
22348,-0.7040857404763361,-0.9365976113462426,0.0,0.23251187086990655
22349,-9.89794926386234,-9.543958885020228,2.0,-0.3539903788421128
22385,-12.943276142970474,-13.235443317019874,3.0,0.29216717404939985
22399,-14.354614913151082,-13.590714467845745,3.0,-0.7639004453053371
22697,-10.105267884607551,-9.940892610299995,2.0,-0.16437527430755594
23053,-6.1239040904662865,-3.5044374287900775,0.0,-2.619466661676209
23067,-5.3523511366029,-5.642332116942202,1.0,0.2899809803393021
23134,-4.71829025257192,-4.470985914227096,0.0,-0.2473043383448248
23250,-8.037348820184274,-7.901707804567573,1.0,-0.1356410156167014
23558,-22.90574393876823,-22.34079707790547,7.0,-0.5649468608627579
23666,-5.062565654219653,-4.989158309813753,1.0,-0.0734073444058998
23704,-30.077175883891076,-29.944949601290254,10.0,-0.13222628260082203
23867,-39.80579350544379,-40.1669037244784,17.0,0.3611102190346145
23932,-8.519931527335753,-8.539896176936947,2.0,0.01996464960119404
24045,-10.030019251467127,-9.505335670752508,2.0,-0.5246835807146191
24092,-37.662508040084774,-32.417492190533174,11.0,-5.245015849551599
24289,-1.4307264578587895,-1.7158719576885229,0.0,0.28514549982973336
24426,-0.7052575348859722,-1.072194532793214,0.0,0.3669369979072419
24606,-71.48369320128403,-77.7951928842997,21.0,6.311499683015668
24644,-27.4868790427842,-27.05059240687109,9.0,-0.4362866359131097
24828,-7.246778523851443,-7.359948957427821,0.0,0.11317043357637768
24912,-17.948481073348436,-17.47733170659227,4.0,-0.4711493667561655
25090,-15.72731945069412,-15.433763462463473,4.0,-0.2935559882306471
25122,-39.45815491146497,-39.736361079317405,17.0,0.27820616785243146
25194,-18.393311741570173,-17.829288409601197,4.0,-0.5640233319689756
25332,-23.282006644182218,-23.22783664939021,8.0,-0.05416999479200868
25346,-4.3243898720593545,-4.6813737807594125,1.0,0.3569839087000579
25404,-5.585305140836084,-5.731064386253878,1.0,0.14575924541779361
25562,-9.866200063244877,-9.808404117167614,2.0,-0.05779594607726324
25637,-49.76668854269498,-49.16131511657814,22.0,-0.6053734261168415
25672,-26.51654817124774,-27.051203805912923,8.0,0.5346556346651816
25724,-12.959804736654446,-14.811742618105642,3.0,1.851937881451196
25772,-39.77511885004006,-40.75397428438429,18.0,0.9788554343442328
25964,-37.624040105173236,-38.16114638007879,15.0,0.537106274905554
26063,-17.969143308627945,-18.841843410947913,4.0,0.8727001023199676
26084,-7.465166887815488,-8.020915911703401,1.0,0.5557490238879135
26101,-15.61775738891092,-15.58439811395825,4.0,-0.033359274952671214
26104,-19.33145596129213,-19.77430789712504,6.0,0.4428519358329126
26107,-7.405001238222649,-9.674456616021752,1.0,2.269455377799103
26211,-16.199086039048204,-16.190818647197705,5.0,-0.00826739185049874
26367,-9.593043646448578,-9.418728531344508,1.0,-0.17431511510407027
26522,-29.990336159650663,-31.88620772635695,10.0,1.8958715667062869
26692,-5.488995198778731,-5.15784221396498,1.0,-0.3311529848137509
26704,-16.100393187667997,-15.648572344589857,4.0,-0.4518208430781403
26871,-38.69989967862856,-38.84072436986815,11.0,0.14082469123958674
26961,-32.114289976190804,-33.941998164262145,12.0,1.827708188071341
27213,-1.8599572415864458,-2.0720704140748127,0.0,0.21211317248836692
27256,-37.616219280970114,-39.09326305277739,12.0,1.4770437718072742
27326,-6.40632721900283,-6.552430789760013,1.0,0.14610357075718294
27377,-41.82223850361381,-42.29095285054899,16.0,0.46871434693517955
27379,-21.908190502850253,-22.465420129271884,8.0,0.5572296264216305
27597,-22.97816312896231,-22.943360876584325,8.0,-0.034802252377986065
27699,-31.777318772386273,-32.93733541385618,12.0,1.160016641469909
27749,-26.22230008770323,-26.30513149388106,9.0,0.08283140617783147
27780,-49.55729369902452,-45.0364485451516,20.0,-4.520845153872919
27859,-14.247848140680807,-15.904448939910564,2.0,1.6566007992297571
28113,-15.618169179018029,-15.651014643760602,4.0,0.03284546474257333
28150,-11.854633729051251,-11.696056361611356,3.0,-0.1585773674398947
28171,-8.20977743869861,-7.4226093415218415,1.0,-0.7871680971767692
28196,-4.957832576938043,-4.683936329183608,1.0,-0.27389624775443533
28272,-19.113170385009532,-19.889139774324637,6.0,0.7759693893151045
28335,-13.887205011865731,-14.328466006234391,4.0,0.44126099436866006
28375,-2.386201807374959,-2.4891728222832747,0.0,0.10297101490831562
28432,-9.170770363550739,-8.91888967428295,2.0,-0.2518806892677894
28436,-2.6730240451567977,-3.029569763326442,0.0,0.3565457181696443
28489,-14.821936758438227,-14.803108283516275,4.0,-0.01882847492195161
28523,-19.947712776478593,-20.95468013513015,5.0,1.0069673586515577
28525,-13.571875393818914,-14.285498854205844,3.0,0.7136234603869305
28572,-57.37813324319657,-57.79364985478647,25.0,0.4155166115899007
28582,-9.794787395360482,-9.562454460285492,2.0,-0.23233293507498942
28653,-58.96719743170222,-59.84201341148071,22.0,0.8748159797784893
28700,-20.08667300613742,-21.747349315550697,6.0,1.660676309413276
28830,-13.754697663387855,-13.194252501467616,3.0,-0.5604451619202386
28876,-23.957035993864054,-23.76142899950242,8.0,-0.19560699436163276
28991,-85.62313078125372,-85.4272545995039,18.0,-0.19587618174982424
29136,-21.23509022893848,-20.720508203137666,6.0,-0.5145820258008129
29244,-30.48375750873534,-30.18806452534045,11.0,-0.2956929833948898
29253,-11.33913326947594,-11.02061687411296,2.0,-0.3185163953629804
29410,-18.447522567500236,-17.955457835783537,4.0,-0.49206473171669884
29468,-17.60006145607864,-17.48745230053809,5.0,-0.11260915554055018
29642,-1.7944827996931372,-2.271190709303847,0.0,0.47670790961070986
29769,-11.578443023285677,-11.992674421395,3.0,0.4142313981093224
29896,-1.0097772224227715,-1.478372116919687,0.0,0.4685948944969156
29989,-32.923520588694124,-32.951155503144705,9.0,0.027634914450580084
30072,-9.861253592218388,-9.701263533572746,1.0,-0.15999005864564175
30128,-32.74112976193834,-32.429534504780335,12.0,-0.31159525715800385
30244,-14.425235873052,-13.977324796875015,4.0,-0.4479110761769842
30370,-4.996807268082761,-4.982361614022876,1.0,-0.014445654059884738
30375,-8.960577227404032,-8.7974666032917,2.0,-0.163110624112333
30399,-0.4775472534106396,-0.7219979448665809,0.0,0.24445069145594128
30427,-0.9137858394298679,-1.25891881593615,0.0,0.34513297650628205
30586,-29.18036125129465,-31.76397186261019,12.0,2.5836106113155424
30612,-17.95839570971501,-18.531929952735872,6.0,0.5735342430208625
30945,-65.24868488733242,-66.01425795447216,23.0,0.7655730671397407
30954,-0.3695671987315821,-0.9615062608176044,0.0,0.5919390620860223
31047,-13.951965549643505,-13.688918122606232,3.0,-0.26304742703727335
31090,-50.714300886006946,-51.512996359852615,21.0,0.7986954738456689
31207,-24.537479584899817,-23.98980454083303,7.0,-0.5476750440667857
31683,-16.410048429730047,-16.583343154262213,3.0,0.1732947245321661
31877,-3.0240684751259006,-2.183440986033083,0.0,-0.8406274890928178
31890,-56.249062560251694,-55.49536776860882,16.0,-0.7536947916428716
31904,-35.180098061348126,-36.30187668913617,10.0,1.1217786277880464
31909,-23.214012128571863,-22.50460228182141,6.0,-0.7094098467504537
32022,-63.671476934800026,-66.45333115990601,21.0,2.781854225105988
32091,-47.20058134534881,-48.047973106158025,21.0,0.8473917608092165
32113,-6.671828284164174,-7.600736414730412,1.0,0.9289081305662386
32224,-9.014325444979281,-8.82363166298337,2.0,-0.19069378199591114
32226,-22.880261749334025,-22.59749324849469,7.0,-0.28276850083933525
32235,-23.976768387544976,-23.071136475191395,7.0,-0.9056319123535808
32275,-5.112136988804281,-5.075879742186181,1.0,-0.03625724661809926
32319,-4.900548547207148,-4.886984840653249,1.0,-0.013563706553898491
32378,-33.207534807237344,-33.08734103159268,9.0,-0.12019377564466538
32517,-5.8442237062336355,-6.190513201001007,1.0,0.3462894947673716
32559,-25.6076241059682,-27.289651699692328,6.0,1.6820275937241291
32644,-0.8961683350315489,-1.0760525477572795,0.0,0.17988421272573063
32765,-28.958134655073483,-28.952810028983414,8.0,-0.005324626090068563
32923,-30.088929898771458,-29.949535005718488,12.0,-0.1393948930529696
32957,-3.0281094550662337,-3.491624503488732,0.0,0.46351504842249813
33030,-10.010382224261688,-9.31795052016155,2.0,-0.6924317041001391
33266,-3.7225263222201437,-3.676588981370028,0.0,-0.04593734085011558
33285,-18.862186099053385,-18.295389648530296,5.0,-0.5667964505230891
33680,-33.974303993537404,-33.808741193430194,11.0,-0.16556280010721025
33688,-33.16674552631792,-32.89761260226804,11.0,-0.26913292404987743
33695,-14.874808682410514,-14.617104588357885,4.0,-0.2577040940526292
33787,-1.1580566425156167,-1.7721154570528266,0.0,0.6140588145372099
33973,-27.037321002539244,-26.577708953819407,8.0,-0.45961204871983696
34067,-14.723891623983636,-14.832900802083536,4.0,0.10900917809989963
34148,-12.728642004866698,-12.443082310638896,3.0,-0.2855596942278016
34231,-1.0972150023774794,-1.5600383155296522,0.0,0.46282331315217284
34238,-12.891675873121292,-12.553642102423288,3.0,-0.33803377069800433
34322,-5.131322530965643,-5.275534770861168,1.0,0.14421223989552523
34440,-0.8369205936382835,-0.7954517828012226,0.0,-0.04146881083706089
34481,-2.066301529925571,-1.926495101824098,0.0,-0.13980642810147303
34585,-12.123964367464062,-11.907278331920812,3.0,-0.2166860355432494
34689,-17.927173494528546,-17.728654219585707,5.0,-0.19851927494283927
34905,-29.381507817336328,-28.47703501434534,9.0,-0.9044728029909876
34911,-1.311178435388164,-1.6254974675110851,0.0,0.3143190321229212
34962,-21.68272204965927,-23.93459531392048,6.0,2.25187326426121
34976,-26.97590803764457,-27.70660432498411,9.0,0.7306962873395406
34979,-14.70088950592496,-14.688030200636248,4.0,-0.012859305288712264
35050,-46.812346714911584,-45.787464674931286,14.0,-1.024882039980298
35066,-13.600288896139551,-13.01362508368232,3.0,-0.5866638124572301
35120,-19.213387821728006,-18.779813134260426,5.0,-0.4335746874675799
35135,-45.06750778046634,-47.92931628450206,17.0,2.8618085040357144
35142,-49.05220643830584,-50.37773153439146,16.0,1.3255250960856202
35153,-11.866713441644434,-11.996726118933804,3.0,0.13001267728937016
35162,-17.18445242791439,-16.90878133867122,4.0,-0.27567108924317196
35342,-7.686170612259687,-6.072840590390105,1.0,-1.613330021869582
35356,-8.511647866989378,-8.511510494421566,2.0,-0.00013737256781176654
35374,-27.686430444435057,-28.19898841739257,10.0,0.5125579729575129
35419,-11.996486317085104,-11.92776877878212,3.0,-0.06871753830298388
35425,-0.4662290014931198,-0.7284678574751146,0.0,0.26223885598199476
35441,-6.727717316313648,-5.491595758177349,1.0,-1.2361215581362996
35660,-0.895413776872243,-1.0696151279923445,0.0,0.1742013511201015
35733,-19.52579497369552,-19.205835582850025,5.0,-0.31995939084549363
35804,-12.991020606615919,-13.6643660195321,4.0,0.6733454129161807
36019,-0.4717495215010089,-0.7391075047086921,0.0,0.2673579832076832
36199,-12.22343528521235,-11.770047443616054,3.0,-0.45338784159629597
36229,-18.369535086717846,-17.98589713937794,5.0,-0.3836379473399063
36534,-13.342380612896985,-12.49251670234684,2.0,-0.8498639105501447
36554,-17.849871867856923,-17.58945005443894,5.0,-0.260421813417981
36588,-36.62159456422854,-36.34118304031702,15.0,-0.2804115239115177
36687,-5.220537566815268,-5.2990161606730535,1.0,0.07847859385778566
36770,-32.23539592777744,-31.746975595498625,12.0,-0.4884203322788139
36785,-24.97796624990372,-24.928960779887177,8.0,-0.04900547001654232
36805,-16.315758613854616,-15.862820396918076,4.0,-0.45293821693653946
36834,-20.422003399587684,-20.090111759931208,6.0,-0.33189163965647595
37131,-19.554956962608166,-19.986357906883217,5.0,0.43140094427505105
37136,-26.860072556147056,-26.761697644923395,10.0,-0.0983749112236616
37289,-7.773224791866163,-7.04421548775391,1.0,-0.7290093041122532
37336,-21.06628077061569,-17.307985920686427,3.0,-3.758294849929264
37697,-8.382880465988569,-8.28255825015867,2.0,-0.1003222158298982
37708,-22.397362702132,-22.601225860911068,7.0,0.20386315877906824
37746,-5.29835797388591,-5.235366496872794,1.0,-0.06299147701311547
37784,-5.253146050607828,-5.183459145593383,1.0,-0.06968690501444552
37801,-13.347205963814762,-12.931866887048953,3.0,-0.41533907676580917
37819,-14.832755798642093,-14.794229501864091,4.0,-0.038526296778002234
37996,-1.308809914618302,-1.8400277549449164,0.0,0.5312178403266143
38009,-34.017965687060176,-34.92701283607847,11.0,0.9090471490182921
38028,-13.14753046800434,-12.416280097491793,3.0,-0.7312503705125479
38072,-25.813624146408827,-27.37778710152039,6.0,1.5641629551115628
38106,-16.16316269054557,-16.25279188592126,5.0,0.08962919537568936
38175,-41.47437527047759,-35.340228586757306,8.0,-6.134146683720282
38206,-64.00479435307513,-60.33939466500754,25.0,-3.6653996880675876
38469,-52.44411884440929,-52.353950895952416,25.0,-0.09016794845687315
38582,-92.17664429951738,-87.82714041981576,28.0,-4.349503879701615
38594,-31.173832738193106,-30.044102852381787,11.0,-1.1297298858113187
38871,-34.277571707553065,-34.65494244796056,12.0,0.37737074040749263
38918,-73.3760178606493,-74.29775992308863,41.0,0.9217420624393355
38919,-12.371170032621533,-12.400350865579387,3.0,0.029180832957854008
39110,-15.67199791085804,-15.12567396641204,4.0,-0.5463239444460015
39139,-5.724907857511351,-6.16754907638275,1.0,0.4426412188713993
39285,-6.986823389579757,-6.594011550155232,0.0,-0.39281183942452547
39329,-52.40840396386857,-54.83023646446839,20.0,2.4218325005998196
39385,-4.6392935611625985,-5.033565882484393,1.0,0.3942723213217949
39449,-17.6767604989196,-17.38403936472794,5.0,-0.2927211341916589
39458,-12.329383436791506,-12.55955253844533,2.0,0.2301691016538232
39488,-3.123522745019122,-3.3832299544264024,0.0,0.25970720940728054
39521,-13.481140049018876,-12.66334809911375,3.0,-0.8177919499051267
39590,-11.579258894700521,-12.140520791173255,3.0,0.5612618964727343
39605,-5.908782802086476,-6.469252723400327,1.0,0.5604699213138513
39621,-4.476951783361931,-4.687872781464665,1.0,0.21092099810273446
39678,-2.109137896019158,-3.08762204714486,0.0,0.9784841511257021
39809,-16.93783048535918,-18.053960060518204,3.0,1.1161295751590252
39826,-16.94490094541164,-17.241848474425343,5.0,0.29694752901370336
39889,-5.0918005986718375,-5.306603151719591,1.0,0.2148025530477531
39935,-23.060480385567146,-22.954309519729662,7.0,-0.10617086583748403
39963,-21.921196555553284,-21.398253472144383,6.0,-0.5229430834089008
39965,-9.701460027457086,-9.598546274826926,2.0,-0.10291375263016
40057,-50.73420365438588,-50.791885452314204,20.0,0.05768179792832484
40104,-37.012671362680436,-37.15334731621479,17.0,0.14067595353435536
40131,-20.38626948590912,-20.21883083959186,5.0,-0.16743864631726169
40167,-5.907198025442329,-5.256812193711714,1.0,-0.650385831730615
40402,-4.808709899452971,-4.9803876373328215,1.0,0.1716777378798504
40742,-5.392148366982152,-5.342179037006879,1.0,-0.049969329975272814
40746,-11.414341032682287,-11.41542056761962,3.0,0.0010795349373324825
40777,-15.327294261907952,-14.993382898224889,4.0,-0.33391136368306285
40805,-24.792691666529038,-23.717312993687052,6.0,-1.0753786728419854
40807,-12.165382172356264,-12.108872464884342,3.0,-0.05650970747192119
40884,-15.067531781543758,-14.635521036716476,4.0,-0.4320107448272825
40938,-30.34627915414764,-30.79425866328493,11.0,0.4479795091372871
41016,-19.422709981265804,-18.686756429766746,5.0,-0.7359535514990583
41048,-152.9814838732423,-147.6792781312369,77.0,-5.302205742005384
41098,-46.800687778035865,-46.33704018399669,20.0,-0.4636475940391733
41226,-17.254282213848853,-17.448305632821743,4.0,0.19402341897288977
41300,-43.45479554103518,-41.320595011634914,12.0,-2.1342005294002675
41415,-17.961023808006356,-17.919559236538117,5.0,-0.04146457146823934
41474,-6.218599525220043,-6.229210443277321,1.0,0.010610918057277985
41488,-17.03879703762968,-16.358080040702117,4.0,-0.6807169969275648
41492,-8.62233997096195,-8.910784413480886,2.0,0.2884444425189372
41543,-38.95156177272968,-39.92177924168642,14.0,0.97021746895674
41550,-1.1645584976176728,-1.7488176937971838,0.0,0.5842591961795109
41830,-14.971649456964334,-14.516100135067758,4.0,-0.4555493218965765
41838,-5.293726652594508,-5.126106024740211,1.0,-0.16762062785429688
41860,-66.14485808724395,-68.82852831722154,30.0,2.6836702299775936
41910,-1.0774827733198176,-1.349792792529703,0.0,0.2723100192098855
42108,-9.534698808197602,-9.025158932489289,2.0,-0.5095398757083132
42141,-9.974026175345976,-9.285082352080853,2.0,-0.6889438232651237
42190,-12.720037401733327,-12.26756005099186,3.0,-0.4524773507414679
42318,-24.7579155909051,-25.74942071261166,6.0,0.9915051217065596
42341,-1.1455775285081702,-1.2376590296537646,0.0,0.09208150114559444
42456,-9.029122455443595,-8.88625678184167,2.0,-0.14286567360192493
42530,-18.061625024891217,-17.648334387170358,5.0,-0.41329063772085917
42606,-3.2657725683001764,-3.791794626787372,0.0,0.5260220584871957
42766,-30.434381524189497,-30.209068783471785,11.0,-0.2253127407177118
42979,-12.784836823339631,-12.459328225930497,3.0,-0.32550859740913474
43107,-4.963761030928673,-4.975731707132462,1.0,0.011970676203788777
43159,-4.923070952450063,-5.020921207028106,1.0,0.0978502545780433
43234,-18.304825082064692,-18.27403164869857,6.0,-0.030793433366120837
43463,-15.26601387340931,-15.24376372499378,4.0,-0.02225014841553019
43498,-8.627352303565665,-8.594164569548688,2.0,-0.03318773401697683
43614,-1.7181654606522692,-2.3312028160041165,0.0,0.6130373553518473
43615,-3.8464289684634414,-4.3562384441470385,0.0,0.5098094756835971
43787,-33.33606914770389,-37.68514315442627,9.0,4.3490740067223825
43937,-47.15801160293654,-49.23793012819615,19.0,2.0799185252596075
43966,-13.429582226887339,-13.77771526941346,4.0,0.3481330425261202
43969,-5.836697980643906,-5.062804322912803,0.0,-0.7738936577311026
44016,-64.3959608837562,-65.33222475519307,27.0,0.9362638714368643
44074,-5.333829365822978,-5.208141480344138,1.0,-0.1256878854788397
44075,-6.842284494998871,-8.135654147666763,1.0,1.2933696526678924
44121,-12.270963907294874,-11.954276743517218,3.0,-0.31668716377765627
44179,-21.174348738996137,-21.36255219069152,7.0,0.188203451695383
44264,-2.584237184704811,-3.066332067094493,0.0,0.48209488238968223
44284,-31.848919331999426,-33.32366327365352,10.0,1.474743941654097
44377,-31.26423329834569,-31.49258198490483,9.0,0.22834868655914065
44400,-16.54986663769398,-16.678746201347625,3.0,0.12887956365364417
44403,-5.323188866690499,-5.143204348047576,1.0,-0.17998451864292253
44578,-20.800768492163368,-20.460449269031987,5.0,-0.34031922313138097
44731,-9.143614683085358,-8.890975931185986,2.0,-0.25263875189937224
44825,-31.540032773739515,-32.821760039713844,9.0,1.2817272659743288
44840,-2.158318584321431,-2.74111525686968,0.0,0.5827966725482487
45002,-5.234281369648047,-5.120692760248562,1.0,-0.11358860939948467
45074,-9.307981631146124,-5.980585543560751,1.0,-3.327396087585373
45078,-9.006917530558813,-8.815754808690704,2.0,-0.19116272186810868
45242,-35.88821925101562,-36.1093340504692,13.0,0.2211147994535807
45394,-6.556320270078532,-6.430234609013277,1.0,-0.12608566106525565
45396,-17.899216475039687,-17.682978057614314,5.0,-0.2162384174253731
45397,-11.66929077928665,-10.298168578069342,2.0,-1.3711222012173074
45414,-5.961252990109189,-5.410120538435096,1.0,-0.5511324516740936
45543,-0.9894947878223637,-1.2804850745867442,0.0,0.29099028676438055
45558,-16.35380280345389,-15.682585793026478,4.0,-0.6712170104274104
45591,-57.8378769808276,-59.7800948456579,24.0,1.9422178648302975
45853,-5.5099856873481645,-5.60414728232441,1.0,0.09416159497624577
46043,-8.845152633385966,-10.095992312780472,1.0,1.250839679394506
46100,-1.1438398309974833,-1.5882005279181892,0.0,0.4443606969207059
46174,-1.1406690627327676,-1.3638376971445714,0.0,0.2231686344118038
46179,-8.590954948670932,-8.047632350994865,2.0,-0.5433225976760667
46331,-2.4367618548695473,-2.7926533825118423,0.0,0.3558915276422949
46446,-8.56374755289464,-9.236587240559963,2.0,0.6728396876653235
46449,-78.82170769685337,-78.82675030159133,34.0,0.005042604737965917
46622,-13.937421789840934,-13.999431693709576,3.0,0.062009903868641914
46672,-9.397832327208487,-9.28023674788188,2.0,-0.11759557932660769
46765,-22.4838109977005,-23.98011108619482,6.0,1.4963000884943227
46810,-0.34097273149211305,-0.5364038379011068,0.0,0.19543110640899375
46926,-11.77964730111402,-11.695885411902228,3.0,-0.08376188921179128
46931,-27.99084800395301,-28.668236341868884,10.0,0.6773883379158754
47008,-0.50123506418003,-0.7832335177909753,0.0,0.2819984536109452
47043,-2.160184276827277,-2.4008640401106316,0.0,0.2406797632833544
47083,-10.077915922916011,-9.369550704471232,2.0,-0.7083652184447793
47281,-19.17385533623006,-18.887055097174823,6.0,-0.28680023905523555
47408,-5.0408241780537795,-5.065497693984271,1.0,0.024673515930491163
47451,-72.83796176533852,-76.05645847938445,27.0,3.2184967140459264
47490,-18.187070582536048,-18.074408670158384,5.0,-0.11266191237766421
47543,-5.189768473861533,-5.771785453041703,1.0,0.5820169791801701
47642,-8.607321690720541,-8.667741640761914,2.0,0.06041995004137313
47689,-21.083815499922792,-21.406036742103772,5.0,0.32222124218098
47699,-10.463495070991355,-9.87860042808576,2.0,-0.5848946429055957
47790,-9.884640625857694,-9.624657017531236,2.0,-0.2599836083264577
47946,-542.4717722387123,-410.1914463972077,359.0,-132.28032584150463
47954,-8.924452294960071,-8.755100154443333,2.0,-0.16935214051673775
48102,-8.452043031107456,-8.759280070655125,2.0,0.3072370395476689
48108,-12.431850481288437,-12.13128737434,3.0,-0.300563106948438
48109,-0.9326876952672477,-1.244070463553763,0.0,0.31138276828651523
48179,-4.749924945146644,-5.328436128576851,1.0,0.5785111834302077
48184,-99.6798569602463,-94.97511828859032,47.0,-4.704738671655974
48193,-11.397944642539844,-10.233047191533023,2.0,-1.164897451006821
48320,-23.788021364213904,-21.863535125941368,4.0,-1.9244862382725358
48348,-15.065735529741891,-14.712153633298673,4.0,-0.35358189644321847
48370,-5.120405592006475,-4.991240003010649,1.0,-0.12916558899582586
48379,-8.875843350898123,-8.637791674384385,2.0,-0.23805167651373793
48453,-0.677641468723597,-1.072858808804235,0.0,0.395217340080638
48580,-29.753533614349422,-28.927507795935593,8.0,-0.8260258184138287
48627,-34.39260680672012,-23.182204020202203,4.0,-11.210402786517914
48769,-11.346296459564417,-10.470752226288836,2.0,-0.8755442332755816
48962,-5.642305997132578,-5.195908039949708,1.0,-0.44639795718287
48979,-17.683452752636214,-17.980392928167603,5.0,0.2969401755313896
49083,-1.6508483778356113,-1.6922838633500787,0.0,0.04143548551446741
49104,-27.929690349643792,-27.934044199740057,9.0,0.0043538500962654325
49260,-12.507058382517984,-12.035845698692423,3.0,-0.47121268382556103
49325,-16.18029474361526,-16.124270827391058,4.0,-0.056023916224202
49329,-7.883658078267303,-7.39600442099464,1.0,-0.48765365727266374
49369,-15.712966824761642,-15.458465560233677,4.0,-0.2545012645279652
49383,-34.37298725931706,-35.49615056405993,14.0,1.1231633047428744
49440,-14.188838843035466,-13.648698562554255,3.0,-0.5401402804812108
49443,-2.150681767234216,-2.6036964849096265,0.0,0.4530147176754107
49452,-35.33131247663408,-35.626362876921185,14.0,0.29505040028710283
49532,-42.85803776093325,-43.83605961234544,13.0,0.978021851412187
49574,-88.1028208550773,-84.5996415834261,38.0,-3.5031792716511916
49833,-5.027168231045362,-5.176715779405827,0.0,0.1495475483604647
49910,-8.843012382321758,-8.81668262622501,2.0,-0.02632975609674837
49927,-15.8306086165673,-16.68879073724076,5.0,0.8581821206734581
49985,-6.035464018148329,-5.223404745745601,1.0,-0.8120592724027285
49986,-8.60686039956421,-9.053942756109365,2.0,0.44708235654515427
50169,-11.29864197773951,-11.43579700777716,3.0,0.13715503003764873
50205,-9.205415690328266,-9.003722393439993,2.0,-0.20169329688827276
50223,-1.2782084540648022,-1.293176865515414,0.0,0.014968411450611896
50543,-5.488197870990198,-5.376914103305368,1.0,-0.11128376768482973
50631,-43.55357861112105,-43.360124295507106,17.0,-0.19345431561394122
50638,-7.4349704308807265,-7.148181432389353,1.0,-0.2867889984913736
50694,-17.1507757150777,-17.64587990190472,4.0,0.49510418682702095
50882,-25.55013458991837,-25.267991486940595,8.0,-0.28214310297777345
51103,-25.641070174530174,-25.022054267144448,7.0,-0.6190159073857266
51116,-12.629791418554792,-12.493242260784376,3.0,-0.13654915777041587
51367,-1.6182160905568708,-2.4346063752195386,0.0,0.8163902846626678
51443,-13.398317720272217,-13.420886488148804,3.0,0.022568767876586904
51509,-23.46870267671045,-23.71223718455734,5.0,0.24353450784688846
51614,-22.05329675323965,-21.762426377115656,7.0,-0.29087037612399413
51622,-1.6809941559432808,-2.7630157677080285,0.0,1.0820216117647476
51673,-5.405034538674054,-5.6206323095996495,1.0,0.21559777092559518
51995,-0.20157963662653183,-0.775556466454209,0.0,0.5739768298276771
52227,-9.589939360312629,-9.357147346170636,2.0,-0.23279201414199235
52268,-32.4587486723741,-32.09456944206013,8.0,-0.36417923031397237
52417,-5.679184043703158,-5.2964011711191565,1.0,-0.38278287258400123
52466,-1.5170776279305052,-2.227524220692478,0.0,0.7104465927619728
52481,-8.935672963729415,-8.69235763427735,2.0,-0.2433153294520647
52482,-19.957695788452636,-20.04982122371773,6.0,0.09212543526509265
52589,-24.19627580269741,-23.809819040163394,7.0,-0.3864567625340172
52602,-26.97648596083328,-27.064688162665757,8.0,0.08820220183247685
52639,-73.88845720483374,-72.90124657334701,36.0,-0.9872106314867324
52671,-23.242603375844862,-23.34962083325601,7.0,0.10701745741114976
52828,-15.520061626874167,-15.316500738579236,3.0,-0.20356088829493046
52910,-0.4724692619256399,-0.7623897224741698,0.0,0.2899204605485299
53034,-24.331121102266547,-25.4643948318935,8.0,1.1332737296269535
53091,-3.336521004142175,-2.0900438208213963,0.0,-1.2464771833207786
53133,-2.4343285194191755,-2.7032745302815337,0.0,0.26894601086235825
53262,-36.22710215300434,-36.74820652567417,13.0,0.5211043726698321
53307,-23.360321812957707,-23.966283053632537,8.0,0.60596124067483
53349,-18.632530355771983,-18.448141091298076,5.0,-0.18438926447390713
53461,-40.002522315461306,-40.68274978685066,13.0,0.680227471389351
53466,-5.2062636196410566,-5.344441565846563,1.0,0.1381779462055066
53523,-9.081895906080392,-8.902849950700631,2.0,-0.17904595537976142
53531,-29.1846815372693,-29.14547193373901,10.0,-0.03920960353028846
53742,-14.401249431434865,-14.376715175923346,4.0,-0.024534255511518666
53766,-5.53746667060693,-5.571706326042631,1.0,0.03423965543570073
53861,-23.71209191483808,-24.02754405150706,8.0,0.31545213666898064
53965,-0.7733915931019458,-1.179135003783429,0.0,0.4057434106814831
54175,-5.401950634203343,-5.647695830241177,1.0,0.2457451960378334
54281,-0.8633003906046619,-1.2443080753465732,0.0,0.38100768474191127
54379,-42.87771097929661,-42.72124512565252,12.0,-0.15646585364408594
54431,-26.500483779064233,-26.059748172480408,8.0,-0.44073560658382505
54607,-5.802742360952018,-5.428179865181058,1.0,-0.37456249577095946
54701,-5.216718238382147,-5.136420280511257,1.0,-0.08029795787089
54903,-21.740628942692574,-21.665440661074896,7.0,-0.07518828161767743
55175,-27.80117013248879,-27.27917051879901,9.0,-0.5219996136897791
55184,-15.038359437263296,-15.060426303605515,4.0,0.022066866342219882
55186,-1.9815417114127436,-2.807316120220207,0.0,0.8257744088074632
55352,-5.173534323154297,-5.270023408498291,1.0,0.09648908534399414
55590,-4.928799510484936,-4.917623178208253,1.0,-0.011176332276682466
55741,-14.193980579719842,-14.325649404256618,4.0,0.13166882453677609
55891,-0.44545109546452966,-0.7338499249546866,0.0,0.28839882949015694
55938,-6.562538604156251,-5.573447066067506,1.0,-0.9890915380887453
55963,-39.69849375614956,-39.41163484739235,14.0,-0.28685890875721043
56033,-0.9927862753807913,-2.0001230291199628,0.0,1.0073367537391715
56048,-1.222709727999905,-1.4989233062615297,0.0,0.2762135782616246
56145,-3.435919648535546,-4.148441677797762,0.0,0.7125220292622161
56264,-9.562060590671415,-8.96505014210859,2.0,-0.5970104485628251
56368,-68.22524526124138,-64.22730802523425,13.0,-3.9979372360071324
56565,-14.95535777954953,-14.794631734488098,4.0,-0.1607260450614323
56622,-74.95065245931659,-76.58802320904908,27.0,1.6373707497324972
56837,-8.530464086962985,-8.65405487225405,2.0,0.12359078529106604
56838,-8.40605727378845,-8.474665414534687,2.0,0.06860814074623711
56962,-12.146747189728272,-11.811873637228937,3.0,-0.33487355249933515
56963,-7.83088187157696,-7.798068786566794,2.0,-0.032813085010166
57082,-1.2563165632950621,-1.4693609401325474,0.0,0.21304437683748523
57186,-9.536926894251465,-9.165411618277332,2.0,-0.3715152759741329
57228,-10.545563247138457,-9.757195171897273,2.0,-0.7883680752411841
57298,-14.124412796318785,-13.823289826632765,3.0,-0.3011229696860198
57604,-50.04723825422746,-50.53025530319014,19.0,0.4830170489626795
57641,-36.97447116237427,-38.27729542612866,12.0,1.3028242637543883
57644,-42.01192912175763,-41.551948842338874,16.0,-0.4599802794187582
57699,-5.822797521228614,-6.020530804205709,1.0,0.19773328297709547
57768,-16.733547582980066,-16.535175549133804,4.0,-0.19837203384626179
57832,-18.330909910561925,-17.823212471773083,5.0,-0.507697438788842
58040,-16.629377728459392,-16.567130354692033,5.0,-0.06224737376735945
58104,-19.600023678296036,-19.63580260672232,6.0,0.035778928426282164
58249,-21.221665345347933,-20.723658772448974,6.0,-0.49800657289895867
58270,-1.4522278089905913,-2.069198601032402,0.0,0.6169707920418108
58293,-27.542220140509105,-27.45389024985907,8.0,-0.0883298906500336
58332,-37.04413243867794,-37.19075058427737,15.0,0.146618145599426
58374,-86.40995233776323,-82.4710829094322,37.0,-3.9388694283310315
58554,-13.02012947245663,-12.067902886170575,3.0,-0.9522265862860539
58576,-25.163669932215697,-25.168836640968273,8.0,0.005166708752575744
58656,-10.021700555055904,-9.731731835036085,2.0,-0.28996872001981977
58696,-4.736376709084957,-4.747785654664208,1.0,0.011408945579250762
58884,-54.609121409845905,-52.604315506727254,11.0,-2.004805903118651
58949,-7.925885987423234,-8.207002058779109,2.0,0.2811160713558749
59015,-52.26448379894412,-52.065278589099854,25.0,-0.1992052098442656
59018,-12.255424887822658,-10.460640925357312,2.0,-1.7947839624653454
59292,-11.265688881127348,-9.682171877587448,1.0,-1.5835170035398995
59410,-10.055952302563426,-9.233150121087077,2.0,-0.8228021814763498
59615,-0.723995859451905,-1.0546683860905737,0.0,0.33067252663866864
59625,-1.2010436466286818,-1.5169501356414152,0.0,0.31590648901273344
59626,-20.886491039188666,-20.615317468028337,6.0,-0.2711735711603289
59629,-8.070994706827028,-8.354501816271274,2.0,0.28350710944424584
59651,-1.4924510706716483,-2.2922281770256427,0.0,0.7997771063539945
59668,-6.445137729571585,-6.558900737495918,1.0,0.1137630079243328
59771,-5.270512110927527,-5.101646587215186,1.0,-0.16886552371234043
60182,-5.12443299255996,-5.0672605943395155,1.0,-0.05717239822044462
60257,-63.71820423929298,-62.484248330389065,32.0,-1.2339559089039156
60325,-21.083754482166597,-20.98400831594989,6.0,-0.09974616621670762
60375,-16.72933069343914,-16.63612833841408,4.0,-0.09320235502506335
60719,-39.630942418358494,-39.7593877060522,15.0,0.1284452876937081
60746,-16.969512475390633,-17.069652734242574,5.0,0.10014025885194044
60785,-5.171044023340554,-5.028416921300087,1.0,-0.1426271020404668
60787,-30.080650158368393,-29.63601445590059,11.0,-0.44463570246780293
60805,-14.55878123867071,-13.722530200065304,3.0,-0.8362510386054058
60952,-42.69018541464804,-42.843030361580034,12.0,0.15284494693199235
60976,-5.307721901922485,-5.31871709414501,1.0,0.010995192222525318
61181,-23.475579530433166,-22.98352115837256,7.0,-0.49205837206060465
61259,-5.259394341243241,-4.980701629907029,1.0,-0.27869271133621254
61310,-11.890477882926614,-12.081680721602236,2.0,0.19120283867562193
61358,-9.666552124816981,-9.420038553216331,2.0,-0.24651357160064968
61473,-0.18549050846056134,-0.7398211387827781,0.0,0.5543306303222167
61500,-35.12155726107797,-35.18849931695716,12.0,0.06694205587919555
61641,-17.221007194761583,-17.16434595160317,5.0,-0.05666124315841259
61682,-8.198103312271385,-8.296561377532308,2.0,0.09845806526092282
61743,-12.435068718223187,-12.059824634561153,3.0,-0.3752440836620341
61763,-16.511279030432373,-16.286164595148946,4.0,-0.22511443528342667
61766,-5.493735285595889,-7.330685884170013,0.0,1.8369505985741235
61885,-6.324565153668402,-6.152374894841212,1.0,-0.1721902588271904
61906,-14.519233654314572,-15.491395036833508,5.0,0.9721613825189355
61912,-2.0851524326990627,-2.5228041757439548,0.0,0.43765174304489207
61918,-17.931718966598154,-17.640968948216845,5.0,-0.29075001838130987
61949,-262.5003883988524,-260.03843713088764,99.0,-2.461951267964764
61980,-5.152441211466903,-5.520205114432236,1.0,0.3677639029653328
62118,-3.6848549849325294,-2.9651827567866276,0.0,-0.7196722281459018
62144,-1.6606903498738361,-2.129191119121635,0.0,0.4685007692477987
62159,-50.56221519740647,-50.27545802962746,18.0,-0.2867571677790153
62166,-42.199081172390215,-42.19431734744887,15.0,-0.0047638249413424205
62171,-83.71139630497836,-85.40646320984321,45.0,1.695066904864845
62477,-1.2059259183012168,-1.573256115994004,0.0,0.3673301976927872
62505,-14.689787451863186,-14.93449510839674,4.0,0.24470765653355464
62593,-10.846631734551076,-11.589187268982895,3.0,0.7425555344318191
62625,-0.9438601002370482,-1.5240305429275,0.0,0.5801704426904518
63004,-21.885183818066302,-22.4116475715245,6.0,0.5264637534581986
63073,-0.03906976736611259,-0.4898195663729489,0.0,0.4507497990068363
63101,-47.00599359281298,-46.89599672115942,20.0,-0.1099968716535571
63143,-12.888459816545398,-12.219456701433009,3.0,-0.669003115112389
63169,-2.91341420834451,-2.9393805533264543,0.0,0.025966344981944278
63182,-8.37991043422506,-8.410181539999824,2.0,0.030271105774763996
63223,-8.277552138140097,-8.457825908576647,2.0,0.1802737704365498
63442,-30.04736954791994,-30.833587832256352,12.0,0.7862182843364138
63509,-9.312566703687311,-8.54188956091198,2.0,-0.7706771427753321
63510,-8.253468976585305,-8.464299036432843,2.0,0.2108300598475381
63659,-17.57890564694579,-17.437073956705156,5.0,-0.14183169024063247
63910,-6.159970391941234,-7.7330567713936285,0.0,1.5730863794523948
63946,-31.583094984774505,-34.237765396484946,11.0,2.654670411710441
63968,-10.068121086161373,-9.746058120230792,2.0,-0.3220629659305807
64007,-15.682311873167938,-15.766376957394115,3.0,0.08406508422617698
64015,-20.83535605761635,-20.52903290752586,6.0,-0.30632315009049194
64401,-17.492155994832913,-17.041281409292736,5.0,-0.450874585540177
64432,-18.663702761561705,-18.934859070548093,6.0,0.271156308986388
64501,-72.35256743004119,-77.77998083278051,25.0,5.427413402739319
64597,-18.005413543980445,-18.201880551218103,5.0,0.19646700723765775
64603,-7.646565658980534,-8.13758060674132,2.0,0.49101494776078614
64604,-8.035869222065147,-8.136181764470797,2.0,0.10031254240564991
64896,-5.875136002119218,-6.177581322358973,1.0,0.30244532023975523
64986,-11.316656539080157,-9.357941342950545,2.0,-1.9587151961296119
65017,-5.291583674731877,-5.134437679534062,1.0,-0.1571459951978147
65072,-1.6415054821369088,-2.138483318008014,0.0,0.4969778358711052
65161,-13.127334159173792,-12.51175383577704,3.0,-0.6155803233967525
65186,-47.3050714311146,-47.84491462769915,21.0,0.5398431965845489
65222,-10.189880278511549,-8.706709633989522,2.0,-1.4831706445220263
65400,-183.86087915768562,-198.23632635778532,63.0,14.3754472000997
65423,-9.666954365439095,-8.998335724002336,2.0,-0.6686186414367583
65529,-5.6989626886897025,-5.764449644791313,1.0,0.06548695610161026
65612,-0.8403356045960205,-0.3570714855099135,0.0,-0.483264119086107
65671,-18.812295376300096,-18.53937054681959,5.0,-0.27292482948050534
65744,-12.145879536092865,-13.362805111821167,3.0,1.2169255757283022
65795,-4.59121466489467,-4.8355459136269685,1.0,0.2443312487322986
66030,-16.044095822170863,-15.516215395174108,4.0,-0.5278804269967559
66414,-19.60651698165798,-19.071537247446795,5.0,-0.5349797342111842
66461,-5.419270738805024,-4.828388864506844,0.0,-0.5908818742981801
66469,-15.878338963122367,-15.61905836867372,4.0,-0.25928059444864715
66556,-1.1742722443860059,-1.5361900162678026,0.0,0.36191777188179675
66557,-47.64062527660277,-47.28118019191866,19.0,-0.3594450846841113
66721,-32.90089394722828,-34.037122426344844,13.0,1.1362284791165607
66749,-17.56093902096989,-16.744551634366786,4.0,-0.816387386603104
66773,-17.73101616187114,-17.83924824612804,4.0,0.10823208425690112
66842,-18.386036458879072,-18.546351661151096,4.0,0.16031520227202378
66935,-1.4021347045105916,-1.248119291864265,0.0,-0.15401541264632668
66983,-14.311785796093947,-13.994574791430594,2.0,-0.3172110046633527
67077,-8.637147007500275,-8.95195221797579,2.0,0.3148052104755159
67101,-13.847287022174628,-14.19654715245037,4.0,0.34926013027574143
67117,-9.654064245360082,-9.408449860697592,2.0,-0.24561438466249008
67277,-74.07351895079948,-72.96539974160284,38.0,-1.1081192091966443
67298,-15.807702574265333,-15.386946930811945,4.0,-0.4207556434533881
67546,-1.9031927137267934,-2.2425245867571477,0.0,0.3393318730303543
67588,-4.182722649159456,-4.320002417692266,0.0,0.1372797685328102
67614,-0.3655029620780486,-0.6194618779225924,0.0,0.25395891584454383
67785,-19.754244510462566,-20.262267718076224,7.0,0.5080232076136575
67922,-28.39051767324197,-28.201149266499964,10.0,-0.1893684067420054
68051,-13.37383527063933,-13.06376130842162,3.0,-0.3100739622177091
68110,-3.0427031801561224,-3.9098628219564615,0.0,0.8671596418003391
68241,-11.624310771159264,-11.159203446615113,2.0,-0.46510732454415127
68328,-30.52257203004049,-30.57559814023224,11.0,0.05302611019175174
68502,-5.064399202945268,-5.1190932996544225,1.0,0.05469409670915493
68514,-1.3608777947523725,-1.614970847226225,0.0,0.2540930524738525
68553,-0.16041337333579128,-0.3114895360182539,0.0,0.15107616268246263
68715,-8.935558376449658,-8.723996923715656,2.0,-0.21156145273400107
68826,-14.597240068068793,-14.48159926478426,4.0,-0.11564080328453308
68857,-6.8898744307451905,-5.428333015343909,1.0,-1.4615414154012818
68896,-16.74816017308209,-17.1156337835602,5.0,0.36747361047810756
68965,-5.59703469098747,-5.7678956498898675,1.0,0.17086095890239772
69166,-7.898313367409553,-7.375434772822747,1.0,-0.522878594586806
69182,-10.175777751432795,-9.595656234188327,2.0,-0.5801215172444678
69279,-70.23161975258071,-70.07851389973612,15.0,-0.15310585284458966
69353,-9.800475593772795,-9.43953563129017,2.0,-0.3609399624826253
69462,-12.113073570011014,-12.487413839456485,3.0,0.3743402694454705
69560,-24.63592316628194,-26.05649716526521,7.0,1.4205739989832686
69587,-4.910468491613883,-4.784608766204377,1.0,-0.12585972540950596
69662,-17.27290747130274,-17.489542321688393,4.0,0.21663485038565256
69685,-3.033382817685293,-2.9576732756090593,0.0,-0.07570954207623348
69726,-41.57368008809326,-41.38285539290752,13.0,-0.1908246951857393
69750,-15.693026288949923,-15.732364381646212,4.0,0.03933809269628874
69878,-49.36241845998134,-49.31896465804672,15.0,-0.04345380193462489
69885,-25.736234903646807,-24.02711262282327,5.0,-1.7091222808235358
69989,-20.527526043451203,-20.26596684667882,6.0,-0.26155919677238515
70047,-6.711339931548566,-6.744041881872771,1.0,0.03270195032420542
70222,-5.255470050846846,-5.751401524519594,1.0,0.4959314736727487
70225,-2.7790656079677576,-2.989234105536554,0.0,0.2101684975687963
70237,-8.144354438604008,-8.271490593497012,2.0,0.12713615489300345
70296,-0.6015246490260893,-1.0490467366684362,0.0,0.4475220876423469
70324,-26.150841939274542,-25.67922890330812,7.0,-0.4716130359664241
70413,-8.706187008794435,-9.235230705211563,1.0,0.5290436964171281
70518,-36.9139051766053,-37.17849417447993,15.0,0.2645889978746325
70523,-29.730234245221908,-29.509604453867617,7.0,-0.22062979135429117
70536,-3.8903831116847876,-3.6498887604070873,0.0,-0.24049435127770025
70583,-33.6445667791565,-25.007582278862373,5.0,-8.636984500294126
70668,-37.48774414760545,-36.6240756679978,10.0,-0.8636684796076466
70692,-21.052119752336296,-21.735411506132124,6.0,0.6832917537958281
70755,-20.03918951647913,-19.493748227876903,4.0,-0.5454412886022268
70832,-16.183338002494708,-16.489026351055006,4.0,0.3056883485602988
70840,-18.231568377038343,-17.689654606928528,5.0,-0.5419137701098151
70900,-14.288445258462426,-16.245519083969754,3.0,1.9570738255073277
71020,-12.514492954189862,-11.845623629780128,3.0,-0.6688693244097337
71103,-0.9938209095583276,-1.2859700990655214,0.0,0.2921491895071938
71139,-40.07123665680775,-37.95129262524314,9.0,-2.119944031564607
71170,-42.568606127017034,-42.49086999134433,15.0,-0.07773613567270132
71172,-17.353220621700352,-16.892001623371314,4.0,-0.4612189983290378
71285,-43.40798460041797,-44.41405650006569,19.0,1.006071899647722
71335,-9.187261735287292,-9.02790162019135,2.0,-0.15936011509594117
71336,-6.372786634375519,-6.771772008588058,1.0,0.3989853742125389
71517,-67.12536766140649,-68.29769066542015,29.0,1.1723230040136627
71577,-25.303353791173485,-25.901568942851146,8.0,0.5982151516776604
71700,-45.1491769912768,-46.33705407287475,21.0,1.1878770815979465
71712,-15.403126104972799,-14.822380095058076,4.0,-0.5807460099147228
71823,-1.6824547852788043,-2.100943178598472,0.0,0.4184883933196677
71878,-58.87213169572378,-58.59303971193522,26.0,-0.27909198378856104
71990,-18.497656457837923,-18.414874433556356,5.0,-0.08278202428156689
72139,-40.539115921364385,-48.00515565661917,15.0,7.466039735254789
72308,-12.396682529898921,-12.176855474751216,3.0,-0.2198270551477055
72376,-1.1198999623100891,-1.5626743946733224,0.0,0.4427744323632332
72448,-1.146528480100461,-1.5803957888165354,0.0,0.4338673087160745
72646,-9.43750547098809,-8.920741058446529,2.0,-0.5167644125415602
72875,-30.09006019556858,-29.408411429486016,10.0,-0.6816487660825636
72889,-21.32131073530856,-20.890400191686144,7.0,-0.4309105436224172
72927,-1.3510841622728265,-2.2795890161643033,0.0,0.9285048538914769
72972,-42.20374395179462,-43.56899184791858,16.0,1.365247896123961
73022,-55.2335512637991,-56.322816903158035,23.0,1.0892656393589348
73039,-44.431882251890954,-49.27721921863056,20.0,4.845336966739609
73068,-5.305652983074217,-4.864572579649216,1.0,-0.4410804034250013
73183,-11.54620364102241,-11.727188998225545,3.0,0.18098535720313436
73194,-16.900636625638327,-17.072972668837984,5.0,0.17233604319965679
73262,-9.014870589036056,-9.0287339875079,2.0,0.01386339847184459
73264,-10.090163447910038,-10.36284404853499,2.0,0.2726806006249518
73342,-23.87398725321714,-23.941159125659237,7.0,0.06717187244209555
73427,-17.235692571568702,-17.23987841139543,4.0,0.00418583982672871
73452,-5.332174172255131,-5.154263772276979,1.0,-0.1779103999781526
73536,-34.65885753067327,-34.4843558029324,12.0,-0.1745017277408678
73560,-24.48961035588622,-24.460417733844658,8.0,-0.029192622041563254
73597,-21.18207618055586,-21.944524617494523,7.0,0.7624484369386622
73598,-40.57968744067267,-42.81691336719156,11.0,2.2372259265188887
73630,-3.9143387905522147,-4.199584356413826,1.0,0.28524556586161154
73731,-5.37625823138656,-5.158633737482262,1.0,-0.21762449390429772
73752,-35.44297692433831,-35.379323056087756,14.0,-0.06365386825055452
73785,-18.551988354128273,-18.43725429105664,5.0,-0.11473406307163359
73842,-24.254674731743492,-24.18561384711777,8.0,-0.06906088462572058
73844,-15.048106585602895,-14.052809211129397,3.0,-0.9952973744734983
73978,-5.1465164666175465,-5.634094933968085,1.0,0.4875784673505388
73979,-26.42795325053283,-27.29643771326213,9.0,0.8684844627292989
74076,-51.522619181504965,-50.28682441581385,23.0,-1.235794765691118
74128,-2.6097230968280902,-3.2444389970598957,0.0,0.6347159002318055
74287,-15.054737207262658,-15.007301879630589,4.0,-0.047435327632069146
74360,-13.091914356929196,-12.599043398186316,3.0,-0.49287095874288056
74450,-38.37202315834793,-38.66366256073751,14.0,0.29163940238957764
74463,-5.568847148110372,-5.3014323070583,1.0,-0.267414841052072
74472,-29.013527293371776,-31.52460468111137,10.0,2.5110773877395935
74548,-36.22252554631934,-37.74551216498994,13.0,1.5229866186706005
74609,-5.657820599655762,-5.3617012766033,1.0,-0.29611932305246125
74627,-11.879231240288215,-11.972373968293518,3.0,0.09314272800530254
74651,-18.219412950482727,-17.621222716852422,5.0,-0.5981902336303051
74734,-5.12314284324837,-5.336996337677619,1.0,0.21385349442924895
74749,-9.938593155876696,-9.636004773774724,2.0,-0.3025883821019715
74867,-41.6666584846463,-42.50344019736742,16.0,0.8367817127211197
74930,-1.542202325768679,-1.549584753250509,0.0,0.007382427481829934
74991,-14.131973951016864,-14.120716895777262,4.0,-0.011257055239601854
75026,-12.349049809149072,-12.006368202444788,3.0,-0.34268160670428394
75098,-34.92762656610367,-35.29089552841087,9.0,0.3632689623072025
75117,-21.43979783363012,-21.238158227038088,6.0,-0.20163960659203184
75254,-17.871199180210983,-17.62967936059553,5.0,-0.24151981961545133
75268,-7.646264923505916,-8.09147446044298,2.0,0.4452095369370639
75279,-11.066863173968876,-11.62477838780218,2.0,0.5579152138333043
75284,-12.807288365048043,-12.36824312411964,3.0,-0.4390452409284027
75292,-9.394351941323356,-9.201477835029436,2.0,-0.1928741062939192
75377,-8.76041881519369,-8.452635443886681,2.0,-0.30778337130700884
75410,-5.949123130100057,-6.242474764217479,1.0,0.29335163411742204
75512,-9.487519892257003,-9.142494436530658,2.0,-0.34502545572634524
75586,-0.8587832967314721,-1.7525882000396642,0.0,0.8938049033081921
75588,-3.166632808166785,-1.8684641251067615,0.0,-1.2981686830600234
75592,-35.18958117091267,-35.40219545087556,12.0,0.21261427996289228
75706,-1.87497505073023,-2.0354271189601723,0.0,0.16045206822994218
75774,-34.673286417457675,-34.56835276025954,11.0,-0.10493365719813141
75792,-5.357797693071177,-5.6420836124184,1.0,0.2842859193472229
75824,-76.39232204095632,-80.29945450910822,24.0,3.9071324681519
75866,-5.221999209514912,-5.11305539805038,1.0,-0.10894381146453203
75896,-7.733901053724119,-8.034235511395378,2.0,0.30033445767125944
75959,-6.121298377531163,-5.461622967917009,1.0,-0.6596754096141542
76038,-1.827852969145071,-3.3070038206559778,0.0,1.4791508515109069
76084,-11.036241670019333,-10.823409200486694,2.0,-0.21283246953263912
76273,-5.280189117091214,-5.256112957047656,1.0,-0.024076160043557948
76344,-8.077429737761925,-8.20509207122935,2.0,0.12766233346742517
76361,-1.3980376233983798,-1.8587645443324297,0.0,0.4607269209340499
76451,-19.88694151890174,-19.124518339955067,5.0,-0.7624231789466727
76619,-22.135258881164706,-21.481963754170785,6.0,-0.6532951269939211
76785,-23.166391465972165,-22.351826328297737,5.0,-0.8145651376744283
76822,-39.52708703905857,-39.83454776734278,16.0,0.30746072828420523
76848,-20.473754410389454,-20.695285448436852,6.0,0.2215310380473987
76934,-38.4809821144975,-37.14774327829261,15.0,-1.3332388362048917
77009,-1.3867671890824569,-1.9883651207395192,0.0,0.6015979316570623
77066,-36.017316219611175,-36.02616480032914,14.0,0.00884858071796657
77287,-21.950174687528268,-21.935425160044456,6.0,-0.01474952748381142
77318,-24.684862777360365,-24.249266934538465,7.0,-0.43559584282190045
77424,-14.869177944815286,-14.589608962200131,4.0,-0.27956898261515484
77440,-68.67846344135006,-72.59243866951553,28.0,3.9139752281654694
77512,-53.898617685283384,-53.51266529722997,25.0,-0.38595238805341125
77520,-5.251695851112031,-5.668524914563058,1.0,0.41682906345102655
77559,-0.5388935988744616,-1.015006973892109,0.0,0.4761133750176474
77572,-0.2656850672796602,-0.3734154280810975,0.0,0.10773036080143733
77637,-47.90041583770288,-49.12843278399409,21.0,1.2280169462912127
77640,-7.136978203930963,-6.822001001625273,0.0,-0.31497720230569026
77663,-12.96380268194015,-12.8387009974052,3.0,-0.1251016845349504
77710,-9.222402831627225,-9.146316519061491,2.0,-0.0760863125657334
77728,-51.13836830310232,-53.29703740219829,19.0,2.158669099095974
77734,-15.444297042938528,-15.046565892616018,4.0,-0.3977311503225103
77828,-31.746653367872003,-32.50942847673571,12.0,0.7627751088637034
77879,-9.663970435686657,-9.744547444420023,2.0,0.08057700873336593
78166,-14.404097239384825,-13.977853646201565,3.0,-0.4262435931832602
78515,-52.02598853086255,-55.09756758376187,14.0,3.071579052899324
78532,-20.432667313405908,-19.77913175510771,6.0,-0.6535355582981985
78824,-9.143330885717862,-8.961711585970697,2.0,-0.18161929974716529
78950,-7.28654023542255,-7.64343733758396,1.0,0.35689710216141
79136,-42.659514275744925,-41.898637442863496,19.0,-0.7608768328814293
79179,-5.177740359298986,-5.109991278258995,1.0,-0.06774908103999078
79203,-2.9400726483978783,-3.0782557620473567,0.0,0.13818311364947844
79220,-1.3590664599495519,-0.8744510970245586,0.0,-0.4846153629249933
79253,-17.250851358518478,-17.195198353397558,5.0,-0.055653005120920085
79295,-1.9720448086053557,-2.960496186080838,0.0,0.9884513774754822
79297,-18.19567787640068,-17.64627584106349,5.0,-0.5494020353371916
79326,-1.0059515136346977,-1.6923667156461557,0.0,0.686415202011458
79430,-5.989548606913344,-6.030169254290893,0.0,0.040620647377549446
79457,-4.697117767579637,-4.725583233869438,1.0,0.028465466289801178
79511,-33.97065942210168,-33.96472482843638,13.0,-0.005934593665301691
79612,-5.512140160564038,-5.690820755117264,1.0,0.17868059455322616
79641,-1.1253180262549773,-1.239647655259165,0.0,0.11432962900418775
79693,-9.072101311917793,-9.02584228440647,2.0,-0.04625902751132216
79808,-8.967645842936925,-8.933965860590243,2.0,-0.03367998234668157
79849,-21.166487460616406,-20.90639012072165,6.0,-0.2600973398947559
79890,-1.0825824220381954,-1.3051075079530252,0.0,0.22252508591482978
79922,-1.1663682005135605,-1.1863559941192914,0.0,0.019987793605730886
80006,-30.16829634498937,-29.748100171709385,11.0,-0.42019617327998304
80071,-59.399633034581996,-62.72631792254459,22.0,3.3266848879625925
80101,-7.97520243720243,-8.361852933638426,2.0,0.3866504964359958
80374,-16.993038805586178,-16.74595735701837,4.0,-0.24708144856780834
80427,-0.46949951266430145,-0.7602187368806508,0.0,0.2907192242163493
80647,-52.91704761680908,-51.71575369116648,18.0,-1.2012939256425952
80907,-16.710757503574044,-16.193071437091476,4.0,-0.5176860664825682
80930,-17.939421525031158,-18.57474188279012,4.0,0.6353203577589639
80949,-53.787769414140215,-53.29247153849245,17.0,-0.49529787564776484
80959,-9.751916762608863,-9.332885458187766,2.0,-0.4190313044210967
80973,-8.033391585500873,-8.527358524849832,2.0,0.49396693934895985
81069,-14.446820848105384,-14.294312528865246,4.0,-0.15250831924013752
81174,-13.38926631639698,-12.748756449979757,3.0,-0.640509866417224
81253,-13.772422586717594,-13.399655056809856,3.0,-0.37276752990773865
81374,-7.456995469975781,-7.797236057702305,1.0,0.340240587726524
81383,-33.21337201652171,-32.547120244469305,9.0,-0.666251772052405
81403,-9.36381179605807,-9.296062712203735,2.0,-0.0677490838543342
81451,-64.9089972685833,-66.06535330063247,25.0,1.1563560320491604
81581,-10.003472955256383,-10.654357826417298,2.0,0.6508848711609154
81754,-49.252752985251234,-48.703483102316106,11.0,-0.5492698829351284
81872,-3.352894774148438,-2.9629232644378796,0.0,-0.3899715097105583
81945,-19.12095585256169,-18.411129751011146,5.0,-0.7098261015505436
82142,-41.44922820769833,-42.58402597306196,18.0,1.1347977653636292
82175,-27.162484659895593,-21.93742455258987,4.0,-5.225060107305723
82190,-20.367298428868615,-20.260227738266902,6.0,-0.10707069060171293
82303,-5.457501161332033,-5.264700053621156,1.0,-0.19280110771087688
82330,-37.49538113629018,-37.6679111050766,15.0,0.1725299687864208
82407,-17.380873923274393,-16.495422337649682,4.0,-0.8854515856247112
82519,-5.580212050224085,-5.086140557727862,1.0,-0.4940714924962224
82593,-2.1446801226131402,-2.6662055934437023,0.0,0.5215254708305621
82627,-25.272737011300983,-24.81242373082772,8.0,-0.4603132804732617
82716,-28.050495623411233,-28.05693861962238,9.0,0.006442996211145413
82745,-19.106379108706324,-18.88329233675572,5.0,-0.2230867719506051
82761,-20.45268906355718,-20.01854852381748,6.0,-0.4341405397397011
82887,-18.882765657305594,-18.518696938369676,5.0,-0.3640687189359184
83246,-20.072213986550913,-19.402089619252624,6.0,-0.6701243672982891
83427,-52.67659687045597,-54.360341468265005,19.0,1.6837445978090386
83506,-24.73822846186229,-24.74578727562569,9.0,0.0075588137634028385
83547,-77.30699616874269,-75.92419378672304,41.0,-1.3828023820196478
83559,-10.1588471277732,-10.830754722510909,1.0,0.6719075947377089
83616,-8.74305834531993,-8.853473844757094,2.0,0.11041549943716333
83905,-42.37721465463051,-43.48775056135831,18.0,1.1105359067278044
83911,-1.6794634235094354,-2.071764796098057,0.0,0.39230137258862174
83989,-58.52870927460211,-59.07507815531692,16.0,0.5463688807148159
84129,-8.22500090295767,-7.802921350550122,1.0,-0.42207955240754735
84163,-28.668408444913734,-30.09109414190257,9.0,1.422685696988836
84215,-11.806404029078175,-12.150013526720087,3.0,0.3436094976419124
84378,-16.669196378184214,-16.59576799791728,5.0,-0.07342838026693244
84408,-0.5760564597233051,-0.825078940629,0.0,0.2490224809056949
84424,-7.249125279258687,-6.809429541716981,1.0,-0.43969573754170543
84563,-8.980268428636784,-8.763769874655118,2.0,-0.2164985539816655
84610,-5.31279766762352,-5.252477539221075,1.0,-0.06032012840244505
84630,-36.968693414731526,-34.81060932772286,8.0,-2.1580840870086675
84717,-9.115790137486535,-8.186801589322924,0.0,-0.9289885481636109
84782,-21.87160853258701,-21.472733962713203,5.0,-0.39887456987380787
84816,-66.85655590159085,-71.10344292648448,23.0,4.246887024893624
84892,-26.632321772216056,-26.63672278120491,8.0,0.004401008988853761
84905,-15.651846967022413,-15.054842742538389,4.0,-0.5970042244840243
84980,-2.1236520245816792,-2.587366364844154,0.0,0.4637143402624746
84997,-38.57835915496673,-39.13021282422856,14.0,0.5518536692618241
85183,-116.32687657673114,-110.02346640965678,70.0,-6.303410167074361
85338,-40.18624432896914,-40.49511161957008,16.0,0.30886729060094353
85421,-28.576131825956676,-28.93574480543768,10.0,0.35961297948100324
85486,-5.354622904011239,-5.22673801401665,1.0,-0.12788488999458902
85542,-8.37693534639025,-8.347913783179226,2.0,-0.029021563211022894
85551,-0.35691983020241935,-0.503066902999528,0.0,0.1461470727971087
85562,-26.189872646456323,-25.655998438034416,8.0,-0.5338742084219064
85730,-51.47297036553504,-53.26298229777672,24.0,1.7900119322416828
85748,-5.067303293723226,-5.244609908505734,1.0,0.1773066147825082
86018,-5.665425092811586,-5.9040001779051545,1.0,0.23857508509356862
86077,-40.35719390591391,-40.29520168583649,19.0,-0.06199222007742122
86122,-12.936459541686029,-12.773211374598164,3.0,-0.16324816708786472
86394,-4.0317772598934605,-4.83932259910395,0.0,0.8075453392104892
86516,-7.213080377209989,-7.183656721542051,1.0,-0.029423655667938142
86696,-28.995702102035434,-28.60437671922448,10.0,-0.39132538281095464
86826,-46.841848550146196,-38.00073131857124,11.0,-8.841117231574955
86881,-38.49875427770982,-38.75227606316903,15.0,0.25352178545920623
86897,-18.528804662309483,-18.382090846502567,5.0,-0.14671381580691545
86903,-0.7444139065296288,-0.75437100043478,0.0,0.009957093905151204
86932,-32.133564095345896,-32.01278877763759,10.0,-0.12077531770830774
87060,-13.92799995230123,-14.148434114144068,4.0,0.2204341618428387
87244,-9.213512007595446,-9.057793421746934,2.0,-0.15571858584851128
87270,-0.815239970491468,-1.0187845753466762,0.0,0.2035446048552082
87279,-0.7525984837989887,-1.003114643890295,0.0,0.2505161600913062
87319,-1.5155574955507158,-1.8022327801658011,0.0,0.2866752846150853
87373,-16.685153163302893,-15.818283947129904,4.0,-0.8668692161729883
87485,-2.7478234351558646,-2.9515072621944505,0.0,0.2036838270385859
87766,-3.7542922307430846,-2.2298547965451294,0.0,-1.5244374341979552
87936,-9.33715542804606,-9.03634017101657,2.0,-0.3008152570294893
87969,-9.290930255522415,-8.734272646776253,2.0,-0.5566576087461623
88180,-28.80971489099904,-28.34015850609847,10.0,-0.46955638490057083
88305,-4.9025623563819805,-5.179406762605433,1.0,0.27684440622345274
88347,-14.821705774662501,-14.527693989221206,3.0,-0.29401178544129536
88366,-14.439776486805028,-12.962068286940502,3.0,-1.4777081998645265
88370,-23.386603015362873,-23.732455171449455,8.0,0.3458521560865826
88552,-20.036783864618105,-19.903937485562984,6.0,-0.13284637905512042
88633,-5.334495978700769,-5.223698556159536,1.0,-0.11079742254123293
88930,-5.393349740922493,-5.399567426186879,1.0,0.006217685264386041
89236,-33.73467088354472,-33.69930249602383,13.0,-0.03536838752089011
89239,-20.27063249583982,-19.39322587732913,5.0,-0.8774066185106904
89711,-4.288017646959117,-4.479691606577577,1.0,0.19167395961846
89747,-26.38634084015316,-27.418993326570565,9.0,1.0326524864174047
89894,-9.092453501364242,-8.95704249230135,2.0,-0.13541100906289216
90065,-57.537309052467855,-59.752723554249606,25.0,2.2154145017817513
90087,-1.0393892359144425,-1.283145911550717,0.0,0.24375667563627457
90181,-1.2084441802553236,-1.7648699158029395,0.0,0.5564257355476159
90296,-0.9298014246385506,-1.402710685543493,0.0,0.47290926090494234
90360,-1.1117744168557795,-1.2822597216210787,0.0,0.17048530476529922
90372,-9.311005925446134,-9.652010717306366,2.0,0.34100479186023236
90446,-5.545601742659678,-5.246164286131572,1.0,-0.29943745652810616
90450,-37.90281589829104,-35.99872356789478,8.0,-1.90409233039626
90611,-14.155935400520226,-13.133071859591144,3.0,-1.022863540929082
90659,-23.09486133675183,-23.222327649217764,5.0,0.1274663124659341
91079,-5.6713989469099655,-5.421609724108093,1.0,-0.24978922280187277
91169,-25.26187191767619,-25.11554929766577,8.0,-0.1463226200104195
91223,-8.82163296890318,-8.165383205425835,1.0,-0.6562497634773443
91241,-26.402507019707784,-27.018802333891728,8.0,0.6162953141839438
91253,-30.9381069335181,-30.85760617853222,11.0,-0.08050075498588072
91350,-1.644497522880185,-2.1444126182756773,0.0,0.4999150953954923
91358,-5.289369382286696,-5.4520848529137345,1.0,0.16271547062703817
91393,-15.12143763562876,-14.988760530645656,4.0,-0.13267710498310414
91532,-1.2750727075894273,-1.4094741974913083,0.0,0.13440148990188105
91843,-38.01257861611318,-35.31265055751669,9.0,-2.699928058596491
91849,-10.028066342974855,-8.947983652709773,1.0,-1.0800826902650815
91914,-57.806742823121716,-75.27709088167569,22.0,17.470348058553974
92072,-2.191741652578054,-2.782193641305022,0.0,0.5904519887269677
92084,-17.266301177630808,-16.925885092350782,4.0,-0.340416085280026
92098,-0.6445766557327172,-0.7951829762523842,0.0,0.15060632051966705
92373,-20.460434328941812,-19.878119260434833,6.0,-0.5823150685069791
92398,-19.384354588416603,-18.551897593956717,5.0,-0.8324569944598856
92479,-18.74589083092251,-18.291956374515152,5.0,-0.45393445640735663
92515,-14.196726532508771,-14.121888237515712,4.0,-0.07483829499305905
92593,-28.42262844234316,-28.269899555736995,10.0,-0.15272888660616601
92665,-26.627571658770695,-26.466861299072676,6.0,-0.16071035969801883
92827,-5.371455542358588,-5.648390636189806,1.0,0.2769350938312174
92836,-9.07707434137169,-8.861140468655885,2.0,-0.2159338727158051
92838,-37.18246816692611,-37.58832636905977,17.0,0.40585820213366475
92912,-13.529189121683457,-14.370793811513314,2.0,0.8416046898298575
92930,-6.592339319050751,-6.63553064740274,1.0,0.04319132835198847
92988,-15.640195553881846,-15.935570591889228,4.0,0.2953750380073821
93009,-40.801491577471545,-40.91919115011077,17.0,0.11769957263922493
93082,-0.8775205222702651,-1.2496224223818355,0.0,0.3721019001115704
93111,-12.301022641228869,-12.25112953369474,3.0,-0.049893107534128234
93236,-26.26895564089392,-25.691785404381665,8.0,-0.5771702365122557
93283,-55.36792447008787,-55.01957204254373,29.0,-0.34835242754414253
93306,-16.21849252019955,-16.76452846655279,5.0,0.5460359463532392
93311,-22.594656770085038,-26.360497058342727,6.0,3.7658402882576887
93361,-1.2095652281796385,-1.2732528726180168,0.0,0.06368764443837827
93362,-0.8959449837008867,-1.0715400038690628,0.0,0.17559502016817607
93367,-98.3554812467964,-92.89569540011053,55.0,-5.459785846685875
93464,-1.067681819469282,-1.1479272530999498,0.0,0.08024543363066772
93656,-23.926043721059607,-24.296636391920185,7.0,0.370592670860578
93662,-22.038720665391413,-21.11287475423274,5.0,-0.925845911158671
94091,-6.3884132731465195,-5.0429347682123735,1.0,-1.345478504934146
94163,-9.881965088068847,-10.142434991894095,2.0,0.26046990382524804
94288,-12.846967857807574,-12.25324425136994,3.0,-0.5937236064376332
94316,-5.696954037287032,-5.585784069328177,1.0,-0.1111699679588547
94341,-0.8801856700821243,-1.224057867276857,0.0,0.3438721971947326
94345,-32.696096490976714,-32.66379350468674,11.0,-0.0323029862899773
94414,-103.3008898876544,-111.40237604869004,52.0,8.101486161035638
94486,-1.5442782383267812,-2.085004576696818,0.0,0.5407263383700367
94755,-9.31670041509711,-8.95589204774241,2.0,-0.3608083673547
95083,-19.603783807647336,-23.453078337035308,4.0,3.849294529387972
95184,-24.525677448565766,-24.129715944748742,7.0,-0.39596150381702344
95245,-4.379537263781661,-4.2895702963031095,0.0,-0.08996696747855193
95253,-19.339383283763524,-19.761020371098382,6.0,0.42163708733485805
95460,-6.349093207681031,-6.179713114350043,1.0,-0.16938009333098858
95474,-0.9804451427734443,-1.2758802243863068,0.0,0.29543508161286247
95521,-8.961142077116037,-9.234215274389152,2.0,0.2730731972731153
95632,-25.20436902225253,-25.91554699719766,9.0,0.7111779749451301
95704,-14.009623645859161,-14.880091773030273,3.0,0.8704681271711117
95806,-21.424181000425616,-21.457938453252822,6.0,0.033757452827206436
96042,-10.514585979851311,-11.016968728202311,2.0,0.5023827483509997
96157,-5.006553476258296,-4.534595646674378,0.0,-0.47195782958391774
96172,-98.18980061101011,-97.12207029663564,37.0,-1.0677303143744723
96188,-17.043308764749877,-17.49178685753778,5.0,0.4484780927879015
96273,-58.616934888697656,-61.06981208479939,28.0,2.4528771961017313
96281,-8.620662437304656,-7.605748377735464,1.0,-1.0149140595691915
96291,-1.0955282948436245,-1.114125903491566,0.0,0.018597608647941577
96323,-11.248751509575307,-11.547154685232288,3.0,0.29840317565698093
96327,-57.671139311806726,-55.97904863497882,24.0,-1.6920906768279096
96361,-28.72724782056677,-28.747853668308856,10.0,0.02060584774208607
96388,-17.907667574049473,-18.004869924003202,5.0,0.09720234995372934
96393,-13.471366784724914,-15.733715930651432,4.0,2.2623491459265175
96636,-5.9566656080796285,-7.783342242263356,0.0,1.8266766341837277
97093,-174.2801928365814,-168.72950147305522,60.0,-5.55069136352617
97191,-28.08424806978984,-27.501057799246365,8.0,-0.5831902705434757
97219,-26.37418680765674,-27.08636788695179,8.0,0.7121810792950498
97319,-13.106833195005073,-10.648120457495793,2.0,-2.4587127375092805
97359,-8.405713807271376,-8.467768631978503,2.0,0.06205482470712731
97406,-57.20677114169645,-56.53707579542797,30.0,-0.6696953462684831
97578,-23.460321040064844,-23.20025735002576,7.0,-0.260063690039086
97603,-14.615434644893247,-14.765222345837037,4.0,0.14978770094379001
97667,-24.91119183199206,-26.63632280652912,7.0,1.725130974537059
97734,-63.65629252285006,-67.4352995117493,26.0,3.7790069888992477
98334,-1.6105328222437711,-1.955506546087946,0.0,0.3449737238441748
98448,-5.806235103560327,-5.7565288180584995,1.0,-0.0497062855018271
98577,-13.588150397624613,-12.822586623749425,3.0,-0.7655637738751881
98649,-8.946213963713936,-8.685215976514446,2.0,-0.26099798719948986
98711,-56.38815782710306,-55.74750871003386,28.0,-0.640649117069195
98756,-24.144000748948976,-24.13629949565275,6.0,-0.00770125329622573
98979,-10.95323804670834,-11.49869203159209,1.0,0.5454539848837516
99053,-34.50015113099241,-41.48553461685059,10.0,6.985383485858186
99093,-25.06769280103842,-23.56624347851935,5.0,-1.5014493225190684
99115,-19.1037005706512,-18.24833742583817,5.0,-0.8553631448130297
99336,-14.901871888947595,-14.658081638770913,4.0,-0.24379025017668177
99358,-51.62415941382891,-52.347603264983206,18.0,0.7234438511542933
99493,-8.905208008828074,-8.584170337488583,2.0,-0.3210376713394911
99494,-5.00803371268325,-4.747391633365305,1.0,-0.2606420793179458
99514,-27.971053622000216,-27.99494053665007,10.0,0.023886914649853708
99576,-11.94523436269652,-11.76558860488468,2.0,-0.1796457578118389
99581,-5.258122449857259,-5.225805983689552,1.0,-0.03231646616770689
99721,-12.432547510773514,-12.206861394258205,3.0,-0.225686116515309
99981,-21.21382997470839,-20.835275519132455,6.0,-0.3785544555759337
99982,-67.92955381990942,-65.26931236385418,13.0,-2.660241456055232
100055,-17.177399449906883,-20.202244849242454,3.0,3.0248453993355717
100085,-5.623088952840805,-5.676227410744948,1.0,0.05313845790414362
100333,-10.049909694407518,-9.835684923548229,2.0,-0.21422477085928904
100473,-10.063299929614628,-9.536816191577005,2.0,-0.5264837380376228
100493,-12.88755946189838,-12.669557609570935,3.0,-0.21800185232744518
100712,-28.25713525824635,-31.048709846816013,7.0,2.791574588569663
100782,-33.932599453161544,-33.82438069977106,13.0,-0.10821875339048148
100786,-15.695686125361402,-14.647312896526476,3.0,-1.048373228834926
100882,-11.316512367209043,-10.4962760539201,2.0,-0.8202363132889428
100897,-0.5452824678285867,-0.712950781956936,0.0,0.16766831412834926
100942,-14.007651056938704,-14.06572327510323,4.0,0.05807221816452568
100990,-1.2056811115252508,-1.539458694369303,0.0,0.3337775828440521
101030,-13.879560557234786,-13.904613212409387,4.0,0.025052655174601313
101032,-9.774333726034627,-10.019454416693277,2.0,0.24512069065865028
101068,-17.50281548696651,-17.581772571310246,5.0,0.07895708434373461
101241,-177.45375590951883,-149.9787967566233,126.0,-27.474959152895536
101519,-19.131784370559412,-19.729525121890344,5.0,0.5977407513309316
101827,-1.0353108251894825,-1.210968406600732,0.0,0.17565758141124954
101875,-26.833520677607364,-26.82107401543363,9.0,-0.012446662173733358
101913,-10.377459828545113,-10.043660749509185,2.0,-0.33379907903592887
101926,-0.7953347624432464,-1.2238400685066175,0.0,0.4285053060633711
101931,-19.27962220028593,-18.89657676511059,4.0,-0.3830454351753403
101942,-8.408637140087572,-8.374809953182828,2.0,-0.03382718690474462
101986,-0.5734829835859261,-1.0048954691408425,0.0,0.4314124855549164
102043,-113.40667998423669,-104.95810940505956,60.0,-8.44857057917713
102107,-6.86988391278967,-6.740281172215673,1.0,-0.129602740573997
102145,-12.17187227650519,-11.921157388553546,3.0,-0.250714887951645
102188,-15.442506843699418,-17.738193980007278,4.0,2.29568713630786
102473,-11.33132599864049,-10.160044797778506,0.0,-1.1712812008619853
102576,-31.956059140443315,-31.64026382161131,8.0,-0.31579531883200573
102617,-42.38829093946336,-44.36228408958622,19.0,1.9739931501228583
102684,-19.92341007156601,-19.0743241998314,4.0,-0.8490858717346121
102696,-1.2505622658740247,-1.7080455443738982,0.0,0.45748327849987347
102721,-0.16344566619262446,-0.1990102988210796,0.0,0.035564632628455134
102734,-231.63554712639407,-180.5231181297549,190.0,-51.11242899663918
102854,-9.908177316022561,-9.17889472303844,2.0,-0.7292825929841218
102862,-20.66895267871448,-21.12153385150785,5.0,0.4525811727933693
102900,-13.893311244679765,-13.65217236427401,3.0,-0.24113888040575482
102997,-81.89015812464764,-84.78942130851067,39.0,2.8992631838630274
103012,-44.509797895114716,-44.80380373152529,13.0,0.29400583641057665
103105,-20.059072089923713,-19.637207062459883,4.0,-0.4218650274638307
103157,-23.069952395777705,-23.03996846741,7.0,-0.029983928367705914
103184,-12.412300062214808,-12.535418959539564,3.0,0.12311889732475656
103315,-13.42724710943003,-12.87682348757466,3.0,-0.5504236218553711
103355,-14.008039028659283,-14.573659333539291,4.0,0.5656203048800084
103384,-11.307194485986187,-11.683878597730674,3.0,0.37668411174448657
103410,-5.816957914637847,-6.730809390690484,1.0,0.9138514760526375
103785,-1.2079181211212109,-1.5764344360883988,0.0,0.36851631496718795
103799,-35.22473525771561,-38.42787352380396,15.0,3.2031382660883523
103815,-47.55945536911634,-47.67751421766357,22.0,0.11805884854722848
103837,-50.88525761836723,-51.29034493081164,21.0,0.4050873124444152
104002,-5.710246431714867,-5.16892752708912,1.0,-0.5413189046257472
104011,-23.15550050354607,-22.595731155246916,7.0,-0.5597693482991524
104039,-11.65880729652351,-11.662320219124773,3.0,0.0035129226012635684
104058,-0.48616545898066654,-1.084529307917935,0.0,0.5983638489372685
104116,-1.1077238291764435,-1.611775751806447,0.0,0.5040519226300035
104168,-23.773743070185564,-21.4688911526752,5.0,-2.304851917510362
104191,-14.468286438320769,-14.386782866113728,4.0,-0.08150357220704052
104334,-16.944504494122672,-16.710528767426048,5.0,-0.2339757266966238
104415,-11.479075317659568,-11.547219356863712,3.0,0.06814403920414414
104508,-39.72591754056672,-41.719059541265224,14.0,1.993142000698505
104647,-16.104549965917233,-17.53561154050437,4.0,1.4310615745871367
104716,-34.36002216734924,-38.12432254019101,12.0,3.7643003728417668
104754,-17.470430959839184,-17.179103139156073,5.0,-0.2913278206831116
104777,-26.66968711082544,-26.429299360018764,8.0,-0.24038775080667563
104958,-15.267048903721623,-14.98589877133454,4.0,-0.28115013238708286
104974,-5.221282320047891,-5.107016504897742,1.0,-0.11426581515014878
105059,-15.233401874920574,-14.780441692901004,4.0,-0.4529601820195701
105077,-21.43044874191619,-21.1499410852414,6.0,-0.2805076566747893
105161,-53.04331119983234,-58.77097005807904,20.0,5.7276588582466985
105175,-22.41695534044281,-24.30337250957256,5.0,1.88641716912975
105330,-35.69248048448992,-35.626957458630336,13.0,-0.06552302585958358
105359,-18.896223639063848,-19.723084963053715,6.0,0.826861323989867
105408,-54.61530899502548,-53.49287112593527,27.0,-1.1224378690902128
105459,-9.192285654316068,-8.872042503736242,2.0,-0.32024315057982555
105911,-0.8273482252569575,-0.9814302578266766,0.0,0.15408203256971909
105966,-23.29147594205001,-22.78084356413204,8.0,-0.5106323779179682
106186,-26.102789618385025,-29.718202765664724,8.0,3.6154131472796998
106205,-3.736942745091151,-3.889694495234366,0.0,0.15275175014321496
106336,-20.256136310359203,-19.783512122083515,6.0,-0.4726241882756881
106488,-5.468103582977748,-5.345441344155849,1.0,-0.1226622388218992
106582,-1.603849240443439,-1.728610033980214,0.0,0.12476079353677494
106611,-16.626487717048896,-15.90220288992324,4.0,-0.7242848271256559
106639,-1.1277691146038695,-1.3016781580710757,0.0,0.17390904346720615
106809,-20.112916515980032,-19.44044947029885,5.0,-0.6724670456811808
106982,-7.707581867306552,-5.949548151069495,1.0,-1.7580337162370574
107161,-37.81015985271092,-37.054573679250865,12.0,-0.7555861734600526
107246,-5.497921539800609,-6.193811690748426,1.0,0.6958901509478164
107307,-28.30068109641732,-28.37289188434872,8.0,0.07221078793140023
107681,-8.550052450155572,-8.72321461346823,2.0,0.1731621633126572
107695,-22.39102691558596,-22.417203697445625,7.0,0.026176781859664544
107708,-0.7134907654048687,-1.2838397808994697,0.0,0.570349015494601
107732,-1.2075793599674154,-1.6914136795231831,0.0,0.4838343195557677
107764,-1.2328535602947834,-1.5678363484015434,0.0,0.33498278810675997
108056,-13.0572503173761,-12.722535100523212,3.0,-0.33471521685288863
108082,-60.77397643976004,-59.42095816135078,28.0,-1.3530182784092588
108089,-8.078305508591821,-8.404673585056463,2.0,0.3263680764646413
108109,-5.212143778392272,-5.024264627087913,1.0,-0.18787915130435895
108228,-16.842208644756216,-17.436480693209962,4.0,0.594272048453746
108357,-5.951374988451853,-5.678979257070771,1.0,-0.2723957313810823
108531,-74.37831732891526,-71.20481067216988,32.0,-3.1735066567453742
108623,-8.502967253957166,-8.799492607847625,2.0,0.2965253538904591
108878,-5.06946773267828,-5.055615453367005,1.0,-0.013852279311275417
108900,-39.025848800675725,-38.94013732385223,17.0,-0.08571147682349789
108979,-18.511199781842613,-18.87637095474672,6.0,0.3651711729041054
108982,-16.41831184673008,-16.295478861549984,4.0,-0.12283298518009644
109154,-17.65381970044354,-17.238481189910388,4.0,-0.41533851053315374
109158,-24.58153813875592,-19.9874673092864,4.0,-4.594070829469519
109402,-11.7390743693506,-12.079534086076814,2.0,0.34045971672621356
109565,-59.9233638218786,-60.91694557988112,27.0,0.9935817580025201
109566,-38.46279962967976,-39.96029974992081,13.0,1.4975001202410496
109593,-40.37912552203723,-48.64286494931696,18.0,8.26373942727973
109630,-41.57469699974625,-41.93864182393595,16.0,0.3639448241897014
109646,-5.537463867619042,-5.72677418408832,1.0,0.1893103164692782
109748,-30.37261963947344,-30.97198513759359,10.0,0.5993654981201502
109775,-41.302324517874034,-41.11260335703762,15.0,-0.1897211608364131
109777,-72.28973008257343,-68.84033325700939,45.0,-3.449396825564037
109819,-102.96900077250956,-102.08488046191756,20.0,-0.8841203105919959
109933,-30.924494195035535,-31.16238955747549,10.0,0.23789536243995357
109944,-14.761836540004683,-14.738329948455693,4.0,-0.023506591548990485
109947,-6.119824609882,-6.280480628303228,1.0,0.16065601842122756
110015,-18.151302965132167,-17.783531293970523,5.0,-0.3677716711616448
110030,-0.28016574742323,-0.4999213326668109,0.0,0.21975558524358085
110059,-1.5382516958984558,-2.4100877489802546,0.0,0.8718360530817988
110083,-32.07285837899244,-32.540540529018166,13.0,0.46768215002572333
110142,-7.229749852629549,-6.6078445432148065,1.0,-0.6219053094147426
110174,-0.6338548591223245,-1.0476780013772446,0.0,0.4138231422549201
110187,-21.913870397938066,-20.85891307689071,6.0,-1.0549573210473575
110333,-25.838548123648838,-25.325063761354233,8.0,-0.513484362294605
110513,-27.96219914664088,-28.015339306615925,10.0,0.053140159975043844
110583,-0.5149896191802837,-0.8573540737634588,0.0,0.3423644545831751
110687,-15.292289150091,-15.172656441454034,4.0,-0.11963270863696529
110713,-26.164445951318488,-26.38171778819577,6.0,0.21727183687728058
110798,-5.3099273114356444,-5.207747411123072,1.0,-0.10217990031257251
110843,-18.10360925581813,-17.728977474177746,5.0,-0.37463178164038524
110882,-26.228409104079702,-27.375302835785025,7.0,1.1468937317053225
110962,-66.88771063541853,-66.25043258464667,29.0,-0.6372780507718545
111039,-23.424630540884177,-22.636700374780045,6.0,-0.7879301661041325
111175,-19.86459258254729,-19.902834905095695,5.0,0.038242322548406094
111256,-190.41537441063116,-205.9437386184184,49.0,15.528364207787234
111382,-14.33728466621384,-14.754578903560065,4.0,0.4172942373462245
111389,-7.647099400240759,-8.727737378552705,1.0,1.0806379783119464
111426,-12.269400069888777,-9.20109383572978,2.0,-3.068306234158996
111437,-7.626298852388233,-7.369964347003033,1.0,-0.2563345053852002
111488,-14.812175373456938,-14.623625985190095,4.0,-0.18854938826684275
111501,-5.691283502086687,-5.881791223472209,1.0,0.1905077213855222
111535,-6.83089091268728,-6.672686341228088,1.0,-0.15820457145919153
111624,-28.99908707995119,-29.43184732903716,9.0,0.43276024908596966
111658,-4.6321227373393725,-7.7401783609654435,0.0,3.108055623626071
111731,-26.70360896640197,-26.105275313942645,9.0,-0.5983336524593241
111887,-31.499414936441227,-31.15016719874303,10.0,-0.34924773769819595
111902,-1.924388406545355,-2.709281579796297,0.0,0.7848931732509421
111913,-12.559458030668432,-12.85887499014075,3.0,0.2994169594723175
111989,-6.084723041235143,-6.028380537635844,1.0,-0.05634250359929904
112141,-6.983521576142974,-6.426975320930468,1.0,-0.5565462552125062
112264,-15.307805430987335,-15.968659154533036,3.0,0.660853723545701
112423,-5.375012115776895,-4.255932090157179,0.0,-1.1190800256197155
112639,-1.8699243599828446,-2.9492441420847353,0.0,1.0793197821018907
112716,-216.79595050690008,-211.22678734278085,124.0,-5.569163164119232
112718,-0.18621585929647902,-0.7337579594406786,0.0,0.5475421001441996
113023,-17.82119251796605,-18.203678956012617,5.0,0.38248643804656624
113128,-5.261724722634089,-5.471824778523833,1.0,0.21010005588974412
113138,-11.832304955600247,-12.65666905602694,3.0,0.8243641004266937
113186,-6.828012754620139,-5.7184876079382425,0.0,-1.1095251466818965
113387,-26.506172412427354,-26.744792898863988,8.0,0.23862048643663414
113423,-11.865672328914325,-11.718864886493352,3.0,-0.14680744242097354
113470,-14.386075877866523,-14.487929812647634,4.0,0.10185393478111138
113552,-7.215021490544969,-6.270503856175202,0.0,-0.9445176343697677
113668,-21.863509274132117,-20.829234493680215,6.0,-1.0342747804519021
113792,-5.467666131632474,-5.2517013706719515,1.0,-0.21596476096052264
113934,-5.6325478776204925,-5.740064184449403,1.0,0.10751630682891022
113968,-30.5296009602822,-30.64830369046408,9.0,0.11870273018188016
114087,-19.381640590515783,-19.28099716035045,5.0,-0.10064343016533428
114177,-27.344056058902698,-27.242869070472715,8.0,-0.10118698842998342
114218,-5.2720472084117915,-5.233897409774488,1.0,-0.03814979863730361
114499,-19.025901524229706,-19.3411496900193,6.0,0.315248165789594
114519,-72.07555108284693,-77.51550938361889,26.0,5.439958300771963
114535,-9.11212852104583,-8.797701454971325,2.0,-0.3144270660745061
114573,-22.82026111223262,-22.519748858622112,7.0,-0.3005122536105098
114621,-33.280619655255684,-32.64679918091406,11.0,-0.6338204743416256
114656,-4.614057924448576,-4.507234512355199,1.0,-0.10682341209337753
114703,-21.919527639410084,-21.290962482811633,6.0,-0.6285651565984516
114834,-8.875630715415006,-8.792031719470362,2.0,-0.08359899594464437
114913,-19.63441393470316,-19.01454626421829,5.0,-0.6198676704848722
114984,-92.08296016782322,-88.69856745354187,42.0,-3.384392714281347
115064,-7.605976957249141,-7.875928068456908,2.0,0.2699511112077664
115198,-13.423944260885719,-12.400558969425646,3.0,-1.0233852914600732
115217,-24.05728411478439,-22.28134220237527,5.0,-1.7759419124091202
115314,-9.761174781246362,-9.7379409082718,2.0,-0.02323387297456314
115598,-66.81226627605004,-69.8444910999778,22.0,3.0322248239277627
115889,-1.5312944899030574,-2.283601121545831,0.0,0.7523066316427738
115898,-46.59006376248728,-46.52579784795483,23.0,-0.06426591453245578
115919,-26.14338584727821,-26.069622081929396,8.0,-0.07376376534881501
115994,-69.77257424395043,-69.92042252514868,28.0,0.14784828119825022
116025,-8.632037269832981,-8.526433461499112,2.0,-0.10560380833386951
116226,-1.887029631207256,-2.4895163291147875,0.0,0.6024866979075314
116270,-54.73690908622472,-54.89800445797584,26.0,0.16109537175111655
116288,-5.390242998677463,-5.229812618811659,1.0,-0.16043037986580444
116291,-5.661169734910028,-5.974844935468297,1.0,0.3136752005582686
116395,-0.5495492862635482,-0.791355377089359,0.0,0.24180609082581084
116429,-5.199742267936283,-5.139852143723503,1.0,-0.05989012421277984
116681,-3.9157593430842854,-4.272692163001776,0.0,0.3569328199174904
116844,-19.486018228479644,-18.44037373579607,5.0,-1.045644492683575
116877,-67.11567108480669,-66.0371956758833,28.0,-1.0784754089233957
116885,-16.413996760471626,-16.1452995093859,4.0,-0.26869725108572595
116923,-48.877991014386204,-49.29207862640305,19.0,0.41408761201684285
117035,-12.340428792200447,-11.906256630288803,3.0,-0.43417216191164343
117052,-5.370618698754108,-5.352785429203995,1.0,-0.01783326955011333
117106,-8.894311580504686,-8.828024366667472,2.0,-0.0662872138372137
117208,-17.756379364028017,-18.9719823923995,5.0,1.2156030283714827
117213,-30.380305452413623,-33.78530862579996,10.0,3.4050031733863406
117244,-5.027625487657113,-5.092768819417328,1.0,0.0651433317602148
117246,-12.492421072842651,-12.278343179903546,3.0,-0.2140778929391054
117411,-32.60067860420962,-32.49825340488527,11.0,-0.10242519932435101
117519,-17.033261829210627,-17.34854459440238,5.0,0.31528276519175336
117597,-12.756466643019687,-12.434755631467668,3.0,-0.32171101155201853
117784,-1.093753823570455,-1.2747476532274111,0.0,0.1809938296569562
117785,-1.4154078474004308,-2.50296126479457,0.0,1.087553417394139
117943,-74.36858628862137,-80.62760256587583,26.0,6.25901627725446
117967,-16.96984396247809,-16.80281532706551,5.0,-0.1670286354125814
118041,-11.513199390552334,-11.200811669154856,2.0,-0.31238772139747795
118042,-18.053135895812733,-17.828719507930874,5.0,-0.2244163878818597
118140,-35.85898996332704,-35.95593903453358,14.0,0.09694907120653795
118233,-23.25651269015371,-23.244805963881277,7.0,-0.011706726272432633
118397,-1.8880644902885353,-2.1288154226808116,0.0,0.2407509323922763
118461,-51.74474385655624,-56.663245804588854,24.0,4.918501948032613
118491,-18.80633044311866,-18.028022059361824,4.0,-0.778308383756837
118660,-12.257072504843427,-13.159309049519637,3.0,0.9022365446762102
118678,-14.626337476841506,-14.710903854464842,4.0,0.08456637762333585
118723,-5.344292026557215,-5.068347362145728,1.0,-0.2759446644114876
118798,-33.44679882012041,-33.4204728674459,10.0,-0.02632595267450455
118801,-9.297894458338723,-9.22472472771958,2.0,-0.07316973061914211
118941,-25.13880328280076,-24.84995511122652,7.0,-0.2888481715742408
119013,-5.693116408238651,-5.160107648103289,1.0,-0.5330087601353615
119214,-13.629914626155138,-12.977420388300846,3.0,-0.6524942378542917
119297,-23.11898616118331,-22.231589490216415,6.0,-0.887396670966897
119503,-34.38871356827613,-35.62211979530217,12.0,1.2334062270260375
119510,-33.04360033129429,-32.737173724910505,9.0,-0.3064266063837877
119531,-30.90828197640869,-32.13511394023802,10.0,1.22683196382933
119666,-13.38627186961211,-13.638432954681925,4.0,0.25216108506981527
119748,-1.5928139104173595,-1.8502358697673735,0.0,0.257421959350014
120158,-60.1822786424264,-59.05724426660381,30.0,-1.1250343758225867
120238,-23.66342630053243,-22.97768797564447,6.0,-0.6857383248879572
120255,-12.63779865511029,-12.440085927693142,3.0,-0.19771272741714796
120413,-17.404367174486456,-17.4498618057292,5.0,0.04549463124274311
120491,-5.752534373841981,-6.098035424232855,1.0,0.3455010503908742
120751,-36.273173764813535,-34.25650604757404,11.0,-2.0166677172394927
120757,-17.614698003422077,-17.591595712447774,5.0,-0.02310229097430394
120797,-17.490834100573956,-17.205409571760903,5.0,-0.2854245288130528
120850,-6.356664575475506,-6.284208894611595,1.0,-0.07245568086391074
121059,-12.051872910534366,-10.13379837402504,2.0,-1.9180745365093248
121132,-22.376006207493926,-22.537784588888524,7.0,0.16177838139459766
121169,-0.43572187031886817,-1.0084568570574215,0.0,0.5727349867385534
121381,-21.179959368099794,-19.8851443153463,5.0,-1.2948150527534956
121448,-12.751534786949343,-12.6875105259313,3.0,-0.0640242610180426
121633,-22.583938238830655,-22.36241947123827,7.0,-0.22151876759238576
121784,-17.610122112349153,-17.43163766122169,5.0,-0.17848445112746347
121828,-15.031454725833878,-14.944788863753915,3.0,-0.08666586207996296
121916,-36.800846475160284,-37.06594284243846,14.0,0.26509636727817565
122089,-10.182711012840944,-9.980842040954895,2.0,-0.20186897188604824
122109,-16.30292852589793,-16.357658222084392,5.0,0.05472969618646317
122131,-15.07744710818825,-14.89845345402223,4.0,-0.1789936541660211
122217,-149.60612999425834,-143.64849605782473,109.0,-5.957633936433609
122258,-3.3937385750431774,-4.030930876292008,0.0,0.637192301248831
122399,-17.89898963804695,-17.86581266807759,5.0,-0.03317696996935737
122595,-0.0875300551675876,-0.2672034553896609,0.0,0.1796734002220733
122671,-18.766873751565498,-16.498573038251187,4.0,-2.2683007133143107
122704,-24.037498585286205,-24.11868572137161,6.0,0.08118713608540418
122726,-0.9517104847957145,-1.291022851101173,0.0,0.33931236630545847
122786,-18.915618444106915,-18.388324484342405,5.0,-0.5272939597645099
122813,-23.03266990331875,-22.92737282581013,7.0,-0.10529707750862016
122829,-11.720079141754894,-12.950194236421217,1.0,1.2301150946663224
122849,-11.89772699615334,-11.44691732497174,2.0,-0.45080967118160054
122904,-35.64515243116903,-35.52140470779176,10.0,-0.1237477233772708
122906,-74.85124081027564,-78.30225326173378,38.0,3.4510124514581406
122928,-30.64481736341894,-29.85659198359949,9.0,-0.7882253798194512
122954,-8.446256587342251,-8.50233104683249,2.0,0.05607445949023848
122975,-30.314767588012604,-30.322204880065645,12.0,0.007437292053040778
123052,-12.551205905939545,-12.9257966285509,2.0,0.3745907226113552
123131,-15.47472748404551,-14.570972895626843,3.0,-0.903754588418666
123147,-43.37964567817749,-43.19909762483658,18.0,-0.18054805334090673
123283,-44.0970451132917,-44.18358623867856,17.0,0.08654112538685865
123456,-16.771161668379868,-16.226824414443264,4.0,-0.5443372539366038
123461,-6.843616158955697,-7.180003016696376,1.0,0.33638685774067856
123582,-2.2196969301546625,-2.505150136094212,0.0,0.28545320593954937
123600,-8.082597355104262,-7.801956817690242,1.0,-0.28064053741401995
123602,-15.110916237299241,-14.389084981836207,3.0,-0.7218312554630337
123716,-1.8317285044506024,-2.4413547715871515,0.0,0.6096262671365491
123754,-5.922677214463609,-5.8429821392581305,1.0,-0.07969507520547836
123761,-0.8089159199484113,-0.9852082735006062,0.0,0.17629235355219497
123780,-9.420357440203796,-9.106745642666034,2.0,-0.3136117975377619
124009,-15.534961550774328,-15.084642284225987,4.0,-0.4503192665483411
124038,-30.931336791655315,-39.767022171588295,11.0,8.835685379932979
124335,-32.70249761852935,-35.254959412798634,11.0,2.552461794269284
124436,-5.082154039304649,-5.009234412426379,1.0,-0.0729196268782708
124585,-22.03096563611396,-21.879003206420236,6.0,-0.1519624296937252
124622,-19.414956844822605,-18.772874126003835,5.0,-0.6420827188187701
124710,-17.32429340594257,-17.12824912948602,5.0,-0.19604427645655065
124887,-15.609073466089423,-14.827608795789184,4.0,-0.7814646703002399
125095,-16.194734020819105,-19.557154166842206,2.0,3.3624201460231014
125133,-6.911971705454703,-6.8841581105074265,0.0,-0.02781359494727642
125228,-0.9051346204835975,-1.2237093397960226,0.0,0.3185747193124251
125305,-3.8564036170555407,-4.441125247831751,0.0,0.5847216307762104
125357,-0.5117506998668842,-0.7942717849732658,0.0,0.28252108510638163
125470,-15.369929089087002,-14.21170540144945,3.0,-1.1582236876375518
125730,-8.25946785304,-7.458230411509208,1.0,-0.8012374415307919
125860,-1.9142561020290436,-2.478640091164432,0.0,0.5643839891353883
125906,-6.346714517395804,-6.069928863028292,1.0,-0.27678565436751157
125923,-37.47293922243409,-37.66817960000967,14.0,0.19524037757557977
126106,-55.35430669135565,-53.88490249159567,23.0,-1.4694041997599854
126208,-115.03180111084359,-101.73361634521244,81.0,-13.298184765631149
126224,-9.560408014829973,-9.224867212286192,2.0,-0.3355408025437807
126247,-5.148513951600273,-5.592819175346761,1.0,0.44430522374648795
126251,-17.643639592046803,-17.583663178234602,5.0,-0.0599764138122012
126281,-5.475222948861154,-5.404533354741326,0.0,-0.07068959411982778
126318,-5.743773526343491,-6.025884514743522,1.0,0.28211098840003146
126327,-42.852574232325246,-42.423065813099896,14.0,-0.42950841922534977
126398,-38.91408295865085,-40.067697045438095,10.0,1.1536140867872433
126505,-4.798092193079203,-4.798150851126088,1.0,5.8658046885540216e-05
126688,-22.18026675042739,-23.297179633732693,6.0,1.1169128833053037
126971,-29.58675971150752,-36.13412552807276,8.0,6.5473658165652395
127121,-18.32848821576969,-17.92530114518088,4.0,-0.40318707058880676
127131,-11.835121089429093,-11.958515546245454,3.0,0.12339445681636185
127231,-10.95362359347102,-11.649719150062609,5.0,0.6960955565915885
127262,-4.751131872206926,-4.834830810282452,1.0,0.08369893807552575
127275,-40.61334715495273,-40.965933498928415,18.0,0.35258634397568756
127350,-4.101373210291626,-4.267116325143978,1.0,0.1657431148523525
127630,-10.315968270211027,-10.027799752035424,2.0,-0.28816851817560263
127666,-7.167703119639152,-7.1493621058368335,1.0,-0.018341013802318784
127708,-1.54921079184719,-2.0582652210839174,0.0,0.5090544292367274
127782,-25.903981242147108,-25.93988918114097,7.0,0.03590793899386213
127786,-6.045581432531203,-5.512357759503713,1.0,-0.5332236730274902
127962,-158.2923941899206,-168.65719386687869,79.0,10.364799676958086
128071,-15.998378174510338,-16.185606762981205,5.0,0.18722858847086776
128121,-39.139579866834346,-38.85023656859007,14.0,-0.28934329824427607
128717,-11.034692135567155,-10.83005013006868,3.0,-0.2046420054984761
128854,-11.074190726406032,-11.26690680873162,3.0,0.1927160823255889
128880,-28.716614641952177,-26.89086715356989,5.0,-1.8257474883822873
128956,-30.9916155836398,-32.18970708401951,12.0,1.1980915003797108
129242,-14.350044271821046,-14.32398753705336,4.0,-0.02605673476768544
129392,-46.340704212392076,-47.80242219848153,17.0,1.4617179860894538
129449,-5.740731841976947,-6.078899011660975,0.0,0.33816716968402805
129565,-19.45452805513424,-20.048946398453065,5.0,0.594418343318825
129592,-12.873758642904985,-12.676532012252723,3.0,-0.19722663065226165
130032,-11.986948844243763,-12.08346758102656,3.0,0.09651873678279799
130047,-26.972806715421683,-26.598672363909166,8.0,-0.3741343515125166
130053,-28.80145992648432,-28.814455909096637,8.0,0.012995982612316936
130112,-9.991258036757545,-9.911378354608384,2.0,-0.0798796821491603
130193,-8.263294857020453,-8.284981919922528,2.0,0.021687062902074672
130280,-0.6009151543814331,-1.073077027004911,0.0,0.472161872623478
130299,-46.29939146692434,-45.43146589428065,19.0,-0.8679255726436921
130340,-21.749399543692498,-20.828807019857724,6.0,-0.9205925238347739
130451,-2.0480524609539024,-2.9648613734867753,0.0,0.9168089125328729
130452,-76.62915620343392,-66.55556185611617,11.0,-10.073594347317751
130486,-31.781851156138917,-32.63950890349378,6.0,0.8576577473548603
130506,-20.672538099732787,-20.18257981698754,5.0,-0.48995828274524555
130725,-17.367455130218445,-17.814677407957298,5.0,0.44722227773885237
130813,-5.116609287534155,-5.035549188955365,1.0,-0.08106009857879037
130830,-74.72009194575703,-75.4361115032638,23.0,0.7160195575067689
130845,-38.54962938902978,-38.77908137697992,14.0,0.2294519879501351
130895,-12.598297204540883,-12.37584350540668,3.0,-0.22245369913420276
130922,-5.080105923709484,-4.96703394336167,1.0,-0.1130719803478133
130954,-5.3974748819889165,-5.931038483384384,1.0,0.5335636013954677
131019,-46.14329181664496,-42.32805554155192,13.0,-3.815236275093042
131045,-16.27694955723279,-15.590478183657352,4.0,-0.6864713735754382
131137,-5.543679544532389,-5.164476100702665,1.0,-0.3792034438297236
131146,-43.32663992498085,-44.219582439199414,16.0,0.8929425142185607
131455,-14.740426645024877,-14.817900497627573,4.0,0.07747385260269546
131497,-7.716355301655597,-7.373902715830068,0.0,-0.3424525858255283
131535,-95.50033054665485,-91.57785104130876,35.0,-3.9224795053460895
131618,-11.570909485412166,-11.33790177740874,2.0,-0.2330077080034254
131660,-5.13993009736068,-5.12939683149768,0.0,-0.010533265862999741
131767,-24.090735653090352,-23.884033400572775,6.0,-0.20670225251757657
131877,-16.668816074276847,-16.703284314876196,5.0,0.03446824059934883
131896,-19.35781774782687,-19.312851916622833,6.0,-0.04496583120403841
132027,-8.369186178952956,-8.246032655550014,0.0,-0.12315352340294261
132060,-9.981782550479942,-9.490630455330168,2.0,-0.49115209514977387
132096,-40.503438809983464,-39.89210534421031,16.0,-0.6113334657731571
132159,-5.345785867959478,-5.1229105733221045,1.0,-0.22287529463737332
132183,-3.708640182075424,-4.036092965594757,0.0,0.32745278351933305
132221,-50.578380182412275,-50.89838829495934,19.0,0.3200081125470646
132255,-1.4695186260016821,-1.594205212979465,0.0,0.1246865869777829
132257,-17.151110576897768,-16.975066183657628,5.0,-0.1760443932401401
132343,-45.81613297611552,-47.76823548798692,20.0,1.9521025118714022
132416,-6.455622405391528,-5.824404855660694,1.0,-0.6312175497308345
132489,-62.87817826208891,-66.10627987659785,29.0,3.228101614508944
132634,-40.29161660077629,-39.72370280185979,16.0,-0.5679137989165
132657,-0.5113012152347153,-0.6477642547916704,0.0,0.13646303955695516
132732,-23.59644881569007,-23.115812700634663,7.0,-0.4806361150554075
132762,-0.4989839560252898,-0.8248988755878992,0.0,0.32591491956260943
132976,-35.922728720253474,-37.00307463342844,15.0,1.0803459131749662
133017,-21.231730581560548,-24.786169797003247,6.0,3.5544392154426987
133027,-8.557621155645858,-8.548407394340375,2.0,-0.009213761305483459
133099,-38.24280243014424,-39.25839018041352,12.0,1.0155877502692832
133171,-56.7595873644388,-56.5398769989291,22.0,-0.21971036550969814
133211,-4.709961159174693,-4.7693093960087,1.0,0.05934823683400747
133235,-1.7172216601338515,-2.5768644191185444,0.0,0.8596427589846929
133238,-17.311537627956923,-17.013302958747484,4.0,-0.29823466920943886
133244,-14.751102485594846,-14.66252890141292,4.0,-0.08857358418192618
133370,-9.331462009692228,-9.075948515045145,2.0,-0.25551349464708295
133608,-7.1045421349147775,-5.861785532748982,1.0,-1.2427566021657954
133745,-13.051178536557348,-13.21640475335272,3.0,0.16522621679537153
133766,-29.99096764836631,-30.869363162822,9.0,0.8783955144556899
133773,-8.968310795775336,-8.731565977169952,2.0,-0.2367448186053842
133896,-9.379159076762171,-8.963075627101663,2.0,-0.41608344966050836
133930,-37.94650517017959,-38.50828188472568,12.0,0.5617767145460917
134256,-0.8738603315513601,-1.033257535635165,0.0,0.15939720408380487
134303,-52.93789060646795,-52.87597593801141,19.0,-0.06191466845654503
134377,-53.02875206533908,-51.16457102941355,13.0,-1.864181035925526
134385,-1.6012195992371783,-2.5774486793209843,0.0,0.976229080083806
134391,-0.8846011363158958,-1.0230781898451746,0.0,0.13847705352927886
134511,-19.2991941457422,-18.895123417184305,5.0,-0.40407072855789394
134646,-16.325821666744897,-16.393343146526668,4.0,0.06752147978177092
134826,-11.692361499371012,-11.727309319759437,3.0,0.03494782038842459
134944,-20.00767433311703,-19.95820620053579,6.0,-0.04946813258123939
134957,-25.411357615845784,-25.7553002301186,7.0,0.3439426142728159
134990,-18.481198771858356,-19.354247847125297,5.0,0.8730490752669411
134995,-20.26165921747354,-18.81788864998957,5.0,-1.4437705674839698
135178,-249.88880493751768,-239.72831682197403,180.0,-10.160488115543643
135308,-11.710413844814449,-11.519457510956933,3.0,-0.19095633385751576
135370,-30.395065112028657,-31.03450604046295,9.0,0.6394409284342935
135466,-78.65554766928709,-81.38717602925146,31.0,2.7316283599643754
135484,-18.097598526144758,-21.260477076631098,3.0,3.16287855048634
135490,-10.004687593943522,-9.56152234779728,2.0,-0.44316524614624164
135532,-1.0996222000435758,-1.699586361846513,0.0,0.5999641618029372
135545,-5.282191306559954,-5.282115326929837,1.0,-7.597963011729547e-05
135725,-49.952576500011304,-51.53055865014916,15.0,1.5779821501378564
135851,-18.528400534060705,-18.105853477469452,4.0,-0.42254705659125236
135853,-12.18663091955137,-12.0670092576454,3.0,-0.11962166190596868
135862,-5.120885596651451,-5.236965891725021,1.0,0.11608029507356932
135908,-12.339721517459292,-13.263646490179728,2.0,0.9239249727204353
135962,-5.281110176362834,-5.157124631132692,1.0,-0.12398554523014127
136100,-40.49444140665273,-44.15699719784655,19.0,3.6625557911938174
136784,-9.716858317795156,-9.713803301571794,2.0,-0.003055016223362017
136832,-5.479929833161856,-5.5519844975735895,1.0,0.07205466441173325
136849,-15.0718502235561,-14.655401036466415,4.0,-0.41644918708968426
137137,-11.31841585112119,-11.127740899458392,3.0,-0.1906749516627979
137145,-20.824843690263727,-21.254659439650588,6.0,0.4298157493868615
137155,-24.931138209106845,-24.175965060341188,7.0,-0.7551731487656568
137163,-18.007471801012844,-17.899427099665864,5.0,-0.10804470134698008
137179,-95.94779769947436,-93.91628630114668,42.0,-2.0315113983276802
137257,-6.144690802196575,-5.614355172817207,1.0,-0.5303356293793673
137330,-23.755661634872226,-23.82651795421424,7.0,0.07085631934201331
137352,-14.694404546944618,-14.453921082957406,4.0,-0.24048346398721243
137366,-42.503012689913376,-42.30956234783119,16.0,-0.19345034208218692
137547,-5.080096816310618,-5.742144425200543,1.0,0.6620476088899245
137589,-20.234405706251984,-20.08681711920091,5.0,-0.14758858705107514
137741,-50.466638393935376,-55.69063501899721,15.0,5.223996625061837
137755,-17.605102124070825,-18.06749585192791,5.0,0.46239372785708355
137961,-24.35330698777017,-24.525480285967824,8.0,0.17217329819765226
138035,-2.2925462057816763,-3.3407844968506524,0.0,1.048238291068976
138157,-13.048963052691942,-12.844953872883735,3.0,-0.20400917980820665
138189,-26.253360954804933,-25.90663376688706,8.0,-0.34672718791787105
138237,-32.0833103786864,-27.116493817427223,5.0,-4.966816561259176
138391,-11.154931477005691,-10.771396723052668,0.0,-0.3835347539530236
138522,-33.207766225916785,-37.54650604310192,10.0,4.338739817185136
138680,-12.296256327303027,-11.9061701805617,3.0,-0.3900861467413268
138703,-13.724208770948088,-13.599070099514911,3.0,-0.12513867143317725
138772,-45.56670044710071,-46.68023105845125,19.0,1.1135306113505408
138795,-47.45619388691404,-49.696868556847264,23.0,2.2406746699332203
138843,-21.741703060779304,-21.238366695110127,6.0,-0.5033363656691776
138989,-0.9764344621018037,-1.5643357240652591,0.0,0.5879012619634554
139091,-17.245092648385118,-16.99612359120563,4.0,-0.2489690571794867
139181,-1.7224191615134623,-2.152274858435,0.0,0.4298556969215379
139204,-30.63330930933887,-30.239889979482715,4.0,-0.3934193298561546
139289,-28.838506711843156,-28.13582905103694,8.0,-0.7026776608062164
139327,-21.310822099403904,-21.01272472536759,7.0,-0.2980973740363133
139340,-5.342130980772595,-5.327015845729901,1.0,-0.015115135042694128
139410,-29.518011453614207,-27.76615839542812,6.0,-1.7518530581860858
139442,-4.70397498003927,-4.753387137756476,1.0,0.04941215771720575
139495,-0.7163178081166901,-1.0679214562805874,0.0,0.35160364816389733
139573,-7.987086182713814,-10.758714702232206,0.0,2.7716285195183916
139672,-12.696017187809273,-11.994147457786452,3.0,-0.7018697300228212
139681,-0.24502853617671957,-0.54787554277354,0.0,0.3028470065968204
139704,-6.4251575218328245,-6.2638419418602815,1.0,-0.16131557997254298
139902,-16.285023141867885,-16.099880393358376,4.0,-0.1851427485095094
140098,-0.06219732945969847,-0.233333682673607,0.0,0.17113635321390852
140112,-26.79862203518921,-26.56434316252305,9.0,-0.2342788726661631
140320,-48.443907953768154,-48.43759449118372,23.0,-0.006313462584436991
140416,-5.044929099017324,-5.064944798110007,1.0,0.020015699092683192
140501,-10.594839584777734,-10.989409337133749,2.0,0.39456975235601455
140630,-2.1495946262453787,-5.7584277535133195,0.0,3.608833127267941
140831,-41.4827819461118,-41.22261436037582,18.0,-0.260167585735978
140866,-39.79661833147773,-40.44900440189645,15.0,0.6523860704187214
140941,-20.298258809109743,-19.072376979035266,5.0,-1.2258818300744778
140957,-9.117638827991987,-9.350993590065448,2.0,0.23335476207346062
141086,-1.9194269624620945,-2.321059130226903,0.0,0.4016321677648085
141316,-60.31795668448561,-61.24666975843902,22.0,0.9287130739534106
141397,-19.10533330644459,-19.071191193039116,5.0,-0.034142113405472685
141453,-19.734530573742244,-19.19754728162101,5.0,-0.536983292121235
141507,-38.48081005229979,-38.93265813987611,11.0,0.4518480875763231
141602,-36.358029831046856,-37.53198523313811,12.0,1.1739554020912522
141606,-37.30791724775937,-37.88462808915107,15.0,0.5767108413917015
141637,-4.888435503466777,-4.895983794058809,1.0,0.007548290592032103
141978,-2.814566819999668,-4.269048989630679,0.0,1.4544821696310115
142011,-7.168024310126926,-7.304289142304739,1.0,0.1362648321778135
142184,-8.488531158237313,-8.649756910906955,2.0,0.16122575266964212
142202,-0.6719564810533645,-1.0223821894936886,0.0,0.35042570844032417
142220,-12.601291798275238,-12.42623172074166,3.0,-0.175060077533578
142237,-14.82027488221841,-14.694460883936795,4.0,-0.12581399828161466
142318,-5.361655123825776,-5.112095819098373,1.0,-0.24955930472740295
142394,-9.305131206091145,-8.949795474172925,2.0,-0.35533573191822043
142409,-10.238558741791111,-9.624066272607951,2.0,-0.6144924691831601
142435,-25.99890612418134,-25.40221068263926,8.0,-0.596695441542078
142500,-6.487384894336337,-6.854850400817456,1.0,0.36746550648111853
142515,-22.085091049594542,-21.819895967249387,7.0,-0.265195082345155
142561,-60.94744511793331,-49.14397026715231,10.0,-11.803474850781
142654,-4.9574929811207955,-5.091248508995932,1.0,0.13375552787513634
142667,-40.8529533477854,-42.43862056901838,20.0,1.5856672212329812
142879,-14.734346598634856,-14.537005618010742,4.0,-0.19734098062411398
142887,-13.316712786588472,-12.869718189835773,3.0,-0.4469945967526989
142891,-5.485808883817649,-5.3626224771085464,1.0,-0.12318640670910241
142932,-2.7153347847971556,-2.318799310592071,0.0,-0.3965354742050846
142970,-15.312239728942268,-15.709879369022886,4.0,0.3976396400806177
142971,-25.01258837700042,-24.97963506573599,8.0,-0.032953311264428464
142997,-2.240478019867648,-2.5955280233373306,0.0,0.35505000346968263
143109,-10.468884218820161,-10.419165423410568,2.0,-0.049718795409592786
143227,-6.482927574753027,-6.080823455833814,1.0,-0.4021041189192127
143339,-53.01463020774783,-52.316801910296945,23.0,-0.6978282974508829
143396,-38.58138051249863,-38.41255581566965,14.0,-0.1688246968289846
143698,-22.40745065132669,-21.233893388277313,5.0,-1.1735572630493785
143715,-24.810895167680812,-24.862192776901736,8.0,0.0512976092209243
143890,-15.549649018659474,-15.432958167118931,4.0,-0.11669085154054315
143902,-60.20145310826824,-61.73997643622809,23.0,1.538523327959851
144025,-15.452928134277137,-15.296226281915738,4.0,-0.15670185236139922
144035,-57.96660775676281,-58.49834359163213,29.0,0.5317358348693162
144108,-15.742063401448588,-15.47174756795924,4.0,-0.27031583348934873
144152,-48.376448285043885,-48.06050429390381,18.0,-0.3159439911400739
144254,-1.0137103718044664,-1.2774746272240505,0.0,0.26376425541958404
144399,-6.23982097567224,-5.126092044023773,1.0,-1.1137289316484669
144412,-2.5833765015737287,-3.015889249266772,0.0,0.4325127476930435
144454,-5.679988728003174,-5.7146620089995235,1.0,0.034673280996349476
144458,-19.692333072440253,-19.336774483833725,6.0,-0.35555858860652734
144572,-87.23531086547575,-93.27637276965942,28.0,6.041061904183664
144721,-9.74124625826358,-9.459046126188138,2.0,-0.2822001320754417
145139,-0.12116140114412927,-0.5265876037708994,0.0,0.40542620262677015
145148,-1.4817834909466734,-1.7670357033292612,0.0,0.2852522123825878
145195,-6.001806927218285,-5.543393608796543,1.0,-0.4584133184217416
145256,-22.11272090703235,-22.676863317409307,7.0,0.5641424103769559
145396,-48.58693952222401,-47.22876481600484,23.0,-1.3581747062191667
145537,-9.686165648802085,-9.478673472500631,2.0,-0.20749217630145367
145588,-57.11733104262988,-56.768774586863834,16.0,-0.3485564557660439
145653,-2.453677415955367,-2.6700297885647233,0.0,0.21635237260935636
145698,-22.467477201079735,-21.78535995757383,7.0,-0.6821172435059033
145745,-122.61038746344143,-143.73325758607612,30.0,21.122870122634694
145802,-39.53290483922582,-39.75358386396325,15.0,0.22067902473742862
145931,-3.7748477086934322,-3.2289569381993206,0.0,-0.5458907704941116
146045,-2.903810839622795,-2.759423449062228,0.0,-0.14438739056056704
146141,-12.675829783375763,-12.236227906362291,3.0,-0.4396018770134713
146216,-20.53106332919714,-17.297917947540974,4.0,-3.233145381656165
146274,-1.185388186376138,-2.0775283913854645,0.0,0.8921402050093266
146325,-1.2637725857991473,-1.8017830533047432,0.0,0.5380104675055959
146380,-8.873507358210338,-8.674872428662802,2.0,-0.19863492954753603
146394,-13.988182664584306,-13.562497140818932,3.0,-0.42568552376537383
146438,-7.897307688307726,-7.823474863922279,2.0,-0.07383282438544736
146441,-14.710324986939764,-14.269982509429996,3.0,-0.44034247750976796
146450,-12.715588192720167,-12.877377102044182,3.0,0.1617889093240148
146510,-16.17906976955046,-16.504044533928795,5.0,0.32497476437833583
146664,-35.44747221408356,-35.02170196805921,13.0,-0.4257702460243493
146716,-15.748218982565797,-15.234329743556192,4.0,-0.5138892390096057
146831,-22.37321658716976,-22.795478506243544,8.0,0.4222619190737831
146855,-27.20001039132155,-26.744355384462352,9.0,-0.455655006859196
147089,-171.5685895682821,-191.57361333606352,118.0,20.00502376778141
147225,-76.86156861267007,-79.64909479247714,44.0,2.787526179807074
147230,-12.636621003274348,-12.771703319562496,3.0,0.13508231628814826
147413,-19.020329165386286,-12.042006287207142,2.0,-6.978322878179144
147436,-11.910198921444064,-11.704215114649111,3.0,-0.20598380679495243
147480,-7.599754936840949,-7.6606377305468225,1.0,0.060882793705873794
147704,-39.8564916267464,-41.67893634648278,16.0,1.8224447197363816
147729,-4.9315736235142085,-5.457135718934189,1.0,0.5255620954199802
147751,-2.0504248188535588,-2.43545113104263,0.0,0.38502631218907135
148123,-61.78571754216397,-60.63967940166625,14.0,-1.1460381404977227
148192,-84.56328059312057,-81.62665047484435,41.0,-2.936630118276213
148324,-28.76342735935047,-28.467162129080315,10.0,-0.29626523027015494
148434,-16.526172404929987,-16.21667703035128,4.0,-0.3094953745787059
148571,-5.173850907944846,-4.2959241450697405,0.0,-0.8779267628751057
148674,-15.171965950948199,-14.280893381316918,3.0,-0.8910725696312802
148717,-92.20484874874768,-93.25304245376697,31.0,1.0481937050192869
148778,-23.6690455229256,-24.264084021016135,7.0,0.5950384980905348
148780,-9.145603861353653,-8.851409638492457,2.0,-0.29419422286119534
148824,-0.9880958988161781,-1.2351947632911144,0.0,0.24709886447493634
148888,-11.250644746343381,-11.63161866360092,3.0,0.3809739172575384
149034,-21.404521449924637,-20.741872962736927,4.0,-0.6626484871877096
149380,-11.615636774126104,-11.40276998485122,3.0,-0.21286678927488367
149435,-25.74246756697284,-25.763133627120705,8.0,0.020666060147863874
149446,-82.42127959263186,-85.10392966449692,18.0,2.682650071865055
149481,-35.97113933726122,-36.40655060516258,14.0,0.4354112679013582
149640,-8.26374884920338,-8.251919616669927,2.0,-0.011829232533452583
149644,-39.921109660401235,-41.09912668370873,9.0,1.178017023307497
149695,-11.64021362581225,-11.871540848656156,3.0,0.23132722284390717
149771,-168.3983991043114,-149.33228431538984,124.0,-19.066114788921567
149801,-11.25252781347209,-11.342941647753374,2.0,0.09041383428128391
149894,-1.5280925281585411,-1.834181317514612,0.0,0.30608878935607087
149976,-5.668573801596022,-5.226085009430787,1.0,-0.44248879216523473
150017,-2.1897834088267465,-2.5387624640110946,0.0,0.34897905518434813
150117,-38.921991739828535,-39.2776464558305,14.0,0.35565471600196474
150284,-0.8584875684912092,-1.5808244503304485,0.0,0.7223368818392393
150291,-15.111756809117288,-15.644589093820857,3.0,0.5328322847035682
150314,-68.94099425919919,-66.81415967812028,26.0,-2.12683458107891
150482,-46.292705032263825,-47.36861089324514,14.0,1.0759058609813152
150493,-10.045277678500819,-9.595976885027495,2.0,-0.4493007934733235
150575,-13.614209450852396,-13.99509018084583,4.0,0.38088072999343403
150606,-13.391358705476968,-13.32296408597061,3.0,-0.06839461950635695
150640,-4.436737536281988,-5.080948023900348,0.0,0.6442104876183601
150830,-21.114940104330273,-20.52676054204296,6.0,-0.588179562287312
150931,-3.58461174601975,-5.489497823244031,0.0,1.904886077224281
150946,-20.666195804977026,-20.783018045946044,5.0,0.11682224096901805
150981,-8.688489952753724,-8.55833400406151,2.0,-0.13015594869221303
151032,-28.597267623198203,-28.145685356186167,10.0,-0.45158226701203574
151362,-52.498005089798504,-52.60321018747982,21.0,0.10520509768131348
151378,-15.488219095251305,-16.406910472177707,4.0,0.918691376926402
151435,-1.2978662832094547,-1.7679457308669646,0.0,0.47007944765750986
151518,-5.380159323918963,-5.084114480285073,1.0,-0.29604484363389005
151562,-21.549633610071105,-35.36764361788711,1.0,13.818010007816007
151572,-18.27914480912738,-18.20124315204736,4.0,-0.0779016570800195
151597,-2.4939162855767827,-3.941078064361762,0.0,1.447161778784979
151831,-1.2718164691872234,-1.7575980431948963,0.0,0.48578157400767297
152041,-1.0109449471006333,-1.3263888333658809,0.0,0.31544388626524755
152183,-62.5524079747961,-61.28090915164755,29.0,-1.2714988231485478
152275,-19.920798410121225,-19.076855254467855,5.0,-0.8439431556533705
152443,-6.519516544115408,-6.988565036275459,1.0,0.4690484921600513
152613,-9.447725936617697,-9.295517458867176,2.0,-0.1522084777505217
152614,-5.574982552905579,-5.386554436480268,1.0,-0.1884281164253112
152761,-48.55370860225654,-49.847885559916016,21.0,1.2941769576594737
152782,-53.382626312230755,-55.69035902964303,23.0,2.3077327174122715
152856,-13.157794604024565,-12.78622340200748,3.0,-0.37157120201708516
152876,-8.201719971099813,-8.184752837999248,2.0,-0.016967133100564524
152926,-26.765131479438082,-27.14900463584615,9.0,0.3838731564080682
152927,-28.716516416320047,-28.21847048395677,8.0,-0.49804593236327577
153120,-0.08761108385024627,-0.2671961937942495,0.0,0.17958510994400326
153352,-43.2227909233599,-44.09567157810496,15.0,0.8728806547450603
153427,-11.764677470472265,-11.732489109280875,3.0,-0.03218836119138935
153448,-14.060792435321364,-14.20589034454417,4.0,0.1450979092228053
153533,-23.35804236896435,-22.78826411421489,7.0,-0.5697782547494619
153539,-1.1492265763307703,-1.5662312480318228,0.0,0.4170046717010525
153745,-73.28610593186565,-70.0222443298141,33.0,-3.2638616020515485
153777,-19.244759735204692,-18.84169848083907,5.0,-0.4030612543656211
153790,-18.04387049938154,-17.969974511327447,5.0,-0.07389598805409392
153956,-44.196039028171235,-55.29907647545104,7.0,11.103037447279803
153995,-1.3729814273696506,-1.25661848150191,0.0,-0.11636294586774065
154032,-38.71509178138104,-40.27924437871841,17.0,1.5641525973373689
154081,-26.428291737219265,-24.5542098770037,5.0,-1.8740818602155649
154091,-43.03931708367288,-43.07576232212578,18.0,0.036445238452905926
154096,-35.080446569153075,-34.82492294123871,12.0,-0.2555236279143642
154112,-49.77613137691625,-50.20320949310457,17.0,0.42707811618832636
154174,-18.047927219928876,-17.56824032600474,5.0,-0.47968689392413566
154177,-11.595590418396807,-11.50233398713587,3.0,-0.09325643126093652
154188,-19.664641494584046,-19.807386769997393,6.0,0.14274527541334692
154208,-49.849269580501044,-52.69058937673604,25.0,2.8413197962349983
154218,-22.904073533441306,-22.47340124886309,6.0,-0.4306722845782147
154259,-108.91028205307038,-103.33356262780671,70.0,-5.576719425263661
154329,-0.9974390834535849,-1.3168709896505868,0.0,0.3194319061970019
154403,-19.073089624670295,-18.177312012613204,5.0,-0.8957776120570919
154540,-53.802507947930245,-54.627903204013606,16.0,0.8253952560833611
154696,-9.237306997009343,-9.194245068455428,2.0,-0.04306192855391444
154697,-28.797198027514277,-18.432532551811697,3.0,-10.36466547570258
154705,-21.340655517867418,-21.166893262722272,7.0,-0.17376225514514587
154775,-6.558526352418765,-6.599624044455694,1.0,0.04109769203692881
154823,-0.22052207433234497,-0.3502286212071788,0.0,0.12970654687483382
154914,-11.732794154072579,-11.90478794968018,3.0,0.17199379560760164
154937,-19.88299438907959,-19.62138303071789,5.0,-0.26161135836170146
155048,-24.530980599314088,-23.377834164529435,7.0,-1.1531464347846523
155055,-9.732658152345808,-9.44163355693682,2.0,-0.29102459540898806
155179,-29.088759008082764,-26.83383510946575,5.0,-2.2549238986170153
155218,-21.836804631332846,-21.71833639390856,7.0,-0.1184682374242847
155232,-1.3628444863088285,-1.7878301503474456,0.0,0.42498566403861715
155245,-45.90472756976663,-46.43438586232314,19.0,0.5296582925565119
155262,-72.31586460739877,-70.2427585695747,34.0,-2.0731060378240613
155331,-28.82019927753913,-29.229751787438065,10.0,0.409552509898937
155364,-24.453398512236546,-29.272428796208747,8.0,4.8190302839722
155435,-5.305216018987726,-5.1439584180913736,1.0,-0.16125760089635222
155570,-8.31004779252219,-8.39313017894467,2.0,0.08308238642248078
155708,-5.53970101121869,-5.359658917709316,1.0,-0.18004209350937384
155779,-0.8577483816250705,-1.2711436764726234,0.0,0.4133952948475529
155841,-11.425489913922876,-11.472697995596736,3.0,0.047208081673860036
155932,-80.67063373925149,-78.42964108126985,35.0,-2.2409926579816357
155936,-13.462554503315763,-13.218599628527189,3.0,-0.24395487478857447
156007,-20.43179462245132,-20.32890862499015,6.0,-0.102885997461172
156021,-19.97429675139817,-19.3988537926977,4.0,-0.5754429587004708
156094,-9.058910368478546,-9.108538950428928,2.0,0.049628581950381445
156337,-9.426398866800625,-9.006597858946096,2.0,-0.4198010078545291
156376,-1.2527674697898628,-1.3492418425265598,0.0,0.09647437273669701
156381,-1.0125562988495662,-1.482111148137052,0.0,0.4695548492874857
156398,-29.581926458143663,-29.872458255613733,11.0,0.2905317974700701
156531,-33.370044221598704,-33.38980487993015,13.0,0.019760658331449577
156604,-21.4639727322289,-21.314816214172517,6.0,-0.1491565180563832
156616,-17.5274902781053,-15.790360801786992,3.0,-1.7371294763183087
156625,-1.4924740933970255,-1.7195790319321782,0.0,0.22710493853515268
156640,-79.30190423439913,-78.84993714924751,16.0,-0.4519670851516224
156736,-6.311880211862448,-6.426485860434982,1.0,0.11460564857253441
156983,-8.441957568161685,-8.938654531882634,2.0,0.4966969637209484
157048,-0.9553174586854958,-1.1087596111760858,0.0,0.15344215249059
157211,-34.46034703080517,-35.98098953268091,14.0,1.5206425018757415
157242,-47.23122008204341,-48.08289287126859,22.0,0.8516727892251836
157333,-33.75718500578366,-33.08267350292111,13.0,-0.6745115028625506
157381,-66.7443339089418,-61.62908001182422,25.0,-5.115253897117576
157427,-29.412808277929024,-30.233609135459037,9.0,0.8208008575300134
157459,-17.527644778242355,-16.53540129208854,4.0,-0.9922434861538143
157489,-11.999808776853126,-11.677797518214962,3.0,-0.32201125863816316
157526,-33.61949430569729,-33.72542015857375,13.0,0.10592585287646017
157587,-12.267757669305213,-11.926919669199894,3.0,-0.34083800010531995
157617,-3.4690512828725972,-2.124848183576788,0.0,-1.3442030992958092
157618,-23.17070371146502,-23.07274381892836,7.0,-0.09795989253666093
157682,-9.257216682532173,-9.479368086205252,2.0,0.22215140367307917
157766,-21.150413408842084,-21.297925593887783,6.0,0.14751218504569863
157794,-4.411853166242552,-3.917798273732803,0.0,-0.494054892509749
157864,-0.8007074002819755,-0.9128510821993524,0.0,0.11214368191737689
157938,-23.089018411149187,-22.451990227762806,7.0,-0.6370281833863807
158027,-5.170887058208501,-5.176994581872736,1.0,0.0061075236642356145
158068,-28.41774688239387,-27.316777575679147,7.0,-1.100969306714724
158388,-24.659523816986034,-25.08914835282521,7.0,0.42962453583917437
158407,-28.07811717170086,-28.339883543465803,8.0,0.2617663717649421
158484,-34.11651979625086,-32.13891144063042,10.0,-1.9776083556204398
158544,-29.78341445777679,-29.91989146541981,12.0,0.13647700764301973
158558,-23.084626234278517,-22.8493153958425,6.0,-0.23531083843601763
158648,-15.663221452228248,-15.12981416266756,4.0,-0.533407289560687
158905,-1.100848874345119,-0.9122239196573876,0.0,-0.18862495468773144
159004,-14.105876162752143,-13.21921181135046,3.0,-0.8866643514016825
159024,-17.379857168798402,-16.267643888815496,3.0,-1.1122132799829068
159041,-31.624359876486274,-31.41747646508948,11.0,-0.20688341139679522
159079,-8.737094857478983,-8.272022266360441,1.0,-0.4650725911185418
159092,-25.85390528162062,-25.87402900346551,7.0,0.02012372184488953
159206,-10.188087453606235,-9.70945933961528,2.0,-0.47862811399095406
159245,-41.24215695730952,-40.91239498364609,17.0,-0.3297619736634303
159334,-28.72353202034474,-28.71334074915996,10.0,-0.010191271184780248
159367,-1.529334079993675,-1.461708636923584,0.0,-0.06762544307009088
159705,-53.167914913890364,-58.10009525725907,19.0,4.932180343368707
159728,-20.423660171999565,-21.14533701515606,7.0,0.7216768431564944
159730,-5.282240626649502,-5.554708699655737,1.0,0.27246807300623477
159731,-17.86216724188912,-17.692673158195543,5.0,-0.16949408369357855
159758,-17.0943912094166,-17.165359633039206,3.0,0.07096842362260602
159780,-1.3434717891380084,-2.006140689915062,0.0,0.6626689007770534
159797,-2.952227666451348,-2.9905831966479495,0.0,0.03835553019660143
159816,-19.831664399064305,-19.635110508847895,5.0,-0.19655389021641057
159823,-11.552630992785952,-11.76023375853122,3.0,0.2076027657452677
159872,-1.3853239531811246,-1.495914893161682,0.0,0.11059093998055736
159884,-12.201436594482624,-11.760698165721877,2.0,-0.4407384287607474
159928,-0.7814265643581179,-1.190933995585589,0.0,0.40950743122747124
159962,-9.771097956431,-9.867685510075871,1.0,0.0965875536448717
160056,-14.19118496348509,-14.737477638643536,4.0,0.5462926751584458
160063,-20.751740037733622,-20.357490310298964,6.0,-0.3942497274346586
160091,-16.79588027422712,-17.14079430678467,2.0,0.3449140325575506
160110,-26.57650979739905,-25.98466205406739,8.0,-0.5918477433316625
160348,-13.642311151568137,-13.074074330817048,3.0,-0.5682368207510891
160548,-19.25966783177997,-19.0586359962387,5.0,-0.20103183554127213
160728,-35.895160948819836,-35.70785198629864,13.0,-0.18730896252119322
160735,-22.713289189347403,-23.011918191710247,7.0,0.2986290023628442
160764,-17.208715627382645,-16.663441311224126,5.0,-0.545274316158519
160813,-1.6105971438132434,-2.048593828618105,0.0,0.43799668480486176
161275,-74.23974243055609,-76.52025473266936,31.0,2.280512302113266
161363,-15.57107330665324,-15.229086536701011,4.0,-0.34198676995222854
161443,-13.87035006986565,-13.401200488910243,3.0,-0.46914958095540626
161563,-2.24578136547164,-2.0325604781395006,0.0,-0.2132208873321395
161673,-12.424540840431188,-12.243214516797815,3.0,-0.18132632363337287
161708,-9.718965964270243,-9.66766720079516,2.0,-0.05129876347508322
161799,-5.372822399583884,-5.576664801199555,1.0,0.20384240161567035
161827,-14.02638493320578,-13.511131421867988,3.0,-0.5152535113377912
161869,-16.148233822739133,-14.470772704221805,3.0,-1.6774611185173285
161897,-23.96178379465714,-23.66900038222204,7.0,-0.2927834124350994
162145,-24.591428610724034,-24.861853223121877,7.0,0.2704246123978429
162192,-9.094888652394413,-9.044357800965075,2.0,-0.050530851429337886
162243,-12.241254136596183,-10.932550683022509,2.0,-1.3087034535736741
162329,-20.063398090000543,-18.4945607997275,4.0,-1.568837290273045
162468,-2.35653053508153,-1.9228462497421208,0.0,-0.43368428533940917
162666,-15.422401388016274,-12.925926864787971,3.0,-2.4964745232283025
162693,-10.077093501728143,-9.821733552625172,2.0,-0.2553599491029708
162831,-0.3950944199923491,-0.7530846354416791,0.0,0.35799021544933
162885,-5.220082410429782,-5.055890976618666,1.0,-0.16419143381111656
162915,-12.192657253129127,-12.146237675621483,3.0,-0.046419577507643695
163004,-0.27162116402690667,-0.3999178712367919,0.0,0.12829670720988523
163024,-18.35935733373298,-18.224772782880432,4.0,-0.13458455085254784
163092,-4.783777491025599,-4.845268580531167,1.0,0.061491089505568475
163175,-5.3011591936977345,-5.419961015131146,1.0,0.11880182143341145
163187,-86.1551347269195,-92.21361935381408,41.0,6.0584846268945824
163201,-51.49859282867583,-50.37135916306306,24.0,-1.1272336656127706
163279,-5.262310767395691,-5.413828984612431,1.0,0.15151821721673997
163331,-39.003803322912546,-38.51860775767011,11.0,-0.4851955652424351
163343,-0.7444767010074984,-1.0260430751676357,0.0,0.2815663741601373
163452,-12.195840433937601,-11.855028232606644,3.0,-0.3408122013309569
163505,-21.606184882117137,-20.926649416920625,6.0,-0.679535465196512
163593,-23.59096509301809,-22.962232814593506,6.0,-0.6287322784245859
163626,-20.021664136062164,-20.03645906061791,6.0,0.014794924555747713
163763,-5.440794728917218,-5.8661231653743915,1.0,0.4253284364571739
163818,-8.694696773747896,-8.144283633669193,2.0,-0.5504131400787031
163861,-30.285779894330805,-30.522535118730787,10.0,0.23675522439998176
163942,-106.58954030424047,-108.67567632969131,40.0,2.086136025450841
164069,-22.36311699810377,-22.11937594895303,6.0,-0.24374104915073858
164127,-34.0766762308572,-34.16526437360794,11.0,0.08858814275073712
164217,-2.3038589461141026,-2.551769147343765,0.0,0.24791020122966234
164315,-0.8076132466190316,-0.9773290289741364,0.0,0.16971578235510487
164364,-19.905404125551122,-19.61618385239524,6.0,-0.28922027315588394
164417,-13.701698433018398,-12.95183758547241,3.0,-0.7498608475459889
164503,-35.77039256288299,-35.64510913250223,14.0,-0.12528343038076173
164694,-34.81500284906985,-36.40387458353688,13.0,1.588871734467034
164914,-1.8915270390342636,-2.583825951119002,0.0,0.6922989120847383
165018,-13.183574999859548,-12.78115430839562,3.0,-0.402420691463929
165051,-5.353221189290709,-5.211720646088146,1.0,-0.14150054320256267
165122,-60.35128904273664,-69.00624384265372,29.0,8.654954799917078
165145,-25.222321545793836,-24.66528992045414,6.0,-0.5570316253396967
165209,-1.313125015439835,-1.4666391471067908,0.0,0.1535141316669557
165238,-8.19248982925718,-8.448420837568928,1.0,0.2559310083117481
165259,-9.05101636041915,-9.194530421344831,2.0,0.14351406092568197
165329,-9.32485840562342,-9.038257090968402,2.0,-0.2866013146550177
165341,-15.702107491725465,-15.946945520858296,4.0,0.24483802913283093
165344,-32.064471277246746,-24.80619814716643,4.0,-7.258273130080315
165366,-18.395028828464213,-18.4475405761693,6.0,0.052511747705086265
165529,-2.7127593306580238,-4.04192741029469,0.0,1.3291680796366663
165598,-19.93591617907833,-19.632533814500057,6.0,-0.3033823645782725
165609,-9.981527056976004,-9.651058360005512,2.0,-0.33046869697049175
165621,-24.40005492428145,-23.92594094061694,8.0,-0.47411398366450896
165633,-6.2866249914658825,-6.2321502120340035,1.0,-0.05447477943187895
165667,-8.894847839621345,-8.785240351788504,2.0,-0.10960748783284124
165716,-9.06938746496772,-9.289226199461757,2.0,0.21983873449403646
165755,-51.48295114894747,-59.63926383598291,17.0,8.156312687035438
166049,-34.71907427404625,-33.8459687353795,11.0,-0.8731055386667492
166196,-0.4765986991156237,-0.8079645496200283,0.0,0.3313658505044046
166401,-6.88289944992025,-6.661852676837972,1.0,-0.2210467730822776
166466,-19.76046544558281,-20.369293474809098,5.0,0.608828029226288
166477,-20.12917180314614,-20.5103361783582,6.0,0.38116437521206237
166676,-21.538615251889627,-23.07225940933923,6.0,1.5336441574496043
166713,-3.3046003452994053,-3.778123772454795,0.0,0.47352342715538986
166771,-9.80925543103166,-9.448856312899816,2.0,-0.3603991181318449
166858,-22.120785709712777,-21.789565645460012,6.0,-0.33122006425276496
166868,-35.79576779164802,-35.999665773372826,12.0,0.20389798172480766
166981,-18.760166386228683,-18.46273238237444,5.0,-0.29743400385424223
167018,-52.28661812603012,-51.45930039691929,27.0,-0.8273177291108311
167137,-2.577778576640953,-0.7419656930166142,0.0,-1.8358128836243388
167173,-38.03290017814279,-37.8776241196522,16.0,-0.15527605849059256
167340,-7.24862146245164,-7.764397998044331,2.0,0.5157765355926918
167437,-32.12747269591786,-31.93128790010835,8.0,-0.19618479580950776
167479,-9.634078859675439,-9.438586333585,2.0,-0.19549252609043855
167484,-5.408062394101011,-5.438767977078662,1.0,0.030705582977651247
167488,-23.82232780371182,-23.285583965568694,7.0,-0.5367438381431242
167659,-11.787818761927355,-11.882348378375257,3.0,0.09452961644790214
167689,-12.02736392391576,-12.11325032760174,3.0,0.085886403685981
167779,-9.183861053833663,-8.97180026898881,2.0,-0.21206078484485325
167785,-27.348695703367405,-27.114221792106427,9.0,-0.23447391126097727
167871,-23.381388987340543,-22.67671990848471,6.0,-0.704669078855833
167988,-5.25963756072839,-5.285816682907565,1.0,0.026179122179175174
168166,-7.891176593739375,-7.956149762380654,2.0,0.06497316864127889
168242,-5.115996065328668,-5.442931069969573,1.0,0.3269350046409052
168310,-21.453928479448592,-21.615429881273844,7.0,0.16150140182525163
168461,-29.939830444869212,-29.64244416724438,10.0,-0.29738627762483105
168474,-36.28586201062687,-36.79357712732288,12.0,0.507715116696005
168489,-8.715079648606151,-5.974735791192747,1.0,-2.7403438574134045
168667,-36.13514933267967,-36.63064035519362,15.0,0.49549102251395283
168697,-5.061256712698031,-5.361817286706773,0.0,0.3005605740087427
168825,-18.814091859276854,-18.94147041927814,6.0,0.12737856000128644
168869,-26.123020517068067,-26.172475897514328,9.0,0.04945538044626119
168906,-31.005875391419917,-31.026603341261193,12.0,0.020727949841276683
168958,-0.7618919999161209,-1.3362079902639448,0.0,0.5743159903478239
168995,-17.960804303238422,-17.648166692193072,5.0,-0.31263761104534993
169005,-8.007090974451431,-6.381498278122566,0.0,-1.625592696328865
169055,-43.98773947836839,-44.44623312177869,19.0,0.45849364341029997
169086,-5.2370601468033495,-5.494690541863529,1.0,0.25763039506017904
169254,-4.629148513700659,-4.562964588749307,1.0,-0.06618392495135161
169255,-40.204627643340444,-36.0134822172408,13.0,-4.191145426099645
169301,-15.68109898985326,-15.186025145801551,4.0,-0.4950738440517082
169309,-55.23944068405483,-55.94593986872195,23.0,0.7064991846671234
169378,-1.0647999528663024,-1.5099767449342418,0.0,0.4451767920679395
169389,-0.9989824664354937,-1.2635761065775075,0.0,0.2645936401420138
169439,-16.366115855527045,-16.15161702399528,4.0,-0.21449883153176685
169445,-8.078373096331912,-8.002342170466369,2.0,-0.07603092586554361
169556,-27.04390779889968,-26.774246812488126,10.0,-0.2696609864115551
169559,-8.530797759855867,-8.868135085990572,2.0,0.3373373261347048
169714,-19.258385216963532,-19.24570803138865,6.0,-0.01267718557488351
169764,-10.521332357425282,-10.167718312466445,2.0,-0.35361404495883697
170041,-23.924054857066615,-24.350624126386624,7.0,0.4265692693200087
170098,-5.865825763519177,-5.749007686323202,2.0,-0.11681807719597526
170136,-29.66926067253503,-28.01453588180999,8.0,-1.6547247907250409
170251,-28.29922632463121,-31.20214395336714,11.0,2.9029176287359313
170287,-17.24263050731602,-16.227397194217055,4.0,-1.015233313098964
170305,-5.0948040229342215,-4.942469602386237,1.0,-0.15233442054798463
170385,-23.91081858322156,-23.813050855321684,7.0,-0.09776772789987476
170536,-50.81498772968272,-50.67637687551964,19.0,-0.13861085416308327
170645,-36.621615848703385,-36.4707360821202,12.0,-0.1508797665831878
170699,-71.62396802389989,-76.75175593079085,33.0,5.127787906890958
170877,-30.309842351257714,-29.84866480379073,10.0,-0.4611775474669848
170954,-2.319668488373184,-3.493629640615863,0.0,1.1739611522426787
171003,-40.95154595018012,-41.5534938595396,13.0,0.6019479093594811
171103,-20.143589262598905,-19.89018194184204,6.0,-0.2534073207568639
171323,-1.1245602716541603,-1.1830918788361344,0.0,0.058531607181974143
171333,-9.622380807098558,-9.423195840596492,2.0,-0.19918496650206663
171431,-46.26635413773864,-46.208688844848865,16.0,-0.05766529288977296
171610,-13.631883029861122,-15.647949661492795,3.0,2.0160666316316735
171754,-13.190132526502095,-12.704640616441427,3.0,-0.4854919100606683
171774,-48.34933211094839,-48.07283953423596,24.0,-0.2764925767124282
171823,-1.6797967684642117,-2.4070861131516423,0.0,0.7272893446874307
171918,-1.191347136206408,-1.5043898255695007,0.0,0.31304268936309265
171945,-10.965725060463612,-10.590445484397206,2.0,-0.37527957606640605
171951,-22.401659927285124,-21.941861065020664,7.0,-0.45979886226446
172025,-7.573189598686121,-7.863841629674248,2.0,0.2906520309881264
172082,-5.262790424302296,-5.145798587371453,1.0,-0.11699183693084336
172179,-50.30348704839912,-53.32823331270672,18.0,3.024746264307602
172182,-9.246866105424488,-8.885888787638507,2.0,-0.36097731778598074
172187,-35.77817112543365,-35.35018442270784,13.0,-0.42798670272581063
172195,-22.72494042227661,-20.765151416314037,4.0,-1.9597890059625733
172242,-2.0762099480310905,-1.5142004012172587,0.0,-0.5620095468138318
172245,-15.557733810507663,-15.785779128334308,4.0,0.22804531782664483
172249,-13.15722512547543,-12.422883814773629,3.0,-0.7343413107018009
172275,-1.1216982164582172,-0.9774624730082332,0.0,-0.14423574344998402
172335,-16.32031542962355,-16.191360677309067,4.0,-0.12895475231448472
172431,-6.412654247181958,-6.822796853774134,1.0,0.41014260659217605
172511,-5.9331666706973465,-6.316543747082639,1.0,0.38337707638529217
172586,-29.505052045237207,-29.82269767439213,11.0,0.31764562915492434
172674,-55.127538647606336,-53.034081825811775,21.0,-2.093456821794561
172759,-10.779086375032753,-9.947587746153983,2.0,-0.8314986288787694
172942,-5.591852560167721,-5.445676773700965,1.0,-0.1461757864667561
173046,-5.459351909822154,-5.17276313827639,1.0,-0.28658877154576423
173073,-18.49080484046768,-18.63169090065908,6.0,0.14088606019140215
173109,-7.315877895525448,-6.478127490986583,1.0,-0.8377504045388653
173113,-16.560818753221586,-16.87834834688104,5.0,0.31752959365945443
173204,-8.989778310222297,-9.014029797205598,2.0,0.024251486983301263
173228,-1.4510215109269469,-1.8326261825270176,0.0,0.3816046716000707
173292,-50.78747004342138,-49.25440220963083,16.0,-1.5330678337905468
173382,-0.9867770185924356,-1.0315857638865742,0.0,0.044808745294138586
173408,-16.904827621631295,-16.265480828933008,4.0,-0.6393467926982872
173414,-50.53227412180446,-50.13889539014114,23.0,-0.3933787316633257
173441,-16.663762260216664,-17.10670961876133,4.0,0.4429473585446644
173465,-6.036093787366933,-6.478074127566151,1.0,0.44198034019921817
173541,-15.585055215045495,-15.373449013203468,4.0,-0.21160620184202728
173555,-50.27967033159779,-52.060133724714426,22.0,1.7804633931166336
173571,-20.48347823135508,-20.159809317602107,6.0,-0.3236689137529716
173643,-1.005300691836862,-1.4880089935567244,0.0,0.48270830171986234
173674,-50.59318755220052,-51.048569821038434,18.0,0.45538226883791566
173705,-4.501866544746397,-4.651396471301881,1.0,0.14952992655548414
173814,-18.888745804131,-18.609577179820405,4.0,-0.27916862431059286
173829,-9.348987307565938,-9.501336458940756,1.0,0.15234915137481764
173830,-25.609588661429996,-25.538457965207435,8.0,-0.07113069622256063
173886,-24.731272356893275,-24.75284892336205,8.0,0.021576566468773706
174100,-32.93678121783414,-36.44819702714771,14.0,3.5114158093135686
174108,-9.170062782373806,-8.877439486214124,2.0,-0.2926232961596824
174109,-20.600598082003657,-20.95414728214621,6.0,0.3535492001425524
174139,-18.523023232178314,-18.139044240258656,5.0,-0.38397899191965834
174154,-16.14813045221179,-15.79622401217273,4.0,-0.3519064400390608
174208,-1.333371920572989,-2.5259207393789453,0.0,1.1925488188059563
174241,-29.1705585226604,-29.040135571228895,9.0,-0.1304229514315054
174290,-28.13865716393467,-28.282348149094496,10.0,0.14369098515982515
174504,-28.26925440650336,-28.1206616819458,9.0,-0.14859272455755956
174510,-5.249998323806772,-5.151890920905875,1.0,-0.09810740290089726
174644,-24.267731102282976,-21.941218642601168,5.0,-2.3265124596818083
174647,-97.91732252011882,-97.8108656713392,55.0,-0.10645684877961514
174762,-22.43674024953482,-27.61899719171213,5.0,5.1822569421773075
174928,-27.14690310134994,-23.91497266126579,5.0,-3.231930440084149
174985,-17.2122476682344,-16.786410512509082,4.0,-0.42583715572531844
175012,-5.397887256337936,-5.682666033521331,1.0,0.28477877718339517
175044,-5.625487960252288,-5.333537860687425,1.0,-0.29195009956486295
175047,-1.310017544051544,-1.5261223817139304,0.0,0.21610483766238642
175165,-91.93524910053846,-84.29381986087044,51.0,-7.641429239668014
175286,-8.450344732949814,-8.611685226368728,2.0,0.16134049341891377
175439,-45.565429843908326,-58.46525179649221,19.0,12.899821952583885
175493,-16.615160053532655,-16.084143507837506,4.0,-0.5310165456951488
175663,-27.805540065755153,-27.35742583642744,8.0,-0.4481142293277145
175672,-5.2239490743058505,-5.093295221912464,1.0,-0.13065385239338667
175687,-11.435196628136321,-11.89788159243336,3.0,0.4626849642970381
175790,-2.39629011895052,-2.9178178932512715,0.0,0.5215277743007514
175867,-1.058938086191047,-1.105601271456001,0.0,0.046663185264954166
175887,-5.373639777137403,-5.8504791640560825,1.0,0.47683938691867933
175984,-14.137401724495158,-13.587509121935929,3.0,-0.549892602559229
176014,-5.3416188998115315,-5.178529628978185,1.0,-0.16308927083334623
176266,-25.89306873180453,-26.32360756633954,8.0,0.4305388345350103
176335,-12.672016553305124,-12.409548461547098,3.0,-0.2624680917580253
176448,-21.06836458914729,-20.930362509917973,5.0,-0.13800207922931662
176454,-24.17347229152707,-27.704347106027317,8.0,3.5308748145002475
176474,-35.07859244980538,-34.7782484392726,11.0,-0.3003440105327755
176522,-24.311257404558823,-24.35974742672773,7.0,0.048490022168905966
176532,-3.935645231422453,-4.372972016289667,1.0,0.43732678486721444
176578,-1.3514122635836938,-2.176308319062669,0.0,0.824896055478975
176628,-27.41595273957755,-27.78902072514761,9.0,0.37306798557006005
176804,-2.45563173526453,-2.4449806624054236,0.0,-0.010651072859106492
176805,-15.248237320605071,-14.93828860253201,4.0,-0.3099487180730609
176848,-22.411838388720614,-21.81645623784847,5.0,-0.595382150872144
176999,-10.20080353375221,-9.480046673065734,2.0,-0.7207568606864747
177013,-45.32100465957494,-44.27694325246792,16.0,-1.0440614071070158
177034,-3.4606695444916515,-3.6239869346902087,0.0,0.16331739019855718
177099,-9.71575920858498,-9.520272892446568,2.0,-0.19548631613841216
177234,-17.281609619176788,-23.944634709456277,2.0,6.66302509027949
177276,-9.03841694258226,-9.178735403719052,2.0,0.14031846113679336
177345,-12.215400038983967,-12.180489484025474,3.0,-0.03491055495849338
177383,-8.949067989983938,-8.865753589463015,2.0,-0.08331440052092276
177469,-3.257646723576058,-2.406152985284485,0.0,-0.8514937382915728
177483,-31.420309371305816,-31.87891292397623,11.0,0.4586035526704144
177570,-17.679682745289142,-17.973852018438723,4.0,0.2941692731495813
177637,-14.956131310472047,-15.03948645794073,4.0,0.08335514746868355
177814,-29.80550623054389,-29.08209189413239,8.0,-0.7234143364115013
177842,-1.2977045690488391,-1.5656438111348423,0.0,0.26793924208600317
178034,-10.767825975823689,-10.85252103915192,2.0,0.08469506332823151
178112,-13.06109186403383,-12.499490937163166,1.0,-0.5616009268706641
178174,-6.873452004107366,-5.476357406544498,1.0,-1.3970945975628686
178253,-21.153761963529,-21.67249462638044,6.0,0.5187326628514413
178299,-3.260856005330913,-3.726867953796184,0.0,0.46601194846527116
178503,-9.701386105824499,-9.331446984016337,2.0,-0.36993912180816224
178517,-30.197203882578275,-26.202746422639493,6.0,-3.9944574599387828
178522,-37.21493192137031,-37.612783147771765,13.0,0.39785122640145687
178562,-76.05128857299438,-76.14750699441848,40.0,0.09621842142409776
178583,-28.738097956309858,-28.483799808757357,10.0,-0.25429814755250035
178606,-19.419390870025474,-19.54449542809212,5.0,0.12510455806664567
178607,-9.739692803331849,-10.133900185713676,2.0,0.3942073823818273
178630,-50.78460301315609,-52.26675478073248,20.0,1.48215176757639
178655,-1.0613561105950648,-1.7324850940360828,0.0,0.6711289834410179
178666,-5.485907760950671,-5.69782265899115,1.0,0.21191489804047947
178686,-7.154264282272486,-10.99331518978332,0.0,3.8390509075108348
178787,-1.991310090833205,-1.7602763193629178,0.0,-0.23103377147028725
178844,-27.007897454015687,-27.044826547724288,8.0,0.03692909370860065
178921,-8.048230790304721,-7.424720906365297,1.0,-0.6235098839394242
179009,-5.446609047563639,-5.6444678598212805,1.0,0.19785881225764168
179092,-5.150840659557771,-5.13807106436593,1.0,-0.012769595191840288
179124,-31.97847923275271,-32.446780913709745,10.0,0.4683016809570333
179224,-18.031771662290442,-17.481419714070814,5.0,-0.5503519482196282
179284,-19.795519966989445,-19.502729196683536,6.0,-0.29279077030590983
179542,-41.124594285910476,-41.39467397396862,14.0,0.2700796880581464
179621,-10.103341803454173,-10.007516608053434,2.0,-0.09582519540073875
179800,-19.004595507368197,-18.27081608128258,5.0,-0.7337794260856185
179819,-51.61981678248351,-52.731723473200674,20.0,1.1119066907171629
179826,-5.44342537537671,-5.235405058266495,1.0,-0.20802031711021485
179882,-0.9064461388952181,-1.2828070928049218,0.0,0.3763609539097037
180042,-1.1659070939772103,-1.3602734767415587,0.0,0.19436638276434848
180078,-18.18081620694899,-17.821024442540324,5.0,-0.35979176440866567
180301,-6.161624724216184,-6.439032902470452,1.0,0.27740817825426856
180349,-38.408996567071505,-38.64548365479261,12.0,0.23648708772110894
180365,-2.738445007679792,-3.4385531921834627,0.0,0.7001081845036707
180466,-21.461863993926876,-21.692701279556186,7.0,0.23083728562930972
180480,-4.361348119870088,-4.04265537487364,0.0,-0.31869274499644806
180775,-5.599541020864637,-5.379756081931099,1.0,-0.2197849389335378
180801,-1.5233355180297685,-2.2334042294146483,0.0,0.7100687113848798
180898,-14.99828429042458,-14.925767500754905,4.0,-0.07251678966967567
181060,-0.7532783762501498,-0.8079672569662186,0.0,0.05468888071606881
181071,-0.9501157290944131,-1.2785870265685646,0.0,0.3284712974741515
181131,-27.82559638579198,-21.521197344631748,5.0,-6.304399041160231
181281,-5.32008355455083,-5.18255048641376,1.0,-0.13753306813706967
181298,-12.309619526767495,-11.810041020681297,3.0,-0.49957850608619836
181543,-1.213101938878969,-1.4826019558676686,0.0,0.26950001698869963
181635,-9.429120084772839,-8.953961342656612,2.0,-0.47515874211622666
181636,-14.73629925541018,-14.504465117459343,4.0,-0.23183413795083752
181646,-22.743581900681804,-22.840122405646877,7.0,0.09654050496507338
181686,-20.71731841756353,-20.95001660974871,5.0,0.2326981921851825
181719,-14.714763171984899,-14.518010428835677,4.0,-0.1967527431492222
181731,-49.835278736058534,-48.29690579475905,20.0,-1.5383729412994853
181877,-29.033824544395017,-29.291746548325023,9.0,0.2579220039300054
181940,-52.2337180772069,-51.58381730213795,21.0,-0.64990077506895
182012,-24.332782253913383,-24.451028476304412,5.0,0.11824622239102922
182035,-26.499949876360315,-26.05410987344164,8.0,-0.44584000291867554
182061,-5.3243887483781664,-5.554481964390048,1.0,0.23009321601188137
182100,-30.01792430109182,-28.464067257929067,7.0,-1.553857043162754
182263,-71.89712182017149,-71.49435149415308,18.0,-0.40277032601841256
182568,-8.893682787535383,-8.813814324215423,2.0,-0.07986846331995956
182583,-4.1795736416981715,-4.987655730470938,0.0,0.8080820887727667
182603,-19.12730470720402,-18.52765325985754,5.0,-0.5996514473464778
182838,-67.13302258376793,-70.37705909975044,20.0,3.244036515982515
182989,-7.938832126005294,-8.094610809823378,1.0,0.15577868381808369
183023,-12.337836024533905,-12.45021067151366,2.0,0.11237464697975419
183155,-9.257154009563804,-9.363710724105491,2.0,0.10655671454168747
183273,-54.172329052942516,-54.31492729200135,23.0,0.1425982390588345
183436,-5.94923671551785,-5.96689555754454,1.0,0.017658842026690103
183455,-145.9581209558281,-139.97784671548456,72.0,-5.980274240343533
183481,-34.649804667613786,-34.20459479922755,9.0,-0.445209868386236
183562,-43.067324805705724,-42.59064610619541,17.0,-0.47667869951031605
183623,-8.934252683382143,-8.839336330457321,2.0,-0.09491635292482137
183677,-14.198027751262803,-13.509261478299113,3.0,-0.6887662729636901
183766,-14.097178937570087,-13.682675736994936,3.0,-0.414503200575151
183915,-5.511298394003255,-5.6880951866645875,1.0,0.17679679266133252
184104,-3.8995472705670284,-5.358913854406664,0.0,1.4593665838396355
184112,-24.144403904596206,-24.75502039627095,8.0,0.6106164916747439
184174,-78.09162906512135,-80.27698071439296,28.0,2.1853516492716096
184228,-31.23786490755437,-30.981412945344733,10.0,-0.2564519622096384
184247,-5.507064007299363,-5.769909259537102,1.0,0.2628452522377396
184251,-2.483577628558527,-3.605627699091093,0.0,1.1220500705325662
184284,-0.38401813872509505,-0.6228334419749433,0.0,0.23881530324984823
184321,-3.3250093311400786,-4.239302810938483,0.0,0.9142934797984044
184386,-23.14511404830958,-22.64734514669356,6.0,-0.49776890161601983
184517,-15.53012879539542,-14.911810903422609,4.0,-0.6183178919728114
184553,-5.351749756789711,-5.578837284142537,1.0,0.22708752735282633
184598,-15.332593709490823,-14.870482409272256,4.0,-0.4621113002185666
184669,-32.87204127528677,-33.63948092850563,13.0,0.7674396532188581
184791,-0.27082858129598236,-0.5689378742078818,0.0,0.2981092929118994
184800,-9.847083045980005,-16.383597670752604,0.0,6.5365146247725985
184868,-9.500503277171987,-9.00821828541934,2.0,-0.49228499175264595
184929,-14.455441328175292,-14.154354420216062,4.0,-0.3010869079592293
185154,-38.44016988023885,-38.281909084662246,12.0,-0.15826079557660222
185232,-44.20763096344714,-44.20455003417204,14.0,-0.003080929275100175
185441,-11.235342969256848,-10.310667036815495,2.0,-0.9246759324413532
185456,-39.47489920115576,-34.51470436702397,7.0,-4.960194834131791
185496,-7.419336738858059,-7.466958077594705,1.0,0.0476213387366462
185668,-5.038914907094804,-5.178691089396395,1.0,0.13977618230159106
185913,-1.3142676281987022,-2.490205374123508,0.0,1.175937745924806
186056,-0.05847964461042052,-0.4887177648899112,0.0,0.4302381202794907
186059,-12.716163481410748,-12.500147429595645,3.0,-0.21601605181510308
186080,-7.314474057975979,-6.466923632496761,1.0,-0.8475504254792181
186366,-5.1267500475491685,-5.030824975087414,1.0,-0.09592507246175419
186457,-9.8617138918704,-9.937498515549496,2.0,0.07578462367909644
186631,-0.0699657996615032,-0.7509686133614292,0.0,0.681002813699926
186640,-20.75966883844602,-20.573961032243773,6.0,-0.1857078062022488
186653,-0.412516762600313,-0.9787990419543596,0.0,0.5662822793540466
186742,-23.657427535620567,-23.34920078778123,8.0,-0.30822674783933834
186772,-7.605715729644719,-7.0844262472495005,2.0,-0.5212894823952183
186773,-24.120418082886232,-24.133352216270897,8.0,0.012934133384664648
186941,-1.4259133628373508,-1.859483229158876,0.0,0.4335698663215253
186947,-9.116499780850942,-8.741227074549908,2.0,-0.3752727063010344
186987,-39.53177556838483,-42.343046615741834,12.0,2.8112710473570033
186998,-2.9638915003977653,-3.5722827807752697,0.0,0.6083912803775045
187008,-11.472640386287603,-11.490872512122014,3.0,0.018232125834410695
187018,-12.345744040591118,-12.154156414647726,3.0,-0.19158762594339152
187111,-17.0925546823036,-16.574083875267036,4.0,-0.5184708070365645
187253,-85.79983280978584,-79.80144739600172,42.0,-5.998385413784121
187306,-12.029189206504032,-11.846661819462115,3.0,-0.18252738704191707
187463,-46.812769631300824,-47.199465530509045,21.0,0.38669589920822034
187664,-5.8804395665684135,-5.638976121004025,1.0,-0.24146344556438848
187673,-22.991251992528117,-22.517466472739347,6.0,-0.4737855197887697
187683,-22.131126710482047,-20.905803128307852,5.0,-1.2253235821741946
187834,-0.6643769176504797,-1.2238400348495986,0.0,0.5594631171991189
187919,-6.247241080777702,-4.916477626493649,0.0,-1.3307634542840523
187989,-29.36700908238636,-31.4455881692262,10.0,2.078579086839838
188077,-15.261974410767884,-14.056825141706875,3.0,-1.2051492690610086
188147,-14.868066900595117,-13.729624962584449,3.0,-1.1384419380106685
188174,-5.14985839740363,-5.29870594227736,1.0,0.1488475448737301
188228,-0.3670868573114908,-0.6526933850345723,0.0,0.2856065277230815
188398,-7.2460534633499,-7.438899207615425,1.0,0.19284574426552492
188524,-43.29593072187821,-45.46849718651709,15.0,2.1725664646388836
188544,-3.5542924029839478,-3.629277807198547,0.0,0.07498540421459943
188554,-31.47581673311589,-31.596789774320715,11.0,0.12097304120482377
188566,-39.40922503202514,-39.63144416683975,14.0,0.2222191348146083
188594,-88.3966697547518,-92.08355257106332,26.0,3.686882816311524
188690,-1.1811338644184244,-1.3658102555712346,0.0,0.1846763911528102
188750,-52.14975890061544,-41.05379730270099,9.0,-11.095961597914446
188753,-91.50045069185609,-95.58359565848572,40.0,4.083144966629632
188876,-0.7107236272053743,-0.9127882187995966,0.0,0.2020645915942223
188897,-191.28848172873606,-174.40810644219786,117.0,-16.880375286538197
188990,-7.146444655104163,-6.670686493932465,1.0,-0.4757581611716981
189060,-22.47276760552344,-22.651055781440217,7.0,0.17828817591677648
189243,-20.12566655655391,-19.940754204432277,6.0,-0.18491235212163204
189312,-11.129705255161046,-10.774994935900894,2.0,-0.3547103192601515
189369,-82.75859493041932,-89.36657631910595,35.0,6.607981388686625
189370,-8.988492184358,-9.17436290276428,2.0,0.18587071840627978
189485,-9.436038638554518,-9.426866930341156,2.0,-0.009171708213361995
189519,-15.344206962957955,-15.194543226249955,4.0,-0.14966373670799982
189563,-50.60021475692074,-51.22197303584312,24.0,0.6217582789223783
189679,-1.6724370751682416,-2.183095490680796,0.0,0.5106584155125542
189681,-1.2612703642018008,-1.5877428698803844,0.0,0.32647250567858355
189729,-25.245747344540813,-24.50283788598606,6.0,-0.7429094585547524
189739,-8.184034808171553,-8.411010875534487,2.0,0.22697606736293352
189818,-0.5718760168330588,-0.8741797268628212,0.0,0.3023037100297624
190116,-14.853652406792612,-13.868821205714225,3.0,-0.9848312010783875
190296,-27.658579151243348,-25.718138730286125,5.0,-1.9404404209572235
190433,-4.931850995961355,-6.358437379801645,0.0,1.4265863838402897
190465,-15.830706306908855,-15.745759194877229,4.0,-0.0849471120316263
190620,-27.385468382618257,-25.94070299375219,6.0,-1.4447653888660668
190676,-23.79699865594937,-23.09977186031884,7.0,-0.6972267956305309
190688,-5.855170193860185,-5.968129584087055,1.0,0.1129593902268704
190800,-12.659097921642031,-12.84175723824674,3.0,0.1826593166047097
190864,-1.7505873134451517,-1.8557490645408172,0.0,0.1051617510956655
190885,-17.328288586236436,-17.10738826462844,5.0,-0.22090032160799566
190933,-16.502682932548176,-17.26543787940593,3.0,0.7627549468577541
191006,-19.18738427517877,-17.07436391368398,4.0,-2.1130203614947867
191122,-51.41588015709988,-52.13714329515915,20.0,0.7212631380592711
191132,-41.118431657214096,-40.971610883450566,18.0,-0.14682077376352964
191171,-12.261231025784982,-12.194941529299436,3.0,-0.06628949648554538
191217,-18.149009859878955,-18.728394985854077,6.0,0.5793851259751222
191232,-22.58623442032696,-22.41775095760962,6.0,-0.16848346271734016
191262,-0.4307385009895223,-0.7295913415142891,0.0,0.29885284052476674
191455,-37.735006167474744,-37.24938698147998,13.0,-0.4856191859947643
191509,-7.398609135205872,-7.754482034619224,1.0,0.35587289941335243
191519,-25.920284435020186,-25.64802370316112,8.0,-0.27226073185906685
191649,-10.865206477597534,-12.3254767293761,4.0,1.4602702517785655
191681,-0.7691427283121496,-1.0347151052257604,0.0,0.2655723769136108
191758,-17.554564197210507,-18.18483343895258,4.0,0.6302692417420737
191831,-65.46877012718569,-66.73133007675071,22.0,1.2625599495650164
191833,-10.38113370144917,-10.025586808951344,2.0,-0.35554689249782534
191844,-16.241863923327994,-16.68023477453579,4.0,0.4383708512077966
192032,-8.69857819971223,-8.646430099898236,2.0,-0.052148099813994264
192074,-16.954102099968956,-16.404478769093746,4.0,-0.5496233308752103
192158,-14.908407623670909,-14.963367922267922,4.0,0.054960298597013235
192386,-8.511279947684251,-8.68994866933075,2.0,0.17866872164649905
192457,-21.380734360060206,-21.499976291860577,7.0,0.11924193180037079
192514,-5.235813107326978,-5.264809759186195,1.0,0.028996651859217515
192532,-8.872571137327474,-8.794276071001986,2.0,-0.078295066325488
192603,-20.753565262833092,-20.647281364531658,7.0,-0.10628389830143448
192675,-5.267589830572157,-5.282898435643117,1.0,0.015308605070959658
192702,-13.417597722942729,-13.14676883405728,3.0,-0.27082888888544865
192732,-13.970395056718475,-14.230867426977612,4.0,0.26047237025913716
192829,-0.2100592919040206,-0.5207074891686249,0.0,0.31064819726460424
192858,-1.3563650235673372,-1.9371705847020049,0.0,0.5808055611346676
192926,-5.089013404813568,-5.078071866317202,1.0,-0.010941538496365588
193039,-71.14675908053766,-73.75015753032888,32.0,2.6033984497912144
193149,-134.94392285845967,-163.1359640732493,73.0,28.19204121478964
193519,-62.46378140929346,-60.82981097081087,23.0,-1.6339704384825922
193620,-14.679196343868842,-15.020420002608,4.0,0.3412236587391586
193646,-35.65176156056989,-35.22687556725974,14.0,-0.42488599331014854
193680,-27.549326449691545,-27.654979851775444,9.0,0.10565340208389884
193747,-0.7600995973030283,-0.9964391353087264,0.0,0.23633953800569807
193872,-30.689158855825198,-32.89333428104387,10.0,2.204175425218672
193933,-21.841544759239643,-21.884358042487733,7.0,0.04281328324809053
193975,-25.582151567435815,-25.676276514371427,7.0,0.09412494693561158
194059,-16.1376560955341,-15.662964699825162,4.0,-0.47469139570893937
194187,-10.599627400561179,-11.775080107478091,2.0,1.1754527069169125
194229,-48.437669827871815,-49.78989047084057,19.0,1.3522206429687529
194329,-10.089819953881033,-8.69495094559174,1.0,-1.3948690082892927
194399,-17.292585144751985,-16.858449164110688,5.0,-0.43413598064129744
194411,-58.145121023535694,-59.892482631339526,28.0,1.7473616078038319
194692,-59.105999072438216,-61.773117193785865,26.0,2.6671181213476487
194728,-5.656893869772749,-5.921336069313659,1.0,0.26444219954090986
194791,-32.37202918354965,-28.92421295881462,6.0,-3.4478162247350284
194801,-13.858642406816944,-13.26952548003502,3.0,-0.5891169267819247
194880,-5.5085268435156785,-5.685421388795215,1.0,0.17689454527953696
194916,-18.756582693353874,-18.684640440996706,5.0,-0.071942252357168
195072,-25.22735474637438,-24.51435119313103,8.0,-0.7130035532433503
195261,-22.531993570675628,-23.89481496906402,6.0,1.362821398388391
195303,-40.613362179218306,-40.44703975498533,16.0,-0.16632242423297328
195402,-26.059667443232833,-25.10538455016361,4.0,-0.9542828930692231
195403,-0.6253995220138295,-0.8396799158265348,0.0,0.21428039381270525
195509,-21.886162525832507,-22.354306004043487,6.0,0.4681434782109797
195516,-46.33915900644684,-47.96972694342516,19.0,1.6305679369783164
195584,-33.011464311923845,-32.81142289751519,12.0,-0.20004141440865197
195649,-0.8187230648967485,-0.9913150420040344,0.0,0.1725919771072859
195677,-2.616518376284328,-3.0857360379978673,0.0,0.4692176617135395
195701,-8.777448669887338,-7.955343964917677,1.0,-0.8221047049696608
195775,-16.241575676205017,-15.598506079027452,4.0,-0.6430695971775648
195864,-34.35581426171675,-36.77375492576903,10.0,2.4179406640522814
195950,-49.345591268691024,-44.66515698786799,18.0,-4.680434280823036
195970,-1.3746033375816464,-1.6145203217701418,0.0,0.23991698418849539
196023,-1.428579759243304,-1.9775631756581529,0.0,0.5489834164148488
196044,-0.48893012192568264,-0.9861491560026276,0.0,0.497219034076945
196127,-17.708335468016706,-17.25122484958748,5.0,-0.4571106184292262
196207,-15.443609175823363,-15.32280113534764,4.0,-0.12080804047572258
196294,-0.9492421488044112,-1.2930014890152464,0.0,0.3437593402108352
196526,-8.482910924033833,-8.352857473263512,2.0,-0.13005345077032082
196556,-14.395704034135184,-15.286255003254382,5.0,0.8905509691191984
196590,-12.109130160227778,-11.948763031742343,3.0,-0.16036712848543466
196616,-56.168668636814566,-55.36726258832551,24.0,-0.8014060484890564
196681,-6.6642173029714975,-6.6694865578207825,1.0,0.005269254849284977
196857,-0.7053862842738244,-0.8403857962063781,0.0,0.13499951193255366
196879,-20.34159641936749,-20.267828756215003,6.0,-0.07376766315248773
197263,-9.124395146948382,-8.620829736053542,2.0,-0.50356541089484
197350,-8.740864659949773,-8.860837453226287,2.0,0.11997279327651356
197364,-18.860127679107247,-17.79608183691805,3.0,-1.0640458421891985
197439,-39.24833300277332,-38.580598043599146,15.0,-0.6677349591741759
197511,-63.564883738332036,-63.870983641403214,32.0,0.3060999030711784
197835,-18.121354734581253,-18.117661400712723,5.0,-0.003693333868529436
197918,-26.9790042568303,-26.717736514947447,8.0,-0.26126774188285395
197921,-5.851635388115909,-4.631171270215106,0.0,-1.2204641179008027
198017,-2.1933483145847688,-2.7352523319427102,0.0,0.5419040173579415
198127,-59.79078863416938,-60.11794461698885,25.0,0.32715598281946967
198165,-13.690537533302397,-13.117181299108832,3.0,-0.5733562341935645
198375,-19.746045343756062,-19.5000341826667,6.0,-0.24601116108936338
198425,-35.02449343348822,-36.069614276737354,12.0,1.045120843249137
198506,-12.396576398974052,-11.88557731735455,3.0,-0.5109990816195022
198684,-4.810793628991383,-4.902986884927933,1.0,0.09219325593655014
198794,-1.495204498166603,-1.8847181647942273,0.0,0.3895136666276242
199039,-36.46981902329975,-36.56281488318935,13.0,0.09299585988959791
199073,-13.269221330696015,-13.74440135857164,4.0,0.4751800278756253
199075,-22.321999121172137,-22.46450467770655,8.0,0.1425055565344131
199078,-13.312086018484587,-12.790469102929428,3.0,-0.5216169155551587
199152,-76.2697855245291,-77.34151606244986,32.0,1.0717305379207573
199250,-15.448379330147784,-14.90732168010835,4.0,-0.5410576500394342
199387,-60.309943088833606,-58.879908062971296,23.0,-1.4300350258623098
199444,-10.276206211443768,-10.762200822554584,2.0,0.4859946111108169
199570,-30.011869973727226,-29.431942300865273,10.0,-0.5799276728619525
199576,-32.02034774469522,-32.268287381357986,12.0,0.24793963666276397
199601,-27.60200072294089,-29.743924108685967,7.0,2.141923385745077
199701,-19.524496042107124,-18.876736553384113,5.0,-0.6477594887230111
199802,-0.9722239154076504,-1.0934558107813697,0.0,0.12123189537371926
199882,-42.653197981086564,-42.68287486830349,18.0,0.029676887216929515
200170,-4.531612455476765,-4.6940974706436815,1.0,0.16248501516691682
200210,-17.54314975041469,-17.52460698625032,5.0,-0.018542764164369174
200217,-90.02366218810997,-88.10333417232795,50.0,-1.9203280157820188
200219,-5.436183271758635,-5.195734655709501,1.0,-0.24044861604913415
200316,-24.171384595623042,-24.37035917782952,5.0,0.19897458220647835
200502,-3.311487051820467,-1.6660686040059414,0.0,-1.6454184478145257
200546,-6.382347996864447,-5.666385181981565,1.0,-0.7159628148828823
200590,-26.03603051789092,-25.708202935054743,8.0,-0.3278275828361785
200599,-17.06358414541385,-16.735765011354957,4.0,-0.32781913405889185
200715,-25.30738115627788,-24.45683011885359,6.0,-0.8505510374242924
200752,-11.227552314442354,-10.34569143588536,2.0,-0.8818608785569939
200807,-1.7739604582700441,-1.5918199448648485,0.0,-0.18214051340519566
200897,-12.397101750167849,-12.127410698709763,3.0,-0.2696910514580857
200969,-20.17704598582067,-19.46779678898394,6.0,-0.7092491968367298
200974,-1.2145977194548179,-1.5668604164170434,0.0,0.35226269696222556
201567,-5.2808975294171505,-5.229374206685434,1.0,-0.05152332273171645
201608,-6.821080337991225,-7.876803561470322,1.0,1.055723223479097
201667,-0.5352586172305448,-1.0317188617907505,0.0,0.49646024456020565
201797,-33.13465571115579,-33.44977973029246,11.0,0.3151240191366753
201918,-18.429094021148575,-19.597129694032567,3.0,1.1680356728839918
202011,-8.52644242124477,-8.388990026685965,2.0,-0.13745239455880487
202125,-28.88981243514575,-28.38535553809516,10.0,-0.5044568970505914
202163,-40.159258424520445,-39.52299887016828,15.0,-0.636259554352165
202287,-102.286924630235,-97.99879082871108,50.0,-4.2881338015239265
202369,-16.88732711624609,-16.97832633206646,4.0,0.09099921582036785
202427,-2.7210779211986806,-3.047560352268943,0.0,0.32648243107026254
202525,-43.228284344292604,-43.30107333094648,14.0,0.07278898665387601
202542,-4.9931172890933695,-5.031289250689375,1.0,0.038171961596005666
202760,-17.293754656721845,-17.368086262431454,5.0,0.0743316057096095
202898,-21.16159976328188,-20.543288393620436,6.0,-0.6183113696614448
203025,-9.541872578454143,-9.36214670227431,2.0,-0.17972587617983216
203062,-0.9786427822856514,-1.2430518864872222,0.0,0.2644091042015708
203298,-45.744315601995034,-45.925549573989535,18.0,0.18123397199450153
203583,-5.292485148239004,-5.168143925169604,1.0,-0.12434122306940054
203664,-8.004593488241506,-8.069895717182233,2.0,0.06530222894072679
203692,-5.1521316600970435,-4.893933474569192,1.0,-0.2581981855278519
203720,-5.480569618341962,-5.119887266838844,1.0,-0.3606823515031179
203744,-5.892639277198318,-6.1349635652046866,1.0,0.24232428800636896
204092,-93.90539633893741,-90.38499165036949,31.0,-3.520404688567922
204284,-1.403375600669269,-2.112099443146528,0.0,0.7087238424772591
204292,-59.69790173023548,-61.13509346965129,18.0,1.437191739415809
204322,-22.184021912892405,-22.370095002433008,7.0,0.18607308954060287
204361,-9.41753003877445,-9.676397036064644,2.0,0.2588669972901947
204439,-2.14774040476486,-2.3316880311688735,0.0,0.1839476264040134
204493,-48.95663145419745,-39.48323623749947,11.0,-9.47339521669798
204541,-10.92401985373776,-11.157189754744415,3.0,0.23316990100665436
204561,-1.9851533166327715,-3.1258033676743535,0.0,1.140650051041582
204719,-13.513943068380408,-14.161002597186314,3.0,0.6470595288059062
204789,-36.81461093049285,-36.86060546992571,13.0,0.04599453943286136
204859,-15.951327124579258,-16.21397866428749,4.0,0.26265153970823363
204867,-39.23598958531313,-38.67765069332908,14.0,-0.5583388919840502
204894,-16.900038021240466,-16.417417113334476,4.0,-0.4826209079059893
204966,-64.54669438623874,-65.08715643347578,24.0,0.5404620472370425
205121,-5.865477817773105,-5.382527938951081,1.0,-0.48294987882202367
205140,-6.720666581207352,-6.778146303616982,1.0,0.05747972240962973
205319,-2.0450897177447684,-2.7861735454348096,0.0,0.7410838276900411
205377,-9.044101957042578,-8.81370608325534,2.0,-0.2303958737872378
205398,-22.947242327722385,-23.26466245962629,5.0,0.31742013190390495
205435,-0.7219584139835533,-0.9883473190161174,0.0,0.26638890503256407
205445,-11.678254590168606,-11.502046792103712,3.0,-0.17620779806489395
205491,-7.088805975757239,-5.290348241004584,1.0,-1.7984577347526551
205573,-0.9967900905223017,-1.5350126759212754,0.0,0.5382225853989737
205577,-0.9471765571987959,-1.2906691376252777,0.0,0.3434925804264818
205620,-10.322765508661869,-9.862572536653069,2.0,-0.4601929720087998
205662,-9.096318393417071,-8.917599560467057,2.0,-0.17871883295001467
205787,-20.455037493735592,-22.232172572575625,5.0,1.7771350788400326
205971,-0.4731356418938841,-0.8104467141475554,0.0,0.33731107225367135
206010,-32.297820186019365,-31.87378090654298,8.0,-0.42403927947638564
206024,-0.57023000412428,-0.7773233476165955,0.0,0.20709334349231545
206098,-1.7419132494709744,-2.1435702975440507,0.0,0.40165704807307634
206142,-1.7283444798999081,-3.042121444301767,0.0,1.3137769644018586
206160,-13.31586685032871,-12.651249317334733,3.0,-0.6646175329939776
206303,-44.83735804841111,-44.511311991369176,15.0,-0.32604605704193546
206318,-14.479637547044128,-14.31532329995434,4.0,-0.1643142470897878
206320,-4.9584130220643035,-4.966832529369046,1.0,0.008419507304742169
206378,-14.091322990833081,-13.907480176774902,3.0,-0.18384281405817937
206388,-0.39437760060202026,-0.8451391922844071,0.0,0.4507615916823869
206391,-3.6683229226733975,-3.66448651640519,0.0,-0.0038364062682076927
206662,-10.50734375661332,-9.850973352277071,2.0,-0.6563704043362488
206666,-2.642166727513605,-3.2381002321104497,0.0,0.5959335045968448
206810,-14.296463578658727,-14.56099861469586,4.0,0.2645350360371328
206935,-0.016820965968167362,-0.2260358974378878,0.0,0.20921493146972042
206992,-16.208429217997406,-15.935745374651011,3.0,-0.2726838433463943
207046,-15.472354482236863,-15.797654095784306,4.0,0.3252996135474433
207075,-10.47853055438247,-9.953280261107569,2.0,-0.525250293274901
207176,-1.421471483846386,-1.767930126226565,0.0,0.346458642380179
207190,-18.30679230880377,-17.402089949135522,4.0,-0.9047023596682493
207408,-0.6969030729482131,-0.7772629059742248,0.0,0.08035983302601168
207410,-36.77243982859061,-37.994960704585075,11.0,1.2225208759944621
207503,-3.956572822694302,-5.529041939283391,0.0,1.572469116589089
207534,-12.657141526009259,-12.324666069446303,3.0,-0.3324754565629551
207718,-9.8287226929923,-10.563162947681477,2.0,0.7344402546891757
207771,-6.110847833019109,-5.677759922552267,1.0,-0.4330879104668428
207841,-1.367949576714877,-1.549533066268311,0.0,0.18158348955343406
207847,-1.1800581030972102,-1.812483723478288,0.0,0.6324256203810779
207946,-41.20219892833354,-41.11395460171308,12.0,-0.08824432662045467
208070,-2.9587753141110302,-2.906648245153944,0.0,-0.0521270689570863
208084,-11.036236382495987,-11.163665092720455,3.0,0.12742871022446778
208293,-5.797932417802598,-5.953259829013455,1.0,0.15532741121085714
208352,-9.374564027784425,-8.926589264281853,2.0,-0.4479747635025717
208371,-21.30307431064336,-20.96874215732988,6.0,-0.3343321533134791
208630,-6.287365866878304,-6.444391511001881,1.0,0.15702564412357756
208777,-20.29696031110532,-20.77283844895011,6.0,0.4758781378447914
208840,-0.6716606532150694,-0.6057552104210533,0.0,-0.06590544279401611
209028,-73.1271727103915,-72.29565688753004,35.0,-0.8315158228614621
209039,-14.258000120340435,-9.937089211617504,2.0,-4.320910908722931
209047,-41.092992194114586,-40.454345007110646,15.0,-0.6386471870039401
209142,-28.742836635812765,-28.998178014683965,9.0,0.2553413788712007
209222,-19.9996096881274,-18.990391480008547,5.0,-1.0092182081188525
209242,-77.13053578084198,-74.41452896278595,38.0,-2.71600681805603
209254,-11.566637463565502,-11.69807482518462,3.0,0.1314373616191169
209379,-19.2238802737976,-18.814732713452972,5.0,-0.4091475603446284
209386,-2.4355920654074112,-2.912773250012565,0.0,0.4771811846051537
209513,-33.841783761926834,-35.82878838856285,11.0,1.9870046266360148
209539,-6.128516567963176,-5.332643371529999,1.0,-0.7958731964331776
209574,-5.26779568861998,-5.277772032259465,1.0,0.009976343639484853
209714,-3.360510027219172,-3.125152511419365,1.0,-0.2353575157998069
209753,-1.2934627824440807,-1.6200043568253777,0.0,0.32654157438129694
209791,-5.672825661360466,-5.461828122167297,1.0,-0.2109975391931691
209877,-9.884825343466215,-9.246515003197196,2.0,-0.6383103402690189
209920,-62.748430810077004,-62.58039274037009,18.0,-0.16803806970691681
209936,-32.017952925836724,-32.39769115546414,10.0,0.37973822962741366
210053,-30.83679438170473,-33.4956124372127,10.0,2.658818055507968
210095,-15.964234454616005,-15.271221703916607,3.0,-0.6930127506993973
210263,-43.07069037609242,-42.64250472552619,17.0,-0.4281856505662347
210287,-2.916503543484215,-2.5862727457726287,0.0,-0.33023079771158637
210681,-12.795315211754597,-12.592942298458643,3.0,-0.20237291329595308
210757,-2.937114850781939,-3.260870126172199,0.0,0.32375527539026017
210811,-34.43523939642468,-34.4231163648768,12.0,-0.012123031547879748
210984,-26.441376363145114,-25.8023472411259,8.0,-0.6390291220192132
211200,-51.08584329374568,-51.27475578708178,15.0,0.1889124933360975
211212,-49.23500320711998,-52.371122557643986,22.0,3.1361193505240053
211296,-5.338774720741279,-5.5688841335920705,1.0,0.23010941285079145
211332,-19.676803642251443,-20.398698374763185,6.0,0.7218947325117426
211430,-6.370452080531051,-6.211574849270086,1.0,-0.15887723126096542
211452,-11.922427000430265,-11.550201733374555,3.0,-0.37222526705570935
211528,-5.707156185599198,-5.388414787866705,1.0,-0.31874139773249244
211685,-7.064957570462684,-6.776409000847329,1.0,-0.28854856961535535
211781,-6.15362005272607,-5.953460073632872,1.0,-0.20015997909319783
211795,-0.6802924215241943,-1.0447414389134038,0.0,0.36444901738920943
212181,-7.586117870490726,-8.420948848312289,2.0,0.8348309778215626
212190,-1.1610707184007996,-1.5535949080750824,0.0,0.3925241896742828
212321,-12.310119099321543,-12.32238466820072,3.0,0.012265568879175959
212605,-2.3613856573506853,-2.750880580144694,0.0,0.38949492279400877
212749,-15.424357869310832,-15.121855574322604,4.0,-0.3025022949882281
212791,-30.331767940564855,-30.0321851153925,9.0,-0.29958282517235446
212807,-8.912524008672426,-8.988620817511098,2.0,0.0760968088386722
212832,-9.997722971045988,-9.357306340981488,2.0,-0.6404166300645002
212888,-1.4554763681231158,-1.8893805027807136,0.0,0.4339041346575978
212958,-18.832261879519624,-18.959807954685115,5.0,0.12754607516549044
212990,-34.3630397398055,-34.9767285574949,11.0,0.6136888176894004
213022,-37.11410214517184,-36.313030143117366,10.0,-0.8010720020544753
213060,-9.468649140011022,-9.037352156205946,2.0,-0.4312969838050762
213074,-5.1038943793946485,-5.06567690473042,1.0,-0.03821747466422831
213110,-22.26123515588283,-21.803616247304664,6.0,-0.4576189085781657
213148,-19.486832595879225,-19.94361423900652,5.0,0.45678164312729663
213153,-12.704110903549289,-12.51655826356171,3.0,-0.18755263998757954
213164,-44.92154742816768,-50.482809974287264,18.0,5.561262546119586
213325,-19.357335144478117,-20.213692720812105,6.0,0.8563575763339877
213385,-9.272970319766122,-9.057873294640553,2.0,-0.21509702512556927
213399,-22.293539456331697,-22.151406340129125,6.0,-0.1421331162025723
213429,-9.174025281013218,-9.084002902787384,2.0,-0.09002237822583403
213511,-19.517339024727292,-19.3525991438878,5.0,-0.1647398808394911
213538,-2.6508336847783087,-3.025764671657856,0.0,0.3749309868795474
213582,-32.69136749954741,-33.950813315642975,9.0,1.259445816095564
213693,-9.659817825826654,-9.317094517085383,2.0,-0.3427233087412702
213748,-13.533588216409303,-13.074873709224828,3.0,-0.4587145071844745
213798,-24.991443460226453,-24.806839518336123,9.0,-0.18460394189033025
213805,-3.353020252496196,-3.3219539258658717,0.0,-0.03106632663032416
213878,-3.9583349899556834,-4.0377736246896365,0.0,0.07943863473395307
213896,-22.853062851938226,-22.13402547478233,5.0,-0.719037377155896
214011,-10.080168273701101,-9.677328837188044,2.0,-0.402839436513057
214379,-8.383994438530898,-8.420886045878893,2.0,0.03689160734799479
214479,-1.6528167131676539,-2.351797961085961,0.0,0.6989812479183071
214552,-38.19827530171873,-37.97259269947987,16.0,-0.22568260223886227
214853,-0.7731689368231295,-1.2076984580943535,0.0,0.434529521271224
214915,-20.665121825966445,-20.508086406621725,6.0,-0.15703541934471943
214919,-10.424619089505162,-9.847872181763796,2.0,-0.5767469077413665
214951,-1.21316341372032,-2.029219683546008,0.0,0.8160562698256881
214989,-0.4490965496444486,-0.6620494321168975,0.0,0.21295288247244887
214996,-8.901026514657113,-8.671050943234757,2.0,-0.22997557142235614
215010,-9.961406649533915,-9.441224977368629,2.0,-0.5201816721652861
215023,-64.5766371164414,-61.820829988828024,22.0,-2.75580712761338
215151,-34.54741916757076,-35.21176109093612,15.0,0.6643419233653631
215276,-14.910294893584839,-14.493799985143283,4.0,-0.416494908441555
215402,-13.258088847447068,-13.027728963958351,3.0,-0.23035988348871683
215490,-21.548635844440486,-21.70804632421657,6.0,0.1594104797760849
215596,-11.573382482238198,-11.252004741553844,3.0,-0.32137774068435476
215890,-13.51797428056885,-12.780413582998266,3.0,-0.7375606975705846
215901,-14.900431022870045,-14.573525832247965,4.0,-0.3269051906220799
215920,-5.5110197864091175,-5.558922745494282,1.0,0.04790295908516473
215930,-8.261195968171373,-8.297333425197202,2.0,0.03613745702582882
215975,-40.13252629330676,-40.31603436010627,12.0,0.18350806679951148
215996,-24.668190361190025,-24.294667699361703,7.0,-0.3735226618283214
216073,-39.0245870954414,-36.5758919888488,8.0,-2.448695106592595
216082,-0.9625275331191189,-0.9551659330266852,0.0,-0.0073616000924336955
216122,-20.852977308898986,-20.400984337455593,5.0,-0.4519929714433921
216180,-8.948179678718203,-8.944904772732931,2.0,-0.0032749059852719142
216187,-5.101794036449591,-5.061574416975168,1.0,-0.04021961947442243
216204,-12.47582546878811,-12.628707815334552,3.0,0.15288234654644306
216275,-25.74008362173253,-25.72197127847704,9.0,-0.018112343255491936
216349,-26.291697203422288,-26.14191510147543,8.0,-0.14978210194685815
216424,-55.215877440471566,-55.57822081524984,26.0,0.36234337477827694
216476,-1.1396060565581443,-1.3343820326564388,0.0,0.19477597609829456
216570,-31.846275582768644,-31.448531444954536,11.0,-0.397744137814108
216611,-1.0295636932905938,-1.3578511192632523,0.0,0.3282874259726585
216976,-16.231029703557546,-16.023309239009553,4.0,-0.2077204645479931
217109,-16.78060440812613,-16.731248750097258,4.0,-0.04935565802887254
217364,-8.97214744698455,-8.752011472415354,2.0,-0.22013597456919598
217407,-20.5357205701656,-21.294980971393468,7.0,0.7592604012278663
217408,-8.261483438901003,-8.752153612881264,2.0,0.490670173980261
217471,-53.585538810005104,-53.80384101499759,19.0,0.21830220499248298
217504,-12.831256745642067,-12.224412548710593,3.0,-0.6068441969314744
217540,-20.2032536966496,-19.759206433897777,5.0,-0.44404726275182327
217548,-23.889337378257938,-23.618564304458804,7.0,-0.27077307379913407
217569,-34.59811794585082,-35.05450490059916,9.0,0.45638695474834634
217647,-18.475945563409383,-17.773556687568345,5.0,-0.7023888758410379
217800,-13.575280982137503,-13.768848582078776,4.0,0.19356759994127337
218136,-157.7504819621516,-154.46275593706022,92.0,-3.287726025091388
218148,-9.447081286132995,-9.899250223649142,2.0,0.45216893751614684
218175,-4.151002514066048,-7.25182552162422,0.0,3.100823007558172
218193,-38.414381316352106,-38.087778434845184,15.0,-0.32660288150692196
218202,-25.254908402389972,-24.828650907024016,8.0,-0.4262574953659559
218409,-1.4538610420904214,-1.9228046115242416,0.0,0.4689435694338202
218415,-5.171643070639723,-5.182936528474127,1.0,0.011293457834404386
218463,-18.407862198940457,-17.61010936474201,5.0,-0.7977528341984481
218472,-12.235928223039966,-11.862956361803118,3.0,-0.37297186123684867
218559,-18.085470424104862,-18.20246251034819,6.0,0.11699208624332869
218727,-1.8421388124248212,-2.667799432869952,0.0,0.8256606204451307
218777,-10.281554567687055,-11.439087539012212,3.0,1.157532971325157
218797,-2.591760912386444,-1.771911371329601,0.0,-0.8198495410568429
218816,-2.0789766579710256,-1.984033292544557,0.0,-0.09494336542646864
218880,-12.273821934214723,-12.139380551537016,2.0,-0.1344413826777071
218910,-35.32674476533114,-34.66138190467581,12.0,-0.6653628606553355
218945,-29.196139729986935,-29.44273235825295,10.0,0.2465926282660149
218962,-18.78949648938988,-18.23619098322603,5.0,-0.5533055061638485
219132,-35.53014464112969,-34.89516967627395,14.0,-0.6349749648557363
219185,-3.519411495876128,-2.779174429488267,0.0,-0.740237066387861
219187,-7.951333122537793,-7.419170442399425,1.0,-0.5321626801383683
219195,-5.439869166621955,-5.256579112232363,1.0,-0.1832900543895919
219198,-24.451603380280837,-24.483158680597416,8.0,0.031555300316579604
219234,-16.784773782269795,-16.469480295367177,4.0,-0.31529348690261827
219257,-31.993060575650123,-31.937657174130685,12.0,-0.05540340151943823
219410,-12.419587660904357,-12.01292680692067,3.0,-0.4066608539836878
219449,-5.369132830352476,-5.164670368843915,1.0,-0.2044624615085615
219458,-9.639811982183748,-9.460699764643758,2.0,-0.17911221753998952
219643,-7.252483959374602,-7.538254497535035,2.0,0.28577053816043296
219667,-0.6398676886793359,-0.991689418128644,0.0,0.3518217294493081
219806,-8.815843088216438,-8.796008749666031,2.0,-0.019834338550406727
219824,-18.753607528018243,-18.101634751546367,5.0,-0.6519727764718759
219835,-23.914628906732467,-23.68866447027283,8.0,-0.2259644364596376
219884,-7.809748657061296,-7.969782154722169,2.0,0.16003349766087283
219906,-46.42384566273355,-48.27405802530664,19.0,1.8502123625730889
219999,-16.883671156554822,-16.697632707245802,5.0,-0.18603844930902014
220002,-3.0042113646134756,-3.3954357994834297,0.0,0.39122443486995406
220264,-5.320409863634533,-5.180016448508861,1.0,-0.14039341512567205
220270,-6.430764292678182,-6.274592064559591,1.0,-0.15617222811859133
220609,-4.850884916627931,-4.921822697664533,1.0,0.07093778103660231
220653,-12.462948760492468,-13.253770081256135,3.0,0.7908213207636674
220669,-14.376291471929212,-13.893341887010903,3.0,-0.48294958491830897
220725,-18.22103389173826,-17.6836051623798,4.0,-0.5374287293584601
220848,-11.666196141181876,-11.36193107032828,3.0,-0.3042650708535959
221182,-66.32858743795876,-65.05376323085581,38.0,-1.2748242071029523
221268,-19.91950225487493,-19.90603364571431,6.0,-0.01346860916062198
221524,-77.79975763322224,-76.70876402793843,34.0,-1.0909936052838134
221583,-2.4459446641094598,-3.7591510074911274,0.0,1.3132063433816676
221840,-3.414026315106162,-3.4939155830240436,0.0,0.07988926791788176
221897,-6.421859478529892,-6.709261689878301,1.0,0.28740221134840915
222201,-52.734548006294865,-53.89289523474365,18.0,1.1583472284487826
222465,-20.410275543761422,-19.919730537582257,6.0,-0.49054500617916474
222493,-29.006888379413102,-29.37383124047064,8.0,0.36694286105753804
222607,-190.16697066427363,-195.89388345830076,48.0,5.726912794027129
222720,-20.53073086684024,-20.63564916261926,6.0,0.10491829577901868
222726,-40.972553388493,-41.20847276886966,16.0,0.23591938037666438
222750,-1.3183425556049995,-1.4594695558914097,0.0,0.14112700028641023
222788,-0.8484920514694013,-0.9807168009725692,0.0,0.13222474950316787
222789,-2.1739880494671553,-2.4729027599494087,0.0,0.2989147104822534
222838,-0.9767777919521592,-1.14261201547967,0.0,0.16583422352751076
222946,-25.498287495554052,-25.297091065167827,7.0,-0.2011964303862257
223037,-6.031884261588605,-5.4522866867358895,1.0,-0.5795975748527153
223089,-38.29885196784433,-39.672805221021264,13.0,1.3739532531769356
223266,-11.793017090890938,-8.251939188050885,2.0,-3.541077902840053
223316,-20.11155983032987,-20.423739418283592,5.0,0.3121795879537217
223370,-27.020881845639344,-27.06736988078856,9.0,0.046488035149216955
223424,-15.465281748219336,-15.246171635372612,4.0,-0.21911011284672455
223467,-8.943289937622362,-8.641330948957982,2.0,-0.30195898866437965
223560,-38.15908334850973,-38.36614608097509,16.0,0.20706273246536
223867,-1.1501324223039486,-1.3569235542246103,0.0,0.20679113192066167
223868,-12.436482390237714,-12.572767791251785,3.0,0.13628540101407083
223958,-23.863476260846394,-24.28363118952967,6.0,0.420154928683278
224304,-5.373022264062741,-5.234099143397279,1.0,-0.13892312066546175
224369,-8.45385038215072,-8.915241044216735,2.0,0.461390662066016
224373,-3.462473301160012,-3.77259113305256,1.0,0.3101178318925477
224430,-0.7694000280417734,-1.069591444385933,0.0,0.30019141634415947
224470,-26.165623477615885,-27.12438319593595,6.0,0.9587597183200636
224482,-60.22052717717487,-60.76652430482513,17.0,0.54599712765026
224486,-6.715006522879594,-5.596885644101774,1.0,-1.1181208787778196
224592,-5.6196330722556205,-6.14397912734339,1.0,0.5243460550877694
224609,-6.481378929137936,-6.535364061026482,1.0,0.053985131888546256
224668,-1.524981070352275,-1.5353245079456976,0.0,0.0103434375934226
224742,-41.53694949597057,-42.34862729287891,13.0,0.8116777969083415
224880,-12.353207559917305,-12.42011501878715,3.0,0.06690745886984573
225038,-23.36804702313607,-24.22813442927928,8.0,0.860087406143208
225081,-1.1207673792411688,-1.177346121892725,0.0,0.05657874265155627
225268,-20.99982679756142,-21.88705055970873,6.0,0.8872237621473111
225283,-37.52906234829288,-38.018752053302265,17.0,0.4896897050093827
225290,-26.986517650763016,-26.84020033221141,9.0,-0.14631731855160623
225298,-12.880884291586073,-13.103536663847947,2.0,0.22265237226187473
225456,-8.982350077492514,-9.480623281329148,2.0,0.498273203836634
225567,-17.288759230461004,-17.005331402553225,4.0,-0.2834278279077793
225585,-1.1921143565655374,-1.4490279622864275,0.0,0.25691360572089006
225616,-16.779411966764904,-16.238556961560572,4.0,-0.5408550052043317
225626,-8.78156295397134,-8.761848127006015,2.0,-0.019714826965325116
225633,-32.899091044985155,-33.76607986429738,12.0,0.8669888193122262
225668,-33.32625508713669,-32.97632767951698,11.0,-0.34992740761970964
225842,-26.989523241402193,-26.42962234414269,6.0,-0.559900897259503
225847,-15.052659602350218,-14.826765365281924,4.0,-0.22589423706829415
225905,-43.95586029269761,-44.433891667583,18.0,0.47803137488538994
226057,-1.0898279068425116,-1.2460338808949496,0.0,0.15620597405243797
226080,-37.38089087144899,-38.9245437456729,17.0,1.543652874223909
226090,-20.825501647369112,-24.871406965231103,5.0,4.04590531786199
226129,-18.31247121765248,-18.03089786440753,5.0,-0.2815733532449478
226155,-49.69209159309283,-47.789007729287626,20.0,-1.9030838638052074
226168,-12.537350651885635,-12.385152430513852,3.0,-0.1521982213717834
226343,-7.1047602447812785,-6.7228734987410235,1.0,-0.3818867460402551
226374,-23.54581462759912,-23.460240384947017,8.0,-0.085574242652104
226395,-5.4522978668098805,-5.3084107175584325,1.0,-0.14388714925144797
226413,-14.019943404379012,-14.096486743684029,4.0,0.076543339305017
226448,-20.766118894529892,-20.089317711913363,6.0,-0.6768011826165292
226674,-34.16091330310689,-34.77051557141882,12.0,0.6096022683119315
226858,-5.329959618379613,-5.443665678150715,1.0,0.11370605977110237
226962,-18.11163668835494,-18.549343969006785,5.0,0.4377072806518463
227186,-32.8436458866826,-33.18275353105291,10.0,0.3391076443703085
227258,-1.1807988396518834,-1.5122614589707803,0.0,0.331462619318897
227321,-19.24094777173796,-18.818740105143966,5.0,-0.42220766659399445
227358,-29.115164617946682,-32.02742497223673,10.0,2.912260354290048
227599,-0.9775777049822568,-1.291012537896675,0.0,0.3134348329144182
227605,-5.437895359639356,-5.16356150963106,1.0,-0.27433385000829613
227829,-33.76348818379438,-34.438726490656734,12.0,0.6752383068623544
227938,-27.379565308475847,-27.337402313581673,10.0,-0.04216299489417352
227940,-5.804361897624136,-5.565217310457123,1.0,-0.23914458716701326
228002,-17.19878695038323,-17.147800346016396,5.0,-0.05098660436683389
228241,-94.04048029983626,-90.08672575867644,34.0,-3.9537545411598245
228312,-30.5282713163781,-30.28760767721539,11.0,-0.24066363916270817
228352,-13.158838820376054,-12.756451280828289,3.0,-0.4023875395477656
228380,-2.4150229257390685,-2.729413004115892,0.0,0.31439007837682365
228410,-20.012794253102463,-20.2784611565325,5.0,0.26566690343003785
228590,-15.976627280466172,-17.304858751381627,5.0,1.3282314709154548
228695,-5.463245048594154,-5.334482092464049,1.0,-0.1287629561301049
228927,-25.832862690854835,-25.610914431646385,8.0,-0.22194825920844963
228995,-5.296477371160812,-5.848441104452387,1.0,0.5519637332915757
229245,-4.733964233469532,-4.73967565309423,1.0,0.005711419624698344
229257,-15.957689031184884,-16.411409267366036,4.0,0.45372023618115165
229339,-8.424002313256155,-8.440624650887063,2.0,0.016622337630908035
229357,-9.299056177788627,-9.08834133559326,2.0,-0.21071484219536707
229408,-20.53840678318936,-20.473911019866648,6.0,-0.06449576332271079
229550,-2.9997488098345033,-3.725519486209015,0.0,0.7257706763745118
229610,-32.70608121532646,-32.961603058828075,12.0,0.25552184350161156
229647,-6.66425765131724,-7.549188343903975,0.0,0.8849306925867344
229668,-0.18117565148517742,-0.5401794175141053,0.0,0.3590037660289278
229832,-66.91381996843631,-66.41262082143652,37.0,-0.5011991469997952
230053,-21.21049570732019,-20.788231038076415,6.0,-0.42226466924377704
230383,-12.13149478507421,-12.119563224818505,3.0,-0.01193156025570552
230515,-22.5132121785079,-22.25004677188323,7.0,-0.2631654066246689
230576,-3.287573052770544,-3.1449300239605527,0.0,-0.14264302880999136
230768,-55.22871598021723,-53.983244162221055,15.0,-1.245471817996176
230776,-10.03648776678099,-9.925116289428464,2.0,-0.11137147735252562
230824,-4.239679751507385,-4.5325697576647235,0.0,0.2928900061573385
230885,-12.107835622684627,-11.7617400639955,3.0,-0.346095558689127
231153,-2.444117841145584,-3.266488727071441,0.0,0.8223708859258569
231154,-25.152905511973067,-24.49953127004036,6.0,-0.6533742419327062
231239,-19.694291764872112,-19.566328274411312,6.0,-0.12796349046080024
231252,-5.290520139652661,-5.391945916685685,1.0,0.10142577703302447
231260,-35.91304476922365,-35.82082265077892,15.0,-0.09222211844473094
231412,-4.840896619497046,-4.830165680650806,1.0,-0.010730938846240434
231463,-5.1521573425161415,-5.446474878050349,1.0,0.2943175355342076
231466,-54.965415767084494,-57.00478107519645,25.0,2.039365308111954
231645,-6.591789837331553,-5.085976443806665,1.0,-1.505813393524888
231696,-0.9081574437571027,-1.2007046147081268,0.0,0.2925471709510241
231702,-17.175844590799066,-16.498555788041525,4.0,-0.6772888027575412
231929,-14.951060990958664,-14.835040178806851,4.0,-0.11602081215181315
232104,-9.136509349333698,-8.9289375118459,2.0,-0.20757183748779795
232137,-17.820328014282257,-17.867205909041374,4.0,0.046877894759116856
232187,-21.337208841907536,-21.292579316165785,7.0,-0.04462952574175105
232526,-10.637883814639258,-10.33403912309345,2.0,-0.30384469154580707
232667,-14.67314295237957,-13.969506276350186,3.0,-0.7036366760293831
232713,-13.496900216690454,-13.728324952204218,4.0,0.2314247355137642
232762,-1.2937770804618403,-1.8159379028185796,0.0,0.5221608223567393
232831,-1.416675722999555,-2.1067765906180544,0.0,0.6901008676184994
233064,-6.328973405987923,-5.654435217312477,0.0,-0.674538188675446
233146,-24.682957515972202,-26.217177859774313,6.0,1.5342203438021116
233250,-6.36082864935289,-6.554990490979398,1.0,0.1941618416265074
233376,-2.642406870187701,-2.483072242389736,0.0,-0.15933462779796503
233405,-18.153415660282782,-17.62482142968615,5.0,-0.5285942305966316
233507,-59.20224288062901,-60.46376836456259,14.0,1.2615254839335819
233517,-5.271611483465019,-5.564646353923723,1.0,0.2930348704587038
233607,-14.635678889596813,-14.43028471595218,4.0,-0.20539417364463297
233649,-20.700073312639816,-22.58340368645441,5.0,1.8833303738145943
233675,-2.9814583226750226,-3.744810605712236,0.0,0.7633522830372135
233766,-0.7911102521523344,-1.0804903609342231,0.0,0.2893801087818887
233881,-14.719809748910587,-15.04134215293271,4.0,0.3215324040221237
233888,-3.5611245149352238,-3.372617812673507,1.0,-0.18850670226171662
234022,-14.67090026099799,-16.250420539441706,4.0,1.5795202784437148
234024,-26.7765000516913,-26.831791692199698,8.0,0.055291640508396966
234120,-38.909660473475874,-39.06827736494156,14.0,0.1586168914656838
234126,-30.07331583871643,-30.152283343128435,9.0,0.07896750441200595
234133,-2.511961038032932,-2.8465435373956467,0.0,0.3345824993627149
234139,-18.404534778408244,-18.042067212366092,5.0,-0.36246756604215236
234358,-13.944309626941966,-12.906997195976023,2.0,-1.037312430965942
234377,-40.16202834433547,-39.80428703680971,16.0,-0.3577413075257567
234456,-20.626896305341006,-20.747962341340006,6.0,0.12106603599900012
234472,-17.25443999010606,-16.95488377588791,5.0,-0.2995562142181498
234473,-36.33017570312432,-47.24099823822508,12.0,10.910822535100763
234611,-1.0759349244140002,-1.360899630973761,0.0,0.2849647065597609
234643,-13.393739592478116,-13.27932837734508,3.0,-0.1144112151330372
234693,-1.153663365175513,-1.3223626388042071,0.0,0.16869927362869408
235100,-2.0299992670258216,-2.373308727547701,0.0,0.3433094605218794
235324,-82.50914181191547,-81.65152732198386,42.0,-0.8576144899316063
235393,-27.140360738515053,-26.477310133260232,8.0,-0.6630506052548206
235405,-18.406803381440167,-18.860670845297093,4.0,0.4538674638569269
235426,-12.018633826170078,-11.92134754079977,3.0,-0.09728628537030737
235657,-11.415865715029831,-11.4322218192539,3.0,0.016356104224069412
235720,-14.93594966223039,-13.63891223916516,3.0,-1.2970374230652304
235978,-18.350336454367696,-17.84009975542576,5.0,-0.5102366989419345
236014,-1.6374778142947553,-2.1254275829985647,0.0,0.48794976870380946
236100,-10.453581127865938,-10.714096914978184,2.0,0.26051578711224543
236249,-26.478672910845532,-26.140100443641053,9.0,-0.33857246720447876
236373,-1.567452231794514,-2.256928137246504,0.0,0.6894759054519901
236439,-1.4340201038613205,-2.3159059223773477,0.0,0.8818858185160272
236499,-10.31467074640505,-10.044118609782933,1.0,-0.27055213662211663
236535,-9.548231013344157,-9.242304585119944,2.0,-0.3059264282242129
236584,-10.416234697873477,-10.808325320911464,3.0,0.39209062303798703
236658,-23.37179446013584,-22.63163132805722,6.0,-0.7401631320786173
236716,-30.292441037021312,-30.08545036873515,11.0,-0.20699066828616353
236858,-8.887800645652316,-8.745875794931523,2.0,-0.14192485072079286
236934,-14.959470555024803,-14.756458884981685,4.0,-0.20301167004311793
237053,-3.300457224091452,-5.125218682198097,0.0,1.8247614581066456
237181,-5.8707547076474915,-6.155637756964934,1.0,0.28488304931744235
237185,-31.56742543228823,-30.73632803710644,8.0,-0.8310973951817893
237302,-57.43208936407559,-55.86156999987476,27.0,-1.5705193642008268
237350,-24.422311529029678,-24.569103017301213,8.0,0.14679148827153554
237352,-4.692036462524313,-4.309464507682978,1.0,-0.3825719548413353
237454,-46.86264100102675,-38.65427556230963,12.0,-8.208365438717124
237581,-4.933650960236511,-4.912347166992003,1.0,-0.02130379324450793
237624,-0.6376048697685105,-0.908446917430123,0.0,0.27084204766161246
237731,-15.332460415122922,-15.429388481889138,4.0,0.09692806676621579
237741,-39.257507067482955,-39.300407097975125,17.0,0.04290003049217006
237794,-5.26262612027087,-5.132374949094431,1.0,-0.1302511711764387
238289,-15.27774082457286,-14.670986438938495,4.0,-0.606754385634364
238657,-45.70465479796193,-43.19090339552645,14.0,-2.5137514024354815
238694,-22.977401524231446,-22.883689455483324,6.0,-0.09371206874812188
238733,-27.690167815386488,-26.99865542645958,9.0,-0.6915123889269061
238811,-11.226536025150885,-11.50037387789544,3.0,0.2738378527445544
238812,-8.514546416870006,-8.541223389835356,2.0,0.02667697296534932
239175,-0.9216339638844808,-1.378899903739014,0.0,0.4572659398545331
239182,-1.0124397534331253,-1.1020736558310114,0.0,0.08963390239788604
239421,-27.2371119250931,-23.948850787799667,4.0,-3.288261137293432
239423,-34.04106291335876,-33.129036295815766,7.0,-0.9120266175429919
239504,-26.16943979465789,-27.017201593243897,6.0,0.8477617985860064
239529,-13.91701623990773,-14.27760718187806,4.0,0.36059094197033126
239574,-43.64462396825144,-44.863059504379144,18.0,1.218435536127707
239581,-28.33509537753208,-27.63007405129279,8.0,-0.7050213262392901
239685,-1.7206658947727216,-3.257332643655465,0.0,1.5366667488827432
239862,-15.783865812419293,-15.861258087943064,4.0,0.07739227552377059
240074,-2.0381573720875044,-3.750804143148593,0.0,1.7126467710610886
240113,-12.855271890371865,-12.832653728956243,3.0,-0.022618161415621785
240261,-0.47528449640278697,-0.5702102057772329,0.0,0.09492570937444594
240372,-17.7920508069828,-17.525196708927215,5.0,-0.26685409805558535
240407,-5.9512088417485485,-5.457469930256952,1.0,-0.49373891149159643
240421,-15.821261962781904,-15.507208699235743,4.0,-0.31405326354616037
240578,-8.389611430611009,-8.582428157505474,2.0,0.19281672689446516
240699,-45.073416783912656,-49.4689933146106,15.0,4.395576530697944
240706,-6.9489690553887025,-7.113507652939059,1.0,0.16453859755035616
240707,-8.626052150287638,-8.446517047395998,2.0,-0.17953510289163965
240717,-16.176789449200513,-16.849635603139983,4.0,0.6728461539394708
240781,-2.830095541496728,-3.694790792257818,0.0,0.8646952507610899
240858,-11.116881464874604,-10.643426570601996,1.0,-0.47345489427260823
240915,-0.6277957475839742,-1.307168869083148,0.0,0.6793731214991738
240930,-23.226417432292024,-22.023162059458187,6.0,-1.203255372833837
241002,-6.524890529337995,-6.293057080729295,1.0,-0.23183344860869948
241115,-20.058745486605208,-20.17993361299423,6.0,0.12118812638902199
241506,-16.51460650951237,-17.983515827129697,5.0,1.468909317617328
241535,-24.558372168817307,-24.808459559193548,8.0,0.2500873903762404
241655,-5.329138894379892,-5.211239472804042,1.0,-0.1178994215758502
241695,-7.918904542597088,-8.11553702335441,2.0,0.1966324807573221
241985,-1.2329124371432083,-1.505194113497026,0.0,0.2722816763538176
241986,-0.006906284179242151,-0.2201558711159762,0.0,0.21324958693673404
242024,-30.017019401627692,-29.83037979682847,10.0,-0.18663960479922181
242029,-8.807183662794571,-9.104213025948455,2.0,0.29702936315388406
242078,-9.391282062165756,-9.98745721642346,2.0,0.5961751542577041
242110,-20.77414098461122,-20.103315063179743,5.0,-0.6708259214314758
242254,-1.6674451589070527,-2.271625986967276,0.0,0.6041808280602234
242258,-13.416738367563516,-12.930880218754517,3.0,-0.48585814880899925
242401,-13.581558706560353,-13.69304723793051,3.0,0.11148853137015813
242470,-84.63440191508701,-79.6141754301911,38.0,-5.020226484895915
242681,-8.013801901243802,-8.829401197062912,1.0,0.8155992958191103
242733,-11.07432640054702,-11.052644658617062,3.0,-0.02168174192995842
242841,-4.823968508080852,-4.983695724185916,0.0,0.1597272161050638
243026,-0.6134167214468784,-1.0120796945551056,0.0,0.3986629731082272
243174,-94.08755723522827,-91.20791375895224,38.0,-2.87964347627603
243227,-23.513492601695333,-23.79766166984312,8.0,0.2841690681477864
243235,-81.41131062671194,-85.41210296340726,25.0,4.000792336695326
243289,-31.498284845551666,-31.3189386628698,12.0,-0.17934618268186497
243392,-17.059384935291224,-13.939498072344705,2.0,-3.119886862946519
243517,-0.6200515433993062,-1.1382993180230192,0.0,0.518247774623713
243658,-70.43245083805591,-72.21958806918211,28.0,1.787137231126195
243783,-35.79263461773995,-35.51244915232765,11.0,-0.28018546541230194
243911,-9.515331136041983,-9.347884856439212,2.0,-0.16744627960277114
243952,-6.178562706034908,-5.453193674026256,1.0,-0.7253690320086523
244325,-2.5876213034955797,-2.83196010688791,0.0,0.24433880339233038
244335,-5.349687687750343,-5.195174400720753,1.0,-0.15451328702959
244430,-43.106296411773585,-43.139935777621616,12.0,0.033639365848031844
244807,-23.107638907921714,-23.24622091419453,8.0,0.13858200627281647
244980,-1.274821498668348,-1.715147734368227,0.0,0.44032623569987916
245063,-16.753012291855807,-17.829658219775222,6.0,1.0766459279194152
245155,-22.978135927431133,-22.98609367454791,7.0,0.007957747116776659
245156,-34.864032224899,-35.174254241616325,11.0,0.31022201671732574
245266,-0.11505061546972031,-1.2871065751863429,0.0,1.1720559597166225
245384,-17.31663784975075,-17.13843675243014,5.0,-0.17820109732060985
245705,-5.15382427748513,-5.162064336235082,1.0,0.008240058749952262
245755,-47.82188777399367,-47.38480656506268,23.0,-0.4370812089309908
245788,-1.0708992947102185,-1.284768085141259,0.0,0.21386879043104057
245805,-0.9581775087012961,-1.7400324355684116,0.0,0.7818549268671154
245926,-67.08015567201588,-73.08045633364729,25.0,6.000300661631414
246188,-20.27627239638451,-22.841535766969812,4.0,2.5652633705853027
246282,-1.2841670695867988,-1.4682792068556991,0.0,0.1841121372689003
246442,-16.87474493286287,-17.01991102384701,5.0,0.14516609098413724
246547,-14.892940922959207,-15.198824243404676,4.0,0.30588332044546895
246679,-9.705821253354937,-9.733828347196177,3.0,0.02800709384123934
246691,-3.5744344257507463,-4.117674162812391,0.0,0.5432397370616449
246865,-41.52128987201567,-42.43967377507401,15.0,0.9183839030583414
247105,-89.49896487921413,-88.04942905998314,42.0,-1.449535819230988
247228,-0.5340651475938571,-0.7739734487269562,0.0,0.23990830113309902
247453,-5.503981429505452,-5.34182695985723,1.0,-0.16215446964822178
247521,-9.600392691004275,-9.49210524893779,2.0,-0.10828744206648544
247530,-25.47573932118892,-24.842721802733365,8.0,-0.6330175184555564
247648,-7.84165148755095,-8.151095328533653,2.0,0.30944384098270294
247662,-8.321841037569884,-8.405207872169399,2.0,0.08336683459951466
247899,-14.381236464695418,-14.294103772239962,4.0,-0.08713269245545519
247935,-17.188130266623695,-17.728718697827162,5.0,0.5405884312034672
248104,-13.492068745310899,-23.576214972100715,2.0,10.084146226789816
248109,-10.043674141031978,-8.974444295923005,2.0,-1.069229845108973
248294,-2.8371432458930803,-3.0871715845394414,0.0,0.2500283386463611
248331,-0.27895492915231274,-1.048274874512358,0.0,0.7693199453600452
248499,-5.569108413574813,-5.746922226309595,1.0,0.17781381273478214
248538,-2.9525771174822406,-4.736734768674055,0.0,1.7841576511918147
248569,-4.607376415482225,-4.750634023917973,1.0,0.1432576084357482
248624,-13.914704964011397,-13.708900968311458,3.0,-0.2058039956999398
248649,-15.040062010866688,-14.836142539967415,4.0,-0.20391947089927243
248652,-36.19225500464921,-35.814307573328676,13.0,-0.37794743132053554
248773,-17.14448625324034,-17.20451558733327,5.0,0.060029334092927655
249284,-8.645798818778335,-8.818562587967612,2.0,0.17276376918927738
249300,-13.831527458845656,-13.502696563765316,3.0,-0.32883089508034047
249311,-118.61140801428512,-119.37470989353068,54.0,0.7633018792455601
249316,-10.960737388347757,-9.610548867595408,2.0,-1.350188520752349
249391,-67.8456828463744,-65.17352589316619,37.0,-2.6721569532082157
249493,-1.9518397207278315,-2.4885735917052214,0.0,0.5367338709773899
249494,-7.889742221358472,-8.129409390442296,2.0,0.23966716908382413
249507,-22.878487098433485,-24.200845709679083,7.0,1.3223586112455976
249658,-31.240530946177913,-34.99614959888296,10.0,3.7556186527050457
249672,-0.8086598630785575,-0.9260512540842256,0.0,0.11739139100566809
249729,-19.482108171753364,-19.919649157237707,6.0,0.4375409854843433
249859,-23.64577341898887,-24.0126541387933,8.0,0.36688071980443127
250005,-18.6042908542667,-18.485425585034783,5.0,-0.11886526923191809
250146,-42.32844015686285,-42.17194848989106,17.0,-0.15649166697178885
250382,-1.896699768145817,-2.331402931358102,0.0,0.43470316321228486
250399,-14.267642711967861,-14.09191685056129,3.0,-0.17572586140657087
250413,-7.218518561247023,-8.402847220287118,1.0,1.1843286590400952
250432,-25.127433521879627,-24.85123087200501,8.0,-0.27620264987461596
250473,-29.86930838253418,-30.64095435374636,11.0,0.7716459712121804
250507,-13.470928840357654,-13.041212850906073,3.0,-0.42971598945158185
250892,-6.669860015187143,-5.693650636839815,1.0,-0.9762093783473276
250898,-63.11956945065713,-64.09152099128494,32.0,0.9719515406278063
250911,-19.927563780718852,-19.849364396257535,5.0,-0.07819938446131758
250995,-8.859502051689992,-8.693450300002974,2.0,-0.1660517516870179
251156,-8.550809513018576,-8.58814911682971,2.0,0.03733960381113377
251191,-4.904076469937161,-4.952051715202657,1.0,0.047975245265496014
251305,-8.790516984090196,-8.83158286971169,2.0,0.04106588562149405
251638,-36.820895605480544,-39.092754994776534,12.0,2.27185938929599
251640,-57.235116225488525,-60.03037150493754,20.0,2.795255279449016
251725,-5.119097998071907,-5.053911283279978,1.0,-0.0651867147919285
251824,-14.823600827339474,-14.532126287739988,4.0,-0.291474539599486
251841,-8.817453496198594,-8.715197455296288,2.0,-0.10225604090230611
251936,-30.256884123025912,-31.075004763283797,12.0,0.8181206402578844
251940,-9.144288593273656,-8.824616155984632,2.0,-0.3196724372890234
251946,-0.873106099758893,-1.1626008958132674,0.0,0.28949479605437445
251950,-42.99969791329233,-47.63699494028387,13.0,4.63729702699154
252217,-13.605964376368993,-13.893652776892552,4.0,0.2876884005235585
252309,-0.5307139319128957,-1.1389513218977616,0.0,0.6082373899848659
252526,-5.404892551491234,-5.2170127747684045,1.0,-0.18787977672282974
252615,-16.93642872042807,-17.342720308204527,5.0,0.40629158777645813
252625,-2.579515688454464,-3.2336257683387086,0.0,0.6541100798842447
252728,-0.8119967622775722,-0.9908683793862472,0.0,0.17887161710867494
252741,-22.505388488470096,-23.07560492266589,6.0,0.5702164341957925
252743,-13.450141096295296,-13.64067853558326,4.0,0.19053743928796507
252767,-8.796733113317224,-8.722401864168642,2.0,-0.07433124914858169
252849,-47.25684680395985,-53.82973309368484,20.0,6.572886289724984
253013,-83.03480589522555,-84.84547465273472,50.0,1.8106687575091769
253041,-9.140654585324585,-8.843789993301526,2.0,-0.29686459202305926
253069,-5.864123191853931,-4.63781377211652,0.0,-1.2263094197374116
253227,-32.970175819817484,-32.46007293733784,9.0,-0.510102882479643
253292,-131.0423955924926,-143.26694242251932,54.0,12.224546830026725
253353,-28.64585798213193,-28.920764625054037,11.0,0.2749066429221081
253363,-24.873207893262805,-24.43406314095296,7.0,-0.4391447523098435
253559,-17.599397259394546,-17.409197305404646,4.0,-0.1901999539899002
253582,-5.474990691642149,-5.304046186397412,1.0,-0.17094450524473714
253675,-1.1976539637263723,-1.3773276310394564,0.0,0.1796736673130841
253741,-5.533790404244339,-5.251104801320847,1.0,-0.2826856029234923
253767,-99.36696749958077,-95.88391750347836,44.0,-3.483049996102409
253854,-2.0383286416065327,-1.6780397602524313,0.0,-0.3602888813541014
253988,-6.755380003676586,-7.0905448313659205,1.0,0.33516482768933464
254124,-24.460833966451116,-23.231133455079316,7.0,-1.2297005113717994
254177,-10.127614031582713,-9.49657690010435,2.0,-0.6310371314783634
254198,-15.72167509058814,-15.898920683273406,4.0,0.1772455926852654
254241,-9.250289670932794,-9.222957839510055,2.0,-0.027331831422738873
254275,-21.377319670056455,-20.250762809891565,5.0,-1.1265568601648894
254314,-17.802943837908767,-17.503001073325677,5.0,-0.2999427645830899
254327,-2.4181390047365894,-1.6410711133243627,0.0,-0.7770678914122267
254398,-0.48539881406564805,-1.2299970339995598,0.0,0.7445982199339118
254427,-24.371050386263075,-24.40551145198901,9.0,0.034461065725935214
254475,-94.61877481474029,-106.36822263532248,47.0,11.74944782058219
254538,-39.817952023363176,-40.09549183634954,17.0,0.27753981298636177
254592,-12.138067612690804,-12.079799086458712,3.0,-0.058268526232092555
254700,-30.331970460767085,-30.231838463693943,10.0,-0.10013199707314158
254761,-173.69875966355926,-181.70413681861504,68.0,8.005377155055783
254930,-23.570218341191556,-23.571478095664723,7.0,0.001259754473167618
255081,-11.525935944456641,-10.688725176202473,2.0,-0.8372107682541685
255261,-19.243987028795967,-20.04697306075369,4.0,0.8029860319577224
255445,-3.558034238355637,-4.333192697888052,0.0,0.7751584595324146
255536,-22.235561951292546,-24.488080425702048,7.0,2.252518474409502
255596,-11.242973667558001,-10.41091068848873,2.0,-0.8320629790692706
255622,-5.195826274823771,-5.640111089995978,1.0,0.44428481517220675
255861,-33.96011946521805,-33.886568784246705,13.0,-0.0735506809713442
255869,-5.0776140704329205,-5.339985883802493,1.0,0.2623718133695725
255905,-42.08374245286128,-41.92165081910452,17.0,-0.16209163375675928
256035,-14.139854753011244,-13.319538241619922,3.0,-0.8203165113913222
256053,-1.682815898281902,-2.1867666994582575,0.0,0.5039508011763556
256113,-50.4779483236823,-50.97459749429309,23.0,0.4966491706107945
256201,-2.046466710611957,-2.877127982972597,0.0,0.8306612723606399
256227,-10.701769341226093,-10.220183269058928,2.0,-0.48158607216716476
256234,-4.362444589918186,-4.798268782795569,1.0,0.4358241928773827
256377,-35.371907952831485,-34.17663725843045,12.0,-1.1952706944010316
256409,-28.857040932161677,-30.068779270208015,7.0,1.211738338046338
256410,-9.988887022880093,-9.932133304806344,2.0,-0.056753718073748516
256452,-11.344409004801399,-11.446725176291276,3.0,0.1023161714898766
256490,-9.156292923961916,-8.882723980163568,2.0,-0.27356894379834706
256502,-15.211216715922651,-14.85015902623874,4.0,-0.3610576896839106
256510,-33.073741480861486,-33.91932489737286,11.0,0.8455834165113743
256551,-13.362102289537777,-12.737246873732618,3.0,-0.6248554158051594
256673,-46.24204040592131,-46.24804991630085,16.0,0.006009510379541894
256976,-6.030076692062599,-6.33896715102542,2.0,0.3088904589628205
257013,-29.23920494265737,-27.96257690330122,7.0,-1.2766280393561509
257014,-4.895951698281114,-5.188958587849457,1.0,0.29300688956834264
257029,-14.538256791392437,-14.678736022087616,3.0,0.14047923069517942
257077,-20.033312643790676,-19.612083038389017,5.0,-0.42122960540165977
257320,-6.881824075114205,-6.3240726952527515,1.0,-0.5577513798614531
257333,-9.95229425519394,-9.5496361298417,2.0,-0.4026581253522412
257449,-17.87825922271566,-16.922154815728238,4.0,-0.9561044069874214
257568,-60.18975366005329,-62.688962788872146,19.0,2.4992091288188547
257574,-0.6866779031741884,-1.2238401699824628,0.0,0.5371622668082744
257713,-6.390274308956295,-6.720553810863482,1.0,0.3302795019071869
257764,-2.7467825465789772,-3.4155558201068867,0.0,0.6687732735279095
257850,-1.2245648373904947,-1.5445002672230077,0.0,0.319935429832513
257909,-5.507687721289112,-4.701809454369729,0.0,-0.8058782669193825
257939,-21.8785697859027,-22.721358073205145,7.0,0.8427882873024437
257976,-27.45313367114585,-27.668174222685536,9.0,0.21504055153968693
258138,-2.5382191898529958,-2.76031718100216,0.0,0.2220979911491643
258170,-12.067827710430079,-11.905453010962422,3.0,-0.16237469946765692
258302,-23.3668342916997,-17.828559566333936,4.0,-5.538274725365763
258388,-8.847337527044763,-8.578079241157573,2.0,-0.26925828588719014
258427,-11.33116299680713,-9.547729751615298,2.0,-1.7834332451918318
258452,-26.216812468727852,-27.522110471933956,9.0,1.3052980032061043
258456,-47.16251340830265,-44.93646812013915,12.0,-2.2260452881634976
258464,-15.688161814962942,-15.014577382931362,1.0,-0.6735844320315802
258865,-16.717956571306736,-16.89648374591807,4.0,0.17852717461133238
258884,-5.255881540258586,-5.447304542327184,1.0,0.19142300206859808
258905,-30.53606376650447,-30.933110931520325,8.0,0.3970471650158558
258908,-90.70439561770979,-90.02257359391976,29.0,-0.6818220237900334
258979,-8.576877102233134,-10.449451382288366,0.0,1.8725742800552325
259068,-13.24419382965021,-15.185580784446952,2.0,1.9413869547967408
259171,-83.16895202662816,-83.49687965689424,23.0,0.32792763026607474
259195,-81.56618838101049,-79.90691374217567,27.0,-1.659274638834816
259308,-8.8926418582717,-8.718063588761636,2.0,-0.1745782695100644
259363,-46.33938804080332,-45.64797947474356,15.0,-0.6914085660597635
259583,-14.101866802628411,-13.360302795330306,3.0,-0.7415640072981056
259700,-8.382913039595238,-10.031979053460416,1.0,1.6490660138651787
259819,-40.59521881576424,-41.19169212176303,16.0,0.5964733059987921
260242,-41.52449660276621,-41.1995018616069,17.0,-0.3249947411593155
260567,-49.59668895654992,-52.95914501100266,21.0,3.3624560544527426
260675,-14.387756815823659,-13.735876483338645,3.0,-0.651880332485014
260747,-12.888822720274298,-12.40511662585214,3.0,-0.4837060944221587
260780,-29.398483564128163,-29.12120613097959,9.0,-0.2772774331485728
260942,-19.142036332615426,-18.78101245222281,5.0,-0.3610238803926151
261149,-20.121925933834003,-19.88307732410018,6.0,-0.2388486097338216
261183,-1.1415410692478676,-1.3905468932278169,0.0,0.2490058239799493
261260,-96.80382889105796,-100.13470626486324,49.0,3.3308773738052793
261514,-16.64585028887994,-16.41885441227489,4.0,-0.22699587660505216
261519,-1.647018522497501,-2.0992733654347995,0.0,0.45225484293729856
261548,-40.25414524505206,-40.09047648854181,14.0,-0.1636687565102477
261725,-9.655941863727064,-9.201275982750271,1.0,-0.4546658809767923
261776,-52.58653260853885,-51.892698363875176,22.0,-0.6938342446636767
261867,-29.480264515405675,-29.382911350124328,9.0,-0.09735316528134774
262005,-23.97427352515082,-17.01311269232985,3.0,-6.961160832820969
262350,-1.3612859630793657,-1.811134661612197,0.0,0.4498486985328314
262432,-5.300676316719194,-5.253209117384518,1.0,-0.047467199334676025
262504,-16.79034393880479,-16.279576011121524,4.0,-0.5107679276832648
262525,-43.95122051616258,-43.76858727376964,20.0,-0.18263324239293866
262530,-24.48677623218299,-23.320347633277997,5.0,-1.166428598904993
262544,-19.840677479248154,-19.52369091633566,6.0,-0.3169865629124935
262638,-13.680537177491322,-14.280222952972853,4.0,0.5996857754815306
262757,-36.396601254669406,-37.611352698354814,15.0,1.214751443685408
262838,-79.03442967349652,-83.6908609028842,25.0,4.656431229387678
262849,-17.94831800962711,-17.76476469022098,5.0,-0.18355331940612984
263008,-22.08815019572842,-21.373926908640616,6.0,-0.7142232870878047
263111,-44.66110014851258,-49.336945363078605,15.0,4.675845214566024
263288,-6.805722938635448,-6.540519229500146,1.0,-0.2652037091353021
263308,-27.434615926595864,-27.49799649391486,9.0,0.06338056731899755
263314,-46.736516251074434,-46.595865809631185,20.0,-0.140650441443249
263327,-24.497693131143777,-24.38054110496544,8.0,-0.11715202617833498
263386,-75.53313331640024,-74.5426188022503,38.0,-0.9905145141499361
263462,-0.4011565918919924,-0.6662908179131325,0.0,0.2651342260211401
263469,-6.562882185480574,-5.745598995963685,1.0,-0.817283189516889
263600,-1.4498238095226377,-2.0998441360283806,0.0,0.6500203265057429
263719,-35.66015730179667,-35.776205176966975,12.0,0.11604787517030246
263721,-31.879415524688806,-31.782361089758272,10.0,-0.09705443493053423
263983,-19.45857940871688,-18.977831974376436,5.0,-0.48074743434044365
264034,-18.76298245592651,-18.28036769684671,5.0,-0.48261475907980156
264069,-27.595550644459344,-27.47545525682704,10.0,-0.1200953876323041
264362,-7.80093432248951,-8.072215664213173,2.0,0.2712813417236637
264388,-5.9836536388214965,-5.943367439288761,1.0,-0.04028619953273527
264540,-16.613810977971703,-15.937883899644712,4.0,-0.6759270783269908
264719,-31.73519826954539,-34.01829664107763,11.0,2.283098371532244
264846,-5.230192652725242,-5.09202201960932,1.0,-0.13817063311592115
264866,-0.9142227347120079,-1.4595450282157303,0.0,0.5453222935037224
265011,-37.710989731505215,-37.40465861811417,14.0,-0.306331113391046
265015,-5.66444610312781,-5.948288816169457,1.0,0.283842713041647
265033,-4.755807321516966,-4.65845017118173,1.0,-0.09735715033523551
265084,-17.9391689314631,-17.84312360871844,5.0,-0.09604532274466138
265086,-19.630664368692816,-19.291431675938888,5.0,-0.339232692753928
265155,-27.064978093382663,-26.949954962904133,9.0,-0.11502313047853008
265183,-0.3564439315863275,-0.8467522373333113,0.0,0.4903083057469838
265264,-11.38970001478572,-11.145585860153949,2.0,-0.244114154631772
265383,-31.283528492241018,-30.18279626951777,7.0,-1.1007322227232486
265494,-5.2209589709852695,-5.252341034081627,1.0,0.03138206309635727
265583,-22.70359175297773,-22.705034949243977,7.0,0.0014431962662477815
265622,-48.69980332052661,-49.925686335541414,17.0,1.2258830150148015
265666,-12.724131873945883,-12.329209280392316,3.0,-0.3949225935535665
265669,-17.985334756760384,-13.804963213113089,3.0,-4.180371543647295
265749,-5.9195349646900395,-4.8505854792459395,0.0,-1.0689494854441
265794,-32.58024537694481,-32.30096419865343,11.0,-0.27928117829137733
265926,-14.10046594019343,-14.070338447597363,4.0,-0.030127492596067285
265980,-9.78948906667271,-9.442537906043649,2.0,-0.34695116062906095
266080,-2.285427963322048,-2.7225802000713637,0.0,0.4371522367493159
266217,-1.2709010908437584,-2.182096248176203,0.0,0.9111951573324448
266235,-53.62490632437455,-54.7024825569691,17.0,1.0775762325945522
266251,-1.2804180245903043,-1.7668425050825791,0.0,0.4864244804922748
266294,-11.474228387717192,-11.865962918183309,3.0,0.39173453046611684
266433,-8.709878296281405,-8.735543168641625,2.0,0.025664872360220414
266548,-21.000066164432116,-21.7849071133649,5.0,0.7848409489327821
266586,-16.36901713518544,-16.075280060533164,4.0,-0.2937370746522774
266685,-54.59117676988988,-54.742384696447466,24.0,0.1512079265575892
266751,-19.02722085883869,-18.812180600519216,6.0,-0.2150402583194726
266755,-9.086971593437763,-7.3418342223225315,2.0,-1.7451373711152316
266782,-22.159089411680384,-21.856627877302223,6.0,-0.3024615343781605
266817,-31.433673131676404,-31.19506712355889,11.0,-0.23860600811751453
266832,-8.799939960178257,-8.840990981403857,2.0,0.04105102122560034
266907,-11.391408857367237,-11.409807257012808,3.0,0.018398399645571217
266917,-27.660040273289773,-27.186820177365867,9.0,-0.47322009592390657
267028,-0.3369793267475145,-0.9177702462963028,0.0,0.5807909195487883
267055,-0.9990615573980788,-1.3522857680999811,0.0,0.35322421070190235
267290,-45.66020108202055,-46.67632999356166,19.0,1.0161289115411094
267468,-5.434252411543214,-5.196078464337011,1.0,-0.238173947206203
267526,-6.948281550327793,-7.513586515965944,1.0,0.565304965638151
267584,-11.827455511538464,-11.652233612062291,3.0,-0.17522189947617228
267642,-0.36959530663093126,-0.5256032373203073,0.0,0.15600793068937607
267761,-1.3826441154098772,-2.0692886374138935,0.0,0.6866445220040163
267793,-9.02736364652732,-8.691731057886539,2.0,-0.33563258864078094
267824,-9.984155325956127,-10.039333919558873,2.0,0.05517859360274535
267923,-16.775165506759006,-16.620423882555844,4.0,-0.15474162420316162
267935,-9.900468836133461,-9.23852302018313,2.0,-0.6619458159503306
268066,-8.893324845853442,-8.633373507508578,2.0,-0.25995133834486417
268106,-13.666953625334857,-13.932981964250784,4.0,0.2660283389159268
268114,-33.52046602877662,-32.781268405298924,11.0,-0.7391976234776934
268123,-33.722037391144895,-33.61506690387129,11.0,-0.1069704872736068
268165,-9.04633477675697,-9.367347225582012,2.0,0.32101244882504254
268173,-121.21803100157976,-122.54669810806374,50.0,1.3286671064839766
268250,-14.238196624881374,-14.03250298325952,4.0,-0.20569364162185444
268374,-7.741988662785152,-7.770136781511901,1.0,0.02814811872674916
268381,-72.03532653270706,-74.92352934066234,31.0,2.888202807955281
268404,-7.17340588851367,-7.248687792103052,1.0,0.07528190358938236
268431,-51.904585334303505,-51.77497375298737,22.0,-0.1296115813161336
268588,-12.053626168497814,-11.928957335713244,3.0,-0.12466883278456997
268624,-42.20827803326471,-40.672097030989825,10.0,-1.536181002274887
268698,-11.234635866478133,-11.61308656518763,2.0,0.37845069870949644
268768,-36.6468584413981,-37.14231573908772,12.0,0.49545729768961877
268799,-0.5088495175703706,-0.9736561625258086,0.0,0.464806644955438
268820,-1.0610840411304252,-0.9154480631547274,0.0,-0.14563597797569783
268826,-47.06457615296118,-45.5915519390718,17.0,-1.4730242138893814
268845,-41.70364814548133,-41.78226099715373,17.0,0.07861285167239629
269317,-6.137514323419942,-6.328074527610501,1.0,0.1905602041905592
269392,-8.910961183453981,-8.756839251404177,2.0,-0.1541219320498044
269428,-5.266658979771984,-5.408939280305632,1.0,0.14228030053364815
269480,-45.71172880335418,-44.87574177454801,18.0,-0.8359870288061657
269497,-11.210703283996532,-11.434550208957178,3.0,0.22384692496064673
269558,-2.759036180191741,-2.0892647865720466,0.0,-0.6697713936196945
269637,-10.774257247188322,-11.521888820886776,3.0,0.7476315736984542
269658,-41.04066720451941,-40.7814788289883,12.0,-0.2591883755311102
269682,-9.868552383185497,-9.666058030197348,2.0,-0.20249435298814866
269749,-51.34840502196304,-51.188428608097446,27.0,-0.1599764138655928
269870,-23.138087914198294,-22.001208353913647,6.0,-1.1368795602846475
269911,-13.25828343411528,-13.410884736879556,1.0,0.15260130276427653
270024,-3.123998767414732,-4.501569658408368,0.0,1.3775708909936357
270080,-14.141048737011968,-14.08509607227303,4.0,-0.05595266473893723
270105,-10.218643442525606,-9.40141033723915,2.0,-0.817233105286455
270179,-33.34645472961079,-35.77739324930712,12.0,2.4309385196963262
270265,-1.173777931397027,-2.0086072399222568,0.0,0.8348293085252299
270431,-1.0510726128625256,-1.3171334324257435,0.0,0.2660608195632179
270554,-5.400397817413588,-5.377690561978511,1.0,-0.022707255435077123
270559,-22.690887256764967,-21.722436357700456,5.0,-0.9684508990645107
270622,-8.814554211341118,-8.720844507666213,2.0,-0.0937097036749055
270633,-22.994829949758493,-22.78953879289478,6.0,-0.20529115686371213
270717,-42.25602958596569,-42.53294083893268,18.0,0.2769112529669897
270744,-21.919705148708015,-21.716894283314996,6.0,-0.20281086539301896
270779,-27.88598739207543,-28.450448794568658,9.0,0.564461402493226
270793,-4.738930912871364,-4.647830061085709,0.0,-0.0911008517856553
270955,-9.109775064456588,-8.94776108050552,2.0,-0.16201398395106814
270991,-20.242152424219718,-21.73253803043358,6.0,1.490385606213863
271085,-5.955927383495678,-5.223360316908223,1.0,-0.7325670665874551
271090,-2.2623364647670883,-2.513053071604948,0.0,0.2507166068378597
271107,-40.60526825099475,-41.728101652209595,15.0,1.122833401214848
271231,-9.43049187315684,-9.126888980412398,2.0,-0.30360289274444163
271248,-27.26128534164075,-27.087087786140646,9.0,-0.17419755550010407
271351,-192.179602791704,-202.82968031435985,93.0,10.650077522655835
271659,-29.522513119856793,-30.564330905963335,9.0,1.0418177861065416
271743,-9.06908359638798,-8.75040005770102,2.0,-0.31868353868696
271865,-4.735132500721651,-4.854707451643263,1.0,0.11957495092161174
271868,-8.528895240698056,-8.67534571195606,2.0,0.1464504712580048
271956,-0.8279369375465696,-1.1373669111216411,0.0,0.3094299735750715
272002,-7.901811156612822,-8.186586824199079,2.0,0.28477566758625716
272015,-30.13184018941988,-30.09636910936987,10.0,-0.03547108005000865
272052,-0.3008953569810377,-0.4435432350400965,0.0,0.14264787805905882
272070,-19.193168808809986,-18.597078294171812,5.0,-0.5960905146381741
272134,-1.9148241146053058,-2.366954892670059,0.0,0.4521307780647532
272341,-16.565269204352425,-15.781549870102952,4.0,-0.7837193342494739
272388,-16.2052910329865,-15.47450505933748,4.0,-0.7307859736490219
272393,-20.670638708991458,-20.339825974825526,5.0,-0.3308127341659315
272617,-6.0721345974033625,-6.527009565548601,2.0,0.45487496814523887
272702,-1.5057024804030759,-2.1197385590760165,0.0,0.6140360786729406
272774,-12.71869609424016,-11.53408191816339,2.0,-1.1846141760767708
273074,-38.36549457828268,-38.38162956071052,17.0,0.01613498242784317
273206,-33.8663647858563,-34.06923224406267,14.0,0.2028674582063701
273402,-15.336376988021765,-15.139120292925028,4.0,-0.19725669509673693
273424,-13.250921760745333,-12.939336199332086,3.0,-0.31158556141324745
273572,-1.2183349596678426,-1.2979537485129788,0.0,0.07961878884513629
273682,-20.17400595271671,-20.124795667223747,6.0,-0.04921028549296125
273684,-28.493978861573865,-28.29933741472119,8.0,-0.1946414468526747
273700,-5.343117599219314,-5.209502452297805,1.0,-0.13361514692150855
273716,-0.22211523549950926,-0.7796004072614012,0.0,0.5574851717618919
274002,-9.216651109121814,-8.909313804725626,1.0,-0.30733730439618867
274161,-40.16807182183176,-41.942896618097336,16.0,1.7748247962655768
274177,-7.141962676455442,-7.174984532932337,1.0,0.033021856476894484
274459,-8.956793019791592,-8.770808856958384,2.0,-0.18598416283320773
274563,-11.418804311532876,-11.676364000658063,2.0,0.2575596891251877
274897,-9.156276637931208,-9.195148092281949,2.0,0.038871454350740464
274949,-12.452041419404763,-11.899126225219277,3.0,-0.552915194185486
275043,-33.19982113196623,-33.91763824816775,10.0,0.7178171162015161
275111,-9.035568137571667,-8.872576195540773,2.0,-0.16299194203089407
275230,-63.686476476334555,-67.1915879031109,26.0,3.5051114267763452
275276,-26.28936907348867,-25.65059093352372,8.0,-0.6387781399649484
275428,-48.49937465407281,-48.94374220241777,18.0,0.44436754834496384
275476,-13.037348514470494,-12.594587043647843,3.0,-0.44276147082265105
275592,-21.79961114497347,-24.50970297704504,7.0,2.710091832071573
275601,-26.89240304355178,-26.898405033528277,10.0,0.006001989976496702
275660,-13.307784866442551,-13.13387390094516,3.0,-0.1739109654973916
275749,-5.464135530467725,-5.391627775887577,1.0,-0.07250775458014758
275798,-19.175602062420666,-18.882027180946235,5.0,-0.2935748814744308
275813,-16.917772335306164,-16.752918182715888,4.0,-0.16485415259027647
275825,-0.9940074921575395,-1.5227531701966468,0.0,0.5287456780391073
275920,-59.9654337593804,-60.87578322279978,30.0,0.9103494634193794
275935,-14.911967912950216,-15.530061997307138,3.0,0.6180940843569225
275940,-20.82334096021549,-20.312249711206135,6.0,-0.511091249009354
276004,-12.080536404290436,-10.968989458103716,2.0,-1.1115469461867207
276120,-1.9658262376667142,-2.578691657293942,0.0,0.6128654196272278
276179,-11.437253989796083,-11.534344619928534,3.0,0.09709063013245078
276235,-9.106305832431653,-8.93808304636627,2.0,-0.16822278606538354
276332,-9.291874245848973,-8.99887404440916,1.0,-0.2930002014398134
276355,-4.712777577258296,-4.763280258731874,1.0,0.05050268147357784
276546,-9.269586543916082,-9.254958000231396,2.0,-0.01462854368468669
276569,-10.879005835953501,-9.368886799298332,2.0,-1.5101190366551691
276688,-13.422918848880302,-13.009829749576538,3.0,-0.4130890993037646
276724,-1.0630261075514318,-1.607403596017517,0.0,0.5443774884660852
276806,-15.490477936776138,-15.34191116721158,4.0,-0.1485667695645585
276902,-1.2620403424189788,-1.766491791661617,0.0,0.5044514492426382
276941,-13.185642563949994,-12.978322351774128,3.0,-0.2073202121758655
276948,-15.559422043514676,-15.585873848313822,4.0,0.026451804799146217
276964,-29.89445693080845,-30.13169951020001,10.0,0.23724257939156246
277004,-28.47452465407505,-28.57109525125532,9.0,0.09657059718026773
277076,-1.319728021429116,-1.328365967389175,0.0,0.008637945960058957
277126,-6.879105572642576,-6.798182311320323,1.0,-0.08092326132225303
277172,-33.663847962922425,-34.859468802344345,13.0,1.1956208394219203
277219,-83.67090375157005,-81.10226982259437,32.0,-2.568633928975686
277251,-31.584775883034858,-31.52016002853607,11.0,-0.06461585449878982
277389,-31.829267361600113,-30.756480842599434,7.0,-1.0727865190006796
277396,-31.78639986565875,-28.733416166087927,9.0,-3.0529836995708237
277479,-0.9635840312832279,-1.0434436714593052,0.0,0.07985964017607727
277564,-34.79601993622773,-35.035912312272536,12.0,0.23989237604480707
277608,-11.155192293201921,-10.837403312576546,2.0,-0.31778898062537486
277641,-40.554861585355205,-40.526787446471225,16.0,-0.028074138883980027
277703,-5.091804321844217,-5.190038909417696,1.0,0.09823458757347936
277771,-8.68729537303784,-8.664789270190171,2.0,-0.022506102847668075
277811,-18.211376356295958,-18.17439803635287,5.0,-0.03697831994308842
277887,-55.57500873843098,-52.491364866591965,18.0,-3.0836438718390156
277907,-2.5066476927007777,-3.168345784430687,0.0,0.6616980917299093
277929,-5.432005835061452,-5.406676286209352,1.0,-0.025329548852099926
278051,-0.9802579543414799,-1.9827994174980743,0.0,1.0025414631565943
278184,-16.7168154808619,-16.654541450133447,5.0,-0.062274030728453056
278199,-2.0153352396697697,-1.7627467272229635,0.0,-0.25258851244680613
278200,-11.169193869531949,-11.0526279580927,2.0,-0.11656591143924899
278225,-17.775827443028675,-17.58654299353725,5.0,-0.1892844494914243
278374,-11.708841411562323,-11.70417616319012,3.0,-0.004665248372203834
278433,-16.802628385042517,-17.691797191020623,3.0,0.8891688059781053
278494,-5.319654909092703,-5.396829031133962,1.0,0.07717412204125917
278585,-18.646146168500962,-19.058220206787748,5.0,0.4120740382867858
278606,-5.470742885017604,-5.414947898286342,1.0,-0.05579498673126171
278643,-9.30411639938167,-8.709886654072719,2.0,-0.5942297453089509
278735,-10.90885827084605,-10.783483662324668,2.0,-0.1253746085213816
278943,-30.432579418251116,-30.298685642799573,10.0,-0.13389377545154346
278947,-0.9906976009776205,-0.9321736212955758,0.0,-0.0585239796820447
279019,-20.125082410737893,-19.90355475714815,6.0,-0.22152765358974236
279023,-17.047393039236088,-17.08993434938055,5.0,0.042541310144461164
279197,-11.67115004042823,-12.07240043647943,3.0,0.40125039605119994
279262,-1.3566152639550433,-1.443612334248885,0.0,0.08699707029384163
279461,-1.1439739367137072,-0.4802450037537384,0.0,-0.6637289329599687
279574,-23.19596791553975,-24.233990092073025,6.0,1.0380221765332749
279634,-22.07160383206692,-22.30531223294151,6.0,0.23370840087459044
279654,-1.4529073394344936,-1.7976501107448255,0.0,0.34474277131033193
279973,-6.897926953846109,-6.965352121676509,1.0,0.06742516783040031
280019,-23.266160307224265,-24.09546019025007,7.0,0.8292998830258043
280073,-1.2199375788060833,-1.5145224999791125,0.0,0.29458492117302915
280313,-1.2861328179689127,-1.5466908814155746,0.0,0.260558063446662
280435,-24.42592403125003,-23.310060566559812,5.0,-1.115863464690218
280446,-8.629097183206254,-8.11740048482021,2.0,-0.5116966983860429
280550,-79.59178775709704,-81.30611324350059,36.0,1.7143254864035526
280605,-95.35158529442428,-93.7304192443848,54.0,-1.6211660500394771
280730,-13.001517457027132,-12.66342307093535,3.0,-0.33809438609178244
280949,-12.734709854321764,-12.34312953661211,3.0,-0.3915803177096535
281033,-35.265177116856734,-37.1066859025523,13.0,1.8415087856955665
281126,-107.36902626565403,-119.6690799267764,40.0,12.300053661122377
281173,-2.4642556622487035,-1.522577074172957,0.0,-0.9416785880757466
281279,-5.177438567187758,-5.588018332740326,1.0,0.41057976555256825
281295,-5.57859867715995,-5.4946018471471625,1.0,-0.08399683001278735
281335,-3.2858025110038134,-4.445313876597882,0.0,1.1595113655940685
281358,-12.633335576804061,-12.21427731633026,3.0,-0.41905826047380046
281395,-31.51044466743408,-31.343210596104644,10.0,-0.16723407132943535
281402,-5.099185196963749,-5.171039596879265,1.0,0.0718543999155159
281428,-30.634406152384855,-30.361241006803017,11.0,-0.2731651455818387
281489,-89.76360541617659,-89.8437844837362,42.0,0.08017906755961235
281587,-25.23638277954652,-25.680340294802864,9.0,0.4439575152563435
281611,-29.91323620388452,-30.235198470193012,12.0,0.3219622663084927
281667,-0.7141703748031952,-0.9400586958225262,0.0,0.22588832101933098
281777,-5.592262373550356,-5.347874995393248,1.0,-0.24438737815710798
281789,-22.484309414700896,-22.57122273346632,7.0,0.08691331876542563
281799,-5.584842865643666,-5.17290436800234,1.0,-0.4119384976413265
281845,-20.433562594530507,-20.263292214019593,4.0,-0.1702703805109138
281881,-28.067457740255733,-27.65277403209051,7.0,-0.4146837081652244
281969,-6.48413316913289,-6.792244623726057,1.0,0.3081114545931669
282194,-1.54178316281521,-1.583613924276405,0.0,0.0418307614611948
282201,-1.7685863618244766,-1.9529494415236237,0.0,0.18436307969914711
282256,-12.754686142299827,-12.644774770954546,3.0,-0.10991137134528017
282392,-4.7759034708318335,-4.885133476586648,1.0,0.10923000575481456
282402,-1.8065209611979,-1.6373840681119929,0.0,-0.16913689308590718
282563,-1.8700625309801533,-2.2580344658041396,0.0,0.3879719348239863
282613,-5.63911091847241,-5.953164220386012,1.0,0.31405330191360203
282641,-12.242741783944942,-12.067738591190778,3.0,-0.1750031927541631
282689,-52.656889897274056,-59.65182616604159,23.0,6.994936268767532
282827,-68.77974715045426,-70.16190600499733,29.0,1.3821588545430785
282875,-16.346649883299897,-15.717952711120237,4.0,-0.6286971721796597
282879,-15.597645855940117,-16.067508465499284,4.0,0.4698626095591667
282931,-27.05520409047384,-26.687105481109494,8.0,-0.36809860936434546
282967,-89.21258979416623,-92.34806015817054,27.0,3.1354703640043056
283047,-29.221787979321846,-29.459302287215493,11.0,0.23751430789364747
283119,-56.6571662157205,-55.49246874853059,12.0,-1.1646974671899102
283544,-13.095066149223927,-13.283826283774673,3.0,0.18876013455074592
283622,-38.29659098754229,-38.01335851242795,15.0,-0.2832324751143389
283679,-19.359658181627516,-18.92161105915545,5.0,-0.43804712247206723
283726,-3.4279013105835974,-2.6345014492489605,0.0,-0.7933998613346369
283785,-15.968046896943124,-16.286865953393438,4.0,0.31881905645031416
283800,-8.60487061042772,-8.433667289692321,2.0,-0.17120332073539934
283883,-15.725100837730636,-15.308596339809617,4.0,-0.41650449792101973
283952,-5.347920350858433,-5.213569473786217,1.0,-0.13435087707221616
283954,-8.056963832247062,-8.040671224800954,2.0,-0.01629260744610761
283977,-42.7957498483866,-42.95426233097818,18.0,0.15851248259158268
284067,-9.715504708935546,-10.355653730285104,1.0,0.6401490213495578
284163,-17.624802162546317,-17.39219364400773,5.0,-0.2326085185385871
284222,-0.4147207205983532,-0.9788105266830326,0.0,0.5640898060846794
284395,-18.03954130611621,-16.763655515944944,4.0,-1.275885790171266
284418,-9.468668799347899,-9.341260540107964,2.0,-0.12740825923993526
284420,-1.5646926744521021,-2.337336520829905,0.0,0.7726438463778029
284717,-34.31616079397456,-33.656086667336616,13.0,-0.6600741266379444
284741,-11.146920626928008,-11.347308339001517,3.0,0.2003877120735087
284771,-19.840906919794417,-20.000886583440124,6.0,0.15997966364570715
284794,-20.112345657091023,-20.08630268170595,5.0,-0.026042975385074385
284868,-0.39052772633697375,-0.8059703060027165,0.0,0.4154425796657427
284927,-55.191649992643676,-57.8438536818608,21.0,2.6522036892171243
285103,-9.48807520819396,-9.850948485426123,2.0,0.362873277232163
285147,-10.178125784733211,-9.781909027566602,2.0,-0.3962167571666093
285158,-1.4119544878315258,-2.000320319492068,0.0,0.588365831660542
285231,-12.727765031574469,-12.141053341967742,3.0,-0.5867116896067266
285302,-9.212384826400731,-8.834730542582703,2.0,-0.37765428381802835
285322,-5.366891574894238,-5.289286244179468,1.0,-0.0776053307147695
285404,-0.4908385659033602,-0.9872839877134424,0.0,0.49644542181008217
285479,-14.66198322748969,-14.480840053945226,4.0,-0.18114317354446463
285523,-19.30925282170567,-20.03286096214138,5.0,0.7236081404357115
285585,-9.432175957915613,-9.15308279291598,2.0,-0.2790931649996331
285728,-38.987135987302224,-41.95031797734756,11.0,2.963181990045335
285824,-10.503927166890184,-9.312371440286917,2.0,-1.1915557266032675
285923,-1.1534674103137954,-1.4939280184877104,0.0,0.340460608173915
286005,-8.806736872099226,-8.440622058182662,2.0,-0.366114813916564
286023,-22.143369464580417,-21.785664694301765,6.0,-0.35770477027865155
286042,-21.13532967993891,-20.2947855073764,5.0,-0.8405441725625096
286058,-16.11859493194467,-16.141834253684785,4.0,0.023239321740113894
286083,-5.298336665668204,-5.174756505958135,1.0,-0.12358015971006875
286098,-5.509045541800766,-5.2814030150033275,1.0,-0.2276425267974389
286111,-27.6736619553201,-27.432140329894356,9.0,-0.24152162542574374
286226,-32.758324299273895,-32.77341208401987,13.0,0.015087784745972499
286257,-21.264120611595565,-20.91400654204137,5.0,-0.3501140695541949
286292,-19.25105284926703,-19.19944828434413,5.0,-0.051604564922900664
286302,-0.5702003776892342,-0.8753620421795699,0.0,0.30516166449033577
286324,-63.26304474188036,-62.49981686719857,23.0,-0.7632278746817889
286461,-8.56546222386251,-8.628011416282831,2.0,0.06254919242032031
286911,-5.111893741365651,-5.296268377646649,1.0,0.1843746362809977
286962,-9.952771360566006,-9.68638555801268,2.0,-0.26638580255332656
287004,-46.84420901481167,-47.85317317674805,16.0,1.0089641619363832
287049,-8.422584853064926,-8.43351516114678,2.0,0.010930308081853468
287193,-34.24060279748986,-36.93702894777237,13.0,2.6964261502825053
287274,-44.21709174328983,-43.61877180902857,18.0,-0.5983199342612551
287300,-1.3400963301941016,-1.678556950526598,0.0,0.33846062033249646
287381,-41.71081858896644,-42.97467456519257,14.0,1.2638559762261323
287573,-15.41060431066247,-15.0515375884695,4.0,-0.35906672219296887
287768,-11.166876470535637,-11.17646861892483,3.0,0.00959214838919209
287812,-13.100430716019384,-12.78966315217999,3.0,-0.3107675638393932
287839,-5.864213900263948,-6.034738266769034,1.0,0.17052436650508618
287856,-9.824094879823539,-9.565599360861915,2.0,-0.2584955189616238
288009,-17.468094673444686,-17.15617562112722,4.0,-0.3119190523174673
288032,-31.016404326276415,-31.09897613165714,12.0,0.08257180538072362
288064,-15.7960321132085,-15.356159796987438,4.0,-0.43987231622106293
288108,-63.466866158924134,-62.22703635132417,33.0,-1.2398298075999605
288140,-5.47054406817959,-5.186792179676312,1.0,-0.2837518885032786
288186,-46.467839480667216,-46.65545076191722,16.0,0.1876112812500068
288338,-1.2574438854245025,-1.689074772138455,0.0,0.43163088671395244
288386,-8.812239629161864,-8.603369913043355,2.0,-0.20886971611850846
288494,-5.5105204907452086,-5.734726161256439,1.0,0.22420567051123008
288515,-5.206143073359308,-4.966822843142094,1.0,-0.2393202302172135
288567,-24.461786084448846,-25.511783847334215,7.0,1.0499977628853685
288614,-11.895048285402972,-11.973859038774458,3.0,0.0788107533714868
288854,-22.063471479754387,-22.47683590387151,7.0,0.41336442411712326
288879,-5.321631237518933,-5.324483725941516,1.0,0.0028524884225822333
289046,-35.068946697703055,-35.580588998741376,14.0,0.5116423010383215
289156,-30.39859183792462,-25.77693692178487,8.0,-4.62165491613975
289245,-12.314779042545116,-12.12469417603643,3.0,-0.19008486650868583
289248,-46.75681632704829,-47.67078549472634,16.0,0.9139691676780473
289503,-29.744171624296524,-29.93307688347135,10.0,0.18890525917482748
289513,-9.323766915501496,-9.325922845415883,2.0,0.0021559299143874
289561,-1.3557967001966735,-1.313969035169528,0.0,-0.04182766502714563
289577,-1.3235503388760204,-1.732774866882056,0.0,0.4092245280060356
289674,-31.972940496755015,-31.610625217963552,12.0,-0.3623152787914634
289686,-3.1176777545821097,-3.733875070342517,0.0,0.6161973157604073
289791,-15.50551989212137,-15.061539096809174,3.0,-0.44398079531219636
289810,-3.1565786354970786,-4.1417774725807766,0.0,0.9851988370836979
289964,-6.140825652677199,-5.288431323877371,1.0,-0.8523943287998277
290032,-1.9886841717019135,-2.809913108006166,0.0,0.8212289363042526
290228,-13.539611837901118,-13.156422567818932,3.0,-0.38318927008218573
290261,-25.214968321328687,-24.82775625585937,7.0,-0.38721206546931697
290265,-5.232104639896031,-5.016537567514831,1.0,-0.21556707238119976
290312,-16.716762941976544,-16.002669463028116,4.0,-0.7140934789484277
290355,-42.203968687041545,-41.90369816690483,16.0,-0.3002705201367135
290359,-6.635204343201054,-6.327700600308405,1.0,-0.30750374289264926
290369,-8.80140143423929,-8.635610009771625,2.0,-0.16579142446766504
290584,-9.846159315006561,-9.401994782094002,2.0,-0.4441645329125592
290809,-6.86466885020017,-7.684617177239903,1.0,0.8199483270397332
290826,-17.48813261236415,-17.333618363832702,5.0,-0.15451424853144857
290974,-11.941816446696244,-12.061550745312044,3.0,0.11973429861579987
291085,-54.535422668511835,-55.651983149112176,27.0,1.1165604806003415
291205,-35.90156059845809,-36.9824536780779,12.0,1.0808930796198126
291310,-34.21892554767329,-33.11523761546284,6.0,-1.1036879322104483
291417,-21.62581162029665,-21.010548273821087,6.0,-0.6152633464755617
291418,-9.781129172853495,-9.416328827825229,2.0,-0.3648003450282662
291639,-30.842294496568496,-30.74474520136701,10.0,-0.09754929520148536
291648,-36.35183944691729,-36.33001956691827,12.0,-0.021819879999021907
291665,-0.8463249377686612,-0.99599732716731,0.0,0.1496723893986488
291733,-2.443175524383808,-3.0406817609795618,0.0,0.5975062365957537
291829,-1.51714000008759,-1.6951047253034328,0.0,0.17796472521584272
291862,-5.2827204720523575,-5.163053711266285,1.0,-0.11966676078607286
291937,-18.534506159151224,-18.09447808890399,5.0,-0.44002807024723367
291938,-7.0555249061974274,-6.3879902990572806,1.0,-0.6675346071401469
291945,-29.188657872823235,-33.24596628721735,9.0,4.0573084143941145
291974,-4.80724230474847,-4.892335805692051,1.0,0.08509350094358137
292073,-16.79106130608906,-17.268951960134405,5.0,0.47789065404534625
292180,-11.841361020240988,-11.745277125394216,3.0,-0.09608389484677282
292293,-41.65156263396942,-41.647569136375544,17.0,-0.003993497593874906
292336,-45.82200308146072,-46.03051447533662,17.0,0.20851139387590223
292452,-15.498800411548363,-14.99803534944059,4.0,-0.5007650621077726
292586,-15.576393462237833,-15.03410214151268,4.0,-0.5422913207251536
292587,-2.0523607117430265,-2.563722175822357,0.0,0.5113614640793305
292757,-51.355419383416574,-50.45857066201532,19.0,-0.8968487214012555
292813,-1.1713460023614868,-0.7522355896312632,0.0,-0.41911041273022354
292824,-2.1675452792281678,-2.765094945501139,0.0,0.5975496662729713
292854,-1.199511988776537,-1.8256242372868512,0.0,0.6261122485103141
292869,-1.39721188843024,-1.6872975022709518,0.0,0.29008561384071174
292972,-0.8015059506458535,-1.015086461828069,0.0,0.21358051118221555
293171,-0.3606743611571793,-0.7236696950081467,0.0,0.3629953338509674
293279,-14.998882503039335,-14.324483460207045,3.0,-0.6743990428322899
293564,-57.16354786856828,-59.669115148868,22.0,2.505567280299722
293681,-22.371945661353816,-20.383552008048984,4.0,-1.9883936533048328
293828,-19.463368132755903,-19.100632503169905,5.0,-0.36273562958599825
293861,-22.32373530871597,-21.35268703464324,6.0,-0.9710482740727322
294011,-1.8142948009722835,-2.2465387319994656,0.0,0.43224393102718217
294023,-5.0394536522373805,-5.396317563710981,0.0,0.3568639114736003
294084,-122.13312620158491,-111.34268628014772,77.0,-10.790439921437198
294109,-1.1987245546256537,-1.8065305176778796,0.0,0.6078059630522259
294115,-70.06052329124665,-70.21619801590793,24.0,0.15567472466128152
294208,-72.40527759217532,-74.23654565765793,20.0,1.831268065482604
294252,-18.820163091071105,-18.446628977510805,5.0,-0.3735341135603001
294290,-6.394235195629765,-6.12652490533084,1.0,-0.26771029029892457
294303,-14.848912040397451,-15.577531573739774,5.0,0.7286195333423233
294339,-6.119648259082737,-5.818999823892106,1.0,-0.3006484351906309
294392,-8.978807799490905,-8.777505987628487,2.0,-0.20130181186241813
294403,-17.108324329291676,-16.948680419816863,5.0,-0.15964390947481277
294467,-8.626178648918103,-8.871391255556512,2.0,0.24521260663840927
294585,-4.811463625003624,-4.8745685597522135,1.0,0.06310493474858969
294649,-79.21658055500048,-82.55514417475784,45.0,3.338563619757366
294819,-25.829383610763,-22.501866317571515,5.0,-3.327517293191484
294822,-1.7655078588151867,-1.999499046266413,0.0,0.23399118745122638
294830,-18.097354794431727,-17.87153516346571,5.0,-0.22581963096601854
295037,-5.552236332456028,-5.840270028233236,1.0,0.28803369577720783
295103,-20.861635131482913,-20.809763370196155,6.0,-0.0518717612867583
295233,-9.155715761065679,-8.881713962477757,2.0,-0.2740017985879213
295236,-13.187685843703722,-12.92098044864052,3.0,-0.2667053950632017
295263,-20.554161034062975,-20.148453002331088,6.0,-0.4057080317318871
295270,-38.67140358514565,-38.76386714404739,16.0,0.0924635589017413
295282,-0.7436651625275941,-1.0280417268009472,0.0,0.2843765642733531
295405,-4.860218999243547,-5.036311595244049,1.0,0.17609259600050198
295510,-5.709331244829474,-5.570118169536402,1.0,-0.13921307529307203
295601,-19.598382053850134,-19.372499087903513,6.0,-0.22588296594662083
295625,-5.485819265299284,-5.48244728758312,1.0,-0.003371977716164487
295676,-9.537087917407796,-9.25589208307631,2.0,-0.281195834331486
295683,-5.585899258091925,-5.2381765350636185,1.0,-0.34772272302830665
296060,-64.8422200674841,-64.73356923487778,26.0,-0.10865083260632957
296084,-19.24637842161869,-18.714541216314135,5.0,-0.531837205304555
296141,-9.23924796359957,-9.2574412353788,2.0,0.01819327177922858
296673,-100.90358471255014,-106.84877410305026,38.0,5.9451893905001185
296674,-15.477302894717095,-15.2641654368981,4.0,-0.21313745781899485
296757,-0.3138370074549105,-0.4754869358751268,0.0,0.1616499284202163
296803,-24.269925646360235,-24.14974473727434,8.0,-0.12018090908589585
297000,-12.888057502047198,-12.828582278742896,3.0,-0.059475223304302105
297154,-0.9778438413274215,-1.2560321407104176,0.0,0.27818829938299605
297186,-26.62843232674304,-24.66733079529343,6.0,-1.9611015314496107
297242,-84.47705588653453,-91.85702697486336,34.0,7.37997108832883
297510,-17.504676476260183,-16.739876828021416,4.0,-0.7647996482387676
297827,-5.276694198988378,-5.699915536944032,1.0,0.4232213379556544
297856,-9.229387866223597,-9.466607323680387,2.0,0.2372194574567903
297985,-19.81630823809634,-18.83283057099619,5.0,-0.9834776671001499
297998,-11.766189540687115,-11.693307555202905,3.0,-0.07288198548421043
298142,-14.533221546091996,-14.476131291044414,4.0,-0.057090255047581806
298216,-5.181135069450545,-5.064890724904916,1.0,-0.11624434454562937
298688,-39.78111065234843,-40.80288540694715,14.0,1.0217747545987166
298691,-10.566724142745025,-10.691059176938357,2.0,0.12433503419333114
298727,-22.711300875459077,-22.36048501675355,6.0,-0.350815858705527
298826,-23.184335711963026,-22.6521338854442,6.0,-0.5322018265188255
299038,-18.203731686601778,-17.97510920807641,4.0,-0.22862247852536655
299043,-15.723246954136352,-14.972223474688144,4.0,-0.7510234794482074
299077,-19.564041900465455,-19.3177378657336,6.0,-0.24630403473185325
299090,-3.732494615111901,-4.003287857839961,0.0,0.27079324272806016
299216,-7.198828355744088,-6.952055793201599,1.0,-0.24677256254248903
299388,-8.615916992394562,-9.110542107503669,2.0,0.4946251151091072
299445,-2.0201238755100936,-2.8144147201206335,0.0,0.7942908446105399
299487,-24.210881802314518,-24.143773545354236,8.0,-0.06710825696028166
299507,-5.202832289854316,-5.276528098158849,1.0,0.07369580830453337
299510,-14.048784741142148,-14.0653759656442,4.0,0.016591224502052526
299590,-9.812461193697374,-9.542229020233298,2.0,-0.27023217346407513
299615,-36.39299221326405,-36.78351176710241,14.0,0.39051955383835946
299620,-22.718431579660233,-22.11633015941307,6.0,-0.6021014202471626
299661,-13.195221206019088,-12.69194610925886,3.0,-0.5032750967602286
299807,-0.773722921963187,-1.0237924975187305,0.0,0.25006957555554343
299818,-27.921049121626144,-28.51812321859573,10.0,0.5970740969695854
299883,-9.023597222133716,-8.576461700303886,2.0,-0.4471355218298303
299925,-17.712672179611694,-16.88517047897435,4.0,-0.8275017006373453
299980,-26.68918043648855,-27.035762300660643,9.0,0.34658186417209436
299982,-16.302703864623673,-16.00812490321481,4.0,-0.2945789614088632
299997,-20.948125112162902,-20.721025949731267,6.0,-0.2270991624316352
300095,-0.5807177671217263,-1.0474045141552732,0.0,0.46668674703354696
300228,-11.481076133660816,-11.43219750906077,3.0,-0.04887862460004477
300235,-18.053355529648417,-17.230245303348397,4.0,-0.8231102263000203
300308,-59.23958321556465,-58.23075545600712,19.0,-1.0088277595575335
300351,-16.254718721902716,-16.177990442649914,5.0,-0.07672827925280146
300456,-9.653248976651396,-6.0794924974226525,1.0,-3.5737564792287433
300492,-15.53134109720467,-15.754691383575926,4.0,0.22335028637125554
300651,-97.45171056251941,-103.48984009552004,50.0,6.038129533000628
300664,-0.5970440595976706,-0.8036375935266789,0.0,0.20659353392900826
300689,-31.587942326477695,-32.97134746931175,10.0,1.3834051428340572
300753,-4.549033498043401,-4.737744767360742,1.0,0.1887112693173414
300757,-8.618736844026238,-8.654000053662203,2.0,0.035263209635965964
300777,-18.323293763625003,-18.64749341079454,5.0,0.32419964716953587
300792,-64.66253961169141,-66.0471343347542,19.0,1.38459472306279
300819,-5.937425927383976,-4.362488753359192,0.0,-1.5749371740247842
301032,-32.162309483745574,-34.35932585035567,11.0,2.197016366610093
301256,-1.1598908344836139,-1.1438061555005758,0.0,-0.016084678983038003
301525,-12.018765050977207,-11.89926456963186,3.0,-0.11950048134534619
301652,-5.3460013806345055,-5.146783078030011,1.0,-0.19921830260449447
301747,-8.063462427864888,-7.8233942328134045,3.0,-0.24006819505148336
301912,-1.2314638955814379,-1.5408266132426598,0.0,0.3093627176612219
301994,-2.083231813885034,-3.715111457770361,0.0,1.631879643885327
302122,-4.7033666571344295,-4.916211086094634,1.0,0.21284442896020472
302137,-148.5556927903225,-150.8008522427055,80.0,2.2451594523830067
302207,-17.34756633961198,-17.234743889072075,5.0,-0.11282245053990536
302243,-31.386326024477434,-31.589229037558237,11.0,0.20290301308080316
302397,-14.850987921619568,-16.801310581230553,4.0,1.9503226596109844
302443,-17.795738362972376,-17.232153339295063,5.0,-0.5635850236773123
302529,-5.3021338769377895,-5.4412717569863505,1.0,0.13913788004856098
302542,-17.524760575743063,-17.4009584964026,5.0,-0.12380207934046439
302619,-14.327753095482544,-14.41158196817412,4.0,0.08382887269157635
302647,-8.903684439586264,-9.42443671010209,2.0,0.5207522705158247
302648,-21.78358469889797,-20.10400585529716,4.0,-1.6795788436008081
302681,-3.128450945613356,-0.7357403804055047,0.0,-2.3927105652078513
302708,-12.30493537036499,-12.36308730908934,2.0,0.05815193872434854
302768,-36.251704889615425,-37.17418549540508,16.0,0.9224806057896515
302769,-12.595462979888639,-12.250067900647297,3.0,-0.3453950792413423
302795,-7.563038735489996,-7.218372597346192,1.0,-0.3446661381438041
302837,-21.44496443903546,-21.245971297781608,6.0,-0.19899314125385104
302858,-0.7020264070038633,-0.9729218596390352,0.0,0.2708954526351719
302916,-10.367020190109319,-9.82258524764886,2.0,-0.5444349424604589
302993,-42.06177031646515,-43.589853480243185,17.0,1.5280831637780352
302994,-6.551420376385184,-6.851695082424911,1.0,0.30027470603972706
303035,-9.149817254839004,-8.841278914770534,2.0,-0.3085383400684698
303173,-13.472303297587553,-15.152781490666602,2.0,1.6804781930790487
303230,-38.29510659364047,-37.743258270637035,11.0,-0.5518483230034334
303331,-43.461760810071674,-43.53499742500278,17.0,0.07323661493110478
303368,-5.484253636486538,-5.707007371498022,1.0,0.22275373501148366
303553,-5.95962147058419,-6.304227301303908,0.0,0.3446058307197184
303593,-6.634241604151261,-5.8038372298212355,1.0,-0.8304043743300253
303605,-5.303960442512169,-5.180676309088761,1.0,-0.12328413342340827
303629,-29.92544855553147,-31.52631853483408,8.0,1.6008699793026082
303746,-5.477858692412079,-5.4064655865472275,1.0,-0.07139310586485159
303751,-11.094930723856343,-11.25175427589594,3.0,0.1568235520395973
303790,-11.792211881750735,-11.476516109510923,3.0,-0.3156957722398115
303836,-15.952669525430514,-16.803304461369656,4.0,0.8506349359391425
303930,-11.656615307356958,-11.571290272514757,3.0,-0.08532503484220122
304137,-27.24351265456766,-27.530375394305064,10.0,0.28686273973740484
304289,-16.819932419590902,-16.607706864463186,3.0,-0.21222555512771635
304535,-18.19897322927835,-18.0730727453938,5.0,-0.12590048388454989
304670,-16.872522172660062,-16.818983014818166,5.0,-0.05353915784189667
304693,-1.137775028331038,-1.571280198638609,0.0,0.43350517030757096
304815,-25.561294151104118,-25.47360548910455,8.0,-0.08768866199956804
304941,-11.859670895830387,-10.239631489242466,1.0,-1.620039406587921
304951,-12.977698969331986,-12.806086025271853,3.0,-0.17161294406013283
304993,-15.74320646395559,-15.308425906826354,4.0,-0.43478055712923513
305019,-0.5477813063611519,-0.80530484166523,0.0,0.2575235353040781
305041,-17.414145430480556,-16.563681461647473,4.0,-0.8504639688330826
305069,-22.87177285116123,-22.717262363117317,7.0,-0.1545104880439112
305181,-15.706469889693148,-15.38044315356006,3.0,-0.3260267361330875
305191,-55.76714652491083,-56.9824156605885,26.0,1.2152691356776728
305220,-0.25776440526898836,-0.6004594563068211,0.0,0.3426950510378327
305242,-0.30787546332319893,-0.7416609885654767,0.0,0.43378552524227776
305341,-13.21783079912691,-13.108056041568492,3.0,-0.10977475755841759
305488,-1.3172630685598299,-1.3536354037142313,0.0,0.036372335154401414
305554,-33.95687232366838,-33.216161908962754,11.0,-0.7407104147056245
305592,-57.51987555776145,-54.990434828957795,12.0,-2.5294407288036567
305674,-14.719400752568466,-14.7972206328521,4.0,0.07781988028363429
305758,-4.774550957199221,-7.015390298181231,0.0,2.24083934098201
305767,-12.405547075399571,-12.05636738317018,3.0,-0.3491796922293915
305919,-18.553140493854738,-19.65308461415656,3.0,1.0999441203018208
305986,-5.618412418678643,-5.766225892004049,1.0,0.14781347332540573
306003,-36.42953481620461,-36.31508824552986,16.0,-0.11444657067475106
306084,-15.537801299638648,-15.237856615054303,4.0,-0.29994468458434476
306153,-9.845345378396742,-10.730587398145168,2.0,0.8852420197484268
306185,-12.340925117372569,-12.082264369873304,3.0,-0.25866074749926504
306294,-4.628425304832788,-4.5959808065625944,1.0,-0.03244449827019391
306347,-20.688928819827314,-20.711140269576276,6.0,0.022211449748962053
306440,-28.965812006616375,-28.467090366541203,10.0,-0.4987216400751713
306521,-13.466857280013144,-12.876880896546515,3.0,-0.5899763834666292
306667,-9.001886786856417,-8.797576492009545,2.0,-0.2043102948468718
306679,-1.1146660985765902,-1.3113087278947182,0.0,0.19664262931812804
306699,-47.30457038924994,-48.28680378527241,18.0,0.9822333960224725
306847,-18.91281648945814,-18.85484464328448,6.0,-0.057971846173661135
306977,-18.541539712062416,-18.516981216109706,5.0,-0.024558495952710757
307113,-11.300032108181579,-10.157614271724396,2.0,-1.1424178364571826
307174,-82.17539594242088,-79.45119111412528,37.0,-2.7242048282955977
307198,-53.19681198309325,-53.33872420171204,17.0,0.141912218618792
307232,-8.32852992338203,-7.220796763106749,1.0,-1.1077331602752807
307344,-2.0866131176585734,-3.0381651232455646,0.0,0.9515520055869913
307415,-85.72008919021543,-84.99171425377007,35.0,-0.7283749364453627
307582,-0.9598100640728445,-1.353216921595572,0.0,0.3934068575227275
307930,-5.095528655557415,-5.352434895053197,1.0,0.2569062394957813
308021,-5.237836333519498,-5.262387841077875,1.0,0.024551507558377317
308088,-21.67327812879268,-22.832114091962715,6.0,1.1588359631700342
308341,-10.016876855910375,-9.572896886516292,2.0,-0.4439799693940838
308415,-11.917972749041642,-12.324118511666256,3.0,0.40614576262461455
308435,-24.55055612015727,-25.236600900328305,7.0,0.6860447801710343
308498,-4.389141914302206,-4.629980331982313,1.0,0.2408384176801075
308565,-6.287881283757515,-5.747490299023481,1.0,-0.5403909847340342
308689,-8.204371517902684,-8.561499679531419,2.0,0.35712816162873473
308892,-17.697953836504126,-17.18400380557123,5.0,-0.5139500309328966
308899,-1.2453428941810458,-1.1142499640330814,0.0,-0.13109293014796441
308901,-0.7385104686745758,-0.9817491712226836,0.0,0.24323870254810775
308956,-19.841929823498376,-19.79354751002628,6.0,-0.04838231347209643
309189,-34.92427827114593,-35.68681554127401,16.0,0.7625372701280781
309252,-5.286401265319068,-5.357753861610477,1.0,0.07135259629140922
309479,-5.251775873670244,-5.272435710911146,1.0,0.0206598372409017
309565,-24.58327811883827,-24.103431439083025,7.0,-0.4798466797552443
309689,-15.746009277106575,-15.692058847791662,4.0,-0.053950429314912896
309760,-46.98244068449051,-49.17840925931937,14.0,2.1959685748288607
309818,-6.1557806137638424,-5.77822248183949,1.0,-0.37755813192435284
309910,-23.57984338979581,-23.310745977407393,8.0,-0.26909741238841534
310139,-0.303007307979151,-0.2707206487301338,0.0,-0.03228665924901719
310191,-15.912268441498274,-16.41692297623848,3.0,0.504654534740208
310223,-5.7032047485753345,-6.108601232192837,1.0,0.40539648361750213
310299,-23.56561868748022,-23.57025904499605,8.0,0.004640357515828697
310328,-67.04853874256536,-66.32658614706088,27.0,-0.7219525955044759
310395,-0.5191017447595708,-0.7021052776704749,0.0,0.1830035329109041
310399,-0.2950900962209147,-0.3804202357208024,0.0,0.08533013949988771
310574,-6.427897132125514,-6.316349832406829,1.0,-0.11154729971868527
310808,-19.567564911016163,-18.932707603339132,5.0,-0.6348573076770307
310836,-25.825341181075082,-25.989664504325624,6.0,0.16432332325054233
310867,-29.23727721286665,-28.78523464258549,7.0,-0.45204257028116146
310874,-15.760676367736618,-16.08532740790264,4.0,0.324651040166021
310936,-95.15615870698672,-94.52441166687149,41.0,-0.6317470401152292
310974,-5.45392420757982,-5.349199757099528,1.0,-0.10472445048029133
311209,-11.788573988067967,-11.625689213894692,3.0,-0.16288477417327485
311358,-20.181019632864217,-20.03588350435008,6.0,-0.14513612851413882
311543,-2.2352765115983466,-2.8099918053541693,0.0,0.5747152937558226
311730,-21.66362295826068,-21.28757132048247,6.0,-0.37605163777821105
311795,-14.755617291703391,-15.874133587287051,3.0,1.1185162955836603
311811,-19.259714027734653,-18.798905757639144,5.0,-0.46080827009550873
311839,-10.189523251909861,-9.437775101132756,2.0,-0.7517481507771056
311890,-1.2799277017295243,-1.583711376744254,0.0,0.3037836750147298
311902,-4.350152393428284,-4.235087730644098,0.0,-0.11506466278418603
311969,-1.6873280749018282,-1.3648472938216734,0.0,-0.3224807810801549
312008,-20.73391152379113,-20.475999297968997,6.0,-0.2579122258221318
312078,-25.089389264072594,-23.320995704218404,5.0,-1.7683935598541893
312099,-5.146853642630245,-5.2139185977908165,1.0,0.06706495516057132
312181,-63.270411849356805,-63.15257203043658,25.0,-0.1178398189202241
312186,-16.475771090409197,-16.56920537695462,4.0,0.09343428654542407
312257,-9.492227698572217,-9.491603646442794,2.0,-0.0006240521294227364
312322,-45.695870480128356,-46.03995854233612,20.0,0.3440880622077671
312509,-24.274974001074195,-26.97738992592021,6.0,2.702415924846015
312570,-3.278689813393042,-2.010673991683964,0.0,-1.2680158217090782
312681,-26.056117702944988,-25.9624325743835,9.0,-0.09368512856148925
312704,-9.729205089075286,-9.758243711529188,2.0,0.029038622453901652
312935,-1.795824100160858,-2.4234991761900453,0.0,0.6276750760291874
312940,-4.888929971229851,-4.903612084979139,1.0,0.01468211374928785
312950,-43.980816148302004,-44.78033724742832,20.0,0.7995210991263164
312955,-0.4785341487878869,-0.7310534663118042,0.0,0.2525193175239173
312978,-39.85206219623191,-39.927220629353194,11.0,0.07515843312128112
313076,-1.4989951912505788,-1.8009966092095615,0.0,0.3020014179589827
313213,-40.98939011803877,-42.180038747048634,16.0,1.1906486290098641
313287,-24.744840244156002,-24.81521555354147,7.0,0.07037530938546865
313311,-12.824799688004964,-12.4248778744111,3.0,-0.39992181359386336
313502,-4.540555850910516,-3.555195710031657,0.0,-0.9853601408788588
313515,-24.4857562260612,-23.57824353094141,7.0,-0.907512695119788
313540,-34.6829617692061,-33.223834846149195,10.0,-1.4591269230569068
313756,-10.506116515264926,-10.22221204098046,2.0,-0.28390447428446564
313932,-9.993009109711132,-9.76517542920705,2.0,-0.22783368050408193
313981,-58.17342071050949,-57.53715514116061,28.0,-0.636265569348879
314052,-21.837795002991,-22.781913294421965,6.0,0.9441182914309643
314059,-1.0579716066085914,-1.4806861324874336,0.0,0.4227145258788423
314158,-16.134506176568074,-15.395128609366092,4.0,-0.7393775672019824
314239,-89.19928973518356,-86.86912722445665,44.0,-2.3301625107269075
314353,-3.5819783420481857,-4.436901082165706,0.0,0.8549227401175203
314531,-73.17294874705112,-84.86374796435571,32.0,11.690799217304587
314543,-14.348399625100697,-13.75374852835406,3.0,-0.5946510967466363
314561,-5.997900013798904,-5.284387520017285,0.0,-0.7135124937816189
314614,-9.168605760741704,-9.639799184885783,2.0,0.4711934241440794
314650,-28.382007740261354,-30.33023647065739,9.0,1.9482287303960355
314662,-8.700293630021,-8.744033625107223,2.0,0.043739995086223615
314729,-6.615748954555789,-6.723677348571394,1.0,0.10792839401560528
314753,-58.892737092185435,-62.25166867497993,25.0,3.358931582794497
314786,-4.56132915743187,-4.857692134258342,1.0,0.2963629768264724
314979,-9.42923102768588,-10.022385869790956,2.0,0.5931548421050756
314995,-9.397437793218462,-9.081049930872178,2.0,-0.3163878623462839
315012,-19.73389477814492,-18.9995046721012,4.0,-0.734390106043719
315057,-15.381416988070862,-17.087473653031584,3.0,1.7060566649607214
315060,-9.231756217784426,-5.193627040444346,1.0,-4.03812917734008
315073,-44.96683500156811,-44.759144876135714,19.0,-0.20769012543239285
315247,-0.2406278207561359,-0.7278780133877765,0.0,0.4872501926316406
315311,-48.247380454152335,-46.32654562297833,12.0,-1.9208348311740053
315335,-1.9818638117951308,-2.746916351650053,0.0,0.7650525398549224
315452,-17.52506100122094,-22.79581264350287,4.0,5.27075164228193
315688,-43.725947959745135,-43.04086692911097,16.0,-0.6850810306341657
315740,-13.271894950333001,-12.822524759882732,3.0,-0.44937019045026894
315843,-1.6332526229519833,-2.073090135602938,0.0,0.4398375126509546
315869,-40.064846753175175,-40.516161552662766,16.0,0.4513147994875908
316008,-0.2805235379525905,-0.8157082764386816,0.0,0.535184738486091
316061,-52.14850999003875,-51.990874286392206,20.0,-0.157635703646541
316082,-26.013510286162393,-25.554299827871368,8.0,-0.45921045829102525
316102,-11.583677445409997,-10.314831833284677,1.0,-1.26884561212532
316254,-5.792823493829462,-5.395333838714878,1.0,-0.3974896551145841
316277,-44.17098563961563,-39.926407936009355,12.0,-4.244577703606275
316293,-32.09248322871815,-35.3597544156919,10.0,3.267271186973751
316295,-4.075133446879094,-4.211370965620732,1.0,0.13623751874163847
316415,-5.628977349745975,-5.951704109189204,1.0,0.3227267594432286
316444,-72.67007490524438,-76.65679697919825,28.0,3.986722073953871
316532,-13.432238798035215,-13.834576835299677,4.0,0.40233803726446205
316585,-5.170847728192314,-5.353387898524494,1.0,0.18254017033217984
316596,-17.798906144163478,-17.246177558545416,5.0,-0.5527285856180626
316739,-10.730604683189199,-10.686580617493531,2.0,-0.04402406569566786
316792,-39.81241082508406,-40.33493720718135,15.0,0.5225263820972899
316802,-24.802234644856355,-24.040748682675556,6.0,-0.7614859621807994
316810,-5.36976238731894,-5.455529748573341,1.0,0.08576736125440121
316938,-14.006109536729703,-14.127227878758134,4.0,0.12111834202843141
316944,-0.3777250615354252,-0.5150480432061056,0.0,0.13732298167068047
317015,-18.418971513504342,-18.959536363815204,5.0,0.5405648503108615
317062,-25.154800222973446,-24.95707161416135,8.0,-0.19772860881209553
317118,-42.08567281522481,-41.92451590333862,16.0,-0.16115691188618797
317294,-10.6003427834567,-10.205773297666669,2.0,-0.39456948579003104
317344,-1.5031431509833257,-1.83146670544914,0.0,0.3283235544658143
317359,-18.94440000469667,-19.6376501382399,5.0,0.6932501335432271
317399,-5.365310233361103,-6.67200687253879,1.0,1.3066966391776873
317413,-18.506876242341026,-18.800805128454087,6.0,0.29392888611306134
317684,-6.1344761013004785,-6.074576264191611,0.0,-0.05989983710886726
317701,-4.425310940673681,-4.551968209449169,1.0,0.12665726877548789
317861,-19.841657065957452,-19.246519119639807,5.0,-0.5951379463176458
317938,-5.02770542164967,-5.193477889184731,1.0,0.16577246753506092
317992,-1.531251097173843,-1.7254755445107437,0.0,0.1942244473369008
318002,-1.3324678017575962,-1.989416974117824,0.0,0.6569491723602279
318120,-18.06582942655921,-17.46542515110133,4.0,-0.6004042754578798
318217,-36.21941947427264,-36.14901276399267,14.0,-0.07040671027996837
318267,-34.17297783517788,-34.344504043542074,11.0,0.17152620836419175
318295,-52.00950669888766,-52.54253630730254,14.0,0.5330296084148785
318375,-32.57539605455448,-32.58828073546129,10.0,0.012884680906807944
318538,-9.05015831553322,-9.0420209057759,2.0,-0.008137409757321024
318551,-28.45870500652621,-28.45396708625357,10.0,-0.0047379202726389735
318587,-27.150525735184598,-28.133730171186855,9.0,0.9832044360022572
318636,-5.218316907869122,-5.165741223422344,0.0,-0.052575684446777515
318704,-1.0223183786611054,-1.1843032902909871,0.0,0.1619849116298817
318894,-22.637004766212716,-21.962192349581116,6.0,-0.6748124166315996
318927,-25.397348705577453,-24.779282747276344,7.0,-0.6180659583011092
319060,-12.880995668951426,-12.76271809587192,3.0,-0.11827757307950648
319205,-21.61662341800634,-21.493491120605505,6.0,-0.12313229740083642
319468,-27.922136940746704,-26.970997276119903,6.0,-0.9511396646268011
319507,-13.252625666488111,-13.28658250547718,3.0,0.033956838989068316
319511,-14.15883623853481,-11.652939338481982,2.0,-2.5058969000528286
319545,-30.453583786206245,-31.183921003507805,12.0,0.7303372173015603
319605,-5.70774052947303,-5.301440348360979,1.0,-0.40630018111205146
319964,-14.175392204396314,-14.24680592786721,4.0,0.07141372347089714
320092,-18.616237111314746,-18.41736317288612,4.0,-0.19887393842862622
320159,-0.7567393687780414,-1.052299766917086,0.0,0.29556039813904456
320373,-2.251165539566126,-2.588901949246693,0.0,0.3377364096805673
320836,-2.5915382329860406,-3.292313525591167,0.0,0.7007752926051265
321006,-18.653065943265812,-19.01954644581612,5.0,0.3664805025503064
321033,-13.536557307448692,-13.184838940697553,3.0,-0.35171836675113965
321038,-25.47448987732381,-25.09867125155757,7.0,-0.3758186257662395
321144,-2.9631192371629194,-3.247654997182026,0.0,0.28453576001910674
321157,-12.962291890929839,-12.364548382688088,3.0,-0.5977435082417504
321160,-5.590863535635303,-5.928305150920273,1.0,0.33744161528496974
321269,-23.970172133088752,-22.76087336818409,5.0,-1.2092987649046627
321302,-9.325554385899276,-8.963719412907336,2.0,-0.36183497299193945
321325,-13.84326545500376,-13.21046985324766,3.0,-0.632795601756099
321492,-11.994872679594016,-12.318382197247145,3.0,0.32350951765312885
321545,-20.14977400241373,-19.750988041873345,7.0,-0.3987859605403834
321568,-38.23002269451414,-38.11480323524055,16.0,-0.11521945927358956
321588,-11.281608074732079,-10.051688209854946,2.0,-1.2299198648771323
321653,-20.86007562443005,-19.51535036488457,5.0,-1.3447252595454806
321690,-1.66953082103697,-2.8855942987542553,0.0,1.2160634777172854
321717,-55.02177438676015,-59.33132870672294,20.0,4.309554319962793
321810,-2.783538249863085,-3.686130818925671,0.0,0.9025925690625862
321815,-6.089465628003407,-5.997810206229578,1.0,-0.09165542177382946
321838,-15.241162135499405,-15.01498723575492,3.0,-0.22617489974448546
321867,-43.01381935553527,-44.54156885613526,12.0,1.5277495005999882
321912,-6.338812693253635,-6.275422740589544,1.0,-0.06338995266409064
321967,-26.76926953924991,-27.66595616241965,10.0,0.8966866231697423
322079,-39.329704802400414,-39.16199518653056,13.0,-0.16770961586985322
322113,-8.116262426890028,-8.688061202917108,2.0,0.5717987760270802
322252,-18.079349663010003,-17.758364869318356,5.0,-0.3209847936916468
322385,-19.592428997257223,-19.52347437836008,6.0,-0.06895461889714127
322644,-12.428398647598508,-12.250441414981353,3.0,-0.17795723261715501
322745,-15.17485998084129,-14.905303266175524,4.0,-0.26955671466576625
322781,-9.140100311316619,-8.804055573319568,1.0,-0.33604473799705126
322850,-5.269268545831379,-5.244964691701746,1.0,-0.02430385412963254
322872,-9.031230429968891,-8.503355628105929,1.0,-0.5278748018629624
322914,-9.355819435485614,-9.081952513845373,2.0,-0.2738669216402414
322975,-5.3293210072057295,-5.366976143396824,1.0,0.03765513619109484
323039,-4.7323773797851105,-4.679884692601231,1.0,-0.05249268718387956
323046,-19.978238172181364,-22.98873062346628,6.0,3.010492451284918
323229,-5.081035653603729,-4.983921501175385,1.0,-0.09711415242834409
323243,-49.459371677068724,-49.23183810271114,16.0,-0.2275335743575866
323517,-22.571973164146318,-22.521678559261687,8.0,-0.050294604884630445
323614,-2.444441187587836,-2.8294264700451186,0.0,0.3849852824572828
323619,-61.12237395106223,-60.659350874628934,27.0,-0.463023076433295
323712,-8.787388924535835,-8.712347304503638,2.0,-0.07504162003219683
323750,-10.28821257155482,-9.691904358960551,2.0,-0.596308212594268
323951,-12.632637612320677,-12.92748157323669,4.0,0.2948439609160136
324178,-47.39305893194055,-45.84321562506637,17.0,-1.5498433068741804
324311,-18.457817721588953,-18.070636259738873,5.0,-0.38718146185007996
324377,-1.5674299593167216,-2.109787589080894,0.0,0.5423576297641726
324384,-7.141821977456234,-6.856999193976478,1.0,-0.28482278347975676
324461,-34.41714726186592,-32.99412997844422,10.0,-1.4230172834217
324529,-34.08052531921736,-33.83755211602886,13.0,-0.24297320318849813
324594,-17.678910062016744,-18.738034183712323,5.0,1.0591241216955787
324628,-1.6543864741855496,-2.5917163161340113,0.0,0.9373298419484617
324645,-2.1770177622110998,-2.8883651154665135,0.0,0.7113473532554138
324658,-30.077962289727893,-30.105843830843877,8.0,0.02788154111598473
324662,-36.110373067532485,-37.02060368466901,13.0,0.9102306171365271
324722,-5.209444071246871,-5.0747807991947065,1.0,-0.13466327205216455
324728,-5.891108043507733,-5.591995230676709,1.0,-0.29911281283102475
324738,-1.2926338047560002,-2.0418153658311757,0.0,0.7491815610751755
324806,-1.1599257286283302,-1.5446747050829803,0.0,0.3847489764546501
324843,-27.88219163722203,-27.62001170890318,10.0,-0.2621799283188473
324920,-14.271227569227854,-13.969966122449796,3.0,-0.30126144677805833
325495,-77.4409742012285,-75.41754885879836,41.0,-2.0234253424301443
325507,-27.037529216836123,-26.23868410304333,7.0,-0.7988451137927939
325584,-1.8866707182268208,-3.3022886127338524,0.0,1.4156178945070317
325614,-9.901612179160217,-11.890396352696936,1.0,1.9887841735367182
325683,-1.1701530313336874,-1.183783541503962,0.0,0.013630510170274501
325704,-14.955674848865355,-15.446793084249167,4.0,0.49111823538381216
325740,-13.595858681291919,-12.815770818031073,3.0,-0.7800878632608459
325908,-9.076059278116118,-8.52844760170686,1.0,-0.5476116764092573
325928,-14.829664545807265,-14.165424001537684,3.0,-0.6642405442695818
325998,-2.453517172589002,-2.686049466038011,0.0,0.23253229344900905
326070,-28.60940849565193,-28.244566259312617,10.0,-0.3648422363393138
326178,-8.414821409466061,-8.385190589486072,2.0,-0.029630819979988843
326316,-19.399928977989155,-19.018543656511515,5.0,-0.3813853214776408
326414,-15.383163381898928,-15.084680736788505,4.0,-0.29848264511042366
326431,-1.9127512511143732,-0.4885863892621032,0.0,-1.42416486185227
326726,-8.36617664693158,-7.9251519223814,1.0,-0.4410247245501795
326795,-60.14478334948758,-65.01701260018582,21.0,4.87222925069824
326815,-5.42282831785662,-5.22853817545308,1.0,-0.19429014240354014
327002,-1.2150444539439569,-1.4407830172952178,0.0,0.22573856335126097
327455,-15.878937364692693,-15.298805031002532,4.0,-0.5801323336901607
327513,-5.641731868277839,-5.236825730316057,1.0,-0.404906137961782
327706,-33.85117782137027,-33.412718997831334,13.0,-0.4384588235389373
327940,-4.399468254980616,-5.235712099672754,0.0,0.8362438446921381
327963,-34.212390232818365,-35.33206225473459,14.0,1.119672021916223
328038,-28.71224461283847,-28.90138656293464,10.0,0.1891419500961682
328124,-21.398762517346395,-21.40455925840296,7.0,0.005796741056563803
328127,-15.879206900480062,-15.77069081213844,4.0,-0.10851608834162185
328189,-5.347099432726016,-5.373896593474332,1.0,0.026797160748316173
328252,-16.540467923058657,-15.35424305027564,3.0,-1.1862248727830167
328265,-27.449713658500073,-27.43767883139856,9.0,-0.01203482710151249
328291,-26.01967998532886,-25.583003164304223,9.0,-0.436676821024637
328359,-28.420522372894638,-28.74452556398912,9.0,0.3240031910944836
328372,-25.16711873569012,-25.27971781447137,5.0,0.11259907878124764
328592,-25.197379040344668,-24.913519034837257,8.0,-0.2838600055074103
328630,-12.19264023699138,-11.90909840995204,3.0,-0.2835418270393397
328675,-16.742936064252213,-15.693226457772823,4.0,-1.0497096064793894
328680,-36.976436414197245,-37.416035239488,14.0,0.43959882529075145
329043,-11.599027631605814,-11.60400278880457,3.0,0.004975157198755298
329134,-36.9710007904176,-34.54562429868515,11.0,-2.4253764917324503
329212,-9.87786899018679,-10.04399774106522,2.0,0.16612875087843015
329221,-13.238546270283738,-13.78051968902304,4.0,0.5419734187393015
329282,-48.83266551326753,-49.250432217691866,20.0,0.41776670442433783
329557,-49.95785505082702,-48.83903225413901,17.0,-1.1188227966880078
329597,-3.524970699286222,-3.3535711780359043,1.0,-0.17139952125031765
329651,-30.2123597993009,-30.08050418085391,11.0,-0.13185561844698768
329695,-3.0299348505289423,-3.4695092619726107,0.0,0.4395744114436684
329724,-4.528811362125104,-4.419759652509075,0.0,-0.10905170961602906
329791,-69.32601129821042,-70.34546406171465,32.0,1.0194527635042334
329928,-20.290504962755,-20.046856021077257,6.0,-0.2436489416777441
330004,-26.06803422067741,-25.795165868783943,7.0,-0.27286835189346803
330119,-8.965345801791793,-8.961105402450771,2.0,-0.004240399341021828
330343,-0.40873372048036516,-0.4457563179678248,0.0,0.03702259748745962
330408,-8.2601035979812,-8.936180033345641,2.0,0.6760764353644415
330667,-33.167158077265164,-32.34905404419875,8.0,-0.8181040330664118
330697,-3.4630472323630985,-3.8253109467704447,0.0,0.36226371440734617
330707,-6.8402509145555435,-6.130115683252347,1.0,-0.7101352313031963
330814,-8.409917537488644,-8.523368199240046,2.0,0.11345066175140239
330824,-58.59968042746972,-58.387292207412905,24.0,-0.21238822005681612
330984,-2.72422649478929,-3.3314427870163215,0.0,0.6072162922270317
330990,-31.556078788451696,-31.29930021741977,12.0,-0.25677857103192636
331004,-15.306485547557626,-15.6207125892761,4.0,0.31422704171847293
331016,-8.912595673717748,-8.780692524366904,2.0,-0.13190314935084402
331043,-5.313807668788191,-5.584599425676907,1.0,0.27079175688871615
331072,-30.30694545670287,-30.809074973581208,10.0,0.5021295168783375
331141,-12.29005964628531,-11.772800470207011,3.0,-0.5172591760782979
331253,-5.08121055675482,-5.059581376978546,1.0,-0.021629179776273766
331261,-13.519229441632126,-10.47054577870633,2.0,-3.0486836629257965
331435,-19.701576663183385,-18.041918458894575,4.0,-1.6596582042888102
331485,-2.1863822671782844,-3.354288286123172,0.0,1.1679060189448878
331547,-11.101241868123916,-11.094031475597976,3.0,-0.0072103925259394686
331637,-5.2911322236218625,-5.170438460320669,1.0,-0.12069376330119397
331846,-32.04109735173536,-32.16882198674584,10.0,0.12772463501048037
331925,-4.664943768513953,-4.746687930604198,1.0,0.08174416209024482
331941,-23.182683383150366,-22.885568337394123,6.0,-0.29711504575624303
332019,-44.944094000599286,-44.15628141088053,15.0,-0.7878125897187545
332215,-26.557584960455582,-26.807969344079808,8.0,0.2503843836242261
332276,-5.661538624350013,-5.505016377613118,1.0,-0.15652224673689474
332388,-27.681127724820417,-27.97206774173716,10.0,0.29094001691674265
332428,-1.7262401405463639,-1.646599501889367,0.0,-0.07964063865699678
332562,-12.887092572303876,-12.935436166658937,3.0,0.048343594355060304
332574,-35.35096843707133,-35.56030620372842,14.0,0.20933776665709303
332581,-26.885378728712947,-25.68028809623618,7.0,-1.205090632476768
332594,-41.65503481309129,-40.7786124739615,12.0,-0.876422339129789
332820,-12.55766177520545,-12.396120347016357,3.0,-0.16154142818909278
332902,-4.40975682018588,-4.39849863299932,1.0,-0.011258187186560242
332930,-5.814851058773485,-5.367622614788162,0.0,-0.44722844398532313
332935,-24.972563258692116,-24.555248131834603,7.0,-0.41731512685751326
332952,-0.8244272070382916,-1.2337662348206844,0.0,0.40933902778239273
332963,-17.43873493741154,-17.21422024211253,5.0,-0.22451469529901047
333030,-4.911419864771317,-5.662712455480921,0.0,0.7512925907096042
333431,-48.85694555542088,-48.70810120020925,18.0,-0.14884435521162942
333470,-5.929376318749179,-6.172024600785015,1.0,0.24264828203583644
333542,-32.73303095868245,-33.83177377763798,13.0,1.0987428189555288
333544,-8.722859908849813,-8.57487650350557,2.0,-0.14798340534424348
333616,-17.502724770908333,-17.385035212426224,5.0,-0.11768955848210894
333693,-38.52336050307688,-37.867486629177115,13.0,-0.6558738738997647
333706,-7.592746964414082,-7.783145180500017,2.0,0.190398216085935
333772,-32.3217657719284,-32.045469998181225,12.0,-0.2762957737471723
334006,-1.1785844962097403,-1.4658484070447475,0.0,0.28726391083500724
334082,-1.963878242759078,-0.9402505624631744,0.0,-1.0236276802959035
334130,-16.264085282071367,-15.473562143550264,4.0,-0.7905231385211025
334151,-9.079739393219192,-8.690529000916417,2.0,-0.38921039230277543
334161,-4.38779945173054,-4.634761344317396,1.0,0.24696189258685575
334218,-11.75021613042158,-11.611776287214797,3.0,-0.1384398432067826
334326,-1.26356431528804,-1.4657037737442784,0.0,0.20213945845623837
334370,-29.486030661560168,-29.46656146730854,9.0,-0.019469194251627187
334415,-17.731846397039476,-17.879462160896,5.0,0.14761576385652475
334503,-30.63424127330956,-30.85026192240681,12.0,0.21602064909724916
334586,-36.089724568229784,-36.14022655787229,16.0,0.05050198964250541
334819,-4.409754783832244,-4.6423806228351605,1.0,0.23262583900291656
335096,-49.133574261972356,-51.72112276936024,19.0,2.5875485073878863
335136,-1.6662229782417994,-1.4666538765132515,0.0,-0.19956910172854792
335553,-15.13272615662249,-14.560969281398798,4.0,-0.5717568752236932
335589,-12.365437544003168,-12.29094868413246,2.0,-0.07448885987070852
335601,-18.78078246692923,-18.61754621671107,5.0,-0.16323625021816213
335743,-9.180819417215899,-8.914510452314481,2.0,-0.26630896490141787
335767,-9.266426104746367,-8.658142163815906,2.0,-0.6082839409304608
335792,-5.326941787100188,-5.146777997328947,1.0,-0.1801637897712416
335805,-13.081573827547803,-13.08827148250187,3.0,0.006697654954066934
336026,-2.574691483752945,-3.4952302411242395,0.0,0.9205387573712946
336096,-0.5688197184682828,-0.8097595025927351,0.0,0.24093978412445227
336195,-29.50902527631083,-29.356899847484343,11.0,-0.15212542882648705
336429,-38.25554740044797,-38.95986661720032,15.0,0.7043192167523458
336525,-33.198122169138244,-33.29117913556947,10.0,0.0930569664312273
336530,-2.909714350081424,-3.3452700553631516,0.0,0.4355557052817276
336603,-5.309347027340538,-5.260449869298529,1.0,-0.048897158042009004
336622,-4.3342916147931,-4.5310429359362026,1.0,0.19675132114310223
336714,-9.318758027783147,-8.93200111986677,2.0,-0.38675690791637685
336770,-116.61156464300642,-113.13269892479808,35.0,-3.47886571820834
336854,-7.693853205171645,-6.32909846789914,0.0,-1.3647547372725048
337200,-21.134317206819315,-21.435914058553777,7.0,0.3015968517344625
337229,-11.243194225984935,-11.121309205363955,3.0,-0.12188502062097939
337452,-37.523036242771184,-37.55550801536482,12.0,0.03247177259363809
337459,-8.785009032219303,-9.031474946116852,2.0,0.24646591389754846
337481,-18.21104551394648,-17.898336614600197,5.0,-0.31270889934628343
337620,-12.660515229016617,-14.76269302980872,3.0,2.102177800792102
337901,-1.3300497359770542,-2.0604041952586405,0.0,0.7303544592815863
337910,-15.573166375554736,-15.536071916596748,4.0,-0.0370944589579878
338069,-4.865470475611456,-4.980202203733432,1.0,0.11473172812197596
338076,-1.221137131007295,-1.5537852341087732,0.0,0.3326481031014783
338108,-12.804415582492744,-12.955923248925789,3.0,0.15150766643304436
338183,-5.1364233788948335,-5.139118103054497,1.0,0.002694724159663764
338185,-49.12254657378373,-42.9860653247343,14.0,-6.136481249049432
338250,-66.6274339237244,-72.7743418454164,32.0,6.146907921692005
338277,-0.7863198545836131,-1.225293340970848,0.0,0.4389734863872349
338278,-30.37564185783974,-30.30753562364424,7.0,-0.068106234195497
338291,-10.540301720651314,-10.426404934681514,2.0,-0.11389678596979991
338301,-64.61501314899702,-60.582278953142435,10.0,-4.032734195854587
338311,-1.477260740141341,-2.0295236702236057,0.0,0.5522629300822648
338503,-0.5873543592157524,-0.7866760071302504,0.0,0.19932164791449802
338545,-18.099725538953116,-17.61460769896165,5.0,-0.4851178399914673
338549,-9.813083156361945,-9.81754706472497,2.0,0.004463908363025126
338575,-6.3691026433915745,-6.894756557497076,1.0,0.5256539141055017
338579,-44.393038253343164,-44.20391498539812,13.0,-0.18912326794504253
338590,-20.839603747006667,-20.989924660694864,6.0,0.15032091368819778
338607,-22.78666271406006,-21.899360546252407,5.0,-0.887302167807654
338766,-6.598745244003544,-6.236043712606432,1.0,-0.3627015313971116
339213,-12.425900827195518,-13.417062016798049,3.0,0.991161189602531
339352,-11.971141523516659,-11.683130389765951,3.0,-0.2880111337507074
339566,-9.085643140340041,-8.668669074748076,2.0,-0.41697406559196537
339594,-10.399514148372234,-10.770726304101384,2.0,0.37121215572915034
339753,-13.141683350203246,-14.695444538060553,1.0,1.5537611878573063
339878,-5.458767255150888,-5.112268915650475,1.0,-0.3464983395004131
339993,-14.211743119036264,-14.361589258686562,0.0,0.14984613965029858
340081,-7.207592992860504,-7.631323988213791,1.0,0.42373099535328684
340088,-8.854557234559612,-8.859718738227805,2.0,0.00516150366819268
340263,-26.150817371527413,-23.460369362494188,5.0,-2.6904480090332257
340316,-5.403462914742789,-5.602723787061524,1.0,0.19926087231873435
340321,-9.475842724449116,-9.181598108003836,2.0,-0.29424461644527966
340347,-5.313214782743625,-5.190840772104916,1.0,-0.12237401063870923
340410,-12.531234031931817,-11.993702861270188,3.0,-0.5375311706616284
340463,-4.918733888747527,-5.006505729275855,0.0,0.08777184052832787
340590,-12.052147862839227,-12.258308737639474,3.0,0.20616087480024703
340674,-8.846800876198676,-8.629923220567376,2.0,-0.21687765563130057
340692,-56.75500515367175,-57.55233471852717,25.0,0.7973295648554171
340868,-9.022804280941536,-8.925913825673222,2.0,-0.09689045526831386
340896,-26.345695003693365,-25.820703540448154,8.0,-0.5249914632452111
341089,-37.90510625279398,-36.396939237914665,11.0,-1.5081670148793123
341234,-9.385502894490092,-9.138414239956411,1.0,-0.24708865453368034
341301,-31.945592131673244,-31.889997939754515,12.0,-0.05559419191872905
341506,-9.696711849958843,-9.354594191906877,2.0,-0.3421176580519667
341796,-1.0408959810719607,-2.767235098642907,0.0,1.7263391175709464
341922,-38.6192059250957,-36.88546518812945,11.0,-1.7337407369662472
341992,-1.2189823006201457,-1.3621043327720213,0.0,0.14312203215187558
342010,-1.5142038768613908,-2.048109647240755,0.0,0.5339057703793642
342014,-30.698896888720284,-29.451740695263123,7.0,-1.2471561934571618
342025,-14.705391313856188,-14.605755000131545,4.0,-0.09963631372464299
342273,-8.558272282328344,-8.555271562995552,2.0,-0.0030007193327925563
342284,-29.18030083919754,-29.0957913787415,9.0,-0.08450946045604013
342358,-9.12499947952578,-9.219736877557796,2.0,0.09473739803201653
342390,-20.459380116175872,-20.03143369756262,6.0,-0.4279464186132529
342454,-17.01675738139155,-16.89071160044925,5.0,-0.1260457809422988
342507,-17.279647961947376,-16.345535697074073,4.0,-0.9341122648733027
342531,-12.959010722111152,-12.220700913364375,3.0,-0.7383098087467772
342541,-5.527560151563149,-5.0824347372376,1.0,-0.445125414325549
342580,-12.60765099319037,-12.10714503757889,3.0,-0.5005059556114801
342597,-10.250117032190888,-9.916310129107416,2.0,-0.33380690308347205
342649,-24.099813480558304,-23.1408882476732,5.0,-0.9589252328851039
342679,-1.5689652823420284,-1.8417098459260657,0.0,0.2727445635840373
342886,-5.376998915709776,-5.376494578525816,1.0,-0.0005043371839601463
343042,-18.57871555721314,-17.90888544860297,5.0,-0.6698301086101708
343135,-42.613676545992284,-44.2578857757844,13.0,1.6442092297921178
343195,-22.786435882585458,-22.50569573497028,6.0,-0.28074014761517674
343238,-61.912958071146086,-63.374796423611,32.0,1.4618383524649161
343344,-2.618148361535808,-3.0096765635600944,0.0,0.3915282020242863
343414,-22.599345212143575,-22.35722291997473,7.0,-0.24212229216884396
343662,-76.06581204847701,-75.39881560772066,40.0,-0.6669964407563498
343678,-17.5132575038145,-17.980700859933535,5.0,0.4674433561190341
343785,-41.059482603988485,-40.92909535889043,15.0,-0.13038724509805633
343796,-29.31369821501542,-28.711777952722368,7.0,-0.6019202622930528
343822,-0.9947652837649605,-1.250930842660694,0.0,0.25616555889573345
343987,-30.63047485594788,-32.80289756445089,7.0,2.1724227085030066
344018,-37.00098067073685,-36.79441261102403,15.0,-0.2065680597128221
344140,-0.8555904608851629,-1.0046739874432429,0.0,0.14908352655808
344149,-24.761818952633462,-24.44764173191449,7.0,-0.31417722071897103
344152,-14.25800799996191,-14.337480760236822,4.0,0.07947276027491235
344375,-5.976850063322455,-6.146979508313807,1.0,0.1701294449913524
344456,-9.486305823472337,-9.625956281801669,1.0,0.13965045832933143
344505,-24.67038900192984,-24.08579390813904,7.0,-0.5845950937908029
344556,-5.622423432098947,-5.993262011741695,1.0,0.370838579642748
344643,-31.77463474844653,-32.09747293291565,12.0,0.32283818446911994
344655,-41.571132711711535,-41.13046794752206,16.0,-0.44066476418947786
344680,-4.2108316788630775,-4.10565089302885,1.0,-0.10518078583422774
344731,-28.120864206099665,-28.264216268970095,10.0,0.14335206287043079
344766,-5.189387266714999,-5.363322041803099,1.0,0.1739347750880995
344918,-31.71417234624337,-33.18405177576645,8.0,1.469879429523079
344959,-2.1172258668514456,-3.129677721572228,0.0,1.0124518547207821
345161,-5.708783229412906,-5.986088477513312,1.0,0.27730524810040613
345388,-18.690503940883374,-19.523020916668003,4.0,0.8325169757846282
345390,-8.5957313664572,-8.043539780348052,1.0,-0.5521915861091475
345472,-19.13918319413257,-15.15667802758048,3.0,-3.982505166552091
345807,-14.904974559119466,-14.29216905317756,3.0,-0.6128055059419069
345908,-0.9786092912577522,-1.162529564740416,0.0,0.1839202734826637
345950,-5.2437056257792305,-5.144313606231634,1.0,-0.09939201954759636
346058,-14.336079144199635,-14.066338378990666,3.0,-0.2697407652089687
346099,-0.9337316080377412,-1.053778891057996,0.0,0.12004728302025469
346138,-5.653819242369035,-5.529945483342298,1.0,-0.12387375902673714
346162,-2.427819275205588,-2.8908572918288895,0.0,0.46303801662330146
346176,-29.041400251577137,-28.592770711532403,9.0,-0.44862954004473465
346291,-26.626148914407096,-26.006516559424313,8.0,-0.6196323549827838
346295,-33.93406495091499,-33.996033028039996,14.0,0.06196807712500885
346349,-5.468404016070178,-5.282352044386294,1.0,-0.18605197168388354
346368,-8.483801666214974,-8.390046017673013,2.0,-0.09375564854196128
346373,-24.69205921692411,-25.132408682124037,9.0,0.440349465199926
346501,-37.474786093966586,-36.78749126906787,14.0,-0.6872948248987143
346661,-19.426657056262016,-19.147348032855643,5.0,-0.2793090234063733
346708,-34.00519105964165,-36.10638656630251,11.0,2.101195506660858
346731,-1.590087252719207,-2.432972375917978,0.0,0.8428851231987711
346819,-28.756107365005228,-27.44401499687192,8.0,-1.3120923681333068
346861,-0.7532726484757373,-1.1356821645250768,0.0,0.3824095160493395
346913,-12.188469739919565,-9.54413591646836,2.0,-2.6443338234512055
347012,-9.616717419920645,-9.110929111009108,2.0,-0.5057883089115371
347214,-2.766277055197027,-3.1612108092616764,0.0,0.39493375406464937
347330,-14.09952216594183,-13.455901832247928,3.0,-0.6436203336939013
347474,-6.036006210996582,-5.8442081731314115,1.0,-0.1917980378651709
347504,-32.69900381092868,-32.5640839770963,14.0,-0.13491983383237738
347568,-44.73176164631401,-47.19354818162439,13.0,2.461786535310374
347637,-59.55132781053632,-61.64780063511363,25.0,2.0964728245773117
347658,-26.834622593549845,-26.12254028701483,7.0,-0.7120823065350166
347893,-6.521159472487963,-6.62880581755866,1.0,0.10764634507069637
347900,-61.392829890198485,-60.253040502759575,26.0,-1.1397893874389098
347986,-18.060859048846872,-18.03287331308604,5.0,-0.027985735760832853
348350,-13.247141085356992,-12.969919206895764,3.0,-0.27722187846122814
348351,-6.630978511393856,-7.249041649044661,1.0,0.6180631376508048
348366,-19.119735552302743,-18.05979990072612,5.0,-1.0599356515766232
348423,-30.28812990793811,-29.906400742935556,11.0,-0.3817291650025538
348492,-23.127877568844738,-23.178451306762103,8.0,0.050573737917364525
348614,-42.88864635064126,-41.89889014670287,8.0,-0.9897562039383914
348616,-14.137961548446171,-13.85238779432762,4.0,-0.2855737541185501
348693,-10.244145308806916,-9.6826700563442,2.0,-0.5614752524627153
348812,-1.1445564681459341,-1.9250219333354224,0.0,0.7804654651894882
348865,-22.204333943537698,-21.66419462524782,5.0,-0.5401393182898779
348917,-5.577806048006203,-5.229306144491943,1.0,-0.3484999035142602
348918,-31.78492907997454,-30.64678520970856,9.0,-1.1381438702659779
348926,-26.789463625425913,-27.57752592143344,8.0,0.7880622960075279
348971,-3.2192381240645602,-3.0101220920345906,0.0,-0.20911603202996965
349127,-69.31909913698661,-70.70684292075818,29.0,1.387743783771569
349179,-14.653487025623953,-14.620216287056351,4.0,-0.033270738567601654
349289,-14.934172967780274,-14.817656158418336,4.0,-0.1165168093619382
349583,-17.62750942935648,-17.750452933189976,4.0,0.12294350383349695
349587,-32.7713455512902,-32.775780412309736,10.0,0.004434861019532832
349631,-30.469015259639853,-29.669643040430717,10.0,-0.7993722192091361
349647,-8.878291278002292,-8.669859091133105,2.0,-0.20843218686918696
349730,-7.912375517475268,-7.963150811712243,2.0,0.05077529423697502
349734,-13.118193258702654,-13.135968758588726,3.0,0.01777549988607241
349749,-18.16828933401152,-17.76749790512611,5.0,-0.40079142888540886
349890,-22.541038287230837,-22.769447139281503,6.0,0.2284088520506664
350101,-1.3166672865430713,-1.6492708039825883,0.0,0.332603517439517
350126,-9.538055282133811,-9.394790765674555,2.0,-0.14326451645925609
350187,-8.797201579070999,-8.772467023676942,2.0,-0.024734555394056557
350337,-172.10595144245607,-177.6974018343144,100.0,5.591450391858331
350639,-6.892829540578251,-5.69087386198051,0.0,-1.2019556785977414
350692,-16.399251292769804,-15.62415266357578,4.0,-0.7750986291940247
350718,-12.022552263570912,-11.8562534475897,3.0,-0.16629881598121266
350798,-64.99701918909834,-65.54988464363598,28.0,0.5528654545376384
350854,-47.206379507135175,-47.215084139393824,14.0,0.008704632258648815
350983,-12.662677107825775,-11.943636075781376,3.0,-0.7190410320443998
351039,-11.727750611244693,-10.515476829876496,2.0,-1.2122737813681965
351053,-12.436461464727644,-12.232381370684005,3.0,-0.2040800940436398
351112,-22.229845840885442,-23.03468082178288,6.0,0.8048349808974393
351204,-9.667546264497293,-9.726898496752266,2.0,0.0593522322549731
351286,-38.38311539645959,-38.20329382937248,15.0,-0.17982156708711017
351313,-5.636571691090633,-5.1667761042286,1.0,-0.46979558686203315
351335,-19.98772658067748,-20.440414102393248,7.0,0.45268752171576665
351443,-10.892387939232412,-11.509367347146227,3.0,0.6169794079138153
351542,-5.138212923369396,-5.090386062691008,1.0,-0.047826860678388705
351624,-17.11779178344064,-16.833942821455434,4.0,-0.2838489619852069
351682,-49.700689348505,-49.504870456341955,17.0,-0.1958188921630466
351700,-35.479247619629675,-35.948407879168585,12.0,0.46916025953890994
351712,-9.266698129198602,-8.84037649519651,2.0,-0.42632163400209144
351770,-9.134391356926404,-8.748018181586948,2.0,-0.3863731753394557
351858,-81.02835002664943,-87.05613186553245,26.0,6.0277818388830156
351883,-2.252028408278785,-2.606156656501757,0.0,0.35412824822297173
351886,-41.344165714178175,-42.51505666457309,17.0,1.170890950394913
351915,-1.1307146586255932,-1.725682178163293,0.0,0.5949675195376998
352170,-38.04479360574825,-38.218625569314845,11.0,0.1738319635665988
352307,-90.59983629272605,-91.64175500092108,41.0,1.041918708195027
352308,-16.998891944261526,-16.821830102504606,5.0,-0.1770618417569203
352539,-6.782918326111294,-7.029690737271533,1.0,0.24677241116023918
352574,-4.510127797139114,-4.471625402064679,0.0,-0.03850239507443476
352717,-0.7654006828154696,-0.9154189949946976,0.0,0.150018312179228
352721,-1.3090544637023516,-1.7433263245271908,0.0,0.43427186082483926
352836,-1.815254606694572,-2.828365749391058,0.0,1.0131111426964858
352963,-9.70333327100304,-9.48334901399647,2.0,-0.2199842570065691
352999,-5.079092593886001,-5.2231732640570785,1.0,0.1440806701710775
353043,-12.398778334880319,-12.403131262364957,3.0,0.004352927484637448
353414,-30.942907830068823,-31.134617187222656,7.0,0.19170935715383308
353433,-17.733496563606934,-17.46767677042363,5.0,-0.2658197931833044
353533,-2.255452072256052,-2.091111116638289,0.0,-0.16434095561776285
353553,-31.652668339045537,-35.68806676954594,9.0,4.035398430500404
353591,-16.12077919370626,-15.583359587244855,4.0,-0.5374196064614036
353594,-10.706794361031983,-10.742193382508647,2.0,0.03539902147666396
353664,-99.91029578543149,-104.76709659459102,64.0,4.856800809159537
353668,-9.990217457805684,-9.380941073806875,2.0,-0.6092763839988091
353719,-13.199327124879709,-12.661312970550515,3.0,-0.5380141543291934
353761,-20.582303959141534,-20.591064058092293,5.0,0.008760098950759243
353811,-18.144442323184737,-18.60196544884221,4.0,0.4575231256574739
353889,-20.601610684155105,-24.262970662981232,5.0,3.661359978826127
353905,-48.5130021177638,-48.926028586276225,24.0,0.4130264685124274
353943,-28.461491516942747,-28.768372091810853,9.0,0.3068805748681065
353961,-26.50295911372647,-28.582985466319155,8.0,2.080026352592686
354040,-5.259272966376035,-5.512709512263699,1.0,0.25343654588766373
354196,-39.234927684407616,-39.56719630783629,16.0,0.3322686234286749
354228,-0.5793078419905711,-0.9850079888070392,0.0,0.40570014681646815
354404,-15.133018152207725,-14.85362941071114,4.0,-0.2793887414965859
354426,-95.01640349489382,-88.92533302235272,54.0,-6.091070472541105
354471,-25.871727980985053,-25.712393648549284,7.0,-0.159334332435769
354478,-23.018171350759097,-22.94396582532394,7.0,-0.07420552543515768
354619,-31.618081463119854,-31.486897485304453,10.0,-0.13118397781540025
354970,-12.71271045225293,-12.290400334481031,3.0,-0.4223101177718984
354990,-32.9412776775967,-32.63969654644769,12.0,-0.30158113114901397
355027,-5.314285091171675,-5.222142657763426,1.0,-0.09214243340824879
355037,-32.73229564402003,-38.61352836139873,7.0,5.881232717378701
355052,-32.72327275366249,-33.53591550331941,13.0,0.8126427496569164
355064,-9.613015567377442,-9.57228237466328,3.0,-0.040733192714162314
355262,-4.57939257157626,-3.951517433034921,0.0,-0.6278751385413384
355363,-12.589526799630573,-12.271250092484827,3.0,-0.3182767071457455
355377,-15.313551159785272,-14.927060964538724,4.0,-0.38649019524654804
355455,-16.942795648335135,-16.20539055259836,4.0,-0.7374050957367757
355586,-6.158853389842698,-5.810233490422816,1.0,-0.3486198994198819
355587,-29.91362285183067,-30.528021593349955,10.0,0.6143987415192846
355651,-19.74529214823934,-19.504447008789057,6.0,-0.24084513945028263
355672,-14.243313468226726,-18.002220541484068,2.0,3.758907073257342
355783,-4.804176156867108,-5.10553331876531,1.0,0.30135716189820183
355795,-18.850200845931315,-20.359905808755578,6.0,1.5097049628242623
355981,-27.781513549459255,-27.257634031087544,8.0,-0.5238795183717109
356031,-9.997781768064867,-9.793233156453338,2.0,-0.20454861161152849
356070,-27.680617637860326,-27.462793410832397,9.0,-0.21782422702792914
356184,-1.1934773975817032,-1.6833368245471034,0.0,0.4898594269654002
356278,-29.505591462896724,-28.07600833838193,6.0,-1.4295831245147959
356347,-5.987181208225181,-6.519126238616728,1.0,0.5319450303915474
356385,-20.17291976082198,-19.70048192395659,6.0,-0.47243783686538876
356477,-4.804068349898518,-5.387487278356971,0.0,0.5834189284584532
356488,-1.8911479636089177,-2.2140967168558205,0.0,0.32294875324690286
356630,-17.266986934016394,-17.090403406114422,5.0,-0.17658352790197185
356712,-1.215973306454945,-1.5123787061015272,0.0,0.2964053996465823
356730,-14.879553602603028,-14.66242483703988,4.0,-0.21712876556314775
356861,-17.212642439174285,-17.0791914609882,5.0,-0.13345097818608664
357042,-15.073388489555043,-14.566080048404467,3.0,-0.5073084411505757
357090,-39.67021525788517,-40.26027320495474,16.0,0.5900579470695746
357173,-23.80037727195286,-24.366848855753737,5.0,0.566471583800876
357273,-56.10703337433042,-54.73895290889338,24.0,-1.368080465437039
357322,-1.230316512576541,-1.5531728415113952,0.0,0.3228563289348543
357375,-120.74323821141763,-114.07632138127695,38.0,-6.6669168301406785
357582,-25.863363276901474,-25.94297266449032,7.0,0.07960938758884595
357595,-77.56976848125373,-73.14911021985372,50.0,-4.420658261400007
357623,-11.814679313804033,-11.69265512741628,3.0,-0.12202418638775292
357837,-14.970856418317476,-14.788796619230336,4.0,-0.1820597990871402
357844,-1.795022396779102,-2.5104712888425644,0.0,0.7154488920634625
357898,-1.1165351967767156,-1.8459816184609577,0.0,0.729446421684242
357908,-9.17494749411728,-8.888527454442574,2.0,-0.28642003967470586
358008,-5.520672346301498,-5.636412392161753,1.0,0.11574004586025488
358066,-1.2821123411735211,-1.655481814887157,0.0,0.37336947371363594
358123,-7.637238797505168,-8.54680055182445,1.0,0.9095617543192827
358227,-17.4774444686802,-16.85785978430117,4.0,-0.6195846843790314
358481,-6.8312411517018505,-6.565391125583803,1.0,-0.26585002611804764
358771,-30.690634096291973,-29.666031700033308,8.0,-1.0246023962586648
358928,-20.512266771134374,-21.18249382188659,7.0,0.6702270507522172
359132,-11.949902277069807,-11.735611130061272,3.0,-0.21429114700853447
359211,-2.5310962697360826,-3.030966052976519,0.0,0.4998697832404364
359239,-22.000550879294252,-21.7816298456108,7.0,-0.21892103368345062
359298,-17.937796800788895,-17.651782654750033,5.0,-0.28601414603886255
359378,-3.1417482824925638,-3.5235130669492443,0.0,0.3817647844566805
359515,-31.964206064145742,-35.21801021335992,10.0,3.253804149214176
359583,-10.729104428378209,-10.889989416797905,2.0,0.16088498841969567
359935,-78.42712190748563,-77.80306129194767,39.0,-0.6240606155379567
359986,-5.878069963450024,-6.480311399853125,0.0,0.6022414364031015
360181,-22.2541750382484,-22.1869740444406,7.0,-0.06720099380779843
360330,-9.350209779309935,-9.148451983301513,2.0,-0.20175779600842247
360340,-37.01860066080277,-37.82570303945701,17.0,0.8071023786542426
360413,-3.307577737120857,-4.117617396960849,0.0,0.8100396598399922
360455,-30.633400563692362,-30.87810478701761,10.0,0.24470422332524677
360499,-17.866990525571204,-17.639455379854883,5.0,-0.22753514571632039
360562,-35.3208116415131,-35.491746280280495,12.0,0.1709346387673918
360639,-20.04184972785014,-23.93056709098387,4.0,3.8887173631337326
360773,-17.03081000035669,-16.725593529673986,5.0,-0.30521647068270497
360791,-1.2031830790921445,-1.419378691174002,0.0,0.21619561208185756
360809,-10.638155962319761,-9.675266275131165,2.0,-0.9628896871885964
360840,-24.589651124795115,-24.27151580715953,8.0,-0.31813531763558345
361056,-4.128303368233653,-4.196722036581174,0.0,0.06841866834752075
361240,-5.9749022274850665,-6.040114379293161,1.0,0.06521215180809481
361248,-87.58348926897187,-82.68481822597639,60.0,-4.898671042995488
361436,-57.939943443470945,-59.60037783374458,25.0,1.660434390273636
361446,-12.244910359727097,-11.862410459713525,3.0,-0.38249990001357226
361523,-101.09291134610008,-99.66901262876236,40.0,-1.423898717337721
361554,-1.8866398288999278,-2.083889420149999,0.0,0.19724959125007113
361581,-8.95416877656145,-8.727658939965039,2.0,-0.22650983659641177
361701,-0.86487672670878,-1.0633100627079224,0.0,0.19843333599914237
361707,-12.235537281253338,-11.977183144514267,3.0,-0.2583541367390705
361768,-10.517485743983956,-10.876229454778851,3.0,0.3587437107948954
361808,-5.147868524343212,-5.164529179339362,1.0,0.01666065499614966
361879,-47.3203384896858,-45.732303264453115,14.0,-1.5880352252326873
361892,-22.13432760679818,-21.955375887061606,6.0,-0.17895171973657398
361962,-15.609861099682533,-16.179386386146085,4.0,0.569525286463552
361979,-15.994937082397824,-15.581313564496735,4.0,-0.41362351790108853
361998,-28.13867117299503,-27.568046504184828,8.0,-0.5706246688102006
362050,-8.468811893520842,-8.491266343851702,2.0,0.022454450330860354
362171,-0.35016137492670446,-0.7396381026944961,0.0,0.3894767277677917
362288,-19.851264401109763,-20.313089930076288,5.0,0.46182552896652496
362338,-25.5178347899301,-24.89127537428979,8.0,-0.6265594156403083
362361,-54.29011292352254,-54.0892636454075,15.0,-0.20084927811504372
362529,-20.861583523099966,-20.512998298722916,6.0,-0.3485852243770502
362640,-18.797004739014035,-18.2219320724718,5.0,-0.5750726665422334
362737,-25.716689627430068,-25.60646731846224,9.0,-0.11022230896782759
362824,-1.8151391630079052,-2.123447259655699,0.0,0.3083080966477936
362829,-24.015973378936042,-23.79740977802268,6.0,-0.21856360091336313
362849,-44.76329468258187,-43.675489575133334,13.0,-1.0878051074485384
363047,-13.303451641304278,-13.59072498681559,2.0,0.2872733455113128
363052,-57.32170130984514,-58.23311011385019,28.0,0.911408804005049
363142,-1.471407675204074,-1.6642554227068995,0.0,0.19284774750282563
363164,-40.90396944256388,-40.98129558058432,10.0,0.07732613802044597
363328,-50.233880460232726,-50.00521467388991,23.0,-0.2286657863428161
363399,-17.53191149786485,-16.932102086341825,4.0,-0.5998094115230259
363407,-27.690904990552912,-30.133030786329343,8.0,2.4421257957764304
363435,-37.292757294752505,-41.32595554445421,16.0,4.033198249701705
363719,-16.623284421506934,-16.694714567900313,4.0,0.07143014639337864
363726,-12.779021117774692,-13.513381811805814,3.0,0.7343606940311229
363749,-56.010975138600585,-61.641297453186354,18.0,5.630322314585769
363763,-16.99646368728777,-16.385001993761975,4.0,-0.6114616935257935
363870,-11.26313222497223,-11.31557943234434,3.0,0.05244720737210962
363908,-41.816093959544325,-44.117759881311976,14.0,2.3016659217676505
363941,-8.459980675724308,-8.573066850391013,2.0,0.11308617466670512
363968,-20.610578066564607,-14.411012293485085,2.0,-6.199565773079522
364047,-4.8155862178442215,-4.8614500712207125,1.0,0.045863853376491015
364137,-26.262573866930687,-26.111785825512236,9.0,-0.15078804141845126
364198,-15.249979229179555,-14.88303858011612,4.0,-0.3669406490634355
364357,-14.822369121778019,-14.778422506206136,4.0,-0.043946615571883285
364463,-1.6872235155899122,-2.1491058396733846,0.0,0.4618823240834724
364472,-32.25782119790214,-31.914246072255473,11.0,-0.3435751256466659
364485,-35.778726652621536,-35.381809695035315,13.0,-0.39691695758622103
364520,-32.85811989473603,-51.797294159148976,10.0,18.939174264412948
364525,-16.661968349833867,-17.78237790053304,5.0,1.120409550699172
364537,-5.2914786058183365,-5.846316209978616,1.0,0.5548376041602792
364649,-23.269264089658805,-23.300186527149293,8.0,0.03092243749048862
364706,-15.76049845419384,-15.3027055881487,4.0,-0.45779286604513914
364734,-16.497665549963738,-16.865622319324213,5.0,0.3679567693604753
364737,-17.02714205815354,-17.139512807621188,4.0,0.11237074946764736
364769,-40.196609178020154,-40.28593198299425,19.0,0.0893228049740955
364875,-5.2128898990370995,-5.372466022209849,1.0,0.15957612317274972
364996,-4.939561898914616,-5.313751572270567,1.0,0.3741896733559509
365002,-1.8567271607798985,-2.5068733581086393,0.0,0.6501461973287408
365023,-24.230881737677706,-24.880905272755804,7.0,0.6500235350780983
365134,-7.629575845394158,-6.535106469581583,1.0,-1.094469375812575
365141,-10.653105824603278,-9.954534670664671,2.0,-0.698571153938607
365189,-24.259122933593154,-24.205929117670753,7.0,-0.05319381592240191
365307,-20.168383217049758,-19.94679447440897,6.0,-0.22158874264078676
365309,-10.709259902422717,-10.854606202676331,3.0,0.14534630025361395
365342,-24.349901349122515,-24.754036995790557,8.0,0.4041356466680419
365518,-23.36957819197826,-21.436983183927524,5.0,-1.9325950080507361
365550,-9.184793274856181,-8.844884931924295,2.0,-0.33990834293188676
365575,-49.92983039092018,-49.90025426189513,18.0,-0.029576129025052467
365739,-1.0047278584985604,-1.112524566895662,0.0,0.10779670839710165
365825,-45.91311472461976,-45.96417974797101,19.0,0.051065023351249295
365915,-21.892038101739363,-22.494164180637,7.0,0.602126078897637
366003,-18.372862756012434,-17.23163648266107,4.0,-1.1412262733513643
366315,-24.43781277933946,-24.536308650250707,8.0,0.0984958709112469
366429,-10.323347053766021,-9.876216864972417,2.0,-0.44713018879360433
366675,-24.533930472211647,-24.21597467333115,8.0,-0.3179557988804973
366749,-13.569285181016301,-14.295785261368309,4.0,0.7265000803520074
366751,-13.693620480537215,-12.972349629234817,3.0,-0.721270851302398
366758,-14.210282593594023,-13.451487281182755,3.0,-0.7587953124112676
366881,-50.410261656599644,-51.71691071121015,15.0,1.306649054610503
366928,-67.64722027852525,-70.36890049829954,33.0,2.721680219774285
367063,-25.92644332651352,-25.609147582258903,9.0,-0.3172957442546185
367130,-12.813827812733923,-12.391463937104056,3.0,-0.4223638756298662
367136,-8.859983030801994,-8.899733648001758,2.0,0.039750617199764804
367262,-0.6348714588268832,-1.0096688184533542,0.0,0.374797359626471
367279,-35.43791564324997,-36.42296311157154,12.0,0.985047468321568
367640,-5.259229012830807,-5.105347164709744,1.0,-0.1538818481210633
367863,-5.663990602202737,-4.822178919507159,0.0,-0.8418116826955773
367946,-0.8565613219202626,-1.0477992482250431,0.0,0.19123792630478054
368036,-5.695788259987256,-5.376000448951819,1.0,-0.31978781103543685
368047,-19.398278770888638,-19.63631916883672,6.0,0.23804039794808318
368190,-5.431775856715616,-5.249146891678329,1.0,-0.18262896503728676
368370,-0.02620331300646406,-0.2318685829365761,0.0,0.20566526993011205
368376,-4.6068303355129405,-4.4275932243954905,0.0,-0.17923711111745
368394,-20.397258760927063,-20.02577247148479,5.0,-0.3714862894422737
368471,-1.2033238561577229,-1.495606798732538,0.0,0.29228294257481524
368563,-5.507968537706149,-5.279638157615923,1.0,-0.22833038009022566
368599,-1.0039039032196235,-1.1380215814550008,0.0,0.13411767823537724
368602,-18.044999140781716,-17.702316644560682,5.0,-0.34268249622103397
368702,-37.92867137781654,-37.16154998400522,13.0,-0.7671213938113226
368816,-11.977664150972636,-11.773155057066244,3.0,-0.20450909390639183
369012,-26.445002934763142,-26.641943683490258,9.0,0.19694074872711553
369013,-5.435065989374224,-5.301274147786687,1.0,-0.13379184158753699
369034,-8.774440530791484,-9.629876997949513,1.0,0.8554364671580288
369068,-5.805545097557398,-5.94389458101193,1.0,0.13834948345453224
369092,-10.331127021484589,-9.994022817114985,2.0,-0.337104204369604
369241,-50.61613385495735,-50.17611791915343,21.0,-0.4400159358039204
369243,-25.56967181363272,-25.571095055307055,9.0,0.0014232416743347187
369473,-31.830630426415574,-32.393700566067174,10.0,0.5630701396516002
369612,-43.43795848758523,-43.19217400006323,17.0,-0.24578448752199478
369757,-102.64748750362358,-109.7761434445685,42.0,7.128655940944924
369827,-35.12318068391163,-34.96875041774063,10.0,-0.15443026617099775
369869,-35.91175423177131,-36.10301014405755,12.0,0.19125591228623762
369893,-4.209674227462765,-4.434844760964736,1.0,0.22517053350197092
370118,-2.5668937821246605,-3.0402879256886495,0.0,0.473394143563989
370207,-15.032622865212733,-14.613379892882906,4.0,-0.4192429723298279
370208,-12.065499499961113,-11.859014298035284,3.0,-0.20648520192582964
370212,-32.66517779551448,-33.03716686914293,12.0,0.37198907362844835
370255,-5.297477957016816,-5.198702412233704,1.0,-0.09877554478311179
370265,-0.6845039725423852,-0.9883297961305976,0.0,0.3038258235882124
370331,-10.95011703491595,-10.173536836498563,2.0,-0.7765801984173866
370498,-8.633958302059144,-8.631562395025547,2.0,-0.0023959070335966004
370507,-2.06951432955399,-2.660729243757178,0.0,0.5912149142031877
370662,-8.68620128452934,-8.764387228126566,2.0,0.07818594359722653
370878,-1.4307077788517615,-1.064771186787025,0.0,-0.3659365920647364
370932,-60.0001911580432,-58.428056909602674,22.0,-1.572134248440527
371033,-16.49073565042998,-16.048373675142468,4.0,-0.4423619752875112
371043,-30.027261783407106,-29.48385710218859,9.0,-0.5434046812185152
371070,-1.2472940881183021,-1.7453035190949384,0.0,0.4980094309766363
371123,-17.38556052561005,-17.405176972209887,5.0,0.01961644659983719
371164,-54.28658100024107,-53.55619449339866,19.0,-0.7303865068424145
371173,-29.5818315231268,-29.438404021286047,11.0,-0.1434275018407547
371193,-22.954527593490955,-24.013688632913738,8.0,1.0591610394227828
371202,-24.438884907412426,-24.34749368086355,7.0,-0.09139122654887544
371267,-26.585518371483957,-27.517584821521194,8.0,0.9320664500372366
371326,-1.2902245467423137,-1.6394658368654056,0.0,0.3492412901230919
371341,-1.6250366125802946,-2.4426152914125825,0.0,0.8175786788322879
371539,-20.31652162178357,-19.877877540007837,6.0,-0.4386440817757311
371573,-1.1568179156259104,-1.5123817044238017,0.0,0.3555637887978913
371771,-27.611861064906048,-28.720793919093207,8.0,1.1089328541871595
371825,-1.0489529575879852,-1.1265197663510742,0.0,0.07756680876308897
371839,-47.7776725440382,-47.01567883368124,21.0,-0.7619937103569541
371905,-29.997730159928473,-27.917073453670756,7.0,-2.0806567062577166
371951,-37.18408590607155,-34.974248771459166,8.0,-2.2098371346123855
372088,-39.645296937103964,-38.95659450801835,14.0,-0.6887024290856161
372112,-24.39827956262464,-24.825033640414613,7.0,0.42675407778997254
372115,-23.64699785193395,-23.52446895888126,7.0,-0.12252889305268866
372134,-0.825944957727882,-1.0905201966353184,0.0,0.2645752389074364
372219,-8.549517824755435,-8.471329542684222,2.0,-0.07818828207121342
372328,-34.34159680419909,-32.93524024106428,12.0,-1.406356563134814
372437,-27.035356924643075,-26.962558041790498,7.0,-0.0727988828525774
372503,-23.222641939846724,-24.270451840885997,7.0,1.0478099010392725
372626,-37.51312478380291,-37.873190287650345,13.0,0.3600655038474372
372717,-25.34617293403757,-25.406642536936584,7.0,0.060469602899015484
372748,-5.386453218058432,-5.286035431246095,1.0,-0.10041778681233726
372775,-30.567142582305394,-31.05717604879069,11.0,0.490033466485297
372778,-1.9139329986676694,-1.8247728617919177,0.0,-0.08916013687575175
372786,-19.052820036774552,-18.714203278206693,5.0,-0.3386167585678592
372886,-1.1887262935711784,-1.8080532884042344,0.0,0.619326994833056
372958,-35.091936329923804,-36.18536877948596,13.0,1.0934324495621581
373129,-12.564506279342833,-12.17417486588464,3.0,-0.39033141345819367
373149,-22.878593234630156,-23.35159215953367,6.0,0.47299892490351425
373301,-12.87712690025346,-12.783506103522951,3.0,-0.09362079673050872
373546,-29.834802163165268,-29.61671127371821,11.0,-0.21809088944705834
373551,-6.446915463718789,-6.307063549405945,1.0,-0.13985191431284427
373828,-11.070859310343003,-11.27342547889888,2.0,0.20256616855587595
373844,-15.758363663423587,-15.612422037939996,4.0,-0.1459416254835908
374080,-1.019294864474081,-1.2986591033764303,0.0,0.2793642389023494
374136,-27.551125293043913,-26.94512374764903,8.0,-0.6060015453948822
374321,-36.49528366624452,-35.38710613891561,8.0,-1.1081775273289054
374490,-12.133636284709068,-12.372032534829328,2.0,0.23839625012026033
374564,-19.943525025346414,-19.569286884275996,5.0,-0.37423814107041764
374814,-10.087988587980682,-10.090790868190956,2.0,0.002802280210273622
374964,-5.833367531634478,-5.890071021439722,1.0,0.05670348980524409
375024,-5.488133928581133,-5.1498094647605965,1.0,-0.3383244638205367
375087,-5.896835515585868,-5.906604521853344,1.0,0.009769006267476676
375168,-38.40963053921232,-38.380693889948965,13.0,-0.028936649263357594
375174,-29.741744140853545,-29.970144655530145,11.0,0.2284005146766006
375312,-9.065905132783033,-8.950607892169378,2.0,-0.1152972406136552
375375,-56.24446190104105,-56.15914872045103,27.0,-0.08531318059002047
375473,-11.659732589876704,-11.644921915154402,3.0,-0.014810674722301798
375480,-5.076558799582876,-5.095298980771964,1.0,0.018740181189087934
375605,-10.36581025509865,-10.127464753803489,2.0,-0.23834550129516074
375634,-34.87598958847079,-30.40227932929484,7.0,-4.473710259175949
375647,-26.16961308140054,-20.050257306368735,4.0,-6.119355775031806
375909,-1.052843205425112,-1.3320304266434884,0.0,0.27918722121837636
375940,-8.869744851832053,-8.878969835476937,2.0,0.009224983644884333
376078,-22.85141833454017,-24.18121419220808,7.0,1.3297958576679108
376142,-21.331365157203404,-21.21828726170626,7.0,-0.11307789549714542
376222,-28.306718082766263,-28.817965388416795,8.0,0.5112473056505316
376393,-72.65550011480758,-84.17521001644207,25.0,11.519709901634485
376449,-9.517130581536911,-9.846575574269448,2.0,0.3294449927325367
376525,-53.66022496531158,-53.33118889005944,21.0,-0.32903607525214085
376666,-14.619211802855705,-14.552455569695336,4.0,-0.06675623316036905
376729,-0.9655045893515515,-1.1470783877087976,0.0,0.18157379835724607
376776,-12.38502071911726,-12.002682021096309,3.0,-0.382338698020952
376861,-47.33822270242452,-46.375156778689565,17.0,-0.9630659237349519
376919,-0.6401554529520628,-1.031542854065525,0.0,0.39138740111346215
377021,-7.42838500366999,-5.835514557341437,0.0,-1.5928704463285532
377172,-14.50349161764797,-14.155428563633034,3.0,-0.3480630540149363
377223,-12.313468334803792,-12.43440278862612,3.0,0.12093445382232737
377254,-45.79441659048559,-46.17832246838748,14.0,0.38390587790188846
377306,-1.8609755273456052,-2.6344047273040334,0.0,0.7734291999584282
377450,-12.690066344019375,-22.4533762071361,0.0,9.763309863116724
377539,-1.0983884428328985,-1.846926313641128,0.0,0.7485378708082295
377601,-1.48045671432202,-2.568092278726302,0.0,1.087635564404282
377738,-16.33753738894996,-15.75007874462251,4.0,-0.5874586443274517
377819,-15.011107370460467,-14.758193738992636,4.0,-0.2529136314678304
377831,-7.376527095955156,-7.452624076433991,2.0,0.07609698047883473
377843,-11.098892682740333,-11.616995043366956,2.0,0.5181023606266226
377853,-43.05383205210649,-44.454308920063845,18.0,1.4004768679573516
377874,-10.611505425029737,-10.100122235728,2.0,-0.5113831893017373
378002,-42.60730998696365,-41.16784555412448,10.0,-1.4394644328391664
378032,-11.787461842275675,-11.982457818024397,2.0,0.1949959757487214
378043,-12.089616603471162,-11.748694992302148,3.0,-0.34092161116901387
378208,-5.230535460347778,-5.1369840045206026,1.0,-0.09355145582717572
378249,-19.045509045511626,-18.524536849319443,5.0,-0.5209721961921829
378269,-1.4770404067557044,-2.070358094472401,0.0,0.5933176877166968
378276,-26.1204360721309,-24.124965389091575,6.0,-1.9954706830393256
378297,-18.738933510672005,-17.8176619482854,4.0,-0.9212715623866039
378319,-1.1493261414440838,-0.9201276052616346,0.0,-0.22919853618244923
378340,-9.775270765941642,-9.8388562245767,2.0,0.0635854586350586
378836,-22.589827445992405,-22.779174741481405,7.0,0.1893472954890001
378879,-2.6686111085624415,-2.7395217526678297,0.0,0.07091064410538817
379026,-85.65327468281372,-87.8224833233493,21.0,2.1692086405355866
379162,-15.630754573990716,-14.629006623216108,3.0,-1.0017479507746074
379203,-9.06630365404297,-9.244228097104273,2.0,0.17792444306130228
379287,-12.903670248551968,-12.541187945763282,3.0,-0.36248230278868654
379314,-48.13112261764229,-48.23383879355838,20.0,0.10271617591608617
379364,-13.350217761170372,-12.891297873172055,3.0,-0.4589198879983165
379477,-63.45527190473108,-65.85042889657912,24.0,2.39515699184804
379518,-7.465899806801702,-7.600203571350413,1.0,0.13430376454871062
379569,-5.5621329436760325,-6.024236144800583,1.0,0.4621032011245507
379579,-1.429293751964453,-2.071888038576742,0.0,0.6425942866122891
379608,-27.48951538390043,-27.758092745294185,9.0,0.2685773613937563
379867,-69.56544559827663,-69.00016938701168,33.0,-0.5652762112649441
379896,-0.9754867309647927,-1.286292635505794,0.0,0.3108059045410013
380227,-0.7818134893675627,-0.7452089567392016,0.0,-0.03660453262836105
380420,-26.556049528021273,-26.416729090796757,7.0,-0.13932043722451581
380427,-5.4644931888376025,-6.192491125252065,1.0,0.7279979364144626
380555,-0.9438885878336315,-1.2598076442250683,0.0,0.3159190563914368
380585,-14.554856377874069,-14.160387874708908,4.0,-0.3944685031651609
380590,-2.061537728612128,-1.9500788124880095,0.0,-0.1114589161241184
380611,-0.9044504950916159,-1.1848254064282475,0.0,0.2803749113366316
380618,-15.749001377596207,-19.860787557316915,3.0,4.111786179720708
380644,-65.52541956107675,-66.08906644880582,39.0,0.5636468877290781
380728,-22.731482032322727,-22.534208166768018,7.0,-0.19727386555470972
380806,-39.57663825023891,-38.67730907495926,14.0,-0.8993291752796466
380839,-18.902136781746687,-18.163915705885735,4.0,-0.7382210758609524
380862,-12.57173674128235,-11.40388549522577,2.0,-1.1678512460565802
380883,-4.515179083470592,-4.635868385600703,1.0,0.12068930213011075
381041,-14.658437831740958,-14.647642543192408,4.0,-0.010795288548550275
381082,-15.341860714658177,-15.170841387224751,4.0,-0.17101932743342552
381265,-28.6057666005166,-27.825291105753035,8.0,-0.7804754947635644
381546,-0.9484292401590946,-1.2411303370983142,0.0,0.29270109693921964
381926,-5.5330430984313494,-5.352757484369162,1.0,-0.18028561406218735
381944,-12.823538119786777,-12.524446370011049,3.0,-0.2990917497757284
381990,-24.90284982688668,-30.70068294277282,6.0,5.797833115886139
382082,-14.14031559525649,-14.057942068643117,4.0,-0.08237352661337383
382251,-1.7258424585526455,-2.5647615242473516,0.0,0.8389190656947061
382322,-4.5322758925281015,-4.990964108715368,1.0,0.45868821618726674
382406,-41.28361159193938,-41.409539175295016,15.0,0.12592758335563303
382492,-15.233017897822545,-14.708471112660822,4.0,-0.5245467851617232
382596,-45.659298036241296,-46.06170909184534,10.0,0.4024110556040412
382782,-9.55416859479947,-9.38250059211784,2.0,-0.1716680026816313
382887,-16.36018541942819,-15.500666186030047,4.0,-0.8595192333981441
382958,-5.594620246757244,-5.5092322388657715,1.0,-0.08538800789147238
382966,-38.54447156625112,-39.25664381872053,14.0,0.712172252469415
382973,-12.856177521125794,-12.26707008412791,3.0,-0.5891074369978835
383097,-5.4012050468883555,-5.198334383629073,1.0,-0.20287066325928205
383207,-22.856686051510856,-22.878430917830247,6.0,0.02174486631939132
383222,-33.35148879157487,-33.49488191531241,13.0,0.14339312373753899
383388,-1.7585133697473567,-2.099249607300397,0.0,0.3407362375530403
383463,-10.725436326977027,-11.153316699857749,3.0,0.4278803728807219
383583,-5.158150850235958,-5.082590809257153,1.0,-0.07556004097880553
383741,-11.53809375471816,-11.567759121716776,3.0,0.029665366998615994
383777,-5.775724679058913,-5.225461713480783,1.0,-0.5502629655781304
383812,-1.7338982169863424,-0.4525021542297417,0.0,-1.2813960627566008
383838,-16.75035179231039,-16.021380066213254,4.0,-0.7289717260971358
383844,-1.8890296663407808,-2.796284195481278,0.0,0.907254529140497
383990,-6.823492226650097,-6.75766353142234,0.0,-0.06582869522775692
384087,-1.8890858273426117,-2.305335068281527,0.0,0.41624924093891535
384102,-5.355530276098139,-5.199789116653153,1.0,-0.155741159444986
384300,-0.6633397912388942,-0.9988941356401764,0.0,0.3355543444012822
384315,-33.30948889307504,-33.64247524173093,12.0,0.3329863486558864
384337,-55.87406339743149,-55.261465637261864,27.0,-0.6125977601696277
384545,-6.468246649503229,-6.3841142398589446,1.0,-0.08413240964428415
384591,-5.2577231495010395,-5.203897104816943,1.0,-0.05382604468409635
384808,-13.08667967941721,-12.494408545850694,3.0,-0.5922711335665163
384928,-36.31073952009316,-37.116079912309395,13.0,0.8053403922162374
384992,-14.818614498278265,-14.310009340897416,3.0,-0.508605157380849
385009,-4.937333469211792,-5.095106580214919,1.0,0.1577731110031273
385109,-0.24098830507327862,-0.864264331802463,0.0,0.6232760267291844
385151,-12.823154639155057,-12.639829446458776,3.0,-0.18332519269628023
385309,-11.01171919562536,-10.228633505898284,2.0,-0.783085689727077
385317,-11.390623381720118,-11.637827776527928,3.0,0.24720439480780954
385326,-5.468994472428381,-5.283896692533807,1.0,-0.18509777989457454
385452,-6.067234191392646,-6.287027023275314,1.0,0.21979283188266852
385455,-34.2785216929749,-35.44350790063473,11.0,1.1649862076598296
385458,-18.1947772332437,-17.7698943943889,5.0,-0.42488283885479916
385613,-10.984786658121534,-10.55992113640634,2.0,-0.4248655217151942
385645,-47.018352476629836,-47.67840569625197,12.0,0.6600532196221351
385885,-14.857489421651362,-14.621350669222611,4.0,-0.23613875242875082
385914,-6.427887671538313,-6.4820964847825016,1.0,0.05420881324418847
385977,-41.460281948676304,-42.854898968193474,14.0,1.3946170195171703
386078,-5.8406625472103615,-5.653909025599177,1.0,-0.18675352161118486
386082,-12.30816112497575,-12.235750590678052,3.0,-0.07241053429769906
386086,-10.37814873614321,-10.828030305575526,3.0,0.44988156943231594
386200,-31.42645185388057,-31.776916008496723,10.0,0.35046415461615155
386250,-17.799968294400454,-17.505435801761152,4.0,-0.29453249263930203
386278,-1.1769552046235856,-1.5211926026651257,0.0,0.3442373980415401
386291,-10.505698829891204,-10.879399614015623,3.0,0.37370078412442
386324,-20.537992979981638,-20.97039790345757,6.0,0.4324049234759322
386635,-5.154972428373872,-5.104142208839924,1.0,-0.05083021953394784
386666,-12.609113344490193,-12.34794154892398,3.0,-0.26117179556621295
386997,-82.1333261658009,-80.29135476194094,46.0,-1.841971403859958
387065,-5.267073471095618,-5.523519122132265,1.0,0.2564456510366462
387166,-22.92505165516026,-23.241595059182693,7.0,0.31654340402243264
387177,-1.252961610091849,-1.47336364737183,0.0,0.22040203727998087
387380,-5.365097012614264,-5.248199033161069,1.0,-0.1168979794531948
387390,-11.972990046098934,-11.813413063669625,3.0,-0.15957698242930896
387522,-37.795172116116774,-37.400925490368046,15.0,-0.39424662574872826
387546,-5.471193601025894,-5.79980063069281,1.0,0.3286070296669159
387553,-0.6970247164205262,-0.8525774705900439,0.0,0.15555275416951764
387599,-1.4378035183688613,-1.90668598576558,0.0,0.4688824673967187
387763,-23.83648210527986,-22.05436494324374,5.0,-1.7821171620361191
387785,-13.057669191806415,-13.404330100365163,3.0,0.3466609085587482
387800,-4.850245099713453,-1.4616339754284875,0.0,-3.3886111242849655
387972,-43.13937415095466,-43.1103813062336,17.0,-0.028992844721059896
388086,-0.15386260391305234,-0.3080050812807419,0.0,0.15414247736768955
388147,-19.33795284733052,-19.05179159709799,6.0,-0.28616125023253147
388403,-8.101043810452268,-7.01063910670939,1.0,-1.0904047037428777
388456,-35.8332156464932,-33.965147673600676,7.0,-1.8680679728925256
388472,-17.079473978559882,-17.428598640852474,5.0,0.3491246622925921
388476,-38.01539582810608,-38.67748435544637,14.0,0.6620885273402877
388618,-43.699083959567304,-46.98695438020935,16.0,3.2878704206420437
388818,-9.986993746302518,-9.515356914258437,2.0,-0.4716368320440818
388839,-8.46561204905741,-8.643245697340681,2.0,0.17763364828327077
388841,-3.8784058898966274,-2.6587684040128066,0.0,-1.2196374858838208
389053,-6.346397110748728,-6.442591662402638,1.0,0.09619455165390978
389081,-8.386172841343381,-8.739536234283777,2.0,0.35336339294039654
389133,-9.121046702995052,-8.806122484801197,2.0,-0.3149242181938554
389380,-5.426736544878742,-5.259593419276118,1.0,-0.16714312560262456
389464,-11.626627089521444,-11.431255398086623,3.0,-0.19537169143482025
389471,-20.105972600248958,-19.95741807611625,6.0,-0.14855452413270598
389477,-25.198643043957667,-25.84938634129671,8.0,0.6507432973390443
389581,-0.5395728369580978,-1.1604822176389966,0.0,0.6209093806808988
389674,-9.527066325795985,-9.44746900590541,2.0,-0.07959731989057595
389700,-15.340550779255816,-15.05508960071075,4.0,-0.2854611785450665
389871,-5.296708161791434,-5.322318440976324,1.0,0.025610279184889784
389961,-18.080982729857745,-17.98218399120503,4.0,-0.09879873865271449
390066,-5.097602454170487,-5.151363766119404,1.0,0.05376131194891709
390099,-15.592602975501904,-14.852885479437624,4.0,-0.7397174960642801
390136,-22.97331294793288,-22.902335811944024,7.0,-0.07097713598885491
390179,-23.60725972295247,-23.64493356042211,7.0,0.03767383746964015
390217,-16.121792004716955,-16.55379327667795,5.0,0.4320012719609956
390218,-8.069459815860082,-8.736224127517445,2.0,0.6667643116573636
390223,-6.460003313887612,-6.501661637335985,1.0,0.04165832344837295
390267,-5.059680335168518,-4.974300497937891,1.0,-0.0853798372306267
390270,-46.1803594138415,-45.13200354619204,17.0,-1.0483558676494624
390647,-34.64958864922159,-35.451893512010805,13.0,0.8023048627892138
390697,-12.376718355638713,-11.955600098959795,3.0,-0.421118256678918
390719,-29.14559853523904,-29.149246998213577,8.0,0.003648462974538802
390976,-19.3505682426363,-17.89221045400545,5.0,-1.458357788630849
391046,-14.227649650069084,-14.06670069536722,4.0,-0.16094895470186366
391050,-0.37491839677056066,-0.5141279019165855,0.0,0.13920950514602487
391065,-44.33070437664092,-45.36518305505344,9.0,1.0344786784125262
391165,-0.8135033199510744,-1.006545867125175,0.0,0.19304254717410063
391211,-11.066110287136626,-11.235254902380902,3.0,0.16914461524427615
391291,-18.668695660312217,-18.495971843259788,5.0,-0.17272381705242879
391349,-9.578926342271194,-9.370478851432493,2.0,-0.20844749083870084
391362,-5.008703801054658,-5.235749262565565,1.0,0.2270454615109072
391384,-50.35481703925263,-50.3881819753745,13.0,0.033364936121870414
391412,-1.2156465162231453,-1.4180801828145695,0.0,0.20243366659142414
391426,-5.2433078182332515,-5.306950434304183,1.0,0.0636426160709318
391560,-41.67009174885956,-41.40355751886485,11.0,-0.2665342299947113
391698,-8.94894082413901,-8.843502146933572,2.0,-0.10543867720543787
391790,-21.660891346896623,-22.076736175125667,7.0,0.41584482822904434
391834,-17.321635558545008,-16.97743496772708,4.0,-0.34420059081792687
391988,-8.988703384580136,-9.179830132225137,2.0,0.1911267476450007
392002,-118.35972848922847,-111.21570349363064,57.0,-7.144024995597832
392081,-27.836349449389044,-27.774320498606688,9.0,-0.06202895078235571
392163,-1.039432873236488,-1.0783247405860794,0.0,0.03889186734959149
392198,-5.75257721369318,-5.914521546413711,1.0,0.16194433272053121
392201,-5.808764041190198,-5.393694981886657,1.0,-0.41506905930354066
392309,-22.40550361464523,-22.629326175873896,7.0,0.2238225612286655
392423,-3.26421150671553,-3.4639848904774415,0.0,0.19977338376191156
392467,-36.49008345255984,-38.79644241875246,10.0,2.306358966192626
392668,-46.242456056030704,-45.51835956881909,19.0,-0.7240964872116109
392753,-21.35218410605062,-21.299024255183905,7.0,-0.05315985086671304
392798,-21.126569926744573,-20.87328475249181,4.0,-0.2532851742527633
392811,-43.79302050634537,-46.771418421285674,15.0,2.9783979149403024
392826,-9.68230923026094,-9.296234584518547,2.0,-0.3860746457423918
392881,-31.352257596960875,-31.47654450228055,12.0,0.1242869053196749
392969,-15.49606677512765,-15.242096832040644,4.0,-0.2539699430870055
392995,-1.2786586727863487,-1.4386028261133672,0.0,0.1599441533270185
393106,-13.844769557275201,-13.370461034597776,3.0,-0.4743085226774255
393413,-5.15667196648341,-5.264684307043982,1.0,0.10801234056057218
393534,-8.780095373197758,-8.853850006163473,2.0,0.0737546329657146
393613,-0.9747277799602193,-1.3770303185531012,0.0,0.4023025385928819
393678,-31.89316827496145,-31.63545175073027,9.0,-0.2577165242311814
393743,-52.91819107728767,-48.72449605187363,12.0,-4.193695025414044
393828,-3.697525993773368,-3.2619368260307424,0.0,-0.4355891677426258
393980,-1.7749900284192226,-2.3431306773475487,0.0,0.568140648928326
394057,-0.8587603146989796,-1.0337018273826888,0.0,0.17494151268370917
394118,-14.448818344266531,-13.611435772968605,3.0,-0.8373825712979261
394136,-7.779292442022601,-8.063372903094184,2.0,0.284080461071583
394192,-44.49452755668269,-45.33576168264371,15.0,0.8412341259610159
394226,-1.1732485548725997,-1.4850829613244394,0.0,0.3118344064518397
394357,-5.373297577552529,-5.141026008674888,1.0,-0.23227156887764178
394440,-12.997248471038192,-14.588873190767035,1.0,1.5916247197288431
394607,-72.93111377304184,-73.3058655350866,41.0,0.37475176204475247
394758,-10.83555383662607,-10.833406108820125,1.0,-0.002147727805946076
394825,-17.451358654584784,-17.576405964867803,4.0,0.1250473102830192
394833,-25.19625817890628,-24.778872344744645,8.0,-0.4173858341616352
395036,-5.761832360752164,-5.295631362724949,1.0,-0.46620099802721526
395037,-29.854636283119948,-29.106097915044995,7.0,-0.7485383680749536
395042,-32.93150348003797,-33.76648240686036,12.0,0.8349789268223944
395140,-5.4911393351412325,-5.439128003783489,1.0,-0.05201133135774327
395248,-13.475064870638635,-13.02431720828798,3.0,-0.4507476623506541
395313,-61.18635300936253,-60.26883899876505,14.0,-0.9175140105974791
395323,-4.068113975684081,-2.9167265573088743,0.0,-1.151387418375207
395451,-56.22986827511384,-54.9183294881285,22.0,-1.3115387869853379
395462,-20.20161773375254,-18.94929763190951,5.0,-1.2523201018430292
395535,-2.8052650890320843,-3.0865938180105643,0.0,0.28132872897848005
395629,-26.897867025835062,-26.36081643151188,8.0,-0.5370505943231834
395801,-5.2062788297850275,-5.229743811941523,1.0,0.023464982156495395
395861,-8.207468766771798,-8.25501119867303,2.0,0.0475424319012312
395895,-12.052107294566195,-11.988574073215409,3.0,-0.0635332213507862
396334,-1.541489426518794,-2.053139018889944,0.0,0.5116495923711502
396402,-2.265132030954476,-1.3351675326588308,0.0,-0.929964498295645
396403,-5.882451521028459,-5.203698999533619,1.0,-0.6787525214948404
396635,-11.943836553983981,-11.795404023932518,3.0,-0.14843253005146373
396678,-2.1018619471711526,-2.8132676867258595,0.0,0.7114057395547069
396705,-4.511627655032852,-4.205560439693919,0.0,-0.306067215338933
396749,-5.577597931783052,-5.421843104041947,1.0,-0.15575482774110583
396801,-24.967915520801775,-25.605338858674525,8.0,0.6374233378727503
396889,-90.32106415473316,-88.19228799022618,35.0,-2.128776164506988
396938,-12.721903845768011,-13.01563090774584,3.0,0.29372706197782783
396940,-24.918367944055955,-24.94691041063275,9.0,0.028542466576794823
396987,-18.04851025556506,-17.56863801300208,4.0,-0.4798722425629798
397026,-23.950256750520893,-25.547107020109777,6.0,1.5968502695888844
397089,-16.2793275953991,-15.177635767863594,2.0,-1.1016918275355057
397163,-2.475227023039567,-3.362161159945973,0.0,0.8869341369064059
397196,-26.85124964819988,-26.029293228321276,9.0,-0.8219564198786031
397243,-1.550164847259753,-2.2628108853878075,0.0,0.7126460381280546
397367,-56.82534189897836,-55.5790791240687,19.0,-1.2462627749096598
397371,-26.139596276098807,-26.179963149142026,8.0,0.04036687304321873
397444,-18.757311583003972,-19.09131462387119,5.0,0.3340030408672199
397457,-9.133761940358445,-9.599394120751388,2.0,0.46563218039294263
397557,-20.88162115113688,-21.185736999405655,6.0,0.3041158482687756
397633,-1.5840748505858266,-2.354817073310116,0.0,0.7707422227242893
397693,-19.89003891393016,-21.067623834946968,5.0,1.177584921016809
397821,-13.060434289409567,-10.209335691154516,2.0,-2.851098598255051
397833,-12.100044212597115,-10.813096287745562,2.0,-1.2869479248515532
397998,-9.61740001471293,-10.924101110065749,2.0,1.3067010953528193
398076,-116.16971938814494,-117.49801563738696,40.0,1.3282962492420154
398101,-37.721574929985756,-39.17640265954796,17.0,1.4548277295622043
398208,-13.615206888838967,-13.138418841609614,3.0,-0.47678804722935375
398276,-12.217995046424349,-9.561963347322532,1.0,-2.656031699101817
398321,-15.623569092281196,-15.423567118188778,4.0,-0.2000019740924177
398373,-6.037674611562477,-8.999857035921751,0.0,2.9621824243592743
398415,-39.751524938412594,-40.71902172731656,17.0,0.967496788903965
398490,-13.910863659893808,-13.573109967891565,3.0,-0.33775369200224326
398852,-4.381202725062847,-4.569643694150023,1.0,0.18844096908717578
398871,-5.389656571166493,-6.359017682043269,0.0,0.9693611108767755
398954,-16.517232092399386,-16.416678328256456,4.0,-0.10055376414292994
398957,-21.867295798116995,-21.30128963403235,6.0,-0.5660061640846443
399222,-11.899242901157496,-11.693914297673354,3.0,-0.2053286034841424
399284,-10.14221315005915,-10.3004359713969,2.0,0.15822282133774834
399395,-0.4997749210971917,-0.8741651102547894,0.0,0.3743901891575977
399410,-31.439318556095344,-36.82757064312433,10.0,5.388252087028988
399581,-15.474866661475144,-15.422175043902955,4.0,-0.05269161757218832
399640,-28.600754517155735,-29.034037282843386,9.0,0.43328276568765034
399662,-45.66143930799484,-43.117210260947935,11.0,-2.5442290470469047
399729,-138.3376170461133,-135.49542200596858,64.0,-2.8421950401447305
399759,-42.20112090205367,-41.097204166183275,9.0,-1.103916735870392
399892,-13.849669409097489,-12.788013522383942,3.0,-1.061655886713547
399906,-12.138881044410383,-11.84606546549655,3.0,-0.29281557891383336
399911,-21.57934579302459,-21.374227937588007,6.0,-0.20511785543658334
399938,-45.9280646197943,-46.451098197965905,19.0,0.5230335781716065
400107,-7.994596430549349,-8.642677799669515,2.0,0.6480813691201668
400250,-26.471129144391078,-25.327331743948367,6.0,-1.1437974004427112
400260,-2.1102175142558823,-1.7614907218280198,0.0,-0.34872679242786253
400272,-16.942632944394585,-16.850147733095298,5.0,-0.09248521129928733
400327,-5.582762314992862,-3.435006633280134,0.0,-2.1477556817127277
400441,-12.267427346495275,-10.148701321678962,3.0,-2.118726024816313
400473,-38.74805162939247,-39.12041266904271,15.0,0.3723610396502366
400504,-18.921601427438695,-18.809818513722828,6.0,-0.11178291371586724
400511,-45.392697920371766,-46.89873063224305,20.0,1.5060327118712848
400603,-22.14232513080239,-21.60673353436436,6.0,-0.5355915964380316
400664,-26.635488686668413,-27.06985399412512,9.0,0.4343653074567051
400681,-21.656626251194304,-21.38530135134175,6.0,-0.27132489985255503
400741,-27.919043991734824,-28.499453085589774,10.0,0.58040909385495
400778,-1.10147438548189,-1.4836264946846975,0.0,0.3821521092028075
400839,-13.09745718208698,-12.92073642067272,3.0,-0.17672076141426096
400861,-14.77604381233975,-15.305847159673526,3.0,0.5298033473337753
400994,-1.6420055035892893,-2.3455364880384035,0.0,0.7035309844491142
401289,-39.699128456683376,-39.72579711120171,15.0,0.02666865451833189
401352,-184.937953238432,-186.90939584943968,45.0,1.9714426110076886
401448,-23.474897535731188,-24.102267343841735,7.0,0.6273698081105472
401495,-1.7246048662825328,-1.961110755726747,0.0,0.23650588944421425
401585,-0.4422725418727604,-1.3719375008778003,0.0,0.9296649590050399
401595,-28.03755061165858,-29.250571142724834,9.0,1.2130205310662525
401613,-5.3560372785669,-5.079088724937828,1.0,-0.27694855362907234
401667,-9.093323976155094,-7.804418357545352,1.0,-1.2889056186097427
401694,-1.216325183288754,-1.7837555152286793,0.0,0.5674303319399252
401774,-22.077080889188895,-21.69725269470988,6.0,-0.37982819447901406
401814,-12.618613384957177,-12.438411775023852,3.0,-0.18020160993332546
401956,-12.467290888971508,-12.090869308701084,3.0,-0.37642158027042427
401979,-12.254954307455083,-12.38236593767783,3.0,0.12741163022274726
402264,-9.476596220594931,-9.69920967348652,2.0,0.22261345289158818
402368,-9.158621063269193,-8.782224848664628,2.0,-0.37639621460456496
402374,-14.68814943394075,-14.516353516522155,4.0,-0.1717959174185939
402411,-4.525224884601087,-5.199460658604055,0.0,0.6742357740029679
402426,-33.53793978839638,-35.47839572229988,9.0,1.9404559339035004
402560,-34.83658202675784,-35.14176867472203,13.0,0.3051866479641916
402680,-1.1180143791678576,-1.6655271374509724,0.0,0.5475127582831147
402772,-2.31392390649464,-2.165130967202761,0.0,-0.1487929392918792
402787,-3.084425200266055,-6.387839638416356,0.0,3.303414438150301
402794,-16.521325493277153,-19.049074040934748,3.0,2.5277485476575947
402830,-15.805612562336572,-15.32173328888488,4.0,-0.48387927345169146
403081,-24.098090548348054,-22.625040508831184,5.0,-1.4730500395168704
403128,-28.39076349651831,-29.304308189307196,11.0,0.9135446927888857
403162,-3.024190322000001,-3.48307060440456,0.0,0.458880282404559
403253,-8.30843265203608,-8.47844101141431,2.0,0.17000835937822956
403321,-26.775133665681075,-26.067603805500255,8.0,-0.70752986018082
403415,-11.795122399464104,-11.614483951417863,3.0,-0.18063844804624019
403621,-29.23649523995672,-28.87104544101291,9.0,-0.3654497989438106
404017,-0.24609412520278076,-0.3605151469091182,0.0,0.11442102170633742
404170,-34.89874301062258,-34.9981790177955,13.0,0.099436007172919
404280,-8.910303966173387,-8.944432072770667,2.0,0.034128106597279384
404355,-5.030086753923602,-4.90129454683787,1.0,-0.12879220708573147
404389,-7.792426827621312,-7.591702418957754,1.0,-0.20072440866355734
404419,-19.431838328832544,-18.733165465597704,5.0,-0.6986728632348402
404465,-21.806823289601162,-21.897921441625197,7.0,0.09109815202403482
404583,-1.576653069875449,-2.152268122055271,0.0,0.575615052179822
404605,-0.8273034704627963,-1.302159049826321,0.0,0.4748555793635246
404637,-14.829396253972172,-14.512213124476304,4.0,-0.31718312949586824
404919,-0.8953793324678456,-1.1291337054052577,0.0,0.23375437293741208
404928,-29.24564479283073,-29.015122800088815,9.0,-0.23052199274191665
405217,-30.075861378827256,-29.936899935557623,10.0,-0.13896144326963267
405242,-10.978326027797106,-10.81507329171449,1.0,-0.16325273608261526
405332,-5.294208303167767,-5.394817173963274,1.0,0.10060887079550707
405333,-13.860691833925548,-13.6936785819303,3.0,-0.16701325199524852
405766,-11.97354009993589,-11.97602303986,3.0,0.0024829399241088623
405801,-10.462591486128833,-9.984697118879213,2.0,-0.4778943672496201
406090,-24.906352724598655,-26.099630729254375,8.0,1.1932780046557205
406109,-7.873626996403857,-8.135973263419178,2.0,0.26234626701532093
406137,-37.03676365364975,-37.44776850357136,14.0,0.41100484992161057
406320,-0.8248413565959309,-1.0015222911640602,0.0,0.17668093456812928
406348,-4.208938287900408,-4.211523697915283,0.0,0.002585410014874334
406373,-23.68536391852808,-22.627510138627592,4.0,-1.057853779900487
406414,-25.291405965858953,-25.165928227800112,7.0,-0.12547773805884077
406680,-0.645285655517334,-1.081700679950643,0.0,0.43641502443330904
406701,-33.590288406896484,-33.648969990315045,12.0,0.058681583418561445
406801,-0.5922553350134584,-0.655798926655267,0.0,0.06354359164180856
406862,-8.912500920847615,-8.758802241594866,2.0,-0.1536986792527486
406898,-8.363519835207535,-8.321971155603094,2.0,-0.041548679604440863
406909,-8.396584486959314,-8.675533923313589,2.0,0.2789494363542744
407024,-5.304860461471031,-5.280632365897817,1.0,-0.024228095573214148
407135,-10.55921061753068,-10.016255359828335,2.0,-0.542955257702344
407175,-15.191301417352499,-15.075579907108546,4.0,-0.11572151024395261
407321,-8.698016520619122,-8.5425919562769,2.0,-0.15542456434222274
407357,-24.99895536809253,-24.888489319612745,8.0,-0.11046604847978614
407366,-1.2322488062498804,-1.8957738052156832,0.0,0.6635249989658027
407370,-12.011849509221332,-12.844168684869407,3.0,0.8323191756480757
407378,-75.43559508666668,-83.95536881111512,24.0,8.519773724448441
407552,-25.702452225795007,-25.356840001029184,8.0,-0.3456122247658229
407677,-15.026263167297905,-15.794752835221008,2.0,0.7684896679231024
407827,-9.907239775849868,-9.51579340361306,2.0,-0.39144637223680867
408007,-66.07321901724703,-66.84377859323696,24.0,0.7705595759899353
408056,-51.500005869384424,-53.01005154706501,21.0,1.510045677680587
408101,-48.03948342051967,-53.13510332763393,11.0,5.095619907114255
408170,-19.138847478734267,-19.13288079773116,6.0,-0.0059666810031053785
408270,-14.345549031915043,-14.521420910654694,4.0,0.1758718787396507
408318,-5.933628181732411,-5.270062444210301,1.0,-0.6635657375221102
408331,-116.10278337125816,-108.48943995277573,31.0,-7.61334341848243
408413,-18.26263381458854,-19.595878979136963,4.0,1.3332451645484227
408463,-66.44911267785355,-64.94101862091753,29.0,-1.5080940569360166
408468,-7.790590286487812,-6.440789942851017,1.0,-1.3498003436367947
408500,-5.264200261133755,-5.118562557869536,1.0,-0.1456377032642191
408563,-4.7048533209963335,-4.807893296931031,1.0,0.10303997593469738
408700,-14.804726695557001,-14.641564757986052,4.0,-0.16316193757094943
408758,-10.433851294295938,-10.380291297719788,2.0,-0.053559996576149516
408801,-34.942448135019134,-35.05627989646513,13.0,0.1138317614459936
408826,-20.578810162395417,-19.66804929613103,6.0,-0.9107608662643862
408833,-5.749488260713215,-5.915421969916159,1.0,0.16593370920294426
408860,-16.632543731059638,-16.75125194799202,5.0,0.11870821693238298
408918,-15.905862711094164,-16.072755179243686,5.0,0.16689246814952163
409010,-5.701914426914014,-5.420736754296662,1.0,-0.2811776726173516
409028,-43.599400008527866,-43.413970729615215,15.0,-0.18542927891265037
409251,-13.20148521125571,-12.704194798733926,3.0,-0.4972904125217834
409300,-30.9125038148243,-29.945780632559504,9.0,-0.966723182264797
409310,-48.56101586337984,-53.252463615629104,19.0,4.69144775224926
409385,-24.628258392244312,-25.609203533054593,7.0,0.980945140810281
409512,-9.516457484651205,-8.94611636156932,2.0,-0.5703411230818851
409550,-11.990215858841054,-11.644429448955815,3.0,-0.345786409885239
409609,-5.292135884690333,-5.441844925662643,1.0,0.14970904097231053
409678,-0.6786083005049548,-0.9777374493063942,0.0,0.29912914880143937
409736,-17.09668096463375,-16.8562052374171,5.0,-0.24047572721665134
409761,-1.452711331006191,-1.706163152797326,0.0,0.253451821791135
409777,-34.698189635620764,-33.87513630080121,12.0,-0.823053334819555
409876,-14.76103435532227,-14.497084396042974,4.0,-0.2639499592792962
409938,-16.177943540261957,-16.527885368918913,4.0,0.3499418286569558
410071,-3.260205029037307,-4.07668518156173,0.0,0.8164801525244236
410096,-0.2207453568827075,-0.5141126212400717,0.0,0.29336726435736427
410168,-14.601573566275864,-14.777617547133666,3.0,0.17604398085780204
410187,-76.69206296661316,-79.6477199585788,31.0,2.9556569919656397
410228,-15.655820759178287,-15.32835447680806,4.0,-0.3274662823702261
410371,-9.087226676322862,-9.290624051881856,2.0,0.2033973755589944
410495,-0.7140977441305667,-0.7779035203048444,0.0,0.06380577617427774
410793,-1.6828564203298721,-2.115986462659811,0.0,0.4331300423299387
410808,-11.409287841100138,-11.60483531787815,3.0,0.1955474767780121
410826,-25.773162748638825,-27.102345673586743,8.0,1.3291829249479186
410853,-54.664845070583524,-53.93128185837848,28.0,-0.7335632122050413
410975,-19.583136324435106,-19.471925695454875,6.0,-0.11121062898023126
411005,-8.865282851544245,-9.694484886428445,4.0,0.8292020348841991
411010,-12.042985196420574,-11.786767565625698,3.0,-0.25621763079487536
411016,-4.909822374711413,-4.901287162769426,1.0,-0.008535211941986809
411019,-4.402278461261001,-4.967176511666247,1.0,0.5648980504052465
411118,-1.2441859852996144,-1.3317700262957934,0.0,0.087584040996179
411186,-6.145406245097852,-5.395628242775666,1.0,-0.749778002322186
411271,-1.3666356422273633,-2.2402725328247186,0.0,0.8736368905973553
411390,-36.35433965845965,-35.472415342563394,12.0,-0.8819243158962564
411397,-5.188006444494514,-5.075525136057485,1.0,-0.11248130843702864
411409,-21.634440752105746,-22.086031737068957,6.0,0.45159098496321093
411412,-15.953869412426375,-15.611991053346756,4.0,-0.34187835907961883
411440,-4.807086239077757,-4.642421752271322,1.0,-0.16466448680643442
411564,-2.200140553696052,-1.938928701692524,0.0,-0.2612118520035278
411634,-18.97522535673191,-18.690690365544224,5.0,-0.2845349911876873
411675,-12.39379981924761,-12.283376391769089,3.0,-0.11042342747852096
411842,-12.864860026859695,-12.51757423944294,3.0,-0.3472857874167552
411967,-3.7808144032107087,-3.942849108128638,0.0,0.16203470491792915
412028,-5.3287979822065346,-5.172917307430206,1.0,-0.15588067477632883
412053,-45.11381730965648,-47.01909046666349,18.0,1.9052731570070094
412175,-1.5157776123934585,-1.5230230505967133,0.0,0.007245438203254739
412183,-12.778098012490032,-12.747320076101213,3.0,-0.030777936388819427
412261,-0.9576219793487525,-1.2783047181347411,0.0,0.32068273878598863
412354,-5.4721723365593045,-5.192713993899145,1.0,-0.2794583426601598
412443,-9.5740451928868,-9.76056204476214,2.0,0.18651685187534106
412636,-2.3413490286139305,-2.674559444583296,0.0,0.3332104159693654
412668,-22.456325642646725,-21.799972153718368,5.0,-0.6563534889283567
413180,-27.468122667037207,-26.724428948382688,7.0,-0.7436937186545194
413216,-10.090987838009603,-9.696845932438931,2.0,-0.3941419055706721
413289,-29.791871420512432,-29.075877833099188,10.0,-0.7159935874132444
413297,-4.151575020882265,-4.234892591484817,0.0,0.08331757060255196
413349,-6.229288142246484,-6.213835292946701,1.0,-0.015452849299783189
413384,-40.70198827452752,-42.10535220692508,15.0,1.4033639323975606
413414,-7.858715055216796,-5.950864762846769,1.0,-1.9078502923700267
413423,-1.3995978977441785,-1.86106698022924,0.0,0.4614690824850616
413633,-8.06924812427345,-8.30516658260592,2.0,0.2359184583324705
413672,-14.646011527600772,-13.67033614338588,3.0,-0.9756753842148917
413771,-31.49279804050511,-30.96171095665163,9.0,-0.5310870838534818
413820,-76.31103094338481,-82.6658093084394,33.0,6.3547783650545995
413857,-8.347030515326498,-8.602893884426345,2.0,0.2558633690998473
413939,-36.47194275198892,-36.62650627936454,13.0,0.15456352737562185
413969,-98.85672784077866,-103.36104300890784,38.0,4.504315168129182
414156,-11.612522604178228,-11.603777409395596,3.0,-0.008745194782632026
414261,-27.150701380953087,-26.949877812717887,9.0,-0.20082356823520087
414295,-13.655422991008452,-15.4704740529098,3.0,1.8150510619013485
414406,-0.7650981841891396,-1.1282842432498863,0.0,0.36318605906074675
414415,-8.655999407036726,-8.604009651017353,2.0,-0.05198975601937228
414441,-5.857196011691297,-5.495852909400898,1.0,-0.361343102290399
414443,-5.617643839132425,-5.551774304137812,1.0,-0.06586953499461323
414474,-5.778053598730934,-5.287386423262976,1.0,-0.4906671754679577
414490,-32.16131465479337,-33.46728510139824,12.0,1.3059704466048672
414631,-26.651468764648918,-26.1584922238814,8.0,-0.4929765407675184
414730,-0.34018753689394576,-0.8317611823347865,0.0,0.4915736454408407
414815,-4.735374332937513,-4.538644186341428,1.0,-0.19673014659608512
414945,-34.85898187587453,-34.78733377862524,14.0,-0.07164809724928745
415067,-203.73033564943265,-216.08810011763885,103.0,12.357764468206199
415111,-22.13798122218227,-22.22572422827913,7.0,0.08774300609686136
415207,-26.32733648977429,-25.192489908481857,7.0,-1.1348465812924324
415486,-0.9466048495661941,-1.0672240891742704,0.0,0.1206192396080763
415562,-14.553277946454665,-14.065238936339302,4.0,-0.4880390101153633
415738,-0.8183791362557531,-0.9846790955267852,0.0,0.16629995927103214
415864,-43.362482794161615,-43.73394819072778,17.0,0.3714653965661654
416036,-38.35089378897526,-37.702510175650566,12.0,-0.6483836133246967
416101,-34.857333717102094,-34.96815567908033,13.0,0.1108219619782389
416269,-1.058914504670197,-1.2601875097182744,0.0,0.20127300504807732
416387,-17.956017882029073,-17.490134411835232,5.0,-0.465883470193841
416419,-18.632137174426823,-17.918241741700417,5.0,-0.7138954327264067
416563,-14.479765206142854,-13.984673080679826,3.0,-0.49509212546302805
416574,-52.44412362348061,-51.01157633082235,23.0,-1.4325472926582563
416595,-1.7635818356042712,-2.9717051084740422,0.0,1.208123272869771
416688,-9.661506501057396,-9.705464029100836,2.0,0.043957528043440774
416829,-18.4148530905076,-18.290245656312663,5.0,-0.12460743419493525
416971,-8.807406461218667,-8.705006029734552,2.0,-0.10240043148411537
417061,-12.18391174113926,-12.045902697752904,3.0,-0.1380090433863561
417144,-26.762681048471283,-26.386213828208664,9.0,-0.3764672202626187
417261,-1.772272154756292,-2.2554300343700304,0.0,0.48315787961373835
417264,-1.6675875216847786,-2.08005549871587,0.0,0.4124679770310915
417465,-78.34178670261844,-79.47816942223622,36.0,1.1363827196177851
417511,-35.8658232741825,-35.411889773818054,10.0,-0.45393350036444957
417628,-16.822976902553535,-17.122210773347696,5.0,0.2992338707941613
417726,-9.22011596390413,-9.090610108908445,2.0,-0.1295058549956849
417797,-9.007895860754749,-9.215244208371058,2.0,0.20734834761630871
417926,-22.004483084079855,-21.707035855991176,6.0,-0.29744722808867863
417976,-5.790993178095814,-5.364209916485123,1.0,-0.4267832616106908
418042,-5.6741245877917175,-6.572276438667942,1.0,0.898151850876225
418086,-62.40427502604112,-61.084632244852344,25.0,-1.3196427811887759
418150,-28.158704963097293,-27.791027600452164,10.0,-0.3676773626451286
418273,-24.990117137218764,-26.673785913928334,10.0,1.6836687767095704
418411,-24.461154136220255,-25.636794578765304,7.0,1.175640442545049
418516,-2.0679694976412475,-1.9820052737359088,0.0,-0.08596422390533864
418560,-1.341575881565699,-1.6162351764018132,0.0,0.2746592948361142
418724,-19.512349295252843,-20.39437624834327,7.0,0.8820269530904277
418783,-5.61948258196526,-5.8002429431998745,1.0,0.18076036123461492
418788,-12.30205655940453,-12.280086583166696,3.0,-0.021969976237834032
418798,-27.006892392781573,-26.5333117102357,7.0,-0.4735806825458724
418803,-0.2052099443629398,-0.7219994749830333,0.0,0.5167895306200935
418862,-5.210240844335484,-4.740186221479908,0.0,-0.4700546228555762
418949,-49.598876406314794,-51.05221640247822,21.0,1.4533399961634288
419090,-6.772314665922041,-6.387614726624535,0.0,-0.3846999392975059
419138,-57.90138064059261,-57.438283723250414,24.0,-0.4630969173421988
419162,-13.419948971121691,-13.5996994932468,3.0,0.1797505221251079
419367,-5.726875146016303,-5.7081659211722435,1.0,-0.018709224844059236
419385,-16.84842141543876,-16.91148294993746,5.0,0.06306153449870067
419386,-2.300068051202229,-3.828094245995697,0.0,1.5280261947934677
419462,-0.7869881088707175,-0.972336065616086,0.0,0.18534795674536853
419473,-11.548627307641166,-11.468098632395364,3.0,-0.08052867524580165
419670,-0.6472792551349069,-0.7953576182389853,0.0,0.1480783631040784
419811,-37.94117413261877,-38.38101980404634,17.0,0.4398456714275696
419853,-12.035833111168186,-11.97348558829714,3.0,-0.062347522871046834
419860,-5.292101933835964,-5.4166356968744855,1.0,0.1245337630385217
419908,-24.190576748313084,-25.99469187706172,8.0,1.8041151287486343
419975,-16.336767517247882,-17.124350782418347,5.0,0.7875832651704648
420080,-11.880708036935305,-11.747847507987071,3.0,-0.13286052894823364
420226,-29.600211598985858,-29.40615953977641,9.0,-0.19405205920944724
420236,-21.815058282536135,-22.153489285366977,8.0,0.33843100283084127
420274,-7.8942649892921155,-7.886383064456688,1.0,-0.007881924835427156
420386,-0.4340525558063939,-0.6746789257859097,0.0,0.2406263699795158
420464,-15.372968778697865,-15.132688936910297,4.0,-0.24027984178756867
420488,-8.703565463508516,-8.52610655610615,2.0,-0.17745890740236625
420550,-97.30729604131476,-86.86694268782855,27.0,-10.440353353486202
420562,-5.09436606543149,-5.2640530770545455,1.0,0.1696870116230551
420592,-3.617518228863809,-3.4880246747687997,0.0,-0.12949355409500907
420636,-5.094390794489668,-5.575238422243932,1.0,0.4808476277542644
420752,-29.48976375382442,-29.716114604766428,10.0,0.22635085094200846
420803,-62.825031685827994,-62.50594081276017,27.0,-0.3190908730678217
420882,-18.45441874858626,-19.39735677474102,5.0,0.94293802615476
421013,-21.228085610300976,-21.14506523371514,6.0,-0.08302037658583572
421063,-5.065584536154808,-5.115829856043953,1.0,0.050245319889144824
421146,-20.50632826465823,-20.03065736774257,6.0,-0.4756708969156591
421401,-23.670904608155254,-24.19247568433643,7.0,0.5215710761811749
421419,-177.42373813153733,-196.5510033353075,80.0,19.12726520377018
421505,-6.204480492990038,-5.335004138432772,1.0,-0.8694763545572659
421531,-17.10255876602538,-17.649051385905256,4.0,0.5464926198798779
421558,-16.43265083232697,-16.186555820070115,4.0,-0.24609501225685548
421581,-6.968061260667156,-7.445161005901712,2.0,0.4770997452345558
421695,-15.966766193617442,-15.835122093196857,4.0,-0.13164410042058527
421740,-35.368678834066706,-35.088541683144875,13.0,-0.28013715092183133
421798,-5.132590857974131,-5.43929758394996,1.0,0.30670672597582893
421799,-36.46399401545156,-36.94033882718534,15.0,0.4763448117337816
421933,-7.789495704721645,-7.333032402664877,0.0,-0.4564633020567683
422182,-11.134587189096312,-11.160982370354343,3.0,0.02639518125803164
422451,-1.4150780570676198,-1.9883632817181105,0.0,0.5732852246504907
422668,-10.006601143009576,-9.631954986712577,2.0,-0.3746461562969987
422942,-0.35383378239520064,-0.8810127932272143,0.0,0.5271790108320136
422966,-6.0958717158667985,-5.7303449933090445,1.0,-0.3655267225577541
423008,-8.130928618745106,-8.345445312367481,2.0,0.21451669362237524
423277,-40.18070442751437,-40.798491094639665,10.0,0.6177866671252943
423314,-1.4309095510943082,-1.8158933821736776,0.0,0.3849838310793694
423315,-15.049270906958819,-15.38824785576867,4.0,0.33897694880985085
423358,-0.2598139377105806,-0.7657628219526256,0.0,0.505948884242045
423626,-19.909690100517214,-19.512049160206967,5.0,-0.39764094031024655
423647,-11.977240756174867,-11.741287720549751,3.0,-0.2359530356251156
423749,-53.94093631403883,-53.34236387885865,28.0,-0.5985724351801807
423933,-26.558101742425688,-27.4008092637877,10.0,0.8427075213620121
424007,-3.8079545776950434,-4.148833913327025,0.0,0.3408793356319819
424018,-13.265360358017569,-12.700724198365096,3.0,-0.5646361596524727
424035,-25.05252650465779,-24.970828430904636,7.0,-0.08169807375315585
424152,-1.1254208180490795,-1.3116799861690376,0.0,0.18625916811995813
424197,-2.3968846951196037,-2.6180161750629853,0.0,0.22113147994338167
424214,-12.436024218379735,-12.272470709029722,3.0,-0.16355350935001312
424243,-8.472529457962343,-7.215586268691472,1.0,-1.2569431892708716
424369,-9.182403915656023,-9.220454585269138,2.0,0.03805066961311532
424373,-59.40894413978937,-57.78674818680807,22.0,-1.6221959529813006
424444,-11.345156160680032,-11.758019329247071,3.0,0.4128631685670392
424500,-35.25693477020439,-35.02842153037456,13.0,-0.22851323982983018
424558,-5.263154138794257,-5.053167367309521,1.0,-0.20998677148473632
424625,-5.123451199250618,-4.9855931957934985,1.0,-0.13785800345711952
424761,-5.687651538547925,-5.524506577294033,1.0,-0.16314496125389244
424816,-23.523790925246953,-22.607414976739665,5.0,-0.9163759485072873
424831,-26.425078838510263,-26.658884214981533,9.0,0.23380537647127042
424957,-25.37910060328821,-25.32591713113468,8.0,-0.05318347215353114
425054,-5.37842346312482,-5.731142238024177,1.0,0.35271877489935743
425095,-30.104518543168112,-31.740812600757817,11.0,1.636294057589705
425226,-46.65911728323687,-47.91880162113044,16.0,1.2596843378935745
425280,-9.892924750807799,-9.61692801575135,2.0,-0.2759967350564487
425318,-19.477498597289873,-19.74586997081563,6.0,0.26837137352575624
425367,-26.078705988361584,-26.390947449732145,6.0,0.3122414613705615
425453,-13.227658838268185,-12.342261099858248,2.0,-0.885397738409937
425522,-1.5145856051399451,-1.9773853149205785,0.0,0.46279970978063334
425574,-7.999843511814893,-8.410356713940125,2.0,0.410513202125232
425782,-5.785681251324662,-5.197977465874149,1.0,-0.5877037854505129
425809,-2.6909851205091817,-2.051630918994729,0.0,-0.6393542015144527
425857,-41.63722320209773,-41.46848751429864,17.0,-0.1687356877990922
425892,-35.64385076789759,-34.9682578491404,8.0,-0.6755929187571894
426171,-36.003116554023286,-35.62692851120616,14.0,-0.3761880428171267
426182,-25.34923966393669,-24.13133905174716,7.0,-1.2179006121895277
426241,-8.814101611090928,-8.695232305629435,2.0,-0.11886930546149266
426266,-8.430245158454031,-8.412372095273186,2.0,-0.01787306318084525
426320,-93.4193849405662,-87.74499269242548,42.0,-5.67439224814072
426386,-18.298927902074436,-18.00257164736398,5.0,-0.29635625471045657
426657,-25.684600714205715,-25.67844561168898,8.0,-0.006155102516736122
426871,-11.140707340256215,-11.544540409705164,3.0,0.4038330694489485
427030,-0.5025128040343946,-0.7336675992664989,0.0,0.23115479523210436
427074,-68.62468348477418,-70.05754474564381,39.0,1.432861260869629
427450,-5.704914837457678,-5.3329178597798785,1.0,-0.3719969776777994
427604,-16.925146250352377,-16.650487078556857,4.0,-0.2746591717955198
427670,-12.63182505002206,-12.033558590143992,3.0,-0.5982664598780687
427712,-0.8622244453269627,-1.0738473904244483,0.0,0.21162294509748558
427766,-14.764379392514948,-13.67108164746842,3.0,-1.093297745046529
427928,-15.716213071721542,-16.27247054272736,3.0,0.5562574710058161
428234,-5.582569011566723,-5.6366072207561855,0.0,0.05403820918946245
428399,-9.848044983555116,-9.70784511598737,2.0,-0.1401998675677465
428419,-26.980950506456153,-26.82644779933327,8.0,-0.15450270712288372
428506,-25.592444015415573,-26.37800298891088,7.0,0.7855589734953057
428641,-5.115339305859724,-5.011938821399939,1.0,-0.10340048445978489
428710,-20.292578127226303,-20.55613717563729,5.0,0.2635590484109862
428760,-5.545578653750967,-5.303721690633978,1.0,-0.24185696311698912
428877,-12.739697961533183,-12.399162641975987,3.0,-0.34053531955719585
429022,-18.408618539527712,-17.7156860017344,5.0,-0.6929325377933111
429063,-15.325430472673903,-14.70398861811446,4.0,-0.6214418545594427
429132,-5.446154612628827,-5.665242456136559,1.0,0.21908784350773214
429285,-39.533305390231064,-39.07896129557256,16.0,-0.45434409465850223
429315,-62.14573895806272,-60.350683170338655,25.0,-1.795055787724067
429337,-37.83250970710557,-37.125057101464826,13.0,-0.7074526056407464
429401,-8.698494480945632,-8.620061214635141,2.0,-0.07843326631049052
429414,-18.842670890957198,-18.577289833153085,5.0,-0.26538105780411314
429425,-36.89568142459008,-36.12848601288961,10.0,-0.7671954117004702
429476,-15.960085314220864,-14.402267141924762,3.0,-1.557818172296102
429477,-59.32734291326433,-60.41116416377288,27.0,1.0838212505085494
429608,-14.979612675627067,-14.75286918373039,4.0,-0.22674349189667709
429640,-5.166147653813558,-5.173843373633243,1.0,0.0076957198196856424
429644,-19.274490495366667,-19.389520846126217,6.0,0.11503035075955026
429675,-42.91403919157265,-33.477016176302534,9.0,-9.437023015270114
429691,-22.56607395878992,-22.451621769361964,7.0,-0.11445218942795776
429741,-15.20747077264869,-15.361439094741089,4.0,0.15396832209239797
429760,-54.756232106487886,-58.78911814914035,20.0,4.032886042652464
429982,-21.212789729957844,-21.005199255830156,6.0,-0.20759047412768794
430064,-40.643588950064014,-39.05796330254599,12.0,-1.5856256475180217
430085,-17.821722837015354,-17.40354805478219,5.0,-0.41817478223316584
430124,-27.061205844671193,-26.436175334354292,8.0,-0.6250305103169005
430207,-24.94207887807834,-25.25824176002352,9.0,0.3161628819451785
430325,-48.847189759764156,-48.58729832056889,21.0,-0.2598914391952647
430403,-41.80114489136096,-41.38141160456986,15.0,-0.4197332867911001
430437,-12.710025067355412,-12.266833566423598,3.0,-0.4431915009318139
430530,-12.35688003303141,-12.077772692778336,3.0,-0.27910734025307526
430552,-28.181491533278347,-27.650129325893136,9.0,-0.5313622073852109
430583,-2.06588056142724,-2.271841568817487,0.0,0.20596100739024692
430585,-8.48306988158363,-8.70069157503718,0.0,0.21762169345354998
430726,-20.695977853732003,-20.86693765261477,6.0,0.17095979888276602
430884,-59.683250336899654,-59.521453495695475,14.0,-0.16179684120417903
430940,-10.127836547620236,-13.491294283019206,0.0,3.3634577353989705
431116,-15.05438284260015,-14.925034742793702,3.0,-0.1293480998064478
431136,-17.912177388251656,-17.576444408951847,5.0,-0.3357329792998094
431160,-22.051688496536023,-21.75944733560464,7.0,-0.29224116093138264
431180,-31.475405705809113,-32.05478360632861,11.0,0.5793779005194999
431246,-4.877829677496964,-5.020174138316108,1.0,0.1423444608191442
431561,-5.386699786796837,-5.493302063739886,1.0,0.10660227694304947
431746,-11.90864063051842,-11.939455372443543,3.0,0.030814741925123457
431823,-5.394226654854922,-5.522892155757363,1.0,0.1286655009024411
431953,-16.904378039063765,-16.75640290852035,5.0,-0.14797513054341493
432204,-1.9962053223766523,-4.061995916714368,0.0,2.0657905943377157
432235,-16.151531249733157,-16.423233303568715,3.0,0.2717020538355577
432284,-5.895423444717531,-6.4038455659220554,1.0,0.5084221212045241
432299,-5.492842561008609,-5.515478274829097,1.0,0.022635713820488235
432337,-9.413721838174485,-9.4413258581849,1.0,0.027604020010414843
432420,-4.848089957415731,-4.993468870166086,1.0,0.1453789127503553
432514,-13.866712022151038,-13.523404995209525,3.0,-0.34330702694151327
432756,-22.414895226752765,-22.775103393963548,7.0,0.3602081672107822
432764,-5.323414355603383,-5.296195683308048,1.0,-0.02721867229533448
433057,-8.748761641228695,-8.677075806621316,2.0,-0.0716858346073792
433291,-7.344797193085372,-7.340610796064632,1.0,-0.004186397020740529
433389,-5.236035522095758,-5.415901553123519,1.0,0.17986603102776133
433440,-9.807267044429711,-9.709642791986182,2.0,-0.0976242524435289
433494,-4.90204470668785,-3.6798861802934977,0.0,-1.222158526394352
433511,-26.464500000161152,-25.900990241424772,7.0,-0.5635097587363802
433602,-9.033057026530642,-9.013685805736753,2.0,-0.01937122079388942
434031,-9.733834320268091,-9.108953577125089,2.0,-0.6248807431430023
434060,-8.71299418684592,-8.596830956479625,2.0,-0.11616323036629517
434073,-24.603539672550713,-24.24919497437295,7.0,-0.35434469817776204
434116,-1.207875306953905,-1.4072444878162804,0.0,0.19936918086237543
434368,-8.705217755309917,-7.931572647377073,1.0,-0.7736451079328441
434386,-22.73945641559725,-23.684748557051005,7.0,0.9452921414537556
434472,-12.139476500025287,-12.491540161588697,1.0,0.3520636615634096
434707,-5.239242940035292,-5.338269694801061,1.0,0.09902675476576839
434808,-23.86286114679671,-25.619900542008295,6.0,1.757039395211585
434879,-19.992601354461577,-19.77474637709415,4.0,-0.21785497736742698
434887,-54.79981982968216,-52.133040668048885,14.0,-2.666779161633272
434920,-8.878730274876544,-8.770036475865988,2.0,-0.10869379901055609
434955,-66.67093915869643,-64.98495835795714,18.0,-1.6859808007392871
435003,-16.92065199087056,-16.831017550103684,4.0,-0.08963444076687566
435082,-1.18958235622731,-1.3207911999865392,0.0,0.13120884375922914
435091,-5.67531586406492,-5.234339658619465,1.0,-0.44097620544545535
435155,-110.60311725960639,-120.38591047477904,38.0,9.782793215172646
435191,-20.50279558364414,-18.808364010934227,4.0,-1.694431572709913
435242,-8.719188104032181,-8.51238470551667,2.0,-0.2068033985155111
435326,-5.628454433324772,-5.64978592653424,1.0,0.021331493209467922
435819,-15.598372583868919,-15.36719571137844,4.0,-0.23117687249047947
435832,-44.933068034249814,-44.26676688013808,24.0,-0.6663011541117356
435919,-17.733256034477087,-17.980623189795423,5.0,0.24736715531833653
436202,-13.475084433868084,-13.153018466649682,2.0,-0.32206596721840164
436265,-10.66315866186001,-10.781290877240872,3.0,0.1181322153808626
436330,-8.13843911895263,-8.188950542651334,2.0,0.050511423698702984
436373,-8.815213322893982,-9.142062540513772,2.0,0.3268492176197899
436566,-49.15253890084321,-49.48807164284278,19.0,0.3355327419995717
436756,-18.99482181117294,-18.687471003612107,5.0,-0.30735080756083377
436985,-7.847822540441311,-8.046807291115893,1.0,0.19898475067458232
437037,-9.752966849554603,-9.591822373221843,2.0,-0.16114447633276008
437195,-8.973488159733765,-8.938036753764695,2.0,-0.03545140596907004
437197,-8.357229220078601,-8.488575063719056,2.0,0.13134584364045487
437339,-25.598720577372973,-26.52000765743456,7.0,0.9212870800615889
437350,-11.637369953513025,-11.950245629846794,3.0,0.31287567633376945
437542,-6.2529354559241535,-6.3629654530754225,1.0,0.11002999715126904
437543,-54.948870186418446,-56.09463962678484,27.0,1.1457694403663936
437590,-11.998765948674421,-11.795079739067925,3.0,-0.20368620960649686
437629,-15.986986039084714,-18.209593207053945,1.0,2.2226071679692314
437717,-1.6166130115725619,-1.7481668906850116,0.0,0.13155387911244976
437724,-26.268756183413995,-24.81951814620736,5.0,-1.4492380372066336
437755,-37.29978097893733,-37.8277793364831,14.0,0.5279983575457692
437798,-10.904909485609677,-10.62345858372414,2.0,-0.28145090188553645
438047,-16.621292141238012,-16.421553136959716,4.0,-0.19973900427829605
438074,-52.89777975552988,-52.52194496929925,21.0,-0.3758347862306337
438167,-18.022258568632463,-17.840150791748616,5.0,-0.18210777688384638
438404,-1.889234102187483,-1.9028417880606252,0.0,0.013607685873142206
438410,-68.47520762638831,-72.996294004744,23.0,4.52108637835569
438602,-5.0156914329251645,-5.083219692748786,1.0,0.06752825982362154
438656,-5.6320673777543435,-5.28729495845165,1.0,-0.34477241930269376
438693,-9.583595196468469,-9.880790832638343,1.0,0.29719563616987443
438719,-34.088953482865335,-34.49433037375807,13.0,0.40537689089273243
438870,-25.33101075924947,-29.80306912618474,6.0,4.472058366935272
438912,-43.099688131406076,-44.76219421337791,16.0,1.6625060819718342
439018,-19.438966075352432,-19.00849514416553,5.0,-0.43047093118690327
439079,-24.744990174670093,-27.228975380398683,6.0,2.4839852057285903
439546,-5.332591632391395,-5.035493870343092,1.0,-0.2970977620483035
439659,-15.34681482496246,-14.82773557544572,4.0,-0.5190792495167393
439666,-35.55369947750723,-35.504274953162245,13.0,-0.04942452434498534
439670,-23.275582859490004,-23.53104242089447,6.0,0.25545956140446435
439777,-49.188047407906836,-49.64010328248114,20.0,0.45205587457430596
439941,-29.444681654690655,-29.17442731956793,11.0,-0.27025433512272556
440024,-16.99376466719814,-17.978493709369037,5.0,0.9847290421708976
440063,-9.27402517256514,-9.108143121642795,2.0,-0.16588205092234531
440265,-4.554952246977924,-4.775912318294583,1.0,0.22096007131665907
440403,-6.206314567020029,-6.392307137942876,1.0,0.18599257092284738
440442,-26.42933861413578,-26.46315275293039,9.0,0.033814138794610926
440479,-16.243887551862965,-15.415722110918813,4.0,-0.8281654409441526
440662,-27.63997531253036,-27.2728226810656,9.0,-0.3671526314647622
440683,-16.880367436146773,-11.34404316520824,2.0,-5.536324270938534
440736,-14.519152454335389,-14.280078202015416,4.0,-0.23907425231997337
440776,-12.07497722828695,-11.646244829124672,3.0,-0.42873239916227845
440896,-16.898769717425495,-14.30135146329874,4.0,-2.5974182541267545
441140,-4.536729747545914,-3.8103801423060153,0.0,-0.726349605239899
441187,-12.1752448581424,-12.44005378815077,3.0,0.26480893000836936
441278,-51.93908932911425,-54.068776976884614,19.0,2.1296876477703606
441335,-1.006471762878628,-1.5178128997758145,0.0,0.5113411368971865
441407,-18.29299869770625,-20.320606933037503,4.0,2.027608235331254
441805,-20.65893170105314,-20.284624117018033,6.0,-0.3743075840351082
441896,-58.57353547658339,-57.43965351669151,23.0,-1.1338819598918803
442087,-5.665452455778816,-6.096674144081959,1.0,0.4312216883031432
442136,-5.4983049803105635,-5.437659082065148,1.0,-0.060645898245415886
442264,-11.974625356521104,-11.223380483138438,2.0,-0.7512448733826655
442378,-81.86755672077949,-84.54223845126926,46.0,2.674681730489766
442414,-24.288295200344265,-23.95146689212204,7.0,-0.336828308222227
442455,-20.202811777502625,-20.87044080270364,6.0,0.6676290252010162
442463,-28.614046149211596,-28.08144766378068,9.0,-0.5325984854309169
442485,-10.666440477536584,-9.83243529236687,2.0,-0.8340051851697137
442520,-5.383549509175081,-6.162492405333389,1.0,0.7789428961583083
442567,-2.3559701280646994,-2.7144204296634378,0.0,0.35845030159873836
442608,-42.101948109175694,-42.58366204155249,13.0,0.48171393237679894
442625,-0.8886062786903587,-1.2962032310466405,0.0,0.4075969523562818
442639,-45.91390649157873,-44.84275913549954,20.0,-1.0711473560791873
442685,-18.56399451490965,-18.578500061486192,6.0,0.014505546576543793
442978,-21.8066381727274,-22.100935897658708,7.0,0.2942977249313081
443031,-32.42018304754027,-33.23349781272335,11.0,0.8133147651830797
443068,-5.036155225561873,-4.976514846820351,1.0,-0.059640378741522504
443074,-8.857264225046034,-8.678429347036824,2.0,-0.17883487800921039
443076,-38.17638771537635,-37.25204348066968,9.0,-0.9243442347066733
443084,-8.736708614301225,-8.516934782078305,2.0,-0.2197738322229199
443124,-1.5077468142274661,-2.5093914352027795,0.0,1.0016446209753134
443135,-9.140968764744501,-9.005035234158479,2.0,-0.13593353058602275
443192,-13.786062013563695,-13.968220790196952,4.0,0.18215877663325664
443226,-6.737239445020051,-10.270629370660254,0.0,3.5333899256402033
443468,-14.637069624950927,-14.424813559994783,4.0,-0.21225606495614358
443473,-30.501945871586763,-30.57868044622763,11.0,0.07673457464086653
443527,-56.197865408595746,-56.318345867387734,21.0,0.1204804587919881
443538,-33.88973880815551,-33.838276698734404,12.0,-0.0514621094211094
443552,-8.292884849581194,-8.364472869790548,2.0,0.0715880202093544
443726,-20.928937105242973,-19.183041322123543,4.0,-1.7458957831194297
443736,-0.851014632870343,-1.06253706642739,0.0,0.21152243355704714
443738,-5.03976301806312,-4.934687915079347,1.0,-0.10507510298377287
443786,-8.334157428831274,-8.19848426900711,0.0,-0.1356731598241634
443835,-5.691088239012664,-5.567890180426497,1.0,-0.1231980585861665
443904,-14.491938720762997,-13.72730910234871,3.0,-0.7646296184142862
443954,-30.53312956594981,-31.234082874956215,9.0,0.7009533090064046
443997,-26.076400586741105,-26.814082497866274,10.0,0.7376819111251685
444029,-12.707362163764365,-11.696965552177833,1.0,-1.0103966115865326
444216,-18.693211365817593,-18.331582164659,5.0,-0.36162920115859265
444248,-4.3234205220258195,-4.412441523066537,1.0,0.08902100104071753
444296,-5.099501483408584,-5.1290699985673,1.0,0.029568515158715947
444301,-12.306952255423726,-11.99895076054406,3.0,-0.3080014948796652
444318,-21.211915990965156,-20.901478945321433,6.0,-0.31043704564372376
444385,-8.467378603030548,-5.8632594033829735,1.0,-2.6041191996475748
444740,-8.862827953093623,-8.38714116566373,1.0,-0.47568678742989334
444778,-32.65245892271774,-32.76761631521271,9.0,0.11515739249497159
444878,-4.783310242257188,-4.776441427638618,1.0,-0.006868814618569807
445021,-26.317504664854766,-27.72398296092354,7.0,1.406478296068773
445131,-14.995470246887194,-15.21440570796111,4.0,0.21893546107391515
445237,-28.295218145038156,-31.3536615332042,9.0,3.0584433881660438
445284,-12.621197633166046,-12.391892262493348,3.0,-0.22930537067269796
445422,-41.01656855755301,-39.73106770626774,10.0,-1.2855008512852706
445435,-20.531780314418558,-19.977695593776204,6.0,-0.5540847206423543
445451,-4.8720750577884075,-5.025630205493921,1.0,0.15355514770551348
445527,-9.93370813438099,-9.490012837902285,2.0,-0.44369529647870465
445682,-15.108600465982883,-14.658437269674057,4.0,-0.45016319630882684
445698,-13.162675716114357,-12.727349394756052,3.0,-0.4353263213583052
445737,-5.218081956064841,-5.273513402011596,1.0,0.05543144594675464
445784,-8.313881810287354,-8.522716896527108,2.0,0.20883508623975366
445841,-5.485524812404455,-5.2056028154285725,1.0,-0.27992199697588216
445923,-63.77320428412468,-67.06481546352157,24.0,3.291611179396888
445956,-22.87820232487347,-22.766669295080288,7.0,-0.11153302979318269
445971,-25.618993250948087,-25.385065880069913,7.0,-0.23392737087817395
446030,-34.70616350928008,-34.395932430929534,13.0,-0.3102310783505473
446183,-34.51275252072902,-39.65359205278871,10.0,5.140839532059687
446218,-5.414022758785253,-4.950854935791704,0.0,-0.4631678229935492
446221,-10.534045113733841,-10.15119062504991,2.0,-0.3828544886839307
446265,-102.73874973489856,-114.16726621562918,45.0,11.428516480730622
446326,-24.608933718463586,-24.515306452779523,8.0,-0.09362726568406288
446701,-1.6144887634833098,-2.102094047361945,0.0,0.48760528387863533
446764,-5.017207984159457,-4.9469262760493224,1.0,-0.07028170811013457
446822,-14.734358768477504,-14.789796974565858,4.0,0.055438206088354036
446989,-27.21825912731505,-27.144924370841153,10.0,-0.07333475647389776
447030,-13.792336796565179,-13.699120494145635,4.0,-0.0932163024195436
447201,-17.389935220259016,-17.06125833726185,4.0,-0.3286768829971649
447283,-38.608692494604945,-37.670981132645075,12.0,-0.9377113619598703
447423,-38.36759288497678,-38.15013646027681,14.0,-0.21745642469996795
447465,-13.058093194424675,-13.001028004175865,3.0,-0.05706519024881018
447551,-26.704989751689382,-25.1678262297639,6.0,-1.537163521925482
448058,-9.325442649462287,-9.446918037743592,2.0,0.12147538828130422
448094,-21.663217300349384,-17.90167517312561,4.0,-3.7615421272237732
448170,-32.87905577787452,-33.24423055999732,13.0,0.36517478212279997
448362,-15.052132279714433,-15.03950905154836,3.0,-0.012623228166074085
448374,-25.059133360055146,-24.369197249936352,8.0,-0.6899361101187935
448379,-39.53927194738049,-45.86274535624762,11.0,6.32347340886713
448387,-11.533740126307668,-11.832975629593289,3.0,0.29923550328562065
448404,-7.727483061712442,-7.818554812109425,2.0,0.09107175039698312
448415,-23.80754490916726,-29.42034288765861,6.0,5.612797978491351
448812,-37.28688420193595,-37.2405315381119,16.0,-0.04635266382404524
448825,-90.44086146151457,-86.83919236251222,56.0,-3.6016690990023505
448911,-27.438107426535304,-27.3501470185831,10.0,-0.0879604079522025
448941,-44.91950539955828,-46.6438297662884,17.0,1.7243243667301158
449033,-16.37087873980324,-15.85401494304154,4.0,-0.5168637967616991
449038,-161.84965237868425,-175.9670285839142,107.0,14.11737620522996
449141,-105.77828169547651,-100.46025289927448,41.0,-5.318028796202029
449251,-23.526093512318955,-22.54426090940277,5.0,-0.9818326029161852
449328,-34.28248224090944,-34.23410912985414,11.0,-0.04837311105529807
449384,-8.14425831722868,-8.216511817673029,1.0,0.07225350044434897
449608,-10.046577319798342,-10.470003718882731,2.0,0.4234263990843896
449631,-12.884046869350085,-12.651718707376656,3.0,-0.2323281619734292
449702,-22.403466250272366,-18.19755017738088,3.0,-4.205916072891487
450012,-4.767250093307713,-4.889908861615813,1.0,0.1226587683080993
450187,-13.30601434761275,-12.651148165936732,3.0,-0.6548661816760184
450440,-5.171617365472106,-5.090702130373396,1.0,-0.08091523509871035
450856,-16.473355423039102,-16.164639230441477,3.0,-0.3087161925976254
450910,-18.295594985819836,-17.823268915364658,4.0,-0.4723260704551784
451015,-16.064342139943715,-16.25723624844234,4.0,0.1928941084986242
451057,-1.8793226087555528,-2.534650466750999,0.0,0.655327857995446
451153,-5.236266783675795,-5.330313853456923,1.0,0.0940470697811282
451293,-19.067706218972113,-18.585699486958045,4.0,-0.4820067320140673
451493,-23.750466825822986,-23.415250973420065,7.0,-0.3352158524029214
451693,-27.491136653158275,-27.69462728692389,9.0,0.2034906337656146
451853,-1.4510834039865306,-1.9828653072187223,0.0,0.5317819032321918
451916,-24.941068751818815,-23.52597128813934,6.0,-1.4150974636794764
452138,-28.443423357925237,-29.25811200874876,10.0,0.8146886508235234
452145,-1.6060209381153971,-2.6936243328160825,0.0,1.0876033947006853
452282,-32.306064688522476,-30.653209289804476,8.0,-1.6528553987179997
452291,-1.660713380660456,-1.7334727055725867,0.0,0.07275932491213077
452389,-4.9672933514082915,-5.03699042843432,1.0,0.06969707702602879
452423,-26.524403447826074,-27.73225960972041,8.0,1.207856161894334
452736,-12.602736787414875,-12.188834755930028,3.0,-0.41390203148484694
452751,-13.245325567720187,-13.547408698866438,3.0,0.30208313114625085
453071,-8.146104901120657,-8.066249145528877,2.0,-0.0798557555917796
453148,-23.63786898272887,-23.800761389196435,7.0,0.16289240646756298
453210,-2.6905214740008128,-3.2251605504176224,0.0,0.5346390764168096
453496,-61.32860037694482,-59.20810002415814,34.0,-2.120500352786678
453528,-8.683632422507399,-8.667675111524693,2.0,-0.015957310982706474
453544,-11.40435125318358,-11.351534233546914,3.0,-0.05281701963666485
453551,-59.82518300208836,-66.47720101977845,26.0,6.652018017690089
453601,-5.875856218701759,-5.167805168304489,1.0,-0.7080510503972697
453648,-45.88395158289629,-45.204765617865,21.0,-0.6791859650312873
453752,-14.594911795253035,-14.38210671358229,4.0,-0.2128050816707443
453834,-38.11548458892175,-38.510270292174745,13.0,0.39478570325299245
454104,-14.414412022239055,-12.863063542938116,3.0,-1.5513484793009393
454111,-60.63011788123662,-61.80875453379545,21.0,1.1786366525588292
454219,-1.734291564914439,-2.249725166995268,0.0,0.515433602080829
454399,-22.425708980506556,-21.24524712276419,5.0,-1.1804618577423653
454407,-14.923528135508343,-13.903801517760913,3.0,-1.0197266177474305
454743,-43.89883755663306,-43.86504558064783,15.0,-0.033791975985231204
454762,-88.92018532855752,-96.17542226641532,16.0,7.255236937857802
454765,-13.635965896844487,-13.109593109645544,3.0,-0.5263727871989428
454984,-16.180516806538947,-16.166906828206468,4.0,-0.01360997833247879
455054,-5.187030526536761,-7.656094347350343,1.0,2.4690638208135818
455073,-9.274227763448046,-9.360025301538949,2.0,0.08579753809090285
455092,-15.847211533591645,-15.42425005009585,4.0,-0.4229614834957953
455202,-8.78957767424275,-8.564224769013924,2.0,-0.22535290522882612
455264,-3.210686370330528,-3.337314312584744,1.0,0.12662794225421603
455325,-1.0511840841958273,-1.3056768549632145,0.0,0.2544927707673872
455382,-5.815382386905596,-5.2347195723097615,1.0,-0.5806628145958346
455477,-5.09914398150458,-4.966236739895227,1.0,-0.1329072416093524
455479,-5.620063101365617,-5.979135175729519,1.0,0.359072074363902
455730,-1.2053729156758521,-1.4919096317320706,0.0,0.28653671605621844
455796,-1.0169005778894522,-1.3045161806104577,0.0,0.2876156027210055
455849,-1.579373327661755,-1.7679826780616332,0.0,0.18860935039987825
455857,-1.091984530881021,-1.3393244300123688,0.0,0.2473398991313478
456014,-39.706862076958245,-39.78823053289195,18.0,0.08136845593370623
456127,-3.2292981844965314,-4.001636951125797,0.0,0.7723387666292658
456173,-28.038132069907153,-27.709703484102445,10.0,-0.32842858580470846
456200,-15.51133944388556,-13.468742647190156,3.0,-2.0425967966954044
456327,-37.84254704744692,-38.908622965124565,12.0,1.0660759176776438
456329,-35.730975536819635,-35.25094272517042,12.0,-0.48003281164921674
456527,-6.699699994988655,-5.642703778181785,1.0,-1.05699621680687
456564,-12.94178540297403,-12.269398047829451,3.0,-0.6723873551445791
456574,-6.37556708256398,-6.654047436646762,1.0,0.2784803540827818
456694,-8.07839684477208,-8.293432230083344,2.0,0.2150353853112641
456752,-14.664644731835091,-13.76971916345441,3.0,-0.8949255683806818
456870,-98.4168580990004,-101.58113760703608,53.0,3.1642795080356905
457209,-5.05675857884064,-5.155758047594416,1.0,0.0989994687537763
457265,-25.35709913617494,-25.365743218605196,8.0,0.00864408243025494
457316,-14.50877875626293,-14.485327385637447,4.0,-0.02345137062548197
457372,-10.460197601276993,-9.943265525180973,2.0,-0.5169320760960208
457559,-55.85790422370717,-54.03576052050176,21.0,-1.8221437032054126
457608,-20.992800925965383,-21.220084220444395,7.0,0.22728329447901174
457676,-22.012133769730195,-22.31193979950921,6.0,0.2998060297790168
457736,-44.573010044549044,-47.17112897683948,13.0,2.59811893229044
457932,-37.973499117189526,-38.07751285179555,15.0,0.10401373460602059
458013,-9.071059288636345,-8.723158964023563,2.0,-0.3479003246127821
458138,-16.53946956632735,-15.872179316777672,4.0,-0.66729024954968
458162,-22.34804924213608,-21.5756575526142,5.0,-0.7723916895218821
458210,-0.712756274691561,-1.002320703783416,0.0,0.2895644290918551
458332,-1.3056258108008871,-0.8982676571914396,0.0,-0.4073581536094475
458415,-26.811433981932506,-25.634429876812273,6.0,-1.1770041051202327
458557,-5.199952453975246,-5.054095062582006,1.0,-0.14585739139324083
458582,-59.895603759916185,-59.27987537199754,23.0,-0.6157283879186437
458791,-5.076772466817759,-5.072915080166058,1.0,-0.003857386651700878
458918,-84.23853745522734,-84.53977767540314,41.0,0.3012402201757993
458941,-16.246476282663423,-15.774633502383876,4.0,-0.4718427802795464
459259,-20.067351602505077,-20.29808322296456,6.0,0.23073162045948337
459331,-36.76782241650636,-37.1315251757871,14.0,0.36370275928073426
459538,-26.20945555001645,-26.510844889606982,9.0,0.30138933959053205
459645,-12.06897210111184,-11.877065772964832,3.0,-0.1919063281470077
459727,-4.377236203501017,-5.5261860158678715,0.0,1.1489498123668547
459808,-13.025175039799484,-12.899034236680489,3.0,-0.12614080311899478
459862,-48.240149825225636,-45.57474903427173,19.0,-2.6654007909539033
459869,-25.10589248053934,-24.67857343122312,8.0,-0.42731904931621756
459983,-15.144193675490241,-13.93652149253456,3.0,-1.2076721829556814
460010,-0.4199345199081991,-0.9777781076061114,0.0,0.5578435876979123
460230,-5.4680262770739425,-5.2142827045210955,1.0,-0.25374357255284696
460248,-14.90329897563657,-15.288417555132112,3.0,0.3851185794955416
460530,-1.698849568576918,-2.2392268377989697,0.0,0.5403772692220516
460544,-15.573321172404471,-15.297791279623816,4.0,-0.2755298927806553
460631,-4.751816688270487,-4.807791036974749,1.0,0.055974348704262766
460755,-11.929345396319732,-11.936652921827482,3.0,0.007307525507750157
460790,-24.597042527242348,-25.650455692896585,7.0,1.0534131656542378
460873,-44.254082795296426,-42.8908077164916,16.0,-1.3632750788048256
460928,-11.50060900862384,-15.083970308788569,1.0,3.5833613001647286
461035,-86.40911906001162,-85.59631291332231,49.0,-0.8128061466893115
461063,-50.9718623407231,-50.22330162834269,24.0,-0.7485607123804101
461113,-8.927012155016609,-8.635977338869685,2.0,-0.29103481614692406
461266,-16.999337249237982,-16.680711322098407,4.0,-0.3186259271395748
461325,-19.01241618686244,-18.52663865277802,5.0,-0.4857775340844199
461380,-1.3250784880187916,-1.4022397143965533,0.0,0.07716122637776168
461506,-11.774786039018498,-10.879087568736924,2.0,-0.8956984702815731
461524,-8.972046211857622,-8.804828371184342,2.0,-0.16721784067327938
461530,-35.606993508718475,-38.914407119791115,15.0,3.30741361107264
461614,-12.29151193258309,-11.923009364548491,3.0,-0.36850256803459835
461645,-21.159340817612414,-19.790492480943264,4.0,-1.3688483366691493
461825,-16.595678060503314,-16.945037256533332,4.0,0.34935919603001864
462088,-9.998167078090455,-9.33334997486875,2.0,-0.6648171032217061
462166,-24.882029804204308,-24.42269887672045,8.0,-0.4593309274838582
462179,-14.90964966256251,-14.00905212181889,3.0,-0.90059754074362
462221,-0.6339135576558468,-0.5186146129293054,0.0,-0.11529894472654134
462485,-4.631793262801255,-5.246229177104738,1.0,0.614435914303483
462500,-19.09887978982272,-18.79159634039835,5.0,-0.30728344942437147
462538,-39.58101416669183,-38.81677760341504,18.0,-0.7642365632767891
462823,-16.976310528573777,-16.64870442346334,5.0,-0.3276061051104371
462989,-14.793201156706257,-14.582287376084896,4.0,-0.210913780621361
463136,-6.240017078593092,-6.365828422497957,1.0,0.12581134390486515
463309,-6.125895107710011,-5.732731949639593,1.0,-0.3931631580704176
463316,-47.81453091990771,-47.09393569335943,21.0,-0.7205952265482836
463328,-1.5106911325444936,-1.978678175402111,0.0,0.4679870428576174
463330,-0.9425602724119451,-0.9081831914631832,0.0,-0.03437708094876191
463430,-37.07298447524157,-37.25554045312308,13.0,0.18255597788151334
463660,-0.47851647973121025,-0.7165083134507045,0.0,0.23799183371949428
464067,-15.847591353712446,-14.42315751881844,3.0,-1.424433834894005
464107,-13.421926196524723,-13.328642595015625,3.0,-0.09328360150909809
464447,-136.36851284924043,-133.20235343926416,83.0,-3.1661594099762738
464473,-0.4694323310601975,-0.4945591252023948,0.0,0.025126794142197317
464562,-5.194083856933695,-5.105303536835412,1.0,-0.08878032009828285
464610,-16.461898003015815,-16.646417342673118,5.0,0.18451933965730305
464638,-5.186238827376607,-5.031528047571152,1.0,-0.15471077980545456
464811,-1.2964391991719622,-1.797203676541889,0.0,0.5007644773699269
464858,-17.404714321108152,-18.15683374467182,5.0,0.7521194235636699
464929,-3.004745318598399,-3.475687247261806,0.0,0.4709419286634069
464934,-8.574247953342452,-8.333993944996546,1.0,-0.2402540083459055
465007,-18.577703109144846,-17.434912693952683,4.0,-1.142790415192163
465157,-5.6943168972107,-5.928719542456107,1.0,0.23440264524540666
465373,-90.36145356024215,-90.77621597933644,44.0,0.4147624190942878
465487,-5.118989952676988,-4.913239248693383,1.0,-0.20575070398360484
465506,-14.552640683691617,-13.871451585240845,3.0,-0.6811890984507727
465517,-5.172704642456088,-5.2338771288309855,1.0,0.061172486374897694
465684,-9.290571495943514,-9.447647970825624,2.0,0.15707647488211052
465791,-0.6120149576680789,-0.8332610150001105,0.0,0.22124605733203162
465831,-20.126774567037444,-20.105083244843872,6.0,-0.02169132219357195
466030,-8.359320550353582,-8.566364776432732,2.0,0.20704422607914985
466149,-5.732758727419267,-4.402076678097476,0.0,-1.3306820493217906
466165,-9.786523416019218,-9.937135301225988,2.0,0.1506118852067697
466366,-24.64678118770512,-24.24055943010652,7.0,-0.40622175759860113
466499,-19.242069924060292,-18.95602901231205,5.0,-0.2860409117482412
466581,-37.83015811370572,-39.115453180851254,16.0,1.2852950671455332
466647,-29.141463988106327,-30.289952182879627,11.0,1.1484881947733
466805,-3.641471122864759,-2.883948536908153,0.0,-0.7575225859566062
467087,-1.1764843702996421,-1.5745486301979148,0.0,0.39806425989827265
467286,-28.63400771305512,-28.84302274487017,11.0,0.2090150318150492
467337,-5.27648772715686,-5.376815229290785,1.0,0.10032750213392472
467468,-0.9803654052614246,-1.3257184064657923,0.0,0.34535300120436774
467546,-5.03809600524554,-4.956250832651767,1.0,-0.08184517259377344
467579,-23.330725937645024,-23.137544772646468,7.0,-0.1931811649985562
467590,-114.60153237366157,-112.53485683963116,54.0,-2.0666755340304093
467802,-10.203705310135623,-9.853527804957483,2.0,-0.3501775051781397
467825,-5.3478932480888295,-4.981524190389728,1.0,-0.3663690576991012
467955,-23.688821586727535,-23.721038945883993,6.0,0.032217359156458514
467966,-15.82513472813107,-15.328047271123571,4.0,-0.497087457007499
468081,-6.110262262633858,-6.148688906388331,1.0,0.03842664375447313
468177,-8.834019137761887,-8.674478476285614,2.0,-0.15954066147627266
468181,-5.194898196733134,-5.121002748144718,1.0,-0.07389544858841646
468199,-7.562425658391217,-6.5397273353160665,1.0,-1.0226983230751507
468389,-5.015009733501414,-5.093305346016242,1.0,0.07829561251482797
468507,-10.332851590869115,-10.766223704179298,2.0,0.4333721133101829
468855,-20.671878840802155,-21.363108608824433,4.0,0.6912297680222785
469012,-24.165875794597245,-23.65438326076024,7.0,-0.5114925338370035
469108,-17.45551136173471,-17.61541702632809,5.0,0.15990566459337785
469280,-0.7630827595262815,-1.2944121567105955,0.0,0.531329397184314
469380,-5.178167920834459,-5.147371482594248,1.0,-0.030796438240210833
469500,-14.599170016632078,-14.125621316065864,3.0,-0.473548700566214
469606,-18.88186656662567,-23.091609572948645,5.0,4.209743006322974
469635,-6.636365879105256,-5.831241901532887,0.0,-0.8051239775723689
469839,-18.187436048244088,-17.92130311402542,5.0,-0.26613293421866757
469842,-36.81551422715978,-39.66324843537557,13.0,2.8477342082157904
469892,-1.4327338805888754,-1.679276837323478,0.0,0.2465429567346027
470105,-27.364503040615915,-27.2384660534538,10.0,-0.12603698716211653
470137,-9.450782524315107,-9.208295653635211,2.0,-0.24248687067989572
470339,-4.153531968007066,-4.217169960302352,1.0,0.06363799229528588
470364,-1.2055608333143688,-1.3592630002433388,0.0,0.15370216692896999
470402,-28.402829247665593,-28.061760648836987,10.0,-0.3410685988286062
470437,-26.25056621389926,-26.617186924655837,6.0,0.3666207107565782
470598,-19.120741574575344,-19.155743434091235,6.0,0.03500185951589074
470601,-35.17422538567427,-33.25396855662671,9.0,-1.9202568290475597
470943,-9.768863299734457,-9.566997567482847,2.0,-0.2018657322516102
471005,-9.619957067293104,-9.391311871313617,2.0,-0.22864519597948707
471044,-54.38132431778217,-55.056372062093445,23.0,0.6750477443112715
471298,-2.5264991766381577,-3.0624779105023916,0.0,0.5359787338642339
471340,-2.381416142518088,-2.6315463106470705,0.0,0.25013016812898226
471368,-62.07228520566712,-61.55520586955671,29.0,-0.5170793361104131
471453,-19.515271511703983,-19.418489511402196,5.0,-0.0967820003017863
471474,-18.964524297914256,-18.475106375341923,5.0,-0.48941792257233274
471573,-7.992547627525483,-8.652170520493994,2.0,0.6596228929685113
471658,-21.863854976215745,-21.340037504483934,6.0,-0.5238174717318103
471752,-40.157163949682335,-41.23219365548516,15.0,1.0750297058028266
471836,-59.535653372901564,-59.671613509232735,29.0,0.1359601363311711
471897,-30.32436203046127,-30.209559940117657,11.0,-0.11480209034361266
471915,-163.64650838326298,-180.6333770680958,56.0,16.986868684832814
472079,-8.338912480331945,-8.363500728449413,2.0,0.024588248117467515
472239,-15.121334460175571,-15.521814820605126,4.0,0.4004803604295546
472515,-13.677549303709256,-13.373962556087758,3.0,-0.3035867476214982
472629,-0.28306834655959984,-0.4832487118788728,0.0,0.20018036531927297
472632,-28.637099430354468,-28.695981943017312,10.0,0.05888251266284428
472702,-9.66428950844365,-10.007449674267194,2.0,0.34316016582354436
472767,-18.09557762598957,-17.841411897057753,5.0,-0.25416572893181666
472815,-22.420921148410034,-22.02728446734237,7.0,-0.39363668106766525
472816,-5.89015633504206,-5.293366216776879,1.0,-0.5967901182651811
472918,-9.382734320039486,-8.962185676364056,2.0,-0.42054864367542955
473039,-12.801425006875704,-12.366175992443011,3.0,-0.43524901443269215
473519,-19.241884515383806,-19.14668377651591,6.0,-0.09520073886789504
473542,-13.561325819230598,-13.975912788460588,4.0,0.4145869692299904
473548,-41.2646675036639,-41.22561491639483,17.0,-0.039052587269068795
473551,-7.740691905138548,-7.934226296964038,0.0,0.19353439182548993
473753,-89.12709016434863,-83.94177976680996,58.0,-5.185310397538672
473777,-11.956801989884463,-11.922152294892848,3.0,-0.03464969499161441
473810,-21.416802377919684,-21.9673692255519,6.0,0.550566847632215
473838,-37.330242846839106,-37.27643549230229,15.0,-0.053807354536814955
473843,-1.298139219726287,-1.213407385993424,0.0,-0.08473183373286308
473853,-16.970572039307086,-16.488411924021943,4.0,-0.4821601152851436
473902,-1.4302868486620017,-1.705509361252212,0.0,0.27522251259021036
474032,-1.9334255720717373,-2.8771628340997326,0.0,0.9437372620279953
474039,-12.330181203852392,-12.001194622570829,3.0,-0.3289865812815638
474050,-0.6912524113085188,-0.9919604147757703,0.0,0.3007080034672516
474269,-9.190873622536055,-8.810393999361464,2.0,-0.3804796231745904
474358,-12.600214030347693,-12.587658820417316,3.0,-0.012555209930377842
474412,-59.54722682590386,-58.560153164231984,27.0,-0.9870736616718787
474419,-51.076399361236405,-45.413584641842384,13.0,-5.662814719394021
474513,-32.394857134843825,-32.3951837841387,13.0,0.00032664929487680183
474613,-8.5767366676728,-8.395591142214117,2.0,-0.1811455254586818
474645,-17.638208354635726,-17.76802497551974,5.0,0.12981662088401436
474710,-45.179305262101586,-44.01555882563617,14.0,-1.1637464364654164
474966,-17.89721305578968,-17.84722489142421,5.0,-0.0499881643654696
475020,-24.004274569352162,-24.07296568764494,7.0,0.06869111829277585
475034,-24.68564118110514,-24.19481862486744,8.0,-0.4908225562376991
475085,-14.259609336050008,-17.18732993949207,2.0,2.9277206034420615
475111,-9.894015532592476,-9.786719343791374,2.0,-0.10729618880110259
475116,-21.255686515464788,-20.875983296180223,6.0,-0.37970321928456485
475200,-20.22420891034581,-20.461343896118574,6.0,0.23713498577276582
475316,-37.36912242325639,-38.981059315035694,16.0,1.611936891779301
475370,-15.614192117993664,-15.1631591497666,4.0,-0.4510329682270644
475437,-6.553527428384866,-7.759781905039661,0.0,1.2062544766547951
475525,-1.2428187265879542,-1.375395083786609,0.0,0.13257635719865468
475609,-56.90913914051475,-56.95210646220684,21.0,0.042967321692088944
475652,-15.98895829389113,-15.02995323309668,4.0,-0.9590050607944498
475697,-29.0723377479922,-28.85099914952758,9.0,-0.22133859846461945
475830,-4.088862014366001,-4.016706604235063,0.0,-0.07215541013093763
475850,-8.574685672974523,-8.51449933837041,2.0,-0.060186334604113156
475876,-3.0765959276532957,-3.798894214753332,0.0,0.7222982871000365
475951,-8.78582541611515,-8.612163778716177,2.0,-0.17366163739897367
476182,-0.8574792901932337,-1.0534148213370411,0.0,0.19593553114380746
476224,-68.63333934786158,-69.92796853995772,19.0,1.2946291920961386
476304,-9.624449408567902,-10.269461925451544,2.0,0.6450125168836429
476412,-3.7561193566066677,-4.581433616170676,0.0,0.8253142595640082
476423,-5.13077095274694,-5.127445658831266,1.0,-0.0033252939156742656
476647,-1.6818378290848293,-2.376552505737341,0.0,0.6947146766525119
476655,-4.318547573899254,-4.40213706818364,1.0,0.08358949428438578
476812,-64.76926050165484,-62.0405930115836,32.0,-2.7286674900712384
476831,-32.76282557280072,-33.287836542143936,12.0,0.5250109693432137
477081,-0.9123865160614042,-1.2786517099972348,0.0,0.36626519393583057
477119,-9.694782754856169,-9.345652398792438,2.0,-0.3491303560637302
477140,-5.490573234246524,-5.451909750582409,1.0,-0.03866348366411465
477334,-28.29627729443514,-27.269851243894102,7.0,-1.026426050541037
477357,-11.70214135025028,-10.705907573701916,2.0,-0.9962337765483635
477416,-9.89399868040505,-9.45997805546028,2.0,-0.43402062494477
477425,-28.276978921153543,-29.185624428715297,7.0,0.9086455075617543
477438,-10.812949781859531,-10.33982870367918,2.0,-0.4731210781803519
477459,-1.2583626905479863,-1.6467528082356195,0.0,0.3883901176876332
477480,-48.48026759898246,-53.9084151391224,16.0,5.428147540139939
477664,-22.58069997376451,-26.691756771540977,4.0,4.111056797776467
477785,-12.051935306420281,-11.889418067823662,3.0,-0.16251723859661915
477915,-2.6481297679629265,-3.2808021469594015,0.0,0.632672378996475
478195,-37.45877155598962,-40.69221142536348,13.0,3.2334398693738606
478224,-31.670471234859722,-32.03784350526502,11.0,0.3673722704053013
478298,-14.431845175004893,-14.415414069012032,4.0,-0.01643110599286146
478303,-9.432287760757488,-9.494911228987371,2.0,0.06262346822988363
478497,-22.069581285874236,-21.424555599023144,5.0,-0.645025686851092
478500,-53.7103454818685,-52.65270491421925,23.0,-1.0576405676492513
478619,-1.8388366515010894,-2.729366313096712,0.0,0.8905296615956224
478683,-20.010604156318422,-21.566950725945073,8.0,1.5563465696266512
478716,-8.283797587432732,-5.791841634510712,1.0,-2.4919559529220194
478734,-46.70274333442026,-48.552871725368014,23.0,1.8501283909477522
478743,-22.60848373551579,-29.75435149248133,6.0,7.14586775696554
478757,-5.389119406213065,-5.4977564372527095,1.0,0.1086370310396445
478843,-1.1674145578732384,-1.3690272932768088,0.0,0.2016127354035704
478866,-66.53713667688092,-69.49326564789547,28.0,2.95612897101455
478899,-12.306144283870974,-12.389555715245972,3.0,0.08341143137499785
478903,-0.6608133419346062,-0.8361314937071853,0.0,0.17531815177257914
478938,-9.537373698397111,-9.0318900399087,2.0,-0.5054836584884121
479014,-2.6112000536369613,-3.111319012432068,0.0,0.5001189587951069
479071,-34.85407376908656,-25.764804417445372,4.0,-9.089269351641189
479074,-20.32672602919141,-19.023845686447512,5.0,-1.3028803427438973
479140,-7.302752064940882,-6.086191045535981,0.0,-1.2165610194049012
479145,-7.502386791295766,-7.310173947956214,1.0,-0.19221284333955246
479157,-5.53823699801659,-5.037636072036107,1.0,-0.5006009259804829
479163,-4.949145990840985,-5.1157186897217635,0.0,0.16657269888077852
479179,-25.418371080972495,-25.19191813478678,8.0,-0.22645294618571654
479328,-10.762117928078103,-11.298838791760046,2.0,0.5367208636819427
479407,-19.2260273678295,-18.849824111176755,5.0,-0.3762032566527438
479410,-29.111355222350873,-28.73572187017915,10.0,-0.37563335217172167
479436,-23.323810343379506,-23.606114731798247,7.0,0.2823043884187406
479438,-32.87891792744089,-33.04916955356129,12.0,0.1702516261204039
479541,-19.6784047190394,-21.42645539321706,5.0,1.7480506741776622
479590,-5.451308736848169,-6.062534480715693,0.0,0.6112257438675242
479608,-30.435420232376742,-30.90629099505608,9.0,0.47087076267933625
479652,-15.110389635621425,-14.545603442704753,4.0,-0.5647861929166726
479699,-15.24423308695862,-14.351306087568652,3.0,-0.8929269993899673
479905,-21.2533720916069,-21.46063062750213,7.0,0.2072585358952317
479914,-0.6517779063366985,-1.0584996906916646,0.0,0.4067217843549661
479924,-4.065662291563129,-4.244171998951267,0.0,0.17850970738813832
480150,-18.1846427215143,-18.28599994160921,5.0,0.10135722009490777
480152,-29.31405234710387,-29.211685242897975,8.0,-0.10236710420589645
480162,-0.6961503338980727,-0.9944170299675166,0.0,0.2982666960694439
480172,-45.1685726095511,-46.43519224536593,19.0,1.266619635814834
480190,-24.509631828387263,-29.43504007063048,4.0,4.925408242243215
480205,-8.377823468266588,-7.967883239210417,2.0,-0.4099402290561702
480281,-7.9318116369690355,-8.13948856085712,1.0,0.20767692388808534
480483,-5.428432320443196,-5.5084352887449475,1.0,0.08000296830175113
480497,-65.89211331188142,-67.99844749836585,25.0,2.106334186484432
480533,-0.6197601295600539,-1.116852167383972,0.0,0.4970920378239181
480640,-18.985663508133367,-19.73600213247074,6.0,0.750338624337374
480727,-5.385302915443818,-5.476602156007485,1.0,0.091299240563667
481031,-13.976235712315402,-13.768406136833564,3.0,-0.20782957548183845
481153,-17.228926404983547,-19.22307662533269,3.0,1.9941502203491446
481173,-21.666458238292883,-21.485025275811378,7.0,-0.1814329624815052
481235,-9.662205190959195,-9.954852574902626,2.0,0.2926473839434305
481279,-18.934853364937236,-19.26062645812561,6.0,0.3257730931883742
481413,-9.625046282006041,-10.221492251711071,2.0,0.5964459697050302
481521,-15.789967157565556,-15.28706079836246,4.0,-0.5029063592030969
481607,-8.793493980414551,-8.572806039465906,2.0,-0.22068794094864508
481643,-5.35257935854154,-5.267118751981191,1.0,-0.08546060656034893
481778,-1.0480999981966808,-1.4026805334522898,0.0,0.35458053525560906
481814,-24.831916018647355,-18.51336515667943,4.0,-6.318550861967925
481843,-1.2091351135611492,-1.5431650507799657,0.0,0.33402993721881646
481846,-18.15237438413211,-18.03305363924391,4.0,-0.11932074488819921
481935,-137.43618669692577,-142.64467002072348,54.0,5.208483323797708
482049,-8.203762542383803,-8.640238654376354,2.0,0.4364761119925511
482177,-76.10384652882496,-76.97573377401659,32.0,0.8718872451916297
482364,-4.274252195556476,-4.104265706926985,1.0,-0.1699864886294904
482519,-1.195816468798814,-1.5099644930413716,0.0,0.3141480242425576
482522,-70.17640675261289,-66.35157931790935,36.0,-3.8248274347035363
482581,-14.430167910657318,-13.06963097672723,3.0,-1.3605369339300868
482603,-20.638902341074292,-20.282292245965476,5.0,-0.3566100951088167
482789,-13.776525387438852,-13.813157397497044,4.0,0.03663201005819161
482852,-56.11481671143254,-55.873097330230294,27.0,-0.24171938120224468
483014,-18.69979113263247,-18.42429853796092,5.0,-0.27549259467155096
483096,-26.152842987702734,-25.67163502109643,8.0,-0.48120796660630205
483125,-7.807831122656491,-8.394474876188527,2.0,0.5866437535320355
483312,-22.529845906626846,-22.258837191207636,6.0,-0.27100871541921023
483347,-10.806748203409366,-9.34406178948556,2.0,-1.462686413923807
483357,-9.565820676348487,-11.17478644793336,1.0,1.6089657715848737
483371,-167.3179412862113,-161.49866304200577,112.0,-5.81927824420552
483418,-20.745616349916403,-20.87009027339544,7.0,0.1244739234790373
483489,-16.688703216778457,-16.747274936530104,4.0,0.05857171975164732
483696,-21.946875568269036,-21.37220271961245,7.0,-0.5746728486565864
483745,-9.908370777167002,-9.469035646794833,2.0,-0.43933513037216976
483807,-22.657031637516194,-22.728089821474317,7.0,0.07105818395812236
483991,-69.86184549331162,-68.39827732118454,25.0,-1.4635681721270828
484001,-4.692778644803468,-4.9421514713018455,1.0,0.24937282649837744
484085,-4.939457087271519,-5.196256116462811,1.0,0.25679902919129205
484136,-38.56452110198847,-38.64961977072319,13.0,0.08509866873472305
484169,-18.055160424217448,-17.385688858842776,4.0,-0.6694715653746712
484177,-12.007968855969422,-12.155274458053835,3.0,0.14730560208441368
484193,-25.276269283420685,-24.50010339688703,6.0,-0.7761658865336543
484216,-44.1814311217712,-47.294851434835834,13.0,3.113420313064637
484396,-2.1872814952128525,-2.0613499106180795,0.0,-0.12593158459477305
484453,-12.224449998504266,-12.15849360427684,3.0,-0.06595639422742572
484655,-5.363753917629622,-5.168932095764015,1.0,-0.19482182186560681
484697,-67.36021361838472,-66.41893921289866,37.0,-0.9412744054860553
484724,-25.560969192040947,-25.268062910178287,8.0,-0.29290628186265977
485025,-10.573289376531454,-9.890638441741832,2.0,-0.6826509347896224
485105,-25.987824085038476,-25.300335200905707,7.0,-0.6874888841327689
485259,-5.109712658342106,-5.037352843641247,1.0,-0.07235981470085928
485457,-15.96351386053957,-15.493650058399847,4.0,-0.4698638021397219
485604,-24.37132172050265,-24.046761163301365,8.0,-0.3245605572012842
485624,-5.05251091719892,-5.085857375178462,1.0,0.033346457979542166
485876,-4.997344995794126,-5.23491398132611,1.0,0.23756898553198358
485878,-22.938510689258543,-22.17461349401161,6.0,-0.7638971952469333
485894,-20.9733472291829,-17.44369594514906,4.0,-3.5296512840338394
486000,-36.82466977929211,-36.94989338317814,17.0,0.1252236038860346
486270,-30.198102085711817,-30.10996532905715,9.0,-0.08813675665466647
486340,-25.165963863379044,-25.069269756449195,7.0,-0.09669410692984926
486574,-2.4067508368659105,-2.720469526737217,0.0,0.31371868987130647
486613,-0.4946270515150245,-0.598350838126771,0.0,0.10372378661174653
486708,-27.030804633842326,-26.93288502560738,9.0,-0.09791960823494605
486781,-6.1736604462980536,-5.230928065039188,1.0,-0.9427323812588657
486817,-31.67392680384566,-30.71030488516156,9.0,-0.9636219186841011
486967,-49.30873130737162,-52.10813451549425,15.0,2.7994032081226266
487041,-19.04099657835076,-18.92246862908998,5.0,-0.11852794926078047
487087,-16.705172548940286,-16.839621870025752,5.0,0.1344493210854658
487510,-8.689317351951066,-8.373252144625024,1.0,-0.3160652073260426
487649,-70.84040342293942,-70.41347802100344,28.0,-0.42692540193597495
487715,-32.36647665234503,-31.83381771633329,10.0,-0.5326589360117389
487765,-20.549427610572888,-20.3266390613145,6.0,-0.22278854925838942
487822,-10.434642665828278,-10.08805683709916,2.0,-0.34658582872911836
487832,-71.15514282797868,-75.75675851920647,22.0,4.601615691227792
487928,-32.94009373830959,-33.1819624045418,10.0,0.24186866623220737
487954,-25.82128890450089,-26.29918240184453,7.0,0.47789349734363995
488036,-8.644852098859143,-8.582516557097026,2.0,-0.062335541762116975
488115,-6.036201262224849,-5.391104595481929,1.0,-0.6450966667429201
488116,-15.59264122962669,-14.502360962652814,4.0,-1.0902802669738758
488297,-195.9144251435455,-208.57632077989769,77.0,12.661895636352199
488448,-1.3957508908479375,-1.976603173985583,0.0,0.5808522831376455
488619,-20.510054737673784,-19.422166312203956,5.0,-1.0878884254698278
488643,-18.03405240277229,-17.755729837138333,5.0,-0.27832256563395674
488843,-8.814757324880203,-8.777893052339277,2.0,-0.03686427254092628
488880,-19.87372688960277,-20.465088679721426,6.0,0.5913617901186541
488914,-25.551637113618078,-24.822489446954215,7.0,-0.729147666663863
488976,-40.85071529150888,-41.24268129424541,16.0,0.39196600273653104
489070,-28.420889885281692,-29.591327678612807,9.0,1.1704377933311143
489247,-4.928528285608744,-4.926507494828484,1.0,-0.0020207907802598513
489254,-14.664188000785053,-14.550370389730272,4.0,-0.11381761105478105
489565,-38.65690666553227,-38.63144339850179,16.0,-0.025463267030481518
489993,-11.505295560169994,-11.479421194651474,3.0,-0.025874365518520293
490176,-11.37594980783429,-10.137702697559073,2.0,-1.2382471102752177
490201,-50.67165213213041,-49.935151565214994,17.0,-0.7365005669154172
490287,-7.3254730419572445,-7.725592511482129,2.0,0.40011946952488486
490312,-29.260693992728214,-29.27721851979675,9.0,0.0165245270685368
490351,-0.8777937177843521,-0.9632901868406928,0.0,0.08549646905634067
490472,-5.848673308345978,-5.817310312018185,1.0,-0.03136299632779327
490536,-1.072039456601456,-0.3643908169332255,0.0,-0.7076486396682304
490693,-12.359632241215115,-11.97862868012483,3.0,-0.3810035610902851
490716,-31.037851002078966,-31.18315198274467,10.0,0.14530098066570218
490777,-5.850149670734363,-6.327644535712721,1.0,0.47749486497835747
490792,-15.091444949196976,-14.564966870406169,3.0,-0.5264780787908077
490903,-17.545997189711006,-17.542887651187055,5.0,-0.0031095385239510165
491045,-0.9163431232032614,-1.5200414765362402,0.0,0.6036983533329788
491082,-21.435676332598803,-20.941241887579107,6.0,-0.4944344450196958
491156,-2.113509980416444,-2.3546323969169727,0.0,0.24112241650052857
491196,-8.953699312632416,-9.137544230404036,2.0,0.18384491777161927
491243,-29.5620442887046,-30.887483035613705,10.0,1.3254387469091036
491498,-35.49927317034997,-35.77407279201844,13.0,0.27479962166846406
491533,-1.1479506530194459,-1.3355615124506268,0.0,0.18761085943118094
491700,-39.54259437888198,-41.86154553694169,16.0,2.3189511580597113
491892,-20.878176761496437,-20.45899850834391,6.0,-0.419178253152527
492187,-7.55059773660463,-7.718260358835332,1.0,0.1676626222307016
492239,-12.25989678578387,-11.874162084438296,2.0,-0.385734701345573
492373,-42.83644935942004,-42.32756502644179,11.0,-0.5088843329782478
492387,-13.242376638994353,-13.3559447707077,0.0,0.11356813171334679
492463,-9.353086295671622,-9.109932549036374,2.0,-0.24315374663524736
492526,-1.6830286687071194,-2.440069131136554,0.0,0.7570404624294345
492550,-0.2756312197367269,-0.5714670257019945,0.0,0.2958358059652676
492578,-80.23051380662056,-79.179536698414,46.0,-1.0509771082065669
492633,-46.961521920467,-50.73220975697345,14.0,3.770687836506447
492637,-8.647303622490169,-8.538880903415757,2.0,-0.10842271907441159
492744,-5.237727510883096,-5.11920987015313,1.0,-0.11851764072996662
492767,-41.322570108624376,-41.56947167048921,14.0,0.24690156186483136
492772,-138.39423661991657,-133.8927660245362,101.0,-4.501470595380368
492778,-32.59538239522903,-31.770850685999665,9.0,-0.8245317092293654
492936,-12.988184583874554,-12.731277593284815,3.0,-0.256906990589739
492959,-15.840438640663365,-15.364673236101556,1.0,-0.47576540456180894
493067,-26.57333571589413,-26.316892431988418,9.0,-0.256443283905714
493107,-23.684389384254786,-24.529705400920992,7.0,0.8453160166662066
493320,-41.6601832608817,-41.02417545091364,13.0,-0.6360078099680635
493441,-33.023895630307514,-33.9096936067231,12.0,0.8857979764155886
493476,-1.8538765329596516,-1.7790166387450392,0.0,-0.07485989421461237
493572,-37.516138274578566,-38.19260115711948,11.0,0.6764628825409176
493621,-19.40039468006048,-21.50659706516964,6.0,2.1062023851091602
493709,-20.137789501191868,-20.301115749398427,6.0,0.16332624820655894
493753,-1.5668357009027298,-1.9210929242319112,0.0,0.3542572233291814
493806,-15.417587667124156,-14.708408106622676,3.0,-0.7091795605014806
493816,-11.102340052833858,-11.32450092334048,2.0,0.22216087050662203
493817,-19.879473005006005,-18.97439968592788,5.0,-0.9050733190781237
493890,-0.9385270660342038,-1.2993268380396772,0.0,0.3607997720054734
493959,-38.61096932965225,-38.720178319885065,16.0,0.1092089902328155
493960,-79.56437888630946,-82.98003076445495,42.0,3.4156518781454963
494032,-106.07395159515228,-117.05376324774362,50.0,10.979811652591337
494136,-4.564131349255284,-4.684967724463741,1.0,0.12083637520845691
494137,-14.049905533984445,-13.308094075437486,3.0,-0.7418114585469588
494295,-2.08026450068126,-2.8007683404879575,0.0,0.7205038398066974
494310,-11.304134002933031,-10.81396488290802,2.0,-0.49016912002501023
494613,-5.467986395856128,-5.349849507886472,1.0,-0.11813688796965582
494635,-7.279523173969315,-7.666494521544906,1.0,0.3869713475755914
494679,-71.85438992183033,-72.37084471312096,36.0,0.5164547912906272
494738,-73.58611571257875,-75.55917518844205,26.0,1.9730594758633089
494905,-3.988261306650502,-4.103551994583149,0.0,0.11529068793264674
494952,-8.806856858739932,-8.662434717828283,2.0,-0.14442214091164907
495001,-12.081111008284905,-11.979591999098847,3.0,-0.10151900918605783
495002,-6.593469135075142,-6.986292065860579,1.0,0.39282293078543695
495309,-2.4085299285187296,-2.4743622430304213,0.0,0.06583231451169169
495347,-2.657071103363088,-2.5965904255850556,1.0,-0.060480677778032454
495415,-23.988960471228914,-23.53175324578514,7.0,-0.45720722544377423
495469,-7.102781434581928,-6.816835589010397,0.0,-0.2859458455715309
495482,-137.604772528382,-151.9016530896263,56.0,14.296880561244308
495506,-44.75495851688968,-45.28620046168068,17.0,0.5312419447909988
495596,-15.646183240459822,-15.494531356250391,4.0,-0.15165188420943032
495674,-7.699814271703393,-8.690443370482775,1.0,0.9906290987793822
495692,-34.910236423834604,-34.574924062259,10.0,-0.3353123615756033
495707,-1.2285318566370893,-1.2325439212590437,0.0,0.004012064621954359
495916,-53.280831027821264,-53.21478518195663,24.0,-0.06604584586463602
495941,-26.881815974406045,-27.33967104663833,6.0,0.4578550722322845
496029,-12.062661466588782,-12.434144487245923,3.0,0.37148302065714134
496183,-5.1708700312151885,-5.03323678311491,1.0,-0.13763324810027822
496310,-18.393943229363725,-18.605846237294497,4.0,0.211903007930772
496316,-23.50837285086948,-22.995370026378424,5.0,-0.5130028244910569
496336,-5.234142284421564,-5.356984890562674,1.0,0.12284260614111009
496344,-34.872097276135015,-34.172490282045956,12.0,-0.6996069940890592
496354,-15.07322813258689,-14.517037618207898,4.0,-0.5561905143789918
496361,-28.90685663108307,-27.869016428232623,8.0,-1.0378402028504468
496446,-1.156824801486248,-1.0726605211047395,0.0,-0.08416428038150858
496450,-5.377835971373563,-5.121997472469667,1.0,-0.25583849890389576
496490,-0.24899542063018537,-0.3778023858139273,0.0,0.1288069651837419
496549,-14.077493741314331,-14.504174854431126,4.0,0.42668111311679446
496621,-13.106113056618353,-12.965899832646992,3.0,-0.1402132239713616
496723,-7.455450632138522,-6.9220454367626365,1.0,-0.5334051953758854
496778,-9.04544948623904,-9.220651633927096,2.0,0.1752021476880561
496880,-12.357559020076053,-12.504282700158791,3.0,0.14672368008273828
496954,-14.625807064125341,-14.474444927688667,3.0,-0.15136213643667418
497355,-9.634058172822872,-9.21211323528269,2.0,-0.42194493754018225
497367,-11.912361644069977,-11.917206172577014,3.0,0.004844528507037538
497374,-15.620127795728994,-20.307718671360288,2.0,4.687590875631294
497379,-32.209534439305166,-31.8244339250784,12.0,-0.3851005142267674
497435,-14.056854876034974,-13.984258052471477,4.0,-0.07259682356349728
497528,-10.288910015392299,-9.493146019037749,2.0,-0.79576399635455
497557,-1.098045043711192,-1.3591027702226213,0.0,0.26105772651142933
497560,-42.9578370621243,-44.28662417343596,14.0,1.3287871113116623
497764,-98.18686769818535,-105.51564192047113,47.0,7.328774222285773
497794,-22.595496561347982,-22.360851127862965,6.0,-0.2346454334850172
497835,-9.888180047687444,-9.402201299064991,2.0,-0.4859787486224523
497889,-13.860524601675392,-13.77112061585068,3.0,-0.08940398582471154
497954,-9.781549163964963,-10.628810833102465,1.0,0.8472616691375023
497998,-13.633261215181225,-14.036957217712985,3.0,0.40369600253175975
498099,-36.867319373281795,-36.016245479662345,11.0,-0.85107389361945
498101,-0.6946371934231467,-1.0587900640711945,0.0,0.3641528706480478
498179,-7.177753558277417,-7.0773375605640565,1.0,-0.10041599771336074
498217,-9.944924109074261,-9.640024901608658,2.0,-0.30489920746560273
498340,-10.101514121805709,-9.505188057633587,2.0,-0.5963260641721213
498380,-14.037479881107448,-13.875173069532876,4.0,-0.16230681157457205
498411,-21.033254422340953,-20.80585676482711,6.0,-0.2273976575138441
498435,-42.146062358215126,-40.17873779120354,11.0,-1.9673245670115875
498488,-36.22562551465598,-36.843664144216184,15.0,0.6180386295602034
498582,-23.263262525959536,-23.80739448845368,8.0,0.544131962494145
498609,-52.95035320380048,-53.66421058362703,16.0,0.7138573798265497
498659,-28.70007889088757,-28.30194031135806,10.0,-0.3981385795295118
498774,-5.160372085299542,-5.127902903057723,1.0,-0.032469182241819716
498848,-77.2683210082963,-81.79991960217723,34.0,4.531598593880929
498895,-2.0058818976545343,-2.648452674054931,0.0,0.6425707764003965
498969,-10.338853684980291,-11.515642727437536,1.0,1.1767890424572442
498978,-47.87824224791765,-47.44200667729999,17.0,-0.4362355706176544
498996,-9.762487092761894,-9.4275079026412,2.0,-0.3349791901206949
499010,-7.614233969219952,-5.446237449836789,1.0,-2.1679965193831627
499100,-33.379449243575635,-32.916591079041034,11.0,-0.4628581645346017
499424,-6.037087056993059,-6.124881492560181,1.0,0.08779443556712252
499600,-45.09647676863121,-46.46102362496507,21.0,1.3645468563338596
499636,-0.9312589898594922,-1.0411153524922276,0.0,0.10985636263273546
499710,-17.041893725801625,-16.674287849147234,4.0,-0.36760587665439104
499720,-4.907766148626055,-5.068962568712521,1.0,0.1611964200864655
499775,-4.665589734561397,-4.8049865365234945,1.0,0.13939680196209725
500004,-8.930347660747124,-8.827758417255463,2.0,-0.10258924349166065
500056,-5.094352914057648,-5.590720856907874,1.0,0.4963679428502257
500063,-1.7060607605451317,-1.8571427553365416,0.0,0.15108199479140993
500228,-9.934177142570585,-9.725383463538872,2.0,-0.20879367903171264
500331,-23.30699921823685,-23.269139229131024,7.0,-0.037859989105825775
500776,-5.43236177491398,-5.338714527010998,1.0,-0.0936472479029824
500797,-21.385439889374545,-20.54885961051659,5.0,-0.836580278857955
500820,-26.266923727370127,-26.14771814871851,8.0,-0.1192055786516164
500824,-1.030645358899624,-0.8430453163281241,0.0,-0.18760004257149998
500932,-60.01702531646621,-59.14319865067928,27.0,-0.8738266657869289
501004,-1.495889101824415,-1.576697457206381,0.0,0.08080835538196607
501132,-12.863504863613842,-13.004164685152489,3.0,0.1406598215386463
501174,-17.122809761998067,-16.624983647211412,4.0,-0.4978261147866547
501307,-10.468989728256798,-10.194182792688553,2.0,-0.274806935568245
501315,-4.823064179079708,-5.38238705372402,1.0,0.5593228746443124
501340,-13.50003647254129,-12.831128700394464,3.0,-0.6689077721468255
501365,-44.77254065898286,-44.765980449625005,15.0,-0.006560209357857616
501428,-18.243745034748418,-18.573803638920953,5.0,0.3300586041725353
501445,-51.39239083980328,-51.37913218253057,19.0,-0.013258657272707808
501482,-54.386381222211256,-54.61141990557164,22.0,0.22503868336038124
501515,-27.331235245699496,-27.544084488731947,10.0,0.21284924303245134
501523,-54.57154860493795,-78.11110481392248,24.0,23.53955620898453
501533,-15.202565134893481,-14.482261579122843,3.0,-0.7203035557706379
501657,-7.576988581922444,-7.143459175118773,1.0,-0.4335294068036708
501753,-5.363563148644953,-5.466674002127156,1.0,0.10311085348220228
501873,-35.352828896523945,-35.52897142457394,12.0,0.17614252804999353
502109,-7.869945186452803,-8.170445132670274,2.0,0.3004999462174709
502204,-37.98831184758651,-38.10770504014256,14.0,0.1193931925560534
502253,-14.469417776705706,-13.811159820784107,3.0,-0.6582579559215986
502289,-5.341166681049403,-5.236851518633975,1.0,-0.10431516241542838
502374,-19.059303391145335,-18.908371286873052,5.0,-0.15093210427228243
502387,-13.605375898856826,-13.681983261015002,4.0,0.07660736215817643
502472,-33.820928284417526,-33.59131935382691,11.0,-0.22960893059061505
502593,-19.80780665577439,-19.78245888817158,6.0,-0.025347767602809768
502761,-21.44352713145853,-20.41719272465429,6.0,-1.0263344068042421
502765,-21.06533529377076,-21.22864482229968,6.0,0.1633095285289201
502798,-72.38438140615396,-75.52594547978109,39.0,3.141564073627123
502833,-4.070030515502079,-4.041201995556157,0.0,-0.028828519945922615
502976,-20.817754867895577,-20.896643233126557,6.0,0.07888836523098064
503208,-6.229818961075826,-5.512103038608307,1.0,-0.7177159224675185
503218,-32.83011738471832,-32.84505890903737,10.0,0.014941524319048938
503614,-22.136200952354212,-22.346775313138263,6.0,0.2105743607840509
503637,-5.921381529794833,-5.516093959578467,1.0,-0.4052875702163661
503734,-11.939031629940462,-12.188808004574224,3.0,0.24977637463376112
503818,-11.895887821903203,-11.413384944227602,3.0,-0.48250287767560174
503910,-1.9013164755565575,-2.761140075344721,0.0,0.8598235997881634
503991,-9.593262054263656,-9.089679466859485,2.0,-0.5035825874041713
504061,-34.887766971998765,-38.17505212463123,12.0,3.287285152632464
504220,-55.22719138423114,-58.0869342020531,18.0,2.85974281782196
504223,-46.995563353687466,-48.24697850521911,21.0,1.2514151515316456
504301,-12.338599022587156,-12.2556410458803,3.0,-0.08295797670685623
504309,-10.092646985589449,-9.881872917735905,1.0,-0.2107740678535439
504367,-1.4192961189802074,-1.9040955126147796,0.0,0.48479939363457225
504376,-25.455836951533122,-25.570718918330556,8.0,0.11488196679743368
504377,-18.844165175853238,-18.840205209911684,6.0,-0.003959965941554344
504614,-23.249775741324367,-22.090822248716513,6.0,-1.1589534926078535
504649,-12.138585425785685,-12.025025818848077,3.0,-0.11355960693760814
504698,-32.76471672555298,-32.42567280466701,12.0,-0.33904392088597035
504746,-5.209235491223093,-5.12841076437041,1.0,-0.08082472685268272
504882,-1.5034313631560285,-2.373617839519485,0.0,0.8701864763634564
504953,-79.29771061354391,-81.83955107756756,43.0,2.5418404640236503
505133,-43.470037129385595,-44.37171704974865,12.0,0.9016799203630583
505254,-74.72182184906735,-72.83467062173237,37.0,-1.8871512273349822
505382,-27.51448515936682,-27.028203086400932,8.0,-0.48628207296588855
505419,-19.14297830350914,-18.897012546859095,5.0,-0.24596575665004394
505473,-33.83124409805574,-33.28343094489633,10.0,-0.5478131531594101
505564,-11.701001269302775,-12.258179104752305,1.0,0.5571778354495294
505807,-56.956079874239975,-57.92968316290214,28.0,0.9736032886621615
505922,-5.664264820208869,-5.324191873314307,1.0,-0.340072946894562
505985,-5.621219954215134,-5.800335942160584,1.0,0.17911598794544936
506434,-60.37151949522796,-58.86411548087557,18.0,-1.5074040143523888
506445,-15.766481509817512,-15.419401036129727,4.0,-0.34708047368778416
506489,-8.967709896588898,-8.895796033856172,2.0,-0.07191386273272649
506671,-9.599398499057047,-9.009826505889016,2.0,-0.5895719931680308
506702,-12.63020033976949,-12.401749891896486,3.0,-0.22845044787300317
506724,-21.198950286439366,-20.244625445729476,5.0,-0.9543248407098908
506809,-5.341957507365346,-5.2104487405563376,1.0,-0.13150876680900847
507143,-6.7959545027132755,-5.431332497229902,1.0,-1.3646220054833735
507146,-32.93630826214906,-32.978775067714885,11.0,0.04246680556582305
507256,-14.65955024776264,-13.85767254009839,3.0,-0.80187770766425
507301,-84.5008191289799,-81.84670199749316,44.0,-2.6541171314867427
507371,-21.863903469439904,-21.236883033978057,6.0,-0.6270204354618478
507539,-45.54435236074519,-46.555252953932325,20.0,1.010900593187138
507575,-58.323907333113326,-60.66285273990055,18.0,2.338945406787225
507628,-11.268433022530452,-11.503258328326863,3.0,0.23482530579641114
507791,-16.017147550679145,-15.70953652853234,4.0,-0.3076110221468049
507805,-20.151980344201043,-19.701955991419343,6.0,-0.45002435278169983
507893,-61.54352987629011,-62.64372063216389,31.0,1.1001907558737827
508003,-15.052645454025166,-15.00750367745523,4.0,-0.045141776569936454
508013,-18.76915159265052,-19.12181070542267,6.0,0.3526591127721517
508043,-18.7833587686924,-18.85833558798956,4.0,0.07497681929716293
508142,-14.09893599098783,-13.745689898739476,3.0,-0.35324609224835335
508167,-5.487992485808539,-5.193586973710131,1.0,-0.2944055120984084
508242,-46.394958665062255,-46.602085428411776,19.0,0.20712676334952107
508243,-41.21724677229218,-43.62178541422999,17.0,2.404538641937812
508321,-9.79543119303956,-9.57386781582074,2.0,-0.22156337721881947
508369,-15.526250959638265,-15.155174927214237,4.0,-0.3710760324240283
508396,-11.63370691887738,-12.22242835627125,3.0,0.5887214373938701
508675,-30.301485125955303,-32.70473788271171,13.0,2.403252756756409
508687,-38.65968407102863,-39.75747984944151,16.0,1.0977957784128805
508725,-18.62457087521943,-19.204589388312836,5.0,0.5800185130934068
508738,-13.059761059732425,-13.478371354579034,3.0,0.4186102948466086
508785,-1.5530817433735395,-1.7759180144072806,0.0,0.22283627103374104
508921,-16.652746231697467,-17.170145424471844,3.0,0.5173991927743771
509297,-66.40868296933093,-75.11139133100761,21.0,8.702708361676684
509342,-15.24942738704911,-15.268154402892828,4.0,0.01872701584371761
509443,-1.3043481912665218,-1.546802829616099,0.0,0.24245463834957715
509451,-4.403827487420079,-4.492381594757605,1.0,0.08855410733752578
509540,-55.6533342938208,-55.923517240504765,24.0,0.2701829466839669
509556,-32.10363999028791,-30.913539589677544,11.0,-1.1901004006103655
509602,-18.796061715664997,-18.93858750261235,6.0,0.14252578694735263
509611,-28.47746149067927,-28.75772537562542,11.0,0.28026388494614807
509826,-9.033806928189758,-8.870202202363458,2.0,-0.1636047258262998
509952,-11.89121785496482,-11.396928114747531,0.0,-0.49428974021728855
509977,-25.275802853991877,-23.829121312988544,6.0,-1.4466815410033327
510168,-0.7754972804433268,-1.1465684726064826,0.0,0.37107119216315587
510342,-23.604599457162436,-23.64039147377686,8.0,0.03579201661442255
510410,-17.190025036605384,-16.990612362568704,5.0,-0.1994126740366795
510479,-10.197448767727808,-9.951362502846443,2.0,-0.24608626488136487
510559,-28.85395703427469,-28.256347168830303,9.0,-0.5976098654443867
510601,-21.58236550159969,-21.348771016729867,6.0,-0.2335944848698226
510650,-19.88461080087747,-19.331965494862573,5.0,-0.5526453060148988
510680,-1.4728403448694365,-1.8275342049122365,0.0,0.3546938600428
510683,-46.2806903300811,-46.70467365366391,19.0,0.4239833235828101
510811,-10.542760631213303,-11.1540433776767,3.0,0.611282746463397
510835,-5.457773374936985,-5.4739059195455475,1.0,0.016132544608562505
510859,-8.596095906134606,-6.854875704665811,1.0,-1.7412202014687947
510864,-9.318226127329364,-9.024352624386426,2.0,-0.29387350294293846
510976,-74.90781177236563,-82.38218595253569,34.0,7.474374180170059
511029,-13.899417114315543,-13.2310628910132,3.0,-0.6683542233023427
511177,-20.45165687353235,-20.97144896551264,6.0,0.519792091980289
511285,-82.24201344196123,-82.47069917131408,45.0,0.22868572935284703
511289,-9.25215976562342,-9.10917185903733,1.0,-0.1429879065860895
511301,-9.088275519066576,-8.925437857804607,2.0,-0.1628376612619693
511359,-27.84083259012813,-27.354897701639857,7.0,-0.4859348884882735
511464,-28.08354765988163,-28.282654269627542,10.0,0.1991066097459111
511624,-1.9072789029319506,-2.4789580867586176,0.0,0.571679183826667
511745,-12.771368079600038,-12.398269262759772,3.0,-0.37309881684026536
511902,-34.13071509190107,-34.365098659738095,11.0,0.2343835678370283
511907,-5.347706984398889,-5.210968166538413,1.0,-0.13673881786047648
511918,-12.296348417478015,-12.589002240282612,3.0,0.2926538228045974
511933,-12.334106051478548,-12.213017495248325,3.0,-0.12108855623022308
511960,-8.401351906702073,-8.551211342375243,2.0,0.14985943567316973
511983,-0.7889934211155447,-1.025841115403812,0.0,0.23684769428826735
512009,-24.986187590106624,-25.084619771506983,7.0,0.09843218140035859
512185,-27.391600618773772,-27.206048374932433,9.0,-0.1855522438413395
512222,-18.02891367791243,-17.215709118011276,4.0,-0.8132045599011555
512334,-4.153533359861546,-4.11523787617179,0.0,-0.03829548368975644
512475,-22.54120010394594,-23.074408798149182,7.0,0.5332086942032426
512477,-44.78216455873695,-45.80021879740104,17.0,1.0180542386640852
512646,-10.302153562185842,-9.388837127912357,2.0,-0.9133164342734847
512822,-39.249769069867206,-37.88527599922919,14.0,-1.3644930706380194
512971,-4.751989028275567,-4.930371675833979,0.0,0.17838264755841227
513326,-8.825661807957262,-8.423126258412495,2.0,-0.40253554954476733
513415,-57.13365540885036,-57.345768533968325,24.0,0.2121131251179662
513460,-28.201644709609052,-28.4136279344262,9.0,0.21198322481714627
513466,-41.008357199877686,-41.02670725527171,17.0,0.018350055394023457
513578,-32.26227817739019,-32.98577831421727,10.0,0.7235001368270773
513597,-65.76482477307786,-79.14030730152211,31.0,13.375482528444252
513693,-12.288389570315465,-10.151242403027634,2.0,-2.1371471672878304
513932,-1.4259691379994388,-1.5056755822568826,0.0,0.07970644425744378
513953,-42.46355300543397,-44.328129752089154,16.0,1.8645767466551817
513980,-0.9090962157804066,-1.2280932554967734,0.0,0.31899703971636684
514043,-33.74268778234745,-34.00464821810744,11.0,0.2619604357599883
514343,-15.83608265677623,-14.68897614913688,4.0,-1.1471065076393483
514345,-20.97534902552432,-20.816711087019964,6.0,-0.1586379385043557
514523,-13.896520899199416,-13.549527935877729,3.0,-0.3469929633216875
514541,-29.348163425990613,-29.980688372820907,11.0,0.6325249468302943
514581,-18.2094807608191,-17.511484427413333,4.0,-0.6979963334057686
514650,-2.5041055226942066,-2.412992116013393,0.0,-0.09111340668081347
514755,-11.043995696180149,-9.948255768639951,2.0,-1.0957399275401976
514954,-2.245940691144236,-2.3513742282051733,0.0,0.10543353706093717
514976,-81.59704062419837,-78.69903309132147,49.0,-2.8980075328769033
515036,-4.127353960010964,-4.407939347189054,1.0,0.2805853871780899
515084,-1.1912686987072003,-1.5339812774437798,0.0,0.34271257873657945
515469,-1.161764195918991,-1.324579966347055,0.0,0.16281577042806394
515501,-15.994586909840564,-15.652562043907713,4.0,-0.3420248659328511
515560,-5.158013180029643,-5.319942275588354,1.0,0.16192909555871093
515844,-11.219286005391977,-10.678262953860456,2.0,-0.5410230515315213
515989,-8.932723881590567,-8.85627538600034,2.0,-0.0764484955902276
516162,-5.267320526536321,-5.175119105548717,1.0,-0.09220142098760409
516166,-3.3521437477153877,-2.211129287875962,0.0,-1.1410144598394258
516192,-10.745113355368446,-9.755801915433867,2.0,-0.9893114399345784
516277,-14.573996127423031,-10.3373851627082,2.0,-4.236610964714831
516324,-3.3863852272998565,-3.613393872713965,0.0,0.22700864541410848
516433,-16.921818536333305,-17.10809682591467,4.0,0.1862782895813666
516637,-48.480544591951066,-48.582624405908106,17.0,0.10207981395704024
516822,-12.080245169544407,-11.826906633587903,3.0,-0.25333853595650346
516824,-26.844635303114018,-26.65634672859238,8.0,-0.18828857452163916
516830,-4.9868724911092865,-4.973759034897509,1.0,-0.013113456211777397
516841,-19.659388804903333,-19.286429723766343,6.0,-0.3729590811369903
516877,-6.460130164204718,-6.285810712602646,1.0,-0.17431945160207185
516904,-14.062995178205165,-14.710752891313597,3.0,0.6477577131084313
516911,-0.6229652968713622,-1.0617098592462524,0.0,0.43874456237489023
517133,-26.82484187878818,-26.837618531388447,9.0,0.012776652600265948
517175,-21.864581166432988,-21.76399712923721,7.0,-0.10058403719577669
517186,-0.24795775225513605,-0.3177059017376636,0.0,0.06974814948252755
517246,-14.449583532017035,-14.200217849680334,4.0,-0.24936568233670187
517270,-0.08445331050231776,-0.2753102102192502,0.0,0.19085689971693243
517322,-4.798232660689946,-4.912282673518468,1.0,0.11405001282852201
517327,-35.134686778672496,-35.11704160788328,11.0,-0.01764517078921557
517333,-33.84709485382296,-30.667887749487583,7.0,-3.179207104335376
517363,-2.0444276401256305,-1.3862294987919987,0.0,-0.6581981413336317
517497,-10.574661665378015,-10.314579097688783,3.0,-0.2600825676892313
517533,-31.79303994016611,-32.562879405711165,10.0,0.7698394655450542
517632,-4.611514917813495,-4.415150259299812,0.0,-0.19636465851368268
517690,-13.026865614537288,-12.522780263493296,2.0,-0.504085351043992
517746,-14.55918111508571,-14.039882857787576,3.0,-0.519298257298134
517756,-8.434982286840283,-8.832396432046103,2.0,0.3974141452058202
517792,-30.528834039762195,-31.07416871986496,10.0,0.5453346801027656
517832,-4.1052066344838805,-5.2271574623257155,0.0,1.121950827841835
517908,-27.09738899485404,-27.22752321508988,8.0,0.13013422023584198
517981,-7.248515963100167,-7.2946125512978846,1.0,0.04609658819771756
518106,-5.279291640754099,-5.166640980161254,1.0,-0.11265066059284568
518123,-27.86847273113844,-27.72112097555848,8.0,-0.14735175557995817
518219,-0.3552889922545628,-0.4401166062824607,0.0,0.0848276140278979
518309,-1.6493949093293403,-2.109040852421251,0.0,0.45964594309191087
518343,-27.645203104081777,-27.731071210529723,8.0,0.08586810644794696
518447,-18.142561654772052,-18.12551483803607,5.0,-0.01704681673598074
518514,-172.72281969843755,-149.5636171399696,108.0,-23.15920255846794
518695,-5.091765626484927,-5.194374919668413,1.0,0.10260929318348655
518783,-19.827003810234107,-19.88235756666908,5.0,0.05535375643497176
518834,-9.140766724058695,-9.159360187393894,2.0,0.018593463335198734
518882,-94.41771582871621,-99.31894034054304,43.0,4.901224511826825
518935,-4.905521350308096,-5.323119167282411,0.0,0.4175978169743155
519263,-11.283300885928238,-11.278637874707668,3.0,-0.004663011220570112
519264,-30.01886792533203,-30.313648931533233,11.0,0.29478100620120173
519266,-13.2694812650783,-13.310777268581644,3.0,0.04129600350334428
519417,-5.571058900044743,-5.305112605784247,1.0,-0.26594629426049554
519552,-36.35146918751008,-36.440442027687475,15.0,0.08897284017739793
519564,-63.65980983617435,-63.2436656476644,26.0,-0.4161441885099464
519672,-26.428025152880892,-26.51613210093199,8.0,0.08810694805109875
519675,-76.94212843912983,-76.28639175916318,39.0,-0.6557366799666511
519702,-8.118029158892659,-7.766029243945441,0.0,-0.3519999149472177
519961,-10.197468896214554,-9.53458679953211,2.0,-0.6628820966824431
520204,-18.788797975853107,-18.728609970963703,5.0,-0.06018800488940457
520218,-0.989231140469256,-1.252121137563872,0.0,0.26288999709461613
520371,-5.248540862352089,-5.644553200824881,1.0,0.3960123384727927
520479,-18.33725074920934,-18.07460989944374,5.0,-0.2626408497655994
520524,-23.199394781161946,-22.357399955730894,7.0,-0.8419948254310512
520590,-22.692365876194394,-21.745547548941992,5.0,-0.9468183272524016
520740,-59.58033332748509,-59.372671355134976,19.0,-0.20766197235011674
521028,-5.2225284249174475,-5.173289798999029,1.0,-0.04923862591841832
521054,-6.38790775908115,-6.744861436722685,1.0,0.35695367764153474
521071,-6.769970552332834,-6.523562923655105,1.0,-0.24640762867772903
521089,-1.4178563302739378,-1.508390252830356,0.0,0.09053392255641834
521121,-13.760864841703956,-13.801212440083962,2.0,0.04034759838000568
521216,-22.32609408788546,-19.43601406481409,4.0,-2.89008002307137
521303,-10.039823679802844,-9.513467257427578,2.0,-0.5263564223752653
521479,-33.353648631978615,-34.555287881985116,11.0,1.201639250006501
521513,-12.968213230133143,-12.19896589609942,2.0,-0.7692473340337234
521547,-18.68703792229114,-18.7645939449971,5.0,0.0775560227059593
521621,-5.382233778735111,-5.528393686735085,1.0,0.1461599079999738
521907,-20.810537884747312,-21.893322460848474,7.0,1.0827845761011616
522010,-0.9736643803418116,-1.1174419787450325,0.0,0.1437775984032209
522037,-14.766615253968867,-14.38132274448769,3.0,-0.385292509481177
522039,-6.618957581524723,-6.216878754509502,1.0,-0.40207882701522024
522109,-4.897015139851187,-4.99365192093047,1.0,0.0966367810792832
522150,-5.176860304990405,-6.227448064638965,0.0,1.0505877596485602
522189,-8.476278522246648,-8.338825910960093,2.0,-0.13745261128655528
522203,-71.65901897798967,-69.95941047220597,32.0,-1.6996085057837007
522220,-39.06588224558319,-38.38941272805412,13.0,-0.6764695175290711
522264,-21.66050642765637,-21.920980653389513,7.0,0.2604742257331445
522291,-13.523337195165126,-12.68054188459111,3.0,-0.8427953105740169
522419,-32.248525465285205,-31.19087487039044,11.0,-1.0576505948947634
522426,-8.421909633684143,-8.422155568114944,2.0,0.00024593443080078714
522579,-84.21420079606516,-94.54085378930812,30.0,10.32665299324296
522899,-10.239683092259721,-9.78052131933772,2.0,-0.4591617729220019
522938,-20.481468769535965,-18.058399915855254,4.0,-2.423068853680711
522955,-20.73349966663688,-21.04532047862259,6.0,0.311820811985708
522979,-1.0468280562494647,-1.7256824864883824,0.0,0.6788544302389177
522984,-28.71528059349874,-29.21770732306319,10.0,0.5024267295644513
523057,-25.85942781666452,-25.58412910681182,6.0,-0.2752987098527022
523235,-21.569824168964306,-21.280470530685843,6.0,-0.28935363827846317
523268,-42.85687200586158,-42.96201721731363,13.0,0.10514521145204725
523330,-24.272637916513784,-22.99831267211504,5.0,-1.2743252443987423
523363,-19.016131093791156,-18.15719159702522,5.0,-0.8589394967659345
523402,-36.00307043959961,-35.29982432477778,12.0,-0.7032461148218303
523433,-4.360464487780309,-4.850809883103908,1.0,0.4903453953235992
523486,-16.57940943233186,-15.864981856498275,4.0,-0.7144275758335858
523531,-34.78217418074976,-35.66017898074081,12.0,0.8780047999910465
523620,-13.841820011866785,-14.129961226052892,4.0,0.2881412141861066
523672,-16.05305235306678,-18.08062481168204,4.0,2.0275724586152606
523796,-25.5085361204028,-25.27022500285403,7.0,-0.23831111754876844
523828,-13.814189571917852,-13.991831333600508,4.0,0.177641761682656
523838,-19.422895066391522,-18.96172592696128,5.0,-0.4611691394302433
523844,-20.00778981066377,-17.513266918813308,3.0,-2.494522891850462
523846,-76.4646709270431,-75.24445025530255,18.0,-1.2202206717405488
523873,-6.605468057599128,-6.349429399911287,0.0,-0.2560386576878413
523986,-85.07171038234914,-92.33238938290188,38.0,7.2606790005527415
524065,-8.885968801113727,-8.702136465567955,2.0,-0.18383233554577139
524066,-2.095608551066621,-1.7097852157162028,0.0,-0.38582333535041835
524153,-19.912731794637153,-19.475334445649903,5.0,-0.43739734898725047
524311,-60.02256564564508,-62.57952223460999,21.0,2.5569565889649084
524399,-5.443049568871034,-5.3871172511557415,1.0,-0.05593231771529261
524454,-11.911835795230413,-11.807039549474814,3.0,-0.10479624575559932
524487,-7.75290072086868,-7.154547415987667,1.0,-0.5983533048810123
524584,-69.36064368048307,-69.3105612026342,37.0,-0.05008247784886066
524886,-1.7008490146891302,-2.2628437291349788,0.0,0.5619947144458486
524983,-35.326183164462925,-36.71259457683997,13.0,1.3864114123770435
525048,-8.950337106695518,-8.836245735369257,2.0,-0.11409137132626057
525203,-5.391332484941686,-5.3859605759011355,1.0,-0.0053719090405506265
525336,-76.90286491118654,-81.88649816066727,22.0,4.983633249480732
525546,-0.976114720383467,-1.1046331475629323,0.0,0.12851842717946527
525772,-58.18978851017972,-60.22483567846814,28.0,2.035047168288422
525804,-14.619748419692414,-14.378444199447156,4.0,-0.241304220245258
525817,-11.563064242408558,-10.121379181244894,1.0,-1.441685061163664
525830,-3.9547959011501757,-4.201811506011314,1.0,0.24701560486113827
525888,-1.7921415376465988,-2.3434732303603982,0.0,0.5513316927137994
525918,-52.23598795907752,-53.06188826401923,22.0,0.8259003049417117
525979,-24.097378238714445,-23.45179585155734,7.0,-0.6455823871571056
526083,-15.60206047645217,-15.21510047577645,4.0,-0.38696000067571923
526113,-3.771233114348013,-2.3079527626999012,0.0,-1.4632803516481117
526151,-21.512692047460522,-20.986410697458723,6.0,-0.5262813500017991
526289,-72.16240702567217,-71.68506607465208,38.0,-0.4773409510200821
526349,-4.613221652875309,-4.632797262135568,1.0,0.019575609260259696
526410,-52.418352349648785,-53.114871681923944,24.0,0.6965193322751588
526458,-45.0595935787774,-45.91148694530894,18.0,0.8518933665315345
526536,-39.27235316413791,-39.3444341128724,10.0,0.072080948734488
526540,-17.81429358476744,-17.634903525250074,5.0,-0.17939005951736675
526619,-48.691570514557824,-48.80387205180624,23.0,0.1123015372484133
526635,-6.11211501196572,-6.769808749491188,1.0,0.6576937375254674
526714,-86.76785017752994,-82.36919016092176,52.0,-4.398660016608176
526774,-9.845116933980794,-10.296291198554108,1.0,0.45117426457331433
526946,-5.1549256102020395,-5.357268992000068,1.0,0.2023433817980287
526984,-20.361471598056205,-21.04708860396668,6.0,0.6856170059104763
527012,-14.27711659426612,-14.125744537912563,3.0,-0.15137205635355677
527018,-16.95325368264068,-17.14402542229117,5.0,0.19077173965049
527311,-5.916506976675065,-6.321877197365696,1.0,0.40537022069063067
527327,-16.276194500599424,-15.616046803831056,4.0,-0.6601476967683677
527449,-8.90337399139433,-8.776920772917224,1.0,-0.12645321847710633
527587,-14.165272887638968,-13.49268671708068,3.0,-0.6725861705582883
527713,-43.766522223635135,-43.705376216026515,20.0,-0.06114600760862032
527780,-39.17392928656337,-39.62031256925027,15.0,0.4463832826868952
527866,-7.1653349819876295,-7.618929565046505,0.0,0.4535945830588757
527927,-0.839631612876516,-1.1109844007757672,0.0,0.2713527878992512
527969,-44.254066306187774,-44.61408852369403,17.0,0.3600222175062555
528268,-5.485904848231048,-5.19999670895619,1.0,-0.2859081392748575
528359,-19.08129371546925,-18.346698615352285,5.0,-0.7345951001169659
528365,-25.105263993501215,-27.023520761914217,8.0,1.918256768413002
528416,-15.174805432974647,-15.086957792335143,3.0,-0.08784764063950412
528549,-5.521621081121107,-5.650213488923932,1.0,0.12859240780282555
528625,-14.812564834058374,-14.745586858885112,4.0,-0.06697797517326265
528643,-1.4708128394143325,-2.6210192480450933,0.0,1.1502064086307608
528824,-9.212023546348924,-8.837780259522741,2.0,-0.37424328682618224
528864,-47.07458900080482,-46.67863642574254,14.0,-0.39595257506228165
528865,-3.579429511598231,-4.0596663039802054,0.0,0.48023679238197436
529040,-0.6352198685112082,-0.7018278527355271,0.0,0.0666079842243189
529048,-31.879461031737538,-30.48802569996288,8.0,-1.3914353317746588
529090,-24.414706431850064,-23.55976496145872,8.0,-0.8549414703913456
529107,-8.859641133980455,-8.863527429341662,2.0,0.003886295361207104
529189,-1.1961798700371367,-1.5285591069976014,0.0,0.3323792369604648
529254,-29.62734358602902,-29.547039649229667,9.0,-0.08030393679935344
529442,-1.451558403675137,-2.3149951170097776,0.0,0.8634367133346406
529546,-11.945490567681114,-11.849793305551657,3.0,-0.09569726212945717
529876,-11.032173650891266,-11.148617762665936,3.0,0.11644411177466907
529951,-17.054428008512197,-17.730326653939912,4.0,0.6758986454277149
530084,-1.3949784817959683,-1.63594365766923,0.0,0.2409651758732616
530098,-18.347525161695124,-18.092495768092444,5.0,-0.25502939360267973
530440,-5.8331002652680946,-6.398467127071688,1.0,0.5653668618035939
530460,-29.370555591579777,-29.37031795602176,10.0,-0.00023763555801536995
530530,-21.68729914955599,-20.675872491798497,4.0,-1.011426657757493
530577,-0.823301825806218,-1.0876872434309,0.0,0.26438541762468193
530591,-22.301171222485017,-22.17268267449116,7.0,-0.12848854799385734
530641,-18.019773550430994,-17.99257491392916,5.0,-0.02719863650183285
530941,-46.387456471081876,-47.64976412556003,13.0,1.2623076544781568
530942,-5.956466668463204,-5.986407709459068,1.0,0.029941040995864476
530968,-0.8994127936966071,-1.229792041449973,0.0,0.3303792477533659
530972,-29.3015217006951,-28.951009825675712,10.0,-0.3505118750193894
530987,-44.70257655986506,-44.97791669243037,19.0,0.27534013256531154
531132,-17.98703360110136,-17.5712746449237,4.0,-0.41575895617765823
531236,-22.000323347241988,-22.25557538008632,7.0,0.2552520328443322
531425,-22.41262064739298,-21.564203371693345,6.0,-0.8484172756996351
531548,-20.804169140968728,-20.791010887334075,6.0,-0.013158253634653505
531582,-5.621898711002188,-5.291750284563623,1.0,-0.3301484264385648
531640,-19.872364038151897,-19.696998659950403,5.0,-0.17536537820149434
531720,-13.335319823832677,-13.57879627149216,3.0,0.24347644765948395
531813,-21.550861354388175,-20.7260613589946,5.0,-0.8247999953935761
531861,-41.16017131024857,-41.94675020859201,14.0,0.7865788983434356
531938,-16.133477321679635,-15.011123809898631,2.0,-1.1223535117810037
532110,-28.732097852316294,-29.60556061604814,10.0,0.8734627637318475
532131,-9.628791464626145,-9.670208100413214,3.0,0.04141663578706911
532398,-48.247371815355244,-48.4453175848568,17.0,0.1979457695015583
532411,-31.604271258903978,-31.626915592408523,8.0,0.022644333504544534
532582,-9.894019422660394,-6.250091466646434,1.0,-3.64392795601396
532674,-5.04365117124907,-5.158611183310202,1.0,0.11496001206113249
532694,-26.437728968354964,-26.03003901884062,5.0,-0.4076899495143458
532738,-8.592980058852582,-8.49820047558558,2.0,-0.09477958326700175
532807,-28.31356013576344,-28.00307028932361,9.0,-0.3104898464398289
532902,-1.3333257213400769,-1.804291300729135,0.0,0.47096557938905814
532932,-46.70283550886447,-46.27198904394215,17.0,-0.43084646492231826
532960,-16.195462459889825,-15.072032120806618,3.0,-1.1234303390832068
533174,-12.784124440391906,-12.603442207074282,3.0,-0.1806822333176239
533340,-34.115760436906854,-34.69757571003706,12.0,0.5818152731302035
533346,-20.732950781116962,-20.592433059406485,6.0,-0.14051772171047716
533395,-34.44281537664658,-35.391807113818224,14.0,0.9489917371716459
533750,-47.76235291185324,-47.56424298433301,21.0,-0.19810992752022827
533878,-54.812771417722296,-55.392777721481,19.0,0.580006303758708
533923,-0.9748936539392214,-1.5025994597486287,0.0,0.5277058058094073
533968,-34.02167297637139,-34.95846219581262,14.0,0.9367892194412306
534049,-33.36591280066237,-32.88142344351239,13.0,-0.4844893571499824
534147,-18.60080432314115,-12.186657856196062,2.0,-6.414146466945089
534275,-35.98133340987875,-34.989579240144764,11.0,-0.9917541697339871
534309,-25.67612482410882,-27.2688322572749,7.0,1.5927074331660833
534488,-15.01935078775929,-14.01814311592571,3.0,-1.0012076718335798
534510,-46.89671427187212,-48.29458212670612,16.0,1.3978678548339971
534529,-6.040986103029671,-5.588284115385831,1.0,-0.45270198764383984
534572,-5.331027863670201,-5.534637626493209,1.0,0.20360976282300847
534577,-0.7604991743472811,-1.0270169354870222,0.0,0.2665177611397411
534665,-0.552879928166747,-0.790554840355954,0.0,0.237674912189207
534797,-18.316608664791328,-18.259394456576747,5.0,-0.057214208214581674
534895,-5.306822009111848,-5.1564596652599715,1.0,-0.1503623438518762
534901,-0.24971858904820446,-0.3686303567619107,0.0,0.11891176771370623
534926,-9.120240195425973,-8.912165789440216,2.0,-0.20807440598575688
534959,-34.37219905868004,-33.77764451314085,12.0,-0.5945545455391894
535230,-15.630340291035386,-15.443197512700465,4.0,-0.18714277833492154
535253,-1.3345791478090223,-1.603907058515796,0.0,0.26932791070677364
535268,-29.07412930318883,-28.513492161096465,8.0,-0.5606371420923644
535361,-28.45586011647257,-30.878786168541957,9.0,2.4229260520693856
535423,-5.108955494846271,-4.313887089727999,0.0,-0.7950684051182728
535530,-19.583129415033678,-21.133308082255745,6.0,1.5501786672220668
535579,-11.712144654446181,-11.633587108134414,3.0,-0.07855754631176737
535582,-34.583932553430465,-34.136967285116924,12.0,-0.4469652683135408
535628,-12.081540799120498,-11.856561539052626,3.0,-0.2249792600678724
535655,-1.2205157123350918,-1.763122155782895,0.0,0.5426064434478033
535695,-27.311637628380083,-28.170929840245822,9.0,0.8592922118657391
535882,-44.77915670021583,-45.3533903597393,16.0,0.5742336595234718
536047,-28.153416639276475,-28.05638976497323,9.0,-0.0970268743032463
536154,-22.026462082082794,-22.177391546479672,6.0,0.15092946439687793
536180,-0.4993751611152877,-0.5897783939310316,0.0,0.09040323281574392
536181,-0.20236252911764352,-0.8388939547143385,0.0,0.636531425596695
536234,-12.082494214084049,-11.926649556940063,3.0,-0.15584465714398554
536290,-18.006409288308525,-18.258428480288384,5.0,0.25201919197985845
536307,-69.37051634011264,-74.94557885776568,20.0,5.575062517653038
536403,-26.177314151530688,-26.96805980011317,9.0,0.7907456485824831
536437,-17.389033691297385,-17.21892002703967,5.0,-0.17011366425771612
536516,-5.017942864348284,-4.9109413761763205,1.0,-0.10700148817196364
536560,-9.324200624202934,-9.25774565336752,2.0,-0.06645497083541407
536758,-42.380029684969195,-39.86755101813427,12.0,-2.512478666834923
537041,-17.61616354986295,-16.268724727045075,3.0,-1.3474388228178746
537058,-0.5315234355951304,-0.8849754501030918,0.0,0.3534520145079614
537075,-23.898132120827725,-23.968686645075223,8.0,0.07055452424749831
537123,-1.7734283856449322,-2.036103244054999,0.0,0.2626748584100669
537340,-57.71032714039003,-59.16625142025613,29.0,1.4559242798661032
537351,-26.796463460248972,-26.36440361308938,8.0,-0.4320598471595929
537479,-36.08759624700706,-36.007498368556,13.0,-0.08009787845106331
537787,-5.494040628417962,-5.466423991462369,1.0,-0.027616636955593243
537916,-32.496695555196595,-31.85510355054888,10.0,-0.6415920046477162
537988,-0.7637108488425248,-0.985593041484918,0.0,0.22188219264239317
538006,-25.04234363083175,-24.372468292920956,7.0,-0.669875337910792
538008,-11.126773788026924,-9.607022674781549,1.0,-1.5197511132453752
538015,-3.0867989562682974,-4.399599810370653,0.0,1.3128008541023553
538118,-1.3486016075379013,-1.679247701176768,0.0,0.33064609363886666
538125,-10.2224809923544,-9.36198678268232,2.0,-0.8604942096720798
538209,-11.277780986232413,-12.0427565854438,3.0,0.7649755992113878
538220,-23.481207623525496,-23.64980894565771,7.0,0.1686013221322149
538533,-5.2164980556224405,-5.58823722435687,1.0,0.3717391687344298
538624,-0.9389360821600777,-1.0683846091961011,0.0,0.1294485270360234
538745,-8.0706587527285,-6.25747249787351,1.0,-1.8131862548549895
538920,-22.394131388164276,-21.963533641883632,7.0,-0.4305977462806432
538944,-22.276983994502988,-21.848159020299526,6.0,-0.42882497420346155
538970,-82.83278962980104,-81.62387780917653,34.0,-1.2089118206245075
538980,-5.806329926543769,-5.2204016051717,1.0,-0.5859283213720685
539004,-9.68787123330965,-9.709046033441178,2.0,0.021174800131527505
539136,-16.195296193987907,-15.348836007373292,4.0,-0.8464601866146158
539137,-5.0997578962268895,-5.312324294724709,1.0,0.21256639849781944
539224,-9.720067601926761,-9.693050626482542,2.0,-0.027016975444219327
539248,-5.189971792881127,-5.080321804602543,1.0,-0.10964998827858352
539327,-5.493631306919121,-5.944642435013004,1.0,0.45101112809388333
539369,-5.338844748929276,-5.264135686611147,1.0,-0.0747090623181288
539379,-16.631360511840587,-16.087260002051693,4.0,-0.544100509788894
539381,-15.903674822173565,-15.636261015600924,4.0,-0.267413806572641
539384,-1.0512058620516673,-2.478445267278474,0.0,1.4272394052268065
539398,-36.77344626732295,-36.12595521011527,12.0,-0.6474910572076809
539788,-0.9435937820306395,-1.2944002032230135,0.0,0.35080642119237404
539882,-7.520114746237544,-8.321207344092691,1.0,0.8010925978551473
539912,-7.759020795850687,-7.904193573587847,2.0,0.14517277773715964
540177,-24.941869651645874,-25.313717232557767,8.0,0.3718475809118935
540227,-0.8335090542964712,-1.016140086378139,0.0,0.18263103208166775
540401,-17.97678167939727,-18.14766868267248,5.0,0.17088700327521167
540446,-19.242849076650128,-20.288903427708263,5.0,1.0460543510581353
540620,-15.072812493881901,-14.594230001096683,3.0,-0.47858249278521825
540683,-5.11284027750441,-5.137234645657632,1.0,0.024394368153221713
540701,-38.60441334053727,-39.128337401175294,15.0,0.5239240606380235
540755,-18.82158284841792,-18.858438412846585,6.0,0.036855564428666554
540790,-21.596440101438144,-21.5468231256355,6.0,-0.049616975802646124
540818,-16.83730574774312,-16.813362013904246,5.0,-0.02394373383887327
540872,-1.520521120355797,-1.886154235921759,0.0,0.365633115565962
540922,-2.0343202943799534,-2.5658581542594345,0.0,0.5315378598794811
541044,-26.04902440388525,-25.351164930128014,8.0,-0.6978594737572372
541106,-29.393215665608857,-29.32580094504212,10.0,-0.06741472056673814
541289,-1.3679314468108883,-2.669879229859873,0.0,1.3019477830489845
541392,-8.967864869931669,-9.2136189812128,2.0,0.24575411128113167
541400,-19.887265307748567,-19.599372765354993,6.0,-0.28789254239357476
541581,-30.04317355757395,-29.168369547008524,7.0,-0.8748040105654269
541594,-1.1950867790357211,-1.23609677896814,0.0,0.04100999993241894
541603,-8.939690783511,-8.713171717726588,2.0,-0.22651906578441228
541617,-31.01563055932579,-31.6097624842744,11.0,0.5941319249486092
541775,-83.65455628422535,-80.88027457258275,49.0,-2.774281711642601
541789,-23.173406728610104,-23.746486830956496,7.0,0.5730801023463918
541868,-91.4103274153989,-94.58449610618212,53.0,3.174168690783219
541979,-16.45017376011955,-17.59652664524098,4.0,1.1463528851214306
542063,-10.615655277938084,-10.995327302664585,3.0,0.3796720247265011
542124,-15.714053869077865,-15.403093627941436,4.0,-0.3109602411364296
542187,-44.69168993068381,-44.37196859508427,12.0,-0.31972133559953875
542224,-54.4058200595548,-54.77455263714575,26.0,0.36873257759095424
542231,-1.4204235406313817,-1.7010208590563505,0.0,0.2805973184249688
542240,-23.909351756142893,-23.55363099765525,7.0,-0.3557207584876423
542356,-4.883665183331781,-5.009982858589807,1.0,0.12631767525802662
542449,-30.802514745308443,-30.64421882947556,9.0,-0.15829591583288405
542579,-5.48701896728217,-5.623263075388178,1.0,0.13624410810600818
542596,-5.474634749505168,-5.5254705089596134,1.0,0.050835759454445295
542636,-5.486631993107059,-5.468110542432003,1.0,-0.018521450675056172
542690,-11.965620144665294,-11.946348423159945,3.0,-0.019271721505349504
542826,-1.0893110945064681,-2.7933470400796843,0.0,1.7040359455732161
542849,-30.464701816760297,-30.268224215022627,11.0,-0.19647760173766926
542904,-16.366700470731743,-17.10841192810324,3.0,0.7417114573714976
542932,-17.284006627528665,-17.152910772415524,5.0,-0.13109585511314137
542974,-41.288378531206966,-40.11308282077733,13.0,-1.175295710429637
543443,-73.65606962153403,-70.87357728355866,42.0,-2.78249233797537
543554,-8.418942972427832,-8.822446019822957,2.0,0.4035030473951249
543642,-39.271349147323114,-38.62418559090545,14.0,-0.6471635564176665
543646,-24.610036165849408,-24.141847568828155,6.0,-0.46818859702125337
543681,-44.7849389124189,-45.85891364723202,17.0,1.0739747348131203
543714,-21.991251829746012,-22.49030578322348,6.0,0.4990539534774676
543822,-17.51929573757527,-16.930569509450724,5.0,-0.5887262281245462
543826,-0.8958526965568002,-1.2412964481622262,0.0,0.34544375160542595
544012,-15.086366918307677,-14.380733274928517,3.0,-0.7056336433791603
544052,-11.581029439471447,-11.031046971004068,2.0,-0.5499824684673786
544153,-29.336034048987344,-29.236102857452273,8.0,-0.09993119153507024
544206,-1.9875276338324575,-2.1590106923865675,0.0,0.17148305855411006
544207,-1.4435266183952091,-1.985231109767658,0.0,0.5417044913724489
544211,-1.0243102057956186,-1.2547518524331565,0.0,0.23044164663753786
544259,-0.10636408507312631,-0.7552837959128202,0.0,0.6489197108396939
544362,-8.366202335786877,-8.182661960248618,2.0,-0.18354037553825897
544607,-17.45421326959485,-17.267494428746065,5.0,-0.18671884084878343
544631,-15.34820054224139,-15.189742750965348,4.0,-0.15845779127604231
544677,-29.697164367272432,-29.846035021290863,10.0,0.14887065401843103
544732,-0.7307305455865709,-0.6386600655026377,0.0,-0.09207048008393326
544739,-1.2993063299619012,-2.0547152381921103,0.0,0.7554089082302091
544928,-2.3269902288662867,-3.0475005464132305,0.0,0.7205103175469438
545085,-18.829954233441793,-18.15068700307645,5.0,-0.679267230365344
545311,-32.05087158684943,-31.625322444236396,12.0,-0.4255491426130362
545330,-4.732290333121104,-4.773485739137723,1.0,0.04119540601661864
545398,-5.638502699054335,-5.098047759033667,1.0,-0.540454940020668
545631,-13.467763976151312,-12.862228390250548,3.0,-0.6055355859007641
545771,-24.707486872252073,-25.03635176066673,8.0,0.3288648884146568
545855,-4.207474087442373,-4.389761789239247,1.0,0.18228770179687448
545862,-9.091466053229396,-8.729594651247433,2.0,-0.3618714019819631
545885,-4.481134644436084,-4.165313388167475,0.0,-0.3158212562686087
545955,-37.09902380151264,-36.58751254511319,11.0,-0.5115112563994444
546050,-10.24134685604332,-10.077287914708991,2.0,-0.16405894133432852
546065,-24.327734914276768,-23.010080560808156,7.0,-1.3176543534686118
546106,-5.69019207192751,-5.279706733254129,1.0,-0.41048533867338044
546217,-3.0714411237065264,-2.6967704509175534,0.0,-0.37467067278897304
546252,-30.422705296308322,-30.85196358960064,11.0,0.42925829329231746
546349,-16.90489505725897,-17.496491610965457,4.0,0.5915965537064878
546374,-5.074230877135999,-5.037001480605302,1.0,-0.03722939653069712
546400,-4.916295707977326,-5.031957540700912,1.0,0.11566183272358543
546412,-13.28397642238903,-14.161539018281756,4.0,0.8775625958927264
546835,-5.757569786346329,-5.179842301597825,1.0,-0.5777274847485039
546927,-38.380677292292084,-46.961913258989824,15.0,8.58123596669774
546947,-9.952134922651839,-9.595999309372868,2.0,-0.3561356132789708
546971,-13.74746049937603,-13.618505728049492,3.0,-0.12895477132653888
547034,-20.62977652966883,-20.09224112757591,4.0,-0.5375354020929208
547314,-25.17076552328729,-25.10512783576156,8.0,-0.0656376875257294
547414,-9.30152159893006,-9.270268776215984,2.0,-0.0312528227140767
547555,-1.1905753427203247,-1.2227962188570816,0.0,0.03222087613675684
547670,-13.413724138454269,-13.21972196252598,3.0,-0.19400217592828817
547960,-69.48341876175108,-68.03122537255403,19.0,-1.452193389197049
547997,-37.95882915053999,-37.98832082844103,15.0,0.029491677901042124
548007,-1.0559061596085335,-1.322244983652303,0.0,0.2663388240437694
548059,-14.262321546281454,-14.250380344245263,4.0,-0.011941202036190646
548088,-5.179608045087349,-5.553569736294884,0.0,0.3739616912075352
548135,-17.89294264710662,-16.481485333410017,4.0,-1.4114573136966015
548164,-23.08495842560295,-22.920244590341,7.0,-0.16471383526194927
548201,-3.2337540721973195,-3.9623633072109943,0.0,0.7286092350136748
548343,-23.854391601171006,-23.674791734019205,7.0,-0.17959986715180065
548653,-14.76133842255303,-14.571454011351612,4.0,-0.18988441120141708
548728,-1.6932776740412885,-1.8258744784666177,0.0,0.13259680442532917
548770,-6.087542696009553,-6.231880790543039,1.0,0.14433809453348623
548850,-56.595673965441144,-57.34622703195846,29.0,0.7505530665173197
548993,-67.16303451883253,-68.05578438258301,27.0,0.8927498637504812
549123,-1.7556558444195922,-2.4290828457076747,0.0,0.6734270012880825
549190,-19.241603883332214,-19.422060288142315,5.0,0.1804564048101014
549197,-8.027803676340492,-8.562024817894446,1.0,0.5342211415539548
549203,-3.0289331288414276,-3.3414669638455123,0.0,0.3125338350040847
549292,-11.596654874167156,-10.648343104165434,2.0,-0.9483117700017214
549322,-23.4860198126648,-22.78078637121061,6.0,-0.7052334414541903
549413,-39.63854456542304,-39.21198156125269,13.0,-0.4265630041703474
549418,-5.163886766252668,-5.073502293530171,1.0,-0.09038447272249694
549485,-40.444098794721306,-40.052837335987405,15.0,-0.3912614587339007
549589,-8.801264622777541,-7.573784129284669,0.0,-1.2274804934928722
549693,-32.28237880464252,-31.685630882385684,10.0,-0.596747922256835
549705,-1.020100558532819,-1.3167881101531005,0.0,0.2966875516202816
549706,-38.3693258223726,-38.63018654434349,16.0,0.26086072197088583
549882,-5.440043928380539,-5.2477033022431865,1.0,-0.19234062613735237
549913,-120.81670184351309,-119.1846036204974,55.0,-1.6320982230156886
550087,-11.43732854286593,-11.410256059824848,3.0,-0.027072483041083117
550509,-14.106557617508233,-14.411809538941872,3.0,0.3052519214336389
550579,-46.728663782643416,-46.79381728905694,20.0,0.06515350641352313
550721,-12.287755474433007,-12.12277455084764,3.0,-0.1649809235853681
550807,-14.945009614942878,-14.86643381366877,4.0,-0.07857580127410735
550827,-40.72306011594553,-40.79877021325478,18.0,0.07571009730924771
550970,-12.928462785727646,-12.570724772715211,3.0,-0.357738013012435
551014,-48.49423827695268,-49.70533666588609,11.0,1.211098388933408
551039,-0.9740074626490585,-1.2500265540579996,0.0,0.2760190914089411
551062,-25.993834747765902,-25.63811656128303,8.0,-0.35571818648287135
551229,-3.1914320165067824,-3.080689020135058,0.0,-0.11074299637172436
551335,-90.94351327575498,-113.96365887864462,29.0,23.02014560288964
551403,-33.68622478422273,-35.459007832306,8.0,1.7727830480832694
551439,-22.265074202889267,-23.86279936277732,6.0,1.5977251598880535
551454,-69.36251512540527,-66.498238309216,18.0,-2.8642768161892604
551457,-12.476622947141516,-12.31820598929392,3.0,-0.1584169578475958
551459,-20.98265947937828,-21.050357223872993,6.0,0.067697744494712
551470,-8.91543555145431,-8.984283229527312,2.0,0.06884767807300207
551631,-22.391944832559442,-21.956893999591856,7.0,-0.43505083296758684
551866,-21.966039427540384,-22.27902210267065,6.0,0.31298267513026445
551956,-13.17148381521524,-13.447813566955372,3.0,0.27632975174013197
551968,-31.93624527175581,-31.94335309197554,13.0,0.007107820219729888
552078,-23.909332727992552,-23.93412975276142,8.0,0.024797024768869136
552248,-9.702138343821192,-9.2728850183078,2.0,-0.42925332551339146
552263,-63.86148223984675,-65.23404413967043,33.0,1.3725618998236797
552282,-18.829640532641168,-19.166894431514645,5.0,0.33725389887347745
552706,-12.438553317796554,-12.0106920914491,3.0,-0.4278612263474546
552791,-51.18746298975014,-49.79284857257034,11.0,-1.3946144171797954
552841,-4.845108866945044,-4.821735263234578,1.0,-0.023373603710466817
552889,-13.28445063443663,-12.713029465006306,3.0,-0.5714211694303248
552953,-16.67496632406335,-16.00386370075403,4.0,-0.67110262330932
553072,-9.494784886844126,-9.326850663256606,2.0,-0.16793422358752075
553135,-66.04167626446497,-65.74963588133751,35.0,-0.29204038312745695
553172,-26.184288185440295,-25.377627222823293,7.0,-0.806660962617002
553207,-14.588780059204508,-14.340389709421816,4.0,-0.24839034978269225
553222,-5.497487315514012,-5.793968510681272,1.0,0.2964811951672601
553291,-15.10450350076921,-14.434191198097038,3.0,-0.6703123026721727
553322,-10.286380989361694,-9.900893723591295,2.0,-0.38548726577039893
553328,-20.73014115016258,-20.857326690205973,6.0,0.1271855400433921
553412,-45.392249715013804,-44.62517978771764,14.0,-0.7670699272961627
553538,-5.167825551134783,-5.776202616844669,1.0,0.6083770657098864
553557,-11.602439327626444,-11.690830582471648,3.0,0.08839125484520416
553563,-16.176328435914208,-15.72350030172477,4.0,-0.45282813418943846
553568,-1.5003129532921338,-1.852288305067012,0.0,0.35197535177487826
553570,-6.659851538784425,-6.317355938182853,1.0,-0.3424956006015716
553676,-50.41617060485965,-52.96087399704012,20.0,2.544703392180466
553722,-35.867248236983365,-38.14701719119707,11.0,2.279768954213708
553773,-1.4608865852047799,-3.224948160277124,0.0,1.764061575072344
553819,-5.23669076323333,-5.134713181257339,1.0,-0.10197758197599072
554004,-21.856471603515484,-21.498016294682664,6.0,-0.35845530883281995
554081,-1.6701836015878473,-1.4928246861054588,0.0,-0.17735891548238847
554173,-8.205490774438681,-8.579551473953233,2.0,0.37406069951455123
554235,-18.111524779143558,-18.038607464727026,5.0,-0.07291731441653226
554260,-46.15718561117395,-44.68071784173037,13.0,-1.4764677694435804
554520,-15.415189401296553,-16.134578610185642,5.0,0.7193892088890887
554640,-21.671115850286704,-20.80392332139822,6.0,-0.8671925288884843
554695,-2.838992748558696,-3.070765387914628,0.0,0.23177263935593206
554766,-1.3532647708163295,-2.5473393969687996,0.0,1.1940746261524702
554824,-97.15478075788954,-95.95343048911488,39.0,-1.201350268774661
554863,-0.6289318031125117,-0.6055397147921203,0.0,-0.023392088320391413
554928,-5.205253541209036,-5.12946776297326,1.0,-0.07578577823577604
554952,-6.658113797604343,-6.58378092120131,1.0,-0.07433287640303288
554985,-10.887662079646223,-10.802094040388187,3.0,-0.08556803925803536
555052,-32.12047566303216,-32.5887941344335,13.0,0.4683184714013393
555189,-1.3577494693748553,-1.5898491556188117,0.0,0.23209968624395638
555195,-14.096278857073745,-14.187284394359652,4.0,0.09100553728590732
555208,-21.946395915746358,-23.419025685981747,5.0,1.4726297702353897
555362,-20.24149559033105,-20.41254442548547,6.0,0.17104883515442282
555387,-3.2442374967974694,-3.5920322239385674,0.0,0.34779472714109794
555425,-8.848699254981282,-8.76420539093016,2.0,-0.08449386405112236
555469,-8.329242964913563,-10.969456697168235,2.0,2.640213732254672
555560,-31.560719943145035,-31.490746445958667,11.0,-0.0699734971863677
555572,-5.338016676470257,-5.099940383485632,1.0,-0.2380762929846254
555787,-1.3876391990530412,-2.0757159502779827,0.0,0.6880767512249415
556173,-58.028235845267105,-59.760275463931094,24.0,1.7320396186639897
556249,-28.664983745849916,-29.43593294793011,10.0,0.7709492020801925
556427,-5.150853472755614,-5.221510503056412,1.0,0.07065703030079806
556433,-12.062336496995918,-12.102746104656031,3.0,0.04040960766011281
556480,-15.783675601736249,-15.423462174264577,3.0,-0.3602134274716722
556612,-19.423379826868764,-19.018248057111705,5.0,-0.4051317697570589
556643,-17.96537617159151,-17.26179096327026,5.0,-0.7035852083212504
556707,-10.92368166900361,-13.173254628207475,0.0,2.2495729592038654
556763,-24.44064778451521,-24.631168184612196,8.0,0.190520400096986
556779,-8.319573601499034,-8.309444582567204,2.0,-0.010129018931829492
556858,-10.965845982144108,-10.087456757938794,2.0,-0.8783892242053142
556931,-9.122918506982437,-9.40923942279482,2.0,0.28632091581238406
556958,-15.465772855148565,-16.522155274624094,4.0,1.0563824194755291
556970,-108.90813063663204,-110.6313182389794,43.0,1.723187602347366
557025,-0.37812810431002264,-0.6011075923913118,0.0,0.2229794880812892
557165,-34.70172485380396,-34.471133642568724,10.0,-0.23059121123523596
557221,-44.9167715973444,-45.234514984226,19.0,0.3177433868816024
557312,-5.4759519833958015,-5.679590622800943,1.0,0.20363863940514193
557392,-30.267146469439812,-29.888264561745483,10.0,-0.3788819076943284
557439,-12.940829778532821,-12.89833529342725,3.0,-0.0424944851055713
557452,-23.660835371322182,-24.24036875095413,8.0,0.5795333796319468
557579,-14.905032001283075,-14.86972625989885,4.0,-0.035305741384224376
557611,-34.28977114395398,-36.18397644196968,14.0,1.8942052980157058
557702,-22.116297449641216,-21.811023690649545,6.0,-0.305273758991671
557852,-22.793268099516784,-23.016065409808085,6.0,0.2227973102913019
557855,-14.047629998520103,-13.739393300109842,3.0,-0.30823669841026025
557974,-23.559498205113577,-22.554377137930175,7.0,-1.0051210671834028
558028,-8.96064553979778,-8.714249172153673,2.0,-0.2463963676441061
558074,-9.79035812111282,-9.605781340083592,2.0,-0.1845767810292287
558106,-54.086532932273656,-54.80915251995385,17.0,0.7226195876801924
558259,-54.084216071746866,-52.400002037452914,16.0,-1.6842140342939516
558448,-46.24922513213783,-49.208160010003674,15.0,2.9589348778658433
558575,-21.930317759262003,-23.07762928923671,7.0,1.1473115299747079
558593,-30.054456155742244,-30.535849591335992,10.0,0.48139343559374836
558657,-22.853709052066304,-21.771470714112347,6.0,-1.0822383379539566
558755,-6.176416464999393,-5.722857111997471,1.0,-0.4535593530019222
558791,-68.74003395635391,-67.38822055027002,30.0,-1.3518134060838918
558866,-8.161236840449453,-8.440649705227457,2.0,0.27941286477800453
559016,-1.466105696398817,-2.036979475143855,0.0,0.570873778745038
559019,-56.47497562840523,-55.696884571730926,22.0,-0.778091056674306
559028,-12.013144449652428,-11.617676454378037,3.0,-0.3954679952743909
559152,-11.027695774332317,-11.24197660538396,3.0,0.2142808310516422
559502,-1.2532277220457315,-1.538088947855252,0.0,0.28486122580952045
559512,-9.47225994623323,-9.366129863329537,2.0,-0.10613008290369308
559517,-36.84081565745719,-37.10200011895522,12.0,0.26118446149802566
559536,-26.267242927448088,-27.52419164517051,7.0,1.2569487177224232
559542,-55.496445625258225,-57.22041458291584,19.0,1.7239689576576183
559609,-9.537708493721079,-9.761742920915989,2.0,0.22403442719491018
559955,-12.491712001005414,-12.488138959828898,3.0,-0.003573041176515801
559968,-16.813787408874912,-18.03732547548732,4.0,1.2235380666124094
560013,-3.212279037566315,-1.983774384669906,0.0,-1.228504652896409
560030,-98.60408303334214,-101.1639763679105,43.0,2.5598933345683577
560047,-11.444129010609872,-11.41810810493058,3.0,-0.026020905679292383
560146,-9.79049574790476,-9.603005943840932,2.0,-0.1874898040638282
560158,-48.21364558500717,-47.68674552484349,17.0,-0.5269000601636833
560161,-1.3682179587800645,-1.766142984650207,0.0,0.39792502587014256
560247,-0.6187946245113056,-1.0563506522824428,0.0,0.4375560277711372
560289,-40.51731932016157,-39.98831934359339,11.0,-0.5289999765681799
560423,-13.717768550794137,-13.165628099818688,3.0,-0.5521404509754486
560536,-5.62280792076231,-5.209545036591319,1.0,-0.4132628841709911
560620,-9.268027294869812,-9.54647002520673,1.0,0.27844273033691813
560752,-11.390444542133237,-15.952700668694629,1.0,4.562256126561392
560814,-32.614675404629345,-33.739079959114825,12.0,1.12440455448548
560830,-1.283443149598311,-1.5374301322047914,0.0,0.25398698260648045
560831,-36.01371183554689,-36.12116814666112,14.0,0.10745631111422682
560855,-20.9063253754294,-18.437988090297207,6.0,-2.4683372851321934
560861,-2.370164993255947,-2.488932695060804,0.0,0.11876770180485696
561083,-30.06792102255961,-30.978315339562283,9.0,0.9103943170026731
561090,-3.531461652779707,-3.6686515966525417,0.0,0.13718994387283479
561172,-9.132899519035265,-8.750359454695666,2.0,-0.3825400643395991
561202,-0.22151303527368404,-0.3545550642661692,0.0,0.13304202899248513
561342,-6.313439251538197,-6.777705277942255,1.0,0.4642660264040579
561489,-0.7321217805522497,-0.9843115894744652,0.0,0.25218980892221543
561587,-5.25030569870967,-5.3114852250426114,1.0,0.06117952633294177
561613,-100.9922633663608,-101.734838054097,42.0,0.7425746877361945
561649,-4.7824609542119205,-6.292263811928468,0.0,1.5098028577165472
562013,-9.788399565601319,-8.881056574198201,1.0,-0.9073429914031177
562063,-16.403563716453018,-17.26428926059995,5.0,0.8607255441469306
562227,-1.3411625897744923,-1.727348994792588,0.0,0.38618640501809565
562287,-11.69961179901828,-11.667358239927044,3.0,-0.032253559091236284
562308,-31.525261470264265,-31.966276405490365,8.0,0.44101493522610014
562500,-10.61141428044496,-10.547785538920358,1.0,-0.0636287415246013
562607,-14.499797484294477,-18.496458924131744,1.0,3.9966614398372666
562807,-12.203172036053038,-11.544503530674252,3.0,-0.6586685053787864
562831,-1.1933695063944134,-1.3335728609276898,0.0,0.14020335453327637
562855,-17.971528987919392,-19.03591251072032,6.0,1.0643835228009273
562949,-12.464794533141397,-12.321498381707388,3.0,-0.14329615143400964
562955,-41.9852524533979,-57.96694951635732,15.0,15.98169706295942
563008,-4.526389572094793,-4.500192237943827,1.0,-0.026197334150966256
563064,-9.502216968327478,-8.947452659822345,2.0,-0.554764308505133
563091,-47.25452239627917,-47.0038934349853,22.0,-0.25062896129387013
563225,-19.14733804827196,-19.15786113247115,5.0,0.010523084199192567
563244,-11.351367168475386,-10.80094106533964,2.0,-0.5504261031357469
563297,-9.122050778568868,-8.832795157090043,2.0,-0.28925562147882466
563298,-0.5894399947738936,-0.9788000313930846,0.0,0.38936003661919094
563412,-5.6302599805433715,-5.1926098342338936,1.0,-0.43765014630947796
563423,-16.279888790971935,-16.337278427746497,4.0,0.05738963677456255
563533,-20.122564226301694,-19.800532728028827,6.0,-0.32203149827286737
563590,-30.633951608796284,-29.25220933204876,7.0,-1.3817422767475236
563657,-32.563012044860635,-31.986549843132664,9.0,-0.5764622017279706
563661,-13.97286580785387,-13.58050050297732,3.0,-0.3923653048765505
563734,-1.155700267879131,-1.4405897010483886,0.0,0.2848894331692575
563921,-8.23295259940373,-6.890983553290935,1.0,-1.3419690461127942
563986,-15.50501718538461,-15.635892879329724,4.0,0.13087569394511434
564027,-1.0965997668361491,-1.4333651958577414,0.0,0.33676542902159223
564040,-80.20607422948127,-74.11397915161857,47.0,-6.092095077862709
564260,-5.704451216637672,-5.497275170809663,1.0,-0.20717604582800853
564290,-46.06927486696813,-46.69260945926649,16.0,0.6233345922983631
564599,-1.1333751727223988,-1.3327529378534255,0.0,0.19937776513102667
564655,-21.923158299204562,-21.747852698552023,7.0,-0.17530560065253908
564696,-8.953212071704831,-11.430745710592868,1.0,2.477533638888037
564867,-33.50328094377966,-34.55687244409164,13.0,1.0535915003119811
564951,-56.62153354416027,-58.75400304160193,20.0,2.1324694974416616
565026,-2.5550280234909497,-2.792644908370761,0.0,0.23761688487981125
565041,-23.72530641201485,-23.655218835554756,7.0,-0.070087576460093
565198,-12.982651637510564,-12.443075168881716,3.0,-0.539576468628848
565224,-8.031893469907967,-7.869445551575159,2.0,-0.16244791833280825
565348,-20.028282707622022,-19.568182341182247,4.0,-0.46010036643977514
565352,-21.049435990183397,-21.59320900233316,6.0,0.5437730121497637
565522,-17.780526779327815,-17.663078768571076,5.0,-0.11744801075673905
565598,-98.20510450167542,-99.57600840242378,40.0,1.3709039007483597
565736,-8.191989543481554,-8.234907770737404,2.0,0.04291822725584993
565851,-79.38772963209496,-77.4006227939478,34.0,-1.987106838147156
565918,-28.53612233210888,-28.221186349312255,7.0,-0.3149359827966265
565929,-0.885405956962539,-1.2311901113662618,0.0,0.3457841544037228
565967,-0.6790245635552536,-1.0532904184280611,0.0,0.3742658548728075
566129,-14.221811401739307,-13.928480742620504,3.0,-0.2933306591188032
566277,-6.132556702097018,-6.438432075552382,1.0,0.30587537345536386
566491,-5.79250557575881,-5.825215021726519,1.0,0.03270944596770953
566493,-43.535374302612446,-44.03680660584051,17.0,0.5014323032280643
566623,-1.375954676791704,-1.3932790236479458,0.0,0.017324346856241846
566759,-321.3205318517258,-248.69684589018073,315.0,-72.62368596154505
566878,-11.665139079833924,-12.94823531143738,3.0,1.283096231603455
566907,-1.2864373226037777,-1.4017171540558109,0.0,0.11527983145203313
567069,-1.6170902671543337,-2.248998595879422,0.0,0.6319083287250884
567089,-4.930643339917468,-4.547430660839263,0.0,-0.38321267907820555
567174,-26.354287223314685,-26.15391590552683,8.0,-0.20037131778785522
567279,-1.0082615112384519,-1.0998999608849862,0.0,0.09163844964653434
567287,-15.09994602214881,-14.637010273200456,4.0,-0.4629357489483539
567398,-9.392535701776595,-9.37209031305115,2.0,-0.020445388725445213
567404,-10.03799651071973,-10.461221072791473,2.0,0.4232245620717432
567529,-0.6721404623961864,-0.9847724843251736,0.0,0.3126320219289872
567596,-15.56479296628769,-15.18832187058629,4.0,-0.376471095701401
567647,-15.56839449904599,-15.237327074919104,4.0,-0.3310674241268856
567771,-18.185798111338727,-18.09921919205671,5.0,-0.08657891928201522
567797,-1.5036809099769308,-1.741847745325949,0.0,0.23816683534901828
567829,-0.41417589599496374,-0.5033821411134689,0.0,0.08920624511850517
567963,-9.290942246701322,-9.059987552316596,2.0,-0.23095469438472627
567983,-7.76325627527081,-7.525846156332451,1.0,-0.23741011893835928
568107,-5.094872089521214,-5.041870967025154,1.0,-0.05300112249606048
568119,-20.559999931315467,-20.824602491541324,6.0,0.2646025602258568
568142,-37.08628653497696,-38.55545091740658,14.0,1.4691643824296179
568168,-54.932025976327544,-53.070118684096975,26.0,-1.861907292230569
568183,-110.49519290051623,-114.22147720313968,49.0,3.726284302623455
568222,-9.26096848227462,-8.654111656956871,2.0,-0.6068568253177489
568394,-74.8440483486879,-77.40469212430804,35.0,2.560643775620136
568649,-1.6781761339156487,-1.9922283637865623,0.0,0.31405222987091364
568665,-21.605036665881688,-20.99383282290164,6.0,-0.6112038429800464
568864,-6.857158181413794,-5.4321855707221145,0.0,-1.4249726106916798
569220,-39.15996836383936,-39.20999285741361,13.0,0.05002449357424865
569223,-26.283712436403338,-26.429663452877755,8.0,0.14595101647441666
569246,-56.59907038482441,-56.41167836937455,24.0,-0.18739201544985917
569297,-41.02998504481657,-40.39370309460756,16.0,-0.6362819502090105
569301,-29.238112362696025,-29.08127553955387,10.0,-0.15683682314215375
569358,-5.204769873388631,-5.229173625455385,1.0,0.02440375206675327
569428,-20.60606617685527,-21.367609764394647,7.0,0.7615435875393786
569436,-139.02990556145838,-147.700441271033,75.0,8.670535709574608
569507,-22.37997800244457,-21.314890150125493,5.0,-1.0650878523190777
569509,-16.051765688267462,-15.975423987728757,4.0,-0.07634170053870548
569528,-9.790435941753064,-9.572482085004722,2.0,-0.21795385674834122
569566,-5.311044739655369,-5.493970724198204,1.0,0.18292598454283482
569586,-23.690393580381905,-24.595791763277138,7.0,0.9053981828952331
569695,-20.50984109996217,-19.976987720681713,6.0,-0.5328533792804571
569801,-11.00257037097348,-11.02361376787368,2.0,0.021043396900200406
569810,-12.235973318039584,-12.16584970353656,3.0,-0.07012361450302329
569935,-8.638134804220353,-8.605170422868287,2.0,-0.03296438135206614
569986,-12.569668941742318,-12.294974651369673,3.0,-0.27469429037264526
570098,-11.343273786565934,-11.381771045978528,3.0,0.038497259412594076
570276,-11.811079854750798,-14.236667788955316,0.0,2.4255879342045183
570279,-12.063286184017986,-11.884814192297537,3.0,-0.1784719917204498
570396,-10.330329020830437,-9.538328976676809,2.0,-0.7920000441536281
570634,-12.371552382615544,-12.04481231568398,3.0,-0.32674006693156343
570655,-12.936411810450483,-12.62351747913402,3.0,-0.31289433131646405
570672,-42.28051217956684,-41.854826550702874,15.0,-0.42568562886396677
570705,-37.90537156397545,-38.21513806466452,14.0,0.3097665006890722
570806,-9.532634684423034,-9.048043314796535,2.0,-0.4845913696264983
570856,-42.81938517714623,-47.42960124456928,20.0,4.610216067423046
571049,-27.40646790863366,-29.192308184306203,7.0,1.7858402756725447
571256,-5.297628998668059,-5.217473783327326,1.0,-0.08015521534073322
571406,-8.46648777377242,-8.454137455500877,2.0,-0.012350318271542093
571988,-11.636476621326526,-11.782080009932484,3.0,0.14560338860595756
572017,-28.849000419172956,-25.939943282632804,5.0,-2.9090571365401523
572113,-28.28567149956941,-27.950143756095898,9.0,-0.3355277434735129
572215,-12.367191673649666,-12.025944497588927,3.0,-0.3412471760607385
572224,-26.82831908730231,-25.78156173768855,7.0,-1.0467573496137632
572362,-9.459825428156668,-9.411614130864052,2.0,-0.04821129729261564
572558,-28.809107383004694,-29.277029865079616,10.0,0.46792248207492193
572794,-5.226810228187208,-5.166751445284028,1.0,-0.06005878290318023
572810,-10.442922520538882,-10.575245364115496,2.0,0.13232284357661328
572824,-1.1295404932748196,-1.7327464784425235,0.0,0.6032059851677039
572860,-2.2962612683464476,-3.0627880194814665,0.0,0.7665267511350189
572886,-63.253298516889934,-64.01688020996109,20.0,0.7635816930711528
572943,-11.728710370422208,-10.521366650903316,2.0,-1.2073437195188923
573020,-17.983842269546138,-18.60217709830609,5.0,0.6183348287599522
573053,-19.86465646715639,-19.70500491636718,6.0,-0.15965155078921
573127,-1.5600778953046317,-1.8289198669944753,0.0,0.2688419716898436
573145,-32.79247337121222,-33.25066000944442,10.0,0.4581866382321991
573355,-5.649604229176421,-5.816093710712559,1.0,0.1664894815361384
573364,-19.458178504013432,-19.27264577625694,6.0,-0.18553272775649177
573421,-21.140343969265313,-20.66171088836576,5.0,-0.47863308089955225
573463,-10.75015084647315,-12.737151148555636,0.0,1.9870003020824853
573494,-34.58564701489998,-34.65486541445968,9.0,0.06921839955969489
573517,-1.1242995818877584,-1.3043025267782051,0.0,0.18000294489044677
573531,-33.76346943649515,-33.95741845283125,13.0,0.19394901633609862
573579,-32.361468901431365,-31.955177641743777,11.0,-0.4062912596875883
573688,-5.368919833873287,-4.995090753190661,1.0,-0.37382908068262566
573720,-0.20286937038041516,-0.9259729477112676,0.0,0.7231035773308524
573807,-13.16341231810886,-13.045126653473377,3.0,-0.11828566463548285
573862,-24.712940306598103,-24.409997273518407,5.0,-0.3029430330796963
574037,-23.100176027673847,-22.9381791648636,7.0,-0.16199686281024483
574047,-9.528652861489398,-9.413794279047757,2.0,-0.11485858244164149
574093,-0.9747026603791666,-1.503582832077169,0.0,0.5288801716980023
574312,-15.220439841213116,-16.540766003827358,3.0,1.3203261626142417
574345,-7.8565865459140465,-8.36238263119716,2.0,0.505796085283114
574428,-45.52319265510588,-44.45256270229381,19.0,-1.0706299528120695
574461,-2.427223251121875,-2.807785327742802,0.0,0.3805620766209272
574470,-18.257853947705158,-17.32693590169044,4.0,-0.9309180460147175
574547,-11.936374901714434,-10.947906676163928,2.0,-0.9884682255505055
574693,-4.613194508483009,-4.682162848331833,1.0,0.06896833984882456
574712,-17.62231479782854,-17.81799533541769,5.0,0.19568053758915127
574837,-37.912949538166465,-37.96416600865587,11.0,0.051216470489407584
574913,-9.458170779248475,-9.061316376388984,2.0,-0.3968544028594909
574932,-5.630050165897101,-5.890945551143327,1.0,0.2608953852462257
575020,-0.7355263126391228,-1.126226094268792,0.0,0.39069978162966923
575087,-2.9091623266111433,-3.099536579371885,0.0,0.19037425276074194
575136,-14.388642770376087,-14.559445740584056,4.0,0.1708029702079692
575201,-16.093017249551085,-16.157141135510823,4.0,0.06412388595973795
575343,-6.80334824308849,-7.419916865173176,1.0,0.616568622084686
575388,-8.652739272140554,-8.574639555610867,2.0,-0.07809971652968706
575634,-31.168413882106538,-31.35281448544682,10.0,0.18440060334028274
575683,-0.7323051375971817,-1.095980612052911,0.0,0.36367547445572923
575693,-22.577085991645745,-22.798898437766344,7.0,0.22181244612059814
575733,-8.981055599929217,-8.839795663256613,2.0,-0.14125993667260417
575776,-22.897479702721373,-23.17674480260044,8.0,0.27926509987906556
576194,-6.320140801465138,-6.48608547762822,1.0,0.16594467616308162
576283,-12.11369648877669,-11.938260400197588,3.0,-0.17543608857910087
576285,-4.088865177505827,-3.277745594557766,0.0,-0.8111195829480611
576315,-1.34102286624793,-1.9204591976997016,0.0,0.5794363314517716
576346,-8.782368124814122,-9.580323205633816,1.0,0.797955080819694
576485,-25.75349677860977,-26.45201085396988,8.0,0.6985140753601122
576541,-9.424308915135011,-8.738609707208191,2.0,-0.6856992079268203
576758,-33.68551583061586,-34.02448100082298,13.0,0.3389651702071177
576790,-30.90090849999182,-31.47296616908236,9.0,0.5720576690905368
576846,-8.850642968690156,-8.766291842998834,2.0,-0.08435112569132208
576882,-46.1765941482779,-45.55282456544626,22.0,-0.6237695828316419
576931,-10.582364660760552,-10.121488868901483,2.0,-0.4608757918590687
576965,-18.08742874316633,-18.2108397258336,5.0,0.12341098266727002
577018,-23.55632740885817,-23.065290089678417,7.0,-0.49103731917975324
577125,-5.806520955980912,-5.751979726336126,1.0,-0.05454122964478625
577281,-29.528941640210128,-29.10493761952686,9.0,-0.4240040206832667
577368,-12.704027554202913,-12.595294244789722,3.0,-0.10873330941319104
577447,-22.622635899416213,-21.69082538854557,5.0,-0.931810510870644
577471,-5.185144352923034,-5.485047074973071,1.0,0.299902722050037
577537,-17.738721141910414,-17.33571210864795,4.0,-0.40300903326246384
577636,-30.49865271145876,-29.930524938326386,9.0,-0.5681277731323746
577694,-19.605061300245893,-18.612920233193748,4.0,-0.9921410670521453
577718,-8.457802391819314,-8.644800304001885,2.0,0.1869979121825711
577737,-39.073727619842664,-38.10942959845264,8.0,-0.9642980213900216
577943,-4.778832233054276,-4.730517268733266,1.0,-0.04831496432101012
578011,-17.03949934047992,-17.364710945176345,4.0,0.32521160469642396
578187,-3.7962338876199175,-4.997297937686862,0.0,1.2010640500669445
578326,-16.65390346895341,-15.87127663847486,4.0,-0.7826268304785486
578332,-8.943983815021415,-8.698307208225103,2.0,-0.2456766067963123
578400,-21.77512537198458,-21.57780162960726,5.0,-0.19732374237731776
578600,-49.34686637332971,-49.0880969205084,13.0,-0.25876945282131203
578603,-10.157739546511486,-9.613457869618314,2.0,-0.5442816768931724
578751,-12.588452132738007,-12.442450128618429,3.0,-0.14600200411957864
578766,-31.61308907034415,-29.18051233009591,5.0,-2.432576740248237
578857,-25.66670247389799,-25.283251594440415,8.0,-0.3834508794575733
578859,-12.31120705148213,-12.57733899197168,3.0,0.266131940489549
579022,-6.182460018526605,-5.9164731276449345,1.0,-0.2659868908816705
579127,-32.15255863536515,-31.748687561188405,12.0,-0.40387107417674883
579155,-1.8434816613924891,-3.2062803581491823,0.0,1.3627986967566932
579293,-3.4656394031694715,-3.3910194557731663,1.0,-0.07461994739630518
579355,-7.068332570744705,-6.664506163312392,1.0,-0.40382640743231235
579433,-43.21530772636302,-43.20414643947685,17.0,-0.01116128688617124
579460,-20.341476498870165,-20.18693728255841,6.0,-0.15453921631175405
579483,-6.340845129208552,-5.990808585827434,1.0,-0.3500365433811181
579523,-5.241230729176649,-5.30833545713216,1.0,0.06710472795551148
579610,-21.3467795037302,-21.164024536914212,6.0,-0.18275496681598824
579629,-15.100114197110729,-16.071709769067905,3.0,0.9715955719571756
579926,-81.51576780102202,-87.07279829506714,27.0,5.557030494045122
579959,-33.79443513162514,-33.27697945501543,12.0,-0.517455676609714
579960,-41.32853731018,-42.59312217758472,17.0,1.2645848674047144
580027,-18.526094000449042,-18.371733402048253,5.0,-0.15436059840078897
580041,-1.5299185392548693,-2.5264662464866467,0.0,0.9965477072317774
580120,-9.736811132054715,-9.33516838759259,2.0,-0.40164274446212467
580137,-47.381436303097445,-48.098463546567885,16.0,0.7170272434704401
580141,-5.468540540063637,-5.104781390588723,1.0,-0.36375914947491417
580219,-32.64221602653628,-34.10081705499037,11.0,1.4586010284540905
580260,-0.7763827701478699,-1.0098926414565697,0.0,0.2335098713086997
580267,-5.192281167499414,-5.100483966777276,1.0,-0.09179720072213815
580348,-16.983837733960243,-15.807750642203892,4.0,-1.1760870917563508
580409,-10.775585519798074,-9.464903753181517,2.0,-1.3106817666165576
580667,-7.680655529277116,-7.652850995045846,0.0,-0.027804534231270495
580702,-1.3648231705403562,-1.4723073604773813,0.0,0.10748418993702513
580743,-9.345503242232803,-8.536573810817568,2.0,-0.8089294314152351
580766,-18.79730002408174,-14.097713781912532,4.0,-4.699586242169207
580782,-19.92005497846373,-32.773563119883896,1.0,12.853508141420164
580907,-19.524896464835745,-19.483642605467782,6.0,-0.041253859367962775
580923,-59.859249076955315,-59.462975776517005,24.0,-0.39627330043830966
580999,-14.015162608146007,-14.842294770097794,1.0,0.8271321619517877
581127,-101.17937385357584,-101.25312974721292,52.0,0.07375589363708457
581454,-1.6755858157578603,-2.1068401211509817,0.0,0.4312543053931215
581662,-5.149723277009084,-4.575770994554346,0.0,-0.5739522824547381
581850,-39.9836925916577,-41.21984727574598,12.0,1.2361546840882767
581859,-16.606439544605323,-16.14170968123387,4.0,-0.4647298633714527
581991,-57.68638012532668,-64.12367375916374,25.0,6.437293633837058
582015,-10.099223623351133,-12.170008300280236,2.0,2.0707846769291027
582143,-10.421248096966316,-9.766326153418907,2.0,-0.654921943547409
582200,-7.788818631642556,-7.568874919276868,1.0,-0.219943712365688
582206,-19.139218115466008,-19.252698999962757,6.0,0.11348088449674876
582267,-2.8507307001805615,-3.549509323465783,0.0,0.6987786232852216
582361,-9.877735207982175,-9.773026090085942,2.0,-0.10470911789623294
582634,-17.695018257909904,-17.04284653122163,4.0,-0.6521717266882732
582713,-9.718877929271216,-8.805906716311696,2.0,-0.9129712129595191
582729,-20.340272235220098,-20.396489748295608,6.0,0.05621751307550937
582813,-24.921550248319544,-24.87564039543084,8.0,-0.045909852888705416
582823,-15.40253582876229,-15.177665832376354,4.0,-0.22486999638593552
582875,-34.75437796647016,-36.34940108367806,12.0,1.5950231172079015
582925,-18.853561636184587,-18.470964754641212,5.0,-0.3825968815433747
582980,-43.45079929250556,-42.57586514618282,15.0,-0.8749341463227367
583023,-1.2115591697134656,-1.672166306297424,0.0,0.46060713658395835
583045,-10.284551037397831,-10.10512135990487,1.0,-0.17942967749296024
583356,-5.343806315792545,-5.333000063854468,1.0,-0.01080625193807716
583605,-13.948497089756108,-14.447917250842035,4.0,0.49942016108592746
583698,-35.42401895373946,-35.84304304914893,13.0,0.41902409540946906
583725,-52.99307652681398,-58.914414963084205,21.0,5.921338436270226
583862,-5.30325833255025,-5.233562974968288,1.0,-0.06969535758196166
583895,-11.85361050124191,-12.023847414960818,3.0,0.1702369137189077
583944,-7.243746462169945,-7.068934542126021,0.0,-0.17481192004392376
584006,-8.149246981192483,-8.135193147181168,2.0,-0.014053834011315658
584026,-14.681864503473854,-14.695555867638149,3.0,0.01369136416429484
584290,-4.645098611340763,-4.6470462331048115,1.0,0.0019476217640486126
584490,-36.76813261496628,-37.59636720586302,15.0,0.8282345908967415
584519,-9.357878538510066,-9.541377050744192,2.0,0.1834985122341255
584526,-45.14651968845684,-45.353928815797794,18.0,0.20740912734095218
584647,-24.461085904429876,-23.084103607770707,5.0,-1.3769822966591683
584651,-30.30937488774418,-30.63755932878173,11.0,0.32818444103754985
584842,-4.844588594356686,-4.869670708663783,1.0,0.025082114307096504
584847,-2.128528618356172,-2.132033506488148,0.0,0.003504888131976358
584905,-1.9198041088717972,-2.350895376028391,0.0,0.43109126715659385
584974,-1.843732919379843,-2.2146391060280237,0.0,0.37090618664818065
584988,-8.876518251976911,-8.695067026994705,2.0,-0.18145122498220623
585003,-31.29545237686293,-32.03329795208009,12.0,0.7378455752171611
585305,-45.262127705223556,-48.330427371159765,17.0,3.068299665936209
585349,-1.3939737122078053,-1.708884118649007,0.0,0.3149104064412016
585365,-27.86847581821452,-28.1539422607889,7.0,0.2854664425743785
585413,-46.7220915058321,-56.24695435548703,16.0,9.52486284965493
585427,-13.349202667780592,-13.687468791227973,3.0,0.33826612344738116
585495,-18.458603652445593,-17.982816784181328,5.0,-0.4757868682642652
585562,-31.25917022665054,-31.359147733872103,10.0,0.0999775072215634
585655,-3.140674322347912,-3.351052493837975,0.0,0.210378171490063
585844,-12.206219829148573,-12.372028344859054,3.0,0.16580851571048072
585880,-42.42261212562481,-42.69767363910541,17.0,0.27506151348060115
585890,-45.272214060109754,-45.24602192057629,19.0,-0.026192139533463887
585955,-0.9567513417895497,-1.0722425090640988,0.0,0.11549116727454911
585958,-23.47965958939417,-23.030086343640843,6.0,-0.4495732457533279
585991,-10.846114391492346,-10.27121628510697,2.0,-0.5748981063853762
586080,-11.81393927809406,-11.970588242227006,3.0,0.1566489641329465
586132,-5.260408548096019,-5.735007558511317,1.0,0.4745990104152975
586276,-20.7209044057358,-19.758155072913127,5.0,-0.9627493328226748
586384,-11.299184560261924,-11.30958609804578,3.0,0.01040153778385644
586412,-30.599154508744345,-30.218284512938332,8.0,-0.38086999580601244
586489,-6.276514976358498,-5.563392049866793,1.0,-0.713122926491705
586537,-21.38633365260391,-21.186275723253612,7.0,-0.20005792935029731
586544,-5.8155245690686295,-5.764479584552836,1.0,-0.05104498451579342
586611,-1.1699452553743719,-1.357947249403535,0.0,0.18800199402916307
586681,-9.23457528594661,-8.541203421268147,2.0,-0.693371864678463
586697,-14.272194358884317,-13.779798680654862,3.0,-0.49239567822945496
586910,-57.09497950034188,-57.16109861321911,24.0,0.0661191128772316
586922,-15.447160456910465,-15.392774386305778,4.0,-0.054386070604687475
586938,-5.485759924447263,-5.398453657004242,1.0,-0.0873062674430205
587084,-1.9316414732424747,-3.3159900261025976,0.0,1.384348552860123
587103,-17.3719203959736,-14.39083494651501,3.0,-2.9810854494585897
587289,-14.749879195106317,-14.4847647964147,4.0,-0.2651143986916171
587354,-17.015945653851652,-16.945313149925028,5.0,-0.07063250392662468
587359,-17.625610404248892,-17.43731609247678,5.0,-0.1882943117721112
587547,-79.35813980187862,-78.52642305032091,19.0,-0.8317167515577069
587678,-5.696455388097831,-5.808251113935994,1.0,0.11179572583816366
587877,-7.634438923822616,-7.07595452292241,1.0,-0.5584844009002063
588267,-23.092513989976844,-22.31428888443379,6.0,-0.7782251055430542
588805,-22.175987722577325,-21.920889635527505,6.0,-0.25509808704982007
588852,-8.640270495793029,-8.714237083373582,2.0,0.07396658758055352
588868,-15.927588855890551,-15.528047572437035,4.0,-0.3995412834535159
588883,-31.521484204628106,-33.31827117113899,8.0,1.7967869665108829
588900,-21.066402968125843,-21.61751042625802,6.0,0.5511074581321758
588999,-29.852989303329604,-32.197919080544914,11.0,2.3449297772153095
589026,-45.85104417978499,-44.43775283202939,13.0,-1.413291347755603
589045,-42.42830596318427,-41.631622753572415,11.0,-0.7966832096118566
589050,-18.401531451138975,-17.691617451437537,4.0,-0.7099139997014383
589053,-28.71652015608533,-28.895210465444485,10.0,0.17869030935915475
589115,-19.178421619860515,-18.126476174117258,5.0,-1.0519454457432573
589177,-16.089996545246027,-16.39119866690799,5.0,0.30120212166196225
589380,-15.560953636831998,-14.82369423624792,4.0,-0.7372594005840778
589424,-1.1753725370312105,-1.27523771773824,0.0,0.09986518070702943
589427,-17.514596146625713,-17.210904745317865,5.0,-0.303691401307848
589469,-5.005528897792933,-5.158793112284485,1.0,0.1532642144915517
589580,-5.135648426917708,-5.131448447279867,1.0,-0.0041999796378409116
589593,-13.402763685261473,-13.100787728235913,3.0,-0.3019759570255598
589654,-14.785014946692757,-14.79491896940751,4.0,0.009904022714753324
589690,-29.417707949578986,-28.762769394333272,8.0,-0.6549385552457139
589708,-1.5197305278368827,-2.2707031765497683,0.0,0.7509726487128856
589948,-92.7319564424008,-86.5096653022338,49.0,-6.222291140167002
589957,-24.94536611707452,-25.80413528469237,7.0,0.8587691676178508
590160,-12.60688347822979,-13.394344123708915,3.0,0.7874606454791255
590264,-8.108081756466358,-7.59457623884069,1.0,-0.513505517625668
590418,-25.616272918358494,-25.857637516442452,9.0,0.24136459808395827
590449,-101.65173993811293,-101.19763984679744,43.0,-0.4541000913154818
590528,-1.969043099921468,-3.1143997234066454,0.0,1.1453566234851773
590574,-19.27370245170296,-19.581191950649963,5.0,0.30748949894700317
590952,-7.139699207433196,-6.8386125135355185,0.0,-0.3010866938976777
591016,-5.721882804439774,-5.009425475444497,0.0,-0.7124573289952769
591248,-0.924164374621192,-1.2354854765860857,0.0,0.3113211019648936
591376,-1.1216688410115125,-1.528218092537604,0.0,0.40654925152609156
591399,-28.719286200481044,-29.5135398806823,10.0,0.7942536802012548
591420,-23.2373861850012,-22.680488476030533,6.0,-0.5568977089706664
591432,-17.653483669252214,-18.045818038392984,5.0,0.39233436914076947
591479,-11.692190124058886,-11.711157237737076,3.0,0.018967113678190373
591486,-12.471960794656045,-12.471605870684236,3.0,-0.0003549239718090291
591547,-22.61017447354006,-23.11286195500624,7.0,0.5026874814661824
591616,-12.598351894926783,-13.033464756048351,3.0,0.4351128611215689
591746,-0.7084304575546273,-1.025409358057619,0.0,0.3169789005029916
591803,-79.69320121152745,-74.58201189891244,40.0,-5.111189312615011
592023,-7.2327825616228845,-5.971345560915465,1.0,-1.2614370007074198
592029,-5.465703304524067,-5.8051229474880985,1.0,0.3394196429640317
592093,-5.1841596766095455,-5.079459345865674,1.0,-0.10470033074387164
592160,-17.125536652351748,-16.910264331970964,5.0,-0.2152723203807838
592216,-1.3487416993927341,-2.436689323882714,0.0,1.0879476244899797
592301,-26.55839960402766,-26.074324768255327,9.0,-0.4840748357723328
592381,-6.277520912705659,-4.782376107616157,0.0,-1.4951448050895015
592384,-1.1586208350917522,-1.4769722108047063,0.0,0.31835137571295413
592419,-23.766054272478012,-22.94426904858434,6.0,-0.8217852238936736
592430,-9.719151614927881,-9.517268846960292,2.0,-0.20188276796758942
592461,-1.486347076530343,-1.655899972919418,0.0,0.1695528963890749
592491,-20.405820243666263,-20.18202457481807,5.0,-0.22379566884819369
592722,-28.344515100687488,-27.915982237557323,9.0,-0.42853286313016525
592737,-27.1456497517494,-25.29938015654397,5.0,-1.8462695952054275
592741,-14.602222914734906,-14.369705855416054,4.0,-0.2325170593188517
592854,-16.52883299751661,-16.085324603470035,4.0,-0.4435083940465745
592881,-1.179250589750765,-1.8910644424514709,0.0,0.7118138527007059
592882,-7.699703631726444,-5.758981459283909,1.0,-1.940722172442535
593233,-23.65228200261997,-23.768787029392943,8.0,0.11650502677297325
593283,-9.324107824809714,-9.193765013421729,2.0,-0.13034281138798498
593419,-17.14844584781609,-16.26984913394763,2.0,-0.8785967138684612
593440,-2.3431597647260736,-2.428272106254582,0.0,0.08511234152850822
593527,-8.89555958780858,-8.425228502001348,2.0,-0.4703310858072314
593833,-51.40896625347135,-50.652185083906474,21.0,-0.7567811695648743
594171,-17.151439614072522,-16.74333858546666,4.0,-0.40810102860586284
594422,-17.445594254145767,-17.79607875556447,5.0,0.3504845014187019
594428,-10.162328650361689,-9.869883479088822,1.0,-0.29244517127286684
594540,-12.402944904992061,-13.296331075207991,3.0,0.8933861702159298
594583,-9.223678037618347,-8.85075057935743,2.0,-0.3729274582609179
594753,-18.39554846164467,-18.030500385075,5.0,-0.36504807656966776
594816,-27.11169151894808,-27.062535086261363,10.0,-0.04915643268671843
594882,-1.102572204998937,-1.2891694191280187,0.0,0.1865972141290817
594934,-41.68579774865916,-39.528261980112745,10.0,-2.157535768546417
594941,-22.595457114880652,-22.12204920234059,7.0,-0.4734079125400612
594992,-20.29037458566877,-19.943535716052537,5.0,-0.34683886961623145
595041,-8.816725379460985,-8.860869420399508,2.0,0.04414404093852298
595078,-27.94040572887212,-28.967489274962727,8.0,1.0270835460906085
595087,-10.639207048700827,-9.37692272550205,2.0,-1.2622843231987773
595088,-10.489302882314096,-9.635984324858876,2.0,-0.8533185574552196
595162,-114.0350403702692,-122.15618570629856,48.0,8.121145336029358
595424,-53.70108068429205,-58.03169046504103,23.0,4.330609780748979
595433,-10.38272056292068,-10.358379308358456,2.0,-0.02434125456222347
595502,-18.05753704606517,-17.638610247306126,5.0,-0.4189267987590455
595554,-4.833479483965467,-5.7811326124645745,1.0,0.9476531284991072
595657,-51.30809441926953,-51.15789079312855,25.0,-0.15020362614097849
595807,-27.446805733152402,-27.434806750593346,10.0,-0.011998982559056515
595909,-22.625556676255517,-22.195065041025305,5.0,-0.4304916352302115
596054,-1.1590406906142348,-1.5496762430738873,0.0,0.39063555245965254
596302,-20.470687796524132,-19.440012842569825,6.0,-1.030674953954307
596349,-23.968259557025526,-23.397715339930276,7.0,-0.5705442170952502
596476,-37.43297915297713,-37.7120376524505,15.0,0.2790584994733649
596493,-36.24756334992822,-37.28511961863406,11.0,1.037556268705842
596502,-12.572173216773903,-12.549156228648831,3.0,-0.02301698812507169
596648,-11.661152000890564,-11.16103417646173,2.0,-0.500117824428834
596655,-65.34212579079158,-67.07632725234063,36.0,1.7342014615490484
596770,-1.8561731682357139,-1.877613904379758,0.0,0.02144073614404407
596784,-5.2432988159096965,-5.150773635554435,1.0,-0.09252518035526158
596821,-1.4207843591684728,-2.9802873602920763,0.0,1.5595030011236035
596901,-14.474645456126165,-14.469318743907309,3.0,-0.0053267122188565
596919,-34.990466709085204,-35.8834725929241,12.0,0.8930058838388959
596927,-22.99550093482753,-22.715219985639894,6.0,-0.2802809491876346
596948,-17.765181933180493,-17.328675988344905,5.0,-0.4365059448355879
597005,-14.689892396857378,-14.667220733538333,4.0,-0.02267166331904491
597021,-18.311137364585907,-15.878513022186867,3.0,-2.4326243423990395
597026,-15.100231711618378,-15.901866520908666,3.0,0.8016348092902881
597308,-2.801450685013491,-3.1390134125986173,0.0,0.3375627275851265
597373,-21.49866930708712,-21.521597520779547,6.0,0.02292821369242759
597374,-98.19169341492331,-93.5639067475702,38.0,-4.6277866673531065
597605,-9.773230452049996,-9.472371746415336,2.0,-0.3008587056346599
597835,-1.3795637020103901,-2.2451823752648163,0.0,0.8656186732544262
597925,-13.580289176734114,-13.895938813885683,4.0,0.31564963715156935
598029,-14.816533522537226,-14.676581648057113,4.0,-0.13995187448011315
598047,-17.83951724086351,-16.856894783645153,4.0,-0.9826224572183584
598171,-10.089526749988229,-9.958284712882076,1.0,-0.13124203710615312
598411,-49.87340064601438,-51.048898789086806,17.0,1.1754981430724243
598474,-28.73143862585569,-29.154097379819305,8.0,0.4226587539636135
598509,-5.159242674772944,-5.124599355938835,1.0,-0.034643318834109316
598700,-23.355739154734014,-18.28273631830513,3.0,-5.073002836428884
598768,-16.39398951915984,-15.986769937867017,4.0,-0.407219581292825
598782,-1.4086912891627803,-1.4897905553744062,0.0,0.08109926621162589
598973,-23.09462868957808,-23.44503451525619,5.0,0.3504058256781093
599041,-35.36568178604679,-36.778444351792665,8.0,1.4127625657458722
599113,-5.1982055732243255,-5.155115755847346,1.0,-0.04308981737697959
599317,-5.694882920548845,-5.940797845915576,1.0,0.24591492536673076
599413,-11.293894961350917,-10.65807408304003,2.0,-0.6358208783108878
599512,-25.036745711359966,-26.616697988504807,8.0,1.5799522771448409
599615,-24.461931520169845,-25.169767765135873,6.0,0.7078362449660283
599695,-5.574118725483899,-5.1962301804512325,1.0,-0.37788854503266656
599984,-16.357200146825345,-16.76935266142724,4.0,0.41215251460189606
600013,-0.8400571301577541,-1.057071434991516,0.0,0.21701430483376194
600060,-9.819101793273829,-7.25167308663133,0.0,-2.567428706642499
600097,-1.0071909231189293,-1.8438074626084873,0.0,0.8366165394895579
600131,-1.388406937809871,-2.3391913184047746,0.0,0.9507843805949037
600288,-12.161179717581629,-12.117644637410432,3.0,-0.04353508017119623
600294,-18.695115146458296,-18.604585146875227,6.0,-0.09052999958306884
600296,-7.943086859288508,-7.083475373682251,0.0,-0.8596114856062567
600521,-1.6941304615486006,-2.4906997447498314,0.0,0.7965692832012308
600735,-9.197819036162613,-8.863392854147074,2.0,-0.3344261820155392
600953,-34.79527992171966,-32.80431905409317,10.0,-1.990960867626491
601085,-1.8488549581504172,-2.765044880526496,0.0,0.916189922376079
601204,-8.235667693939178,-8.489973480755868,2.0,0.25430578681669047
601243,-36.90348496176821,-36.8673988654514,17.0,-0.036086096316807925
601274,-3.1428714414939907,-3.325176996340314,0.0,0.1823055548463235
601432,-0.4051195720386164,-0.7453512113371514,0.0,0.340231639298535
601467,-19.224123980352683,-18.467425743097053,5.0,-0.7566982372556303
601585,-11.416132236753311,-12.194625662036104,2.0,0.7784934252827931
601712,-29.78721234538632,-29.87252966288137,9.0,0.08531731749505056
601737,-5.437213899568706,-5.402361302285104,1.0,-0.034852597283602016
601933,-5.512381058000014,-5.609200903998928,1.0,0.09681984599891358
602055,-0.7030682039200155,-1.3876952977856944,0.0,0.684627093865679
602068,-6.733852529023656,-7.080907655767284,1.0,0.34705512674362815
602082,-8.663972936832835,-8.590314632542395,2.0,-0.07365830429043996
602130,-25.146179155134305,-23.837725516395516,5.0,-1.30845363873879
602166,-9.208833103670397,-8.984871213497067,2.0,-0.2239618901733298
602207,-79.67351996759392,-78.7825148999971,17.0,-0.8910050675968222
602339,-1.3039639070024154,-1.750812447655265,0.0,0.4468485406528495
602388,-25.814099504674132,-25.19756679627185,7.0,-0.616532708402282
602392,-26.799642121603075,-26.273931499540087,7.0,-0.5257106220629879
602449,-0.5577818333114881,-0.636972176086319,0.0,0.07919034277483084
602459,-11.598653869559465,-11.585391280405124,3.0,-0.013262589154340532
602518,-20.05346170528328,-20.700828421464184,5.0,0.6473667161809047
602599,-8.81174899198952,-8.598468591217564,2.0,-0.21328040077195531
602686,-32.02734437685618,-31.756566659453295,11.0,-0.2707777174028827
602840,-28.35014479183608,-28.022495643653603,8.0,-0.32764914818247703
602908,-10.148428274873572,-10.271750604721436,2.0,0.12332232984786451
603094,-9.923723643097103,-9.400776896056206,2.0,-0.5229467470408977
603185,-6.564374212414703,-5.862635232975028,1.0,-0.7017389794396749
603216,-5.803239723586085,-5.942733314813616,1.0,0.1394935912275308
603218,-34.90128529400431,-35.0662342887843,11.0,0.1649489947799907
603221,-18.23794871691486,-17.820120559571933,5.0,-0.4178281573429281
603241,-9.404639428599339,-9.577836651818656,2.0,0.17319722321931685
603338,-11.516187353656292,-11.634707425959371,2.0,0.11852007230307926
603355,-17.82947228422996,-17.853932233525608,5.0,0.024459949295646766
603404,-11.686034807894245,-11.647201700762254,3.0,-0.03883310713199073
603620,-22.42309430642853,-22.448395888637748,6.0,0.025301582209216633
603834,-47.73927167620228,-47.47897063798155,22.0,-0.2603010382207316
603868,-50.89653205421346,-53.25910861807196,19.0,2.3625765638585037
603878,-5.981486147540933,-5.97485479882026,1.0,-0.006631348720672392
603940,-7.608147909420175,-9.40154605252124,1.0,1.793398143101065
604151,-37.56331978719037,-37.21547543460147,14.0,-0.34784435258890056
604206,-19.58256345578063,-20.32036385971259,6.0,0.7378004039319599
604284,-18.618477665551577,-18.770876837151963,6.0,0.1523991716003863
604422,-9.06468600133939,-8.920154125901789,2.0,-0.14453187543760215
604427,-9.7895545042548,-8.998364764947159,2.0,-0.7911897393076419
604457,-55.58735070762435,-56.272456530883105,16.0,0.6851058232587519
604510,-3.666918265179656,-3.5191371839837173,1.0,-0.14778108119593858
604674,-8.802839704013508,-9.337927360696476,1.0,0.5350876566829683
604703,-44.515320679383585,-44.10558906105216,16.0,-0.4097316183314277
604782,-63.56750966150085,-63.94110956964421,22.0,0.37359990814336186
604788,-33.33998712551868,-33.0736836535912,13.0,-0.26630347192747905
604884,-80.12073801940407,-77.89635982799085,46.0,-2.224378191413223
604949,-28.22695423251995,-27.94591864058276,10.0,-0.2810355919371901
604986,-72.56437202857751,-76.586089231922,30.0,4.021717203344494
604990,-5.2789219522073605,-5.147901155239059,1.0,-0.1310207969683015
605047,-4.7872159633491,-4.863220110761177,1.0,0.0760041474120774
605063,-11.8165475448786,-11.77610967770847,3.0,-0.040437867170130204
605088,-1.2831978455869302,-1.366945089841238,0.0,0.0837472442543079
605143,-5.320497383198106,-5.038888305502772,1.0,-0.28160907769533416
605257,-18.321216084584393,-17.701578467349478,5.0,-0.6196376172349147
605377,-1.3510617859512806,-1.6380672340664304,0.0,0.28700544811514983
605395,-8.337459697010624,-8.305324284215926,2.0,-0.032135412794698226
605404,-7.493338661820605,-5.957675732734572,1.0,-1.5356629290860333
605438,-1.2172147075772777,-1.5799698444443904,0.0,0.3627551368671127
605484,-22.610330733012216,-23.35755913399594,7.0,0.747228400983726
605674,-33.681768563101436,-34.07983963373251,12.0,0.39807107063107594
605741,-169.58390321280527,-144.84339239966704,146.0,-24.74051081313823
605857,-32.63818446664554,-32.20401418599724,11.0,-0.43417028064830276
605889,-28.765710144768267,-28.764775744079746,7.0,-0.000934400688521464
605960,-5.415136236338196,-5.211671747909373,1.0,-0.20346448842882303
606012,-64.71526031041662,-66.28591915624926,19.0,1.5706588458326394
606055,-30.275614498259795,-30.019829682145392,9.0,-0.25578481611440296
606070,-36.543102684524534,-37.212800874373045,16.0,0.6696981898485106
606147,-18.553606977183662,-16.75170452790967,4.0,-1.8019024492739923
606186,-6.173850241134357,-6.4670588076929425,1.0,0.29320856655858574
606365,-46.99149205847829,-46.10306509191872,13.0,-0.888426966559571
606460,-5.3243599696111215,-5.60653605384396,1.0,0.28217608423283824
606543,-14.930491201686088,-14.665085456337158,4.0,-0.26540574534893047
606635,-47.73402750035043,-45.658643019475456,13.0,-2.0753844808749733
606648,-16.982373649989484,-16.83699311449359,4.0,-0.14538053549589236
606696,-22.647020884864073,-22.79881850660314,7.0,0.15179762173906752
606701,-5.319580314872468,-5.2654427382135225,1.0,-0.05413757665894536
606840,-28.93292779684376,-29.955107093858356,7.0,1.0221792970145955
606893,-52.822202917967665,-52.133451432509915,24.0,-0.6887514854577503
606974,-8.24721587740695,-8.299037017094454,2.0,0.05182113968750457
607069,-1.5842257195456346,-2.028000257023785,0.0,0.4437745374781503
607108,-27.958638504054775,-34.56059064695508,9.0,6.601952142900302
607312,-10.148953004458523,-18.13498199752111,2.0,7.986028993062586
607361,-46.84490373088902,-57.7535820206116,12.0,10.90867828972258
607412,-30.656673316296516,-30.54925672861181,11.0,-0.10741658768470685
607527,-28.13939020819572,-28.038433811555617,7.0,-0.10095639664010392
607683,-5.861837696312336,-6.101307431899392,1.0,0.23946973558705587
607711,-10.581926312729333,-9.79931390601906,2.0,-0.7826124067102729
607780,-27.529922457691484,-27.725500287944204,7.0,0.19557783025272002
607874,-57.61607778828438,-66.81071827433858,13.0,9.194640486054205
607885,-9.785016174520129,-7.761726058312534,1.0,-2.023290116207595
608099,-18.14086617280886,-18.18294782893774,6.0,0.04208165612887882
608219,-6.2022832289905505,-6.261115088270992,1.0,0.0588318592804411
608236,-12.235431119906771,-11.867139932072316,3.0,-0.3682911878344548
608253,-62.6670498979138,-61.82570046481623,33.0,-0.8413494330975695
608331,-44.20983955318389,-43.864695567329534,18.0,-0.34514398585435657
608341,-0.569916854612174,-0.8826921670679645,0.0,0.3127753124557905
608355,-46.53230368602697,-46.34433433114035,19.0,-0.1879693548866186
608361,-41.347858765183815,-42.26874366879166,16.0,0.9208849036078419
608406,-0.7455211335964312,-1.025768342286418,0.0,0.28024720868998665
608458,-60.35036766523746,-57.487776584905205,14.0,-2.862591080332251
608534,-25.160378953592936,-24.925830657572124,7.0,-0.23454829602081162
608826,-10.891744119246491,-10.89643675106915,3.0,0.004692631822658555
608903,-72.67536183811224,-84.22465896480468,39.0,11.549297126692437
609001,-1.4575110328216945,-1.4489770466543264,0.0,-0.008533986167368113
609053,-30.259293577380504,-29.83710533175693,8.0,-0.42218824562357327
609059,-34.0424778826128,-34.18097851745488,13.0,0.13850063484208164
609065,-14.929590956836616,-14.633252283569307,4.0,-0.296338673267309
609066,-1.4898479981145796,-1.5502985600341628,0.0,0.0604505619195832
609167,-10.018227211940175,-10.235936594047136,0.0,0.21770938210696045
609260,-23.504201343630843,-23.203547814403137,7.0,-0.3006535292277057
609292,-1.6963707365610141,-2.109897854584148,0.0,0.4135271180231339
609429,-41.1935181659342,-42.09647491683268,9.0,0.9029567508984826
609443,-15.002618740949643,-14.047965715365136,3.0,-0.9546530255845074
609554,-0.7254036071726493,-1.1795685372324454,0.0,0.4541649300597961
609557,-5.6569935463073415,-6.476442916535878,1.0,0.8194493702285364
609587,-6.100678356853502,-6.26833098099987,1.0,0.16765262414636872
609663,-9.485538373580853,-9.117922954729467,2.0,-0.36761541885138627
609818,-38.25585611040802,-38.91266290309337,13.0,0.6568067926853516
609853,-25.74093572124695,-27.707446043451185,8.0,1.9665103222042362
609902,-66.78171045547593,-66.8544474957753,27.0,0.07273704029937278
609935,-12.51449728019771,-12.156145127321563,3.0,-0.3583521528761473
610007,-5.464129700025514,-6.181092882266479,1.0,0.7169631822409652
610008,-30.11515124710582,-30.386134385513746,9.0,0.27098313840792443
610305,-19.18180190919203,-18.596898419309884,5.0,-0.5849034898821444
610307,-1.4973016573258393,-2.19051179363793,0.0,0.6932101363120906
610343,-0.9803443003142245,-1.2499959076567857,0.0,0.2696516073425612
610439,-138.06017554138344,-133.9264617288051,63.0,-4.13371381257835
610556,-10.34540553051436,-10.089044845386942,2.0,-0.2563606851274187
610587,-36.703017704075585,-37.21156929584241,14.0,0.5085515917668246
610595,-11.792149970777885,-11.550479366478577,3.0,-0.24167060429930842
610673,-1.7846915862614146,-1.7372271558903214,0.0,-0.04746443037109316
610940,-26.07693667557918,-25.0900695373302,7.0,-0.9868671382489786
611086,-5.783387696825794,-5.251370211272407,0.0,-0.5320174855533866
611106,-82.42537675541007,-81.19686736415643,32.0,-1.2285093912536382
611221,-13.262083331927771,-12.937795515787537,3.0,-0.3242878161402345
611426,-11.261636322951624,-11.438705356989074,3.0,0.17706903403744967
611472,-30.895681721162955,-30.35787746808064,10.0,-0.5378042530823137
611604,-4.94567698046915,-4.979957597122347,1.0,0.034280616653196816
611613,-5.092475125094769,-5.033439898657274,1.0,-0.05903522643749426
611694,-8.022010259172667,-8.319687949927683,2.0,0.29767769075501604
611955,-17.129721763506506,-16.784643979493016,5.0,-0.34507778401349043
611961,-43.13772540620834,-43.09507270182724,18.0,-0.042652704381097806
611964,-94.84616281037303,-91.94141839461702,41.0,-2.9047444157560136
611990,-12.400742335088765,-12.147548312947777,3.0,-0.2531940221409883
612074,-32.20229697242082,-33.62999111837921,8.0,1.427694145958391
612078,-1.1048479447774056,-1.3242415376265848,0.0,0.21939359284917925
612106,-0.6900057663628497,-0.8026442476029982,0.0,0.11263848124014852
612224,-16.82824044872534,-16.20683520319859,4.0,-0.6214052455267485
612242,-68.15478474368938,-69.84706611576657,32.0,1.6922813720771899
612378,-2.3197035327567064,-2.958025584824112,0.0,0.6383220520674056
612508,-72.31422505703624,-70.6448635464462,38.0,-1.6693615105900363
612605,-134.8140421007942,-116.40250779091416,93.0,-18.411534309880054
612635,-16.60948120809493,-16.79656382435532,5.0,0.18708261626039047
612859,-13.679766701008877,-13.428572627060866,3.0,-0.2511940739480103
612912,-45.76995211247936,-43.29529356689642,12.0,-2.4746585455829404
613023,-55.50390704332748,-53.53184061564913,23.0,-1.9720664276783495
613223,-5.137255058414078,-5.177434084874799,1.0,0.04017902646072091
613260,-5.5157722093891,-5.476945437010297,1.0,-0.03882677237880294
613262,-4.6602352732185555,-4.722835654955133,1.0,0.06260038173657723
613269,-79.8784603811872,-80.23909301327639,33.0,0.3606326320891924
613324,-19.86880948890394,-20.13359996045845,5.0,0.2647904715545124
613434,-6.419707262383211,-6.428179832149311,1.0,0.008472569766100335
613447,-14.645210469275804,-14.239009817902351,3.0,-0.40620065137345307
613519,-6.018897151579886,-6.265345139570678,1.0,0.24644798799079126
613757,-1.1956365225094576,-1.976603174162978,0.0,0.7809666516535203
613765,-21.801772135613163,-27.73005892282384,5.0,5.928286787210677
613848,-1.7234652863041948,-1.9681610680625468,0.0,0.24469578175835194
613924,-9.273756416976164,-9.30487542431568,2.0,0.031119007339516003
613992,-1.3701379981324142,-1.446801225251808,0.0,0.07666322711939388
614021,-13.128788591621353,-12.6924133254948,3.0,-0.43637526612655364
614201,-27.676718210405713,-27.65762839064554,10.0,-0.019089819760171878
614560,-9.861815527424216,-9.890805313297204,2.0,0.028989785872987284
614568,-44.93791005967879,-46.38512510184337,14.0,1.4472150421645793
614701,-2.4237279287952487,-2.925711105708486,0.0,0.5019831769132375
614720,-57.07190722280704,-56.74227147572754,23.0,-0.32963574707950016
614731,-8.732226946822603,-8.387634172893392,1.0,-0.34459277392921095
614753,-11.522371745138397,-11.526985681409542,3.0,0.004613936271145036
614828,-11.443701514087651,-11.494458584745582,3.0,0.050757070657930115
615056,-16.05612874237196,-15.459590912098449,4.0,-0.5965378302735118
615063,-7.985572030455347,-7.93373468339831,2.0,-0.05183734705703724
615086,-24.217918038217572,-24.460576652367138,7.0,0.24265861414956547
615193,-15.735259605009215,-16.353603965964624,4.0,0.6183443609554082
615204,-5.0390089771593916,-5.07366761738317,1.0,0.03465864022377829
615263,-1.558236147268152,-2.270914561822465,0.0,0.7126784145543128
615332,-13.864705193253847,-14.740179292113432,4.0,0.8754740988595842
615395,-35.17552836220377,-35.17011592062978,13.0,-0.005412441573987792
615435,-9.703924822236988,-9.410184943547948,2.0,-0.29373987868904017
615438,-58.59786196679163,-58.36564916221201,25.0,-0.2322128045796248
615519,-24.024404810627537,-24.007927011487944,7.0,-0.016477799139593685
615589,-8.250710595951055,-8.57667976980572,2.0,0.3259691738546646
615631,-1.2189748427498535,-1.643936367565481,0.0,0.42496152481562754
615743,-22.166465920100386,-22.340338953432457,6.0,0.1738730333320717
615767,-49.271692327979764,-48.1926745090234,21.0,-1.0790178189563662
615855,-27.934204629393943,-23.87175485816888,5.0,-4.062449771225062
616048,-19.608068772815166,-19.3759950830583,5.0,-0.23207368975686649
616119,-35.47734115861442,-36.75696745725934,15.0,1.2796262986449207
616202,-103.66549011368518,-124.0832473756889,40.0,20.417757262003718
616623,-52.249104252102086,-52.91050039775217,18.0,0.6613961456500874
616652,-11.400991959877341,-10.432805930498263,2.0,-0.968186029379078
616729,-3.3241804786517575,-3.5347767452229006,0.0,0.21059626657114316
616769,-38.931397375185774,-38.77393106540495,16.0,-0.15746630978082266
616798,-9.15009759682711,-8.846678185557954,2.0,-0.3034194112691555
617004,-11.764677540774292,-12.154400730869414,3.0,0.3897231900951219
617282,-16.451220708256745,-15.786251913868645,4.0,-0.6649687943881002
617313,-0.8259457469290997,-1.0320810579538164,0.0,0.20613531102471672
617321,-12.737061152318939,-12.31830608622048,3.0,-0.41875506609845914
617351,-1.2067732022109567,-2.0189135605414315,0.0,0.8121403583304747
617362,-17.254339353868804,-17.0007412640651,4.0,-0.253598089803706
617381,-1.4326563508343972,-1.501384004018585,0.0,0.06872765318418783
617426,-14.555024583801398,-15.41947785925756,4.0,0.864453275456162
617497,-45.32193517918269,-46.42019524144376,20.0,1.098260062261069
617563,-46.7362535276917,-46.940056115389346,18.0,0.2038025876976448
617588,-30.553468832575973,-24.342857645986015,5.0,-6.210611186589958
617705,-12.680687535262654,-12.3350585870581,3.0,-0.3456289482045545
617853,-1.0746233824166591,-1.1279701776797089,0.0,0.05334679526304975
617864,-104.0857560804487,-104.18892267904704,65.0,0.10316659859833521
617967,-1.130896065105527,-1.824539567909798,0.0,0.6936435028042709
618001,-16.675848675436345,-16.16479979067858,4.0,-0.5110488847577663
618055,-2.2807415503572797,-1.777542114273329,0.0,-0.5031994360839507
618080,-15.113684425238972,-14.911584204044786,4.0,-0.20210022119418625
618082,-64.21365877044171,-72.18214669355658,27.0,7.968487923114864
618153,-12.601064872137641,-11.939845382972043,2.0,-0.6612194891655978
618207,-21.029288990769437,-21.155830241506344,5.0,0.12654125073690636
618304,-24.503635788622308,-25.22206410587658,6.0,0.718428317254272
618325,-18.287372705655404,-17.982597767433205,5.0,-0.3047749382221987
618346,-42.35133662949719,-41.74071212862632,13.0,-0.6106245008708697
618500,-21.729733168340267,-22.616334634733793,6.0,0.8866014663935253
618627,-9.278395871018628,-8.983772963125546,2.0,-0.294622907893082
618636,-37.74035760815274,-40.20635769041044,13.0,2.4660000822577004
618681,-5.143197975737714,-5.057728649802083,1.0,-0.08546932593563117
618700,-8.733069179716683,-9.004764611583326,2.0,0.27169543186664313
618777,-10.374928462922455,-10.328487500860444,2.0,-0.04644096206201098
618778,-7.562788733108428,-7.888771671360151,2.0,0.3259829382517232
618824,-28.407407542809036,-28.569987718655195,8.0,0.16258017584615914
618885,-1.0852081152053799,-1.328966312336677,0.0,0.2437581971312972
619024,-12.99888697760197,-13.291131189148706,3.0,0.29224421154673585
619171,-8.741051405519208,-8.986373269665757,0.0,0.24532186414654866
619189,-28.91163025304767,-31.825987583909697,8.0,2.9143573308620283
619254,-29.073469493677507,-29.024782570548737,8.0,-0.04868692312876988
619798,-41.65101256952264,-41.32755474277154,9.0,-0.3234578267511026
619854,-7.430753834132147,-7.397374884361465,1.0,-0.033378949770681565
619910,-9.56452029744298,-9.221843364879849,2.0,-0.3426769325631316
620435,-18.19550847035167,-17.74934740830763,5.0,-0.4461610620440375
620575,-1.6669761183509935,-2.1928955452217354,0.0,0.5259194268707419
620697,-12.031934748320964,-11.831166504791677,3.0,-0.20076824352928746
620771,-9.072870800172005,-8.784851362498554,2.0,-0.2880194376734515
620781,-143.43821564774248,-146.22517275406568,86.0,2.7869571063232
620787,-1.332866700997643,-1.1852428382757487,0.0,-0.1476238627218942
620821,-0.9692718025982747,-1.1482765195499742,0.0,0.1790047169516995
620852,-0.41405072118434083,-0.5387928820845175,0.0,0.12474216090017665
620854,-23.213271362383797,-23.52745339827347,7.0,0.3141820358896723
620865,-1.023152149810867,-0.8980472519252912,0.0,-0.12510489788557588
621248,-20.425275341666545,-20.600505547235933,6.0,0.17523020556938818
621283,-15.376907769656956,-15.183626591265142,4.0,-0.19328117839181402
621310,-10.565609221805571,-9.977977306043792,2.0,-0.5876319157617793
621362,-20.46850865223416,-20.308278173807444,5.0,-0.16023047842671545
621397,-0.7909041465024504,-0.9735125220202804,0.0,0.18260837551782994
621461,-7.809086945090957,-8.060201077137393,2.0,0.2511141320464354
621479,-21.225415264484358,-22.235536451299065,6.0,1.0101211868147075
621488,-24.159408627423304,-24.15781299714875,7.0,-0.0015956302745543383
621736,-43.22530982090277,-43.83500921902894,18.0,0.6096993981261676
621790,-16.872244427374476,-15.744124316319404,4.0,-1.1281201110550718
621878,-28.718479795195734,-26.525239562448053,6.0,-2.19324023274768
621901,-17.664002929906047,-17.621786491353323,4.0,-0.04221643855272461
621923,-6.839743290507117,-6.861944880660701,1.0,0.022201590153583695
622219,-28.817547851064912,-30.947483939652795,10.0,2.1299360885878826
622346,-10.864892508724916,-10.305806749851994,2.0,-0.5590857588729214
622388,-11.76743088115576,-12.181816007733865,3.0,0.4143851265781038
622451,-14.603635937870521,-14.762474366856312,3.0,0.15883842898579026
622565,-27.309536637140987,-27.270287651961723,9.0,-0.03924898517926323
622603,-29.876801156327215,-29.982981525055333,9.0,0.10618036872811842
622879,-2.1649326873323083,-3.264108223754849,0.0,1.0991755364225408
622953,-10.116179061143553,-9.520220246329131,2.0,-0.5959588148144217
623022,-5.039887535452185,-4.992221198582576,1.0,-0.04766633686960908
623121,-0.026852376172565723,-0.2319159010391286,0.0,0.20506352486656287
623232,-5.324506841829816,-5.141679685040226,1.0,-0.18282715678958983
623337,-15.01234010293281,-15.446235780813064,4.0,0.43389567788025296
623390,-18.375369158973808,-17.589672655651494,4.0,-0.7856965033223133
623489,-19.163094023978626,-19.90062703403929,5.0,0.7375330100606625
623680,-21.66341388171646,-21.742443038422035,7.0,0.07902915670557675
623764,-13.968383928912253,-13.967371663714877,4.0,-0.0010122651973762942
624052,-8.430155480623755,-8.334989585185356,2.0,-0.0951658954383987
624059,-5.263622755300658,-5.033666601345979,1.0,-0.22995615395467883
624071,-1.4013105832776773,-1.7124368044832528,0.0,0.3111262212055754
624113,-2.902870648352989,-2.957930065892146,0.0,0.055059417539156996
624146,-12.027351344081875,-12.007876012893664,3.0,-0.019475331188210987
624349,-27.011627752996713,-27.28814475803788,10.0,0.2765170050411676
624469,-9.381563690326825,-9.24646548906207,2.0,-0.13509820126475525
624593,-27.15442916709322,-27.616483621783853,9.0,0.4620544546906338
624612,-12.787566336732334,-12.732691494114972,3.0,-0.05487484261736242
624648,-4.833606774920573,-5.03905778099857,0.0,0.2054510060779977
624742,-19.903736514133833,-22.087269118926056,4.0,2.183532604792223
624753,-6.41389221341078,-5.348328067435514,1.0,-1.0655641459752667
624830,-41.35045063594268,-42.26901382019797,17.0,0.9185631842552908
624912,-64.79135095055774,-61.8872325405531,34.0,-2.904118410004642
624981,-14.483024176541669,-14.123969701183732,2.0,-0.35905447535793655
624990,-15.923307710294136,-15.29508610048605,4.0,-0.6282216098080866
625022,-0.9825967304173169,-1.5108965099219986,0.0,0.5282997795046818
625048,-50.16265386907154,-49.27786890987244,14.0,-0.8847849591991022
625054,-2.466444143299354,-2.329983760156971,0.0,-0.13646038314238274
625132,-83.53388238675329,-80.47374554512133,32.0,-3.0601368416319588
625265,-20.175863534539303,-19.89701676206467,6.0,-0.2788467724746333
625284,-19.98058495360338,-18.859050073116855,5.0,-1.121534880486525
625385,-4.785893318259477,-3.112138347245866,0.0,-1.673754971013611
625443,-34.61564367526593,-33.849887050904044,9.0,-0.7657566243618845
625483,-55.6133156981484,-54.98285573361497,20.0,-0.6304599645334292
625690,-25.88532740264159,-27.259255921710334,10.0,1.3739285190687447
625781,-5.69812715892075,-6.754712084874214,1.0,1.056584925953464
626074,-10.258023408345823,-10.719873054771876,3.0,0.4618496464260531
626146,-12.303704666156436,-11.999807657022764,3.0,-0.30389700913367257
626155,-11.807331633097775,-11.69201401496128,3.0,-0.1153176181364941
626161,-44.07434992902615,-45.72666500979115,15.0,1.6523150807649998
626218,-39.69911476472749,-40.973917911792505,11.0,1.2748031470650147
626317,-15.531060707366285,-16.183230430626672,5.0,0.6521697232603874
626403,-25.192228159525744,-25.64448665797373,7.0,0.4522584984479856
626451,-0.5052188903093636,-0.9292899022763564,0.0,0.4240710119669928
626588,-6.636646838202271,-5.902522342736207,1.0,-0.7341244954660642
626665,-21.59822422112257,-21.257338271139204,6.0,-0.34088594998336674
626773,-17.897429816125754,-16.93115439620812,4.0,-0.9662754199176327
626797,-1.4237897626369247,-2.018499435087723,0.0,0.5947096724507983
626869,-9.431858059204492,-7.992759377521243,0.0,-1.439098681683249
626967,-16.63135418870281,-16.09363343924757,4.0,-0.537720749455243
627025,-5.544694203095387,-5.321231906571275,1.0,-0.22346229652411242
627253,-16.213237902418516,-14.343571157581936,3.0,-1.8696667448365805
627280,-1.5034698546968606,-2.0655247378635475,0.0,0.562054883166687
627452,-5.138408545608973,-5.132826869354621,1.0,-0.005581676254352352
627560,-26.964081515405123,-27.525745136999348,9.0,0.5616636215942243
627664,-65.2848981397323,-62.54999539724368,30.0,-2.7349027424886287
627692,-8.367258669426642,-8.282427729372722,2.0,-0.08483094005391933
627767,-43.1490046692339,-43.30367997617703,14.0,0.15467530694312615
627867,-36.9185687048099,-36.554326221018194,13.0,-0.3642424837917062
627913,-134.49778784488993,-126.801147186504,65.0,-7.696640658385931
628021,-0.881939308357441,-1.3902418155280087,0.0,0.5083025071705677
628282,-54.88939259001526,-54.278017619856456,24.0,-0.6113749701588063
628444,-19.82315675507557,-20.073680773359857,6.0,0.2505240182842883
628522,-37.5777239307391,-39.61043167687807,11.0,2.032707746138975
628633,-9.733414086736211,-9.057570462698187,2.0,-0.6758436240380234
628660,-15.550722053781932,-15.9925275012774,5.0,0.4418054474954687
628670,-8.496539474878304,-8.648973162588641,2.0,0.15243368771033694
628689,-21.150184134207137,-20.892192932040448,6.0,-0.25799120216668925
628694,-28.85996795656952,-28.818757196161215,8.0,-0.041210760408304736
628802,-2.164330561100919,-2.644593229156085,0.0,0.48026266805516604
628847,-30.243881500449437,-28.3022167770598,8.0,-1.9416647233896356
628966,-19.082042158467974,-19.085133768523864,6.0,0.0030916100558897597
629024,-20.127677415763795,-20.04297409484224,6.0,-0.0847033209215553
629054,-16.237143906637755,-15.812614618900785,4.0,-0.42452928773696996
629226,-9.304450467705436,-8.840239430799926,2.0,-0.46421103690551035
629272,-16.324858701945413,-16.97033759604195,4.0,0.6454788940965379
629391,-47.01742213075892,-49.2829467480319,21.0,2.2655246172729733
629409,-1.4399667651859707,-1.8473047418721469,0.0,0.4073379766861762
629468,-29.099233754320746,-28.274596825152663,8.0,-0.8246369291680828
629498,-9.805826415945022,-9.551165278241443,2.0,-0.2546611377035788
629507,-16.937731391061355,-15.474978919463387,3.0,-1.4627524715979678
629574,-23.830780230453154,-24.56333087786215,7.0,0.7325506474089956
629644,-5.366158884102203,-5.360467547771124,1.0,-0.0056913363310791
629654,-0.830361805445592,-0.8917657016865734,0.0,0.061403896240981415
629782,-5.56808879946022,-6.027129979794292,1.0,0.45904118033407215
629822,-15.431070001100538,-19.682640833337462,3.0,4.251570832236924
630093,-6.797390475936989,-7.153056164177015,1.0,0.355665688240026
630201,-25.255051613475608,-24.98996864505937,7.0,-0.26508296841623746
630270,-22.044885636373035,-21.672621381209787,6.0,-0.37226425516324824
630644,-13.897335179416526,-13.945466711720078,4.0,0.04813153230355205
630951,-12.066912692088906,-12.060630546222283,3.0,-0.006282145866622457
631050,-56.209153752227365,-55.99506553959936,31.0,-0.21408821262800615
631051,-6.78306118804572,-5.715560516207644,1.0,-1.0675006718380766
631117,-21.830780649722264,-20.58203903354836,5.0,-1.2487416161739056
631169,-22.181977156079697,-21.813508706589246,6.0,-0.3684684494904502
631179,-2.5717976610246915,-3.4180227794631453,0.0,0.8462251184384537
631297,-0.5906354467475045,-1.00231930098655,0.0,0.41168385423904563
631344,-5.763038150989733,-5.748417376150353,1.0,-0.01462077483937918
631445,-48.969854569197224,-50.55220708419735,21.0,1.5823525150001245
631639,-27.100531546000482,-27.27722013707897,9.0,0.1766885910784879
631694,-3.3511495451536386,-3.874119977922605,0.0,0.5229704327689664
631706,-2.97275861255829,-3.4773863462397423,0.0,0.5046277336814522
631748,-8.201635430181538,-8.423830472721278,2.0,0.22219504253973987
631785,-17.944601796468792,-18.007849751713007,5.0,0.06324795524421489
631819,-34.72790006865932,-34.10705529666713,12.0,-0.6208447719921963
631834,-1.5888263055278788,-2.0893485472459874,0.0,0.5005222417181086
631865,-15.172984414548969,-15.17169442639822,4.0,-0.0012899881507486555
631908,-74.55762876658837,-78.73229723517757,29.0,4.1746684685892035
632036,-23.245752308078025,-22.73291394032752,7.0,-0.5128383677505042
632165,-12.140273347966652,-11.787384568770577,3.0,-0.35288877919607486
632186,-5.922624387936383,-5.146713940546345,1.0,-0.7759104473900384
632373,-37.23435159321213,-34.128509627674795,8.0,-3.105841965537337
632396,-22.21293545482607,-22.08682135258988,7.0,-0.12611410223619046
632417,-8.845211423982894,-8.693879348127492,2.0,-0.15133207585540198
632524,-35.5252829937974,-38.93612058672397,11.0,3.410837592926576
632598,-8.246743064914012,-8.314528571794453,2.0,0.0677855068804405
632613,-8.616060544400332,-8.518499822851261,2.0,-0.0975607215490708
632642,-17.06517830112388,-11.128173638090814,2.0,-5.937004663033065
632666,-16.971032478133115,-16.340890706500755,4.0,-0.6301417716323598
632700,-18.982393268626844,-18.91525721468658,6.0,-0.06713605394026345
632720,-5.474023398459312,-5.152818007784511,1.0,-0.3212053906748009
633021,-5.576055638546136,-6.009484382320939,1.0,0.4334287437748028
633185,-33.56054280501201,-33.31659189362638,10.0,-0.24395091138563174
633277,-23.116752084182878,-22.170184260060832,5.0,-0.9465678241220452
633366,-32.809410555789476,-33.2625913285247,11.0,0.45318077273522306
633434,-7.843174030003826,-8.096803924308459,2.0,0.25362989430463223
633459,-31.59696190317891,-28.66121300373845,7.0,-2.935748899440462
633463,-3.3582876129090162,-3.5985595023405543,0.0,0.2402718894315381
633497,-30.85773557600366,-30.574127957193703,10.0,-0.2836076188099561
633757,-16.444358830493368,-15.376291776649564,3.0,-1.0680670538438033
633814,-1.0497134152959329,-1.982480357466436,0.0,0.9327669421705032
633851,-46.71478085997788,-50.19033359436902,20.0,3.475552734391144
633907,-62.61137597324715,-59.78021821565682,33.0,-2.831157757590333
634137,-42.62458641682588,-42.395687511250834,18.0,-0.22889890557504344
634181,-17.76951834293831,-18.18753783810497,5.0,0.4180194951666607
634509,-1.476318331122969,-2.038457924287652,0.0,0.5621395931646829
634619,-35.23112329803285,-35.11655081620391,13.0,-0.11457248182893665
634629,-9.539939510978249,-9.337932881310962,2.0,-0.20200662966728622
634827,-17.609650260090312,-18.187327686176378,4.0,0.5776774260860655
634925,-58.179800031942094,-57.794170904437905,26.0,-0.3856291275041883
634964,-8.598634916949921,-8.637550108661072,2.0,0.03891519171115121
635065,-5.266188213265342,-5.144040405469419,1.0,-0.1221478077959226
635203,-21.12893464384279,-22.6592235567417,7.0,1.5302889128989108
635355,-19.892626931079974,-19.67443237587891,6.0,-0.21819455520106246
635567,-9.140717007528234,-8.882898598903449,2.0,-0.2578184086247859
635639,-5.827151581700177,-5.976764701287178,1.0,0.1496131195870012
635708,-1.2481054221413117,-1.605727660792573,0.0,0.3576222386512613
635710,-4.433922441078702,-4.181247628300432,0.0,-0.2526748127782703
635827,-9.564247797527452,-9.593707204875813,2.0,0.0294594073483605
635863,-113.01776183776846,-106.67214207595788,42.0,-6.345619761810582
636037,-32.06793212311363,-32.304706451702536,12.0,0.23677432858890768
636110,-9.088723243845793,-9.326874985477891,2.0,0.23815174163209818
636176,-62.36918817049517,-64.94262826615665,14.0,2.573440095661475
636206,-26.40030209658681,-26.33578708007933,9.0,-0.06451501650747815
636256,-11.079817732798842,-11.214191715460313,2.0,0.1343739826614705
636362,-10.098637035072517,-9.65193332342617,2.0,-0.4467037116463466
636544,-25.343707220071003,-29.304439941047573,7.0,3.9607327209765693
636866,-0.8978722464916179,-1.052304372712771,0.0,0.1544321262211531
636884,-21.9501253215686,-24.26796551841755,1.0,2.3178401968489517
636933,-0.7875633059069,-1.033375897824511,0.0,0.24581259191761085
637103,-16.797298857084748,-15.997635442094806,4.0,-0.7996634149899418
637353,-40.2864240092885,-40.61642661341161,14.0,0.3300026041231092
637456,-21.977481982805184,-21.6512091519993,7.0,-0.326272830805884
637458,-17.083566787220445,-18.7054448552693,6.0,1.6218780680488543
637489,-5.704748686221231,-5.337753035279464,1.0,-0.36699565094176734
637568,-4.888652722826813,-4.7263671043521915,1.0,-0.16228561847462153
637573,-9.297426832175812,-8.965988107555312,2.0,-0.33143872462050084
637634,-14.784562779507317,-14.55563590766974,4.0,-0.22892687183757587
637647,-13.659482886289627,-13.228950845062345,3.0,-0.4305320412272824
637674,-22.210420870072678,-21.943342863592193,7.0,-0.2670780064804852
637689,-1.4939804426652097,-3.124886919620008,0.0,1.6309064769547985
637744,-8.914153247634966,-8.795312274837086,2.0,-0.11884097279788008
637884,-25.089321523531844,-24.618993191360637,8.0,-0.4703283321712064
637961,-29.61866353621574,-29.942521389964256,9.0,0.32385785374851395
637972,-15.59108845693738,-15.235914659538471,4.0,-0.3551737973989084
638118,-17.659823492945474,-17.158459877351827,5.0,-0.5013636155936467
638151,-7.542566602591063,-5.804701526315333,1.0,-1.73786507627573
638168,-23.288985953342017,-24.4626361541121,8.0,1.1736502007700835
638499,-43.47775353291914,-43.082009252464225,18.0,-0.39574428045491317
638508,-62.04514950139725,-63.218753942986254,29.0,1.1736044415890063
638607,-14.86542157919351,-10.424119851402224,2.0,-4.441301727791286
638704,-4.383511305248722,-4.15792316382749,0.0,-0.22558814142123218
638974,-1.9884424515534749,-2.617637011271084,0.0,0.629194559717609
639078,-8.349722810642675,-8.74131298388562,2.0,0.3915901732429461
639239,-44.039695806229865,-46.69012789493747,18.0,2.6504320887076034
639508,-0.9816073731650697,-1.1434437545895104,0.0,0.16183638142444068
639924,-8.533374514299961,-8.521227234000307,1.0,-0.012147280299654284
639956,-23.528829686976554,-23.1616609823001,6.0,-0.36716870467645535
640018,-31.79053725321512,-31.55449315037827,11.0,-0.23604410283684985
640152,-10.661140727840513,-9.725589417101444,2.0,-0.9355513107390685
640439,-9.77262646164516,-9.507518941767357,2.0,-0.26510751987780345
640518,-19.33709816318001,-18.97850477563872,5.0,-0.35859338754129055
640608,-5.669943768229538,-6.014548853976537,1.0,0.34460508574699933
640660,-0.40690042564893947,-0.9240581940018214,0.0,0.517157768352882
641013,-9.275027687346343,-9.495140387157477,2.0,0.2201126998111338
641188,-25.68083713961842,-25.709070786247132,8.0,0.028233646628713416
641499,-0.7009494099297237,-1.0823053929597333,0.0,0.3813559830300096
641591,-0.4122200513342696,-1.2050433138729606,0.0,0.7928232625386911
641619,-9.488327786813738,-10.06380486256334,2.0,0.5754770757496015
642047,-21.386522758150644,-21.437846803971706,7.0,0.05132404582106176
642291,-18.832778812498834,-18.52106477603488,5.0,-0.3117140364639539
642321,-14.25831537372189,-13.92020345479307,4.0,-0.33811191892882064
642390,-1.1983588984408187,-1.2374548434751993,0.0,0.03909594503438063
642396,-61.75656514654467,-66.76248867928565,27.0,5.0059235327409795
642629,-20.580119072431394,-20.97280900005089,7.0,0.3926899276194966
642632,-91.73923197572557,-92.5605903747518,29.0,0.8213583990262237
642650,-0.6791955642883322,-1.0989294825482818,0.0,0.41973391825994966
642701,-9.945018111438019,-9.802232441341372,2.0,-0.14278567009664656
642705,-26.987744489660184,-28.017048844565448,9.0,1.029304354905264
642706,-59.068861013794006,-62.07449199573246,21.0,3.0056309819384524
642825,-51.01959565046804,-53.26031996128432,24.0,2.240724310816276
642840,-23.53744424831795,-23.68611820023357,8.0,0.14867395191561883
642937,-50.93619064712239,-54.76917782569477,15.0,3.832987178572381
643027,-10.763492534876384,-10.222703435841186,1.0,-0.540789099035198
643028,-22.10504094499271,-20.98383843087427,6.0,-1.1212025141184405
643038,-13.802967610070706,-14.692977183126096,3.0,0.8900095730553907
643358,-0.8496174584268057,-1.6916142235492555,0.0,0.8419967651224498
643457,-8.310785084747305,-8.634294824456603,2.0,0.32350973970929786
643501,-35.405048612465315,-35.69867126817832,11.0,0.2936226557130084
643571,-19.99448913920349,-20.228234995329075,6.0,0.23374585612558363
643776,-5.576662728708638,-5.215507682108891,1.0,-0.3611550465997473
643820,-14.584020926187131,-14.344727545372148,4.0,-0.23929338081498308
643899,-27.94132523056441,-27.46371167086168,9.0,-0.47761355970272845
643949,-13.182396496937452,-12.119918315594658,3.0,-1.0624781813427937
643963,-5.4732583650640665,-5.3904686462197,1.0,-0.08278971884436626
644021,-42.02648653789383,-41.52941894707229,16.0,-0.49706759082154406
644118,-41.755646996266115,-45.39160985837287,14.0,3.6359628621067515
644176,-1.582303698063068,-2.135530256610282,0.0,0.553226558547214
644194,-36.192850178331796,-39.941038633681664,13.0,3.7481884553498688
644206,-54.864705620537435,-53.70038784956286,24.0,-1.1643177709745771
644265,-5.873817772170144,-6.002373967888418,1.0,0.12855619571827415
644376,-59.180790156517,-60.50189540586708,19.0,1.321105249350083
644682,-4.822809470844539,-5.734376394079956,0.0,0.9115669232354175
644853,-8.560165079602514,-8.802283294090481,2.0,0.24211821448796655
644964,-1.5434270484399328,-2.640839755084835,0.0,1.097412706644902
645144,-30.670317260378543,-30.277414888349888,10.0,-0.3929023720286544
645162,-13.92187208923906,-13.548450303286684,3.0,-0.37342178595237563
645310,-6.642313022633732,-5.798179557315873,1.0,-0.8441334653178592
645373,-5.529307454258078,-5.346517232634872,1.0,-0.1827902216232058
645404,-24.65177192258856,-25.007274802013196,7.0,0.35550287942463754
645524,-5.6860157269198695,-5.99486147421241,1.0,0.30884574729254055
645750,-59.514918502566495,-58.73946643151096,32.0,-0.7754520710555326
645793,-0.7554503812843646,-1.0914814051995865,0.0,0.3360310239152219
645804,-8.746646687243304,-8.73089995396891,2.0,-0.01574673327439413
645818,-21.250532931156577,-21.433644975696964,7.0,0.18311204454038688
645819,-11.667901074706654,-11.114880512632135,3.0,-0.5530205620745186
645846,-21.89386098060002,-17.248324544865174,3.0,-4.645536435734847
645869,-5.174364543351167,-5.312470294349327,1.0,0.13810575099816003
645874,-61.85831454378134,-74.50497091560158,17.0,12.646656371820235
645881,-2.6198856319144284,-3.4640498736328302,0.0,0.8441642417184019
646031,-5.011062273155746,-5.097986856631797,0.0,0.08692458347605125
646136,-4.021640676951138,-2.679225710380815,0.0,-1.3424149665703236
646271,-5.458888440901816,-5.658724046005945,1.0,0.1998356051041288
646323,-11.522496165911205,-11.832010181535669,3.0,0.30951401562446357
646376,-0.46413387629747,-0.8832854515690253,0.0,0.4191515752715553
646403,-5.3105990741706455,-5.14808700422584,1.0,-0.16251206994480505
646679,-12.68123979156682,-12.480438536371391,3.0,-0.20080125519542946
646746,-38.621003636642946,-38.642415918095,10.0,0.021412281452050763
646816,-5.113442247951134,-5.042755764954517,1.0,-0.07068648299661717
646925,-14.818438941743068,-14.188318895438137,3.0,-0.6301200463049312
646958,-5.342697449541374,-5.377350456835,1.0,0.03465300729362575
647213,-5.390827796474771,-5.549883428900358,1.0,0.15905563242558696
647228,-28.996146813387742,-28.69499364035625,10.0,-0.3011531730314907
647332,-12.484792794843427,-12.461890455133377,3.0,-0.022902339710050512
647550,-23.82619601406197,-24.34944998921121,7.0,0.5232539751492382
647552,-19.75466220055542,-19.44303311254212,5.0,-0.3116290880132979
647558,-0.9189223785297818,-1.098327993167248,0.0,0.1794056146374663
647879,-107.21617310750784,-108.81947387084166,51.0,1.60330076333382
647887,-15.77203778173822,-15.442618995008008,4.0,-0.3294187867302121
648160,-9.88441783569712,-6.087464067391347,1.0,-3.796953768305772
648192,-2.2179834443575785,-2.527346429463027,0.0,0.30936298510544846
648211,-6.880723588288719,-6.907552812502832,0.0,0.026829224214113268
648376,-9.280911233259486,-9.067595260980209,1.0,-0.21331597227927723
648471,-5.153546402183115,-5.017425744380079,1.0,-0.13612065780303606
648578,-9.083100107536573,-9.03792449742386,2.0,-0.04517561011271276
648587,-21.569156829600114,-21.411409481333443,7.0,-0.15774734826667114
648591,-13.142228680180134,-12.97618879014088,3.0,-0.16603989003925435
648624,-21.79410307869734,-21.61933496588665,7.0,-0.17476811281068905
648715,-21.907118347545826,-21.59113377366664,7.0,-0.31598457387918444
648837,-12.75982000901,-12.501675843851242,3.0,-0.2581441651587575
648910,-24.285277849942062,-23.60563220553184,7.0,-0.6796456444102219
648976,-5.798789002292684,-5.878794313219935,1.0,0.08000531092725183
649082,-16.827278117126617,-17.608649185443987,4.0,0.7813710683173696
649090,-1.3797141859334467,-2.058614170155003,0.0,0.6788999842215562
649173,-11.067815895119583,-10.67427664174537,2.0,-0.3935392533742128
649233,-38.12956651020541,-38.26117227036953,17.0,0.1316057601641205
649311,-5.136568334430501,-5.400226091911,1.0,0.263657757480499
649341,-20.65728682833868,-21.117589547267773,5.0,0.4603027189290927
649389,-12.594294758255792,-13.567998031288928,3.0,0.9737032730331361
649490,-5.941798560629455,-5.9010919187807955,1.0,-0.040706641848659686
649602,-5.513567805289147,-5.715731550613307,1.0,0.20216374532416026
649701,-14.36529446031459,-14.14125289336539,4.0,-0.2240415669492002
649734,-1.626301992995144,-1.9220691050349183,0.0,0.29576711203977424
649947,-11.597104558895257,-10.04483351762422,2.0,-1.5522710412710374
649967,-1.7804791362764738,-2.2016694835106803,0.0,0.42119034723420645
650005,-1.3078315041284845,-1.5868951658915802,0.0,0.2790636617630957
650019,-32.36959626940657,-32.1145108740506,9.0,-0.2550853953559695
650153,-5.126045124731805,-4.998328859187022,1.0,-0.127716265544783
650154,-9.288735915373051,-8.728106396177218,2.0,-0.5606295191958335
650221,-5.233789558092588,-5.161933692111112,1.0,-0.07185586598147609
650257,-17.486531293998993,-16.549072817177002,4.0,-0.9374584768219911
650291,-0.8030773875516772,-1.011365173211589,0.0,0.20828778565991168
650322,-24.77618546480638,-24.051820988589004,7.0,-0.724364476217378
650481,-15.622991266197392,-15.92080566175662,4.0,0.29781439555922873
650939,-23.92231268005162,-23.272946235868808,6.0,-0.6493664441828102
651119,-1.458038827070582,-2.0161671343263103,0.0,0.5581283072557284
651131,-10.165021881077289,-9.599486622516954,2.0,-0.5655352585603346
651174,-2.313845910928464,-2.497515386055876,0.0,0.18366947512741216
651285,-78.50569615194965,-77.39213182680876,37.0,-1.113564325140885
651323,-6.386567225340965,-6.338687310390929,1.0,-0.04787991495003574
651434,-0.07157427610781138,-0.2515310620046632,0.0,0.17995678589685182
651444,-22.776390297445328,-22.96345166575612,7.0,0.18706136831079334
651456,-33.43775970980946,-33.835734975723575,12.0,0.3979752659141127
651689,-33.96572723646178,-33.4132262557724,11.0,-0.5525009806893806
651754,-12.248556709283385,-11.848353754461428,3.0,-0.4002029548219568
651787,-9.93246820902875,-9.529532526003525,2.0,-0.4029356830252251
651819,-17.607703607200527,-17.28481280149918,5.0,-0.3228908057013484
651975,-4.963339235683647,-4.960693002481553,1.0,-0.00264623320209445
652062,-10.325121170910366,-10.678680954516825,3.0,0.35355978360645857
652067,-43.92851014970147,-43.98522447263414,16.0,0.056714322932670314
652084,-5.16760099987791,-5.140774286631354,1.0,-0.02682671324655672
652088,-5.052967596568249,-5.049104586525265,1.0,-0.003863010042984172
652219,-1.5435849585980894,-2.183567042376502,0.0,0.6399820837784125
652530,-37.96890427538074,-37.48512508228542,12.0,-0.4837791930953159
652564,-1.1525763152647575,-1.4034203875112357,0.0,0.2508440722464782
652626,-1.2459021952509688,-2.0236436049881923,0.0,0.7777414097372235
652701,-20.703561202177358,-20.60607899090259,5.0,-0.09748221127476953
652806,-21.137421368058273,-22.147998914598052,6.0,1.0105775465397784
652937,-9.097210959362265,-9.239160539219714,2.0,0.1419495798574495
652957,-0.9043940526898693,-1.121980055610375,0.0,0.21758600292050567
653148,-1.8570767777222836,-2.5554639856001353,0.0,0.6983872078778517
653223,-17.09500661195142,-17.17845264729664,4.0,0.08344603534522221
653336,-9.013623088282522,-8.722168001373143,2.0,-0.2914550869093784
653437,-0.6646448473142568,-1.0233546573318404,0.0,0.3587098100175836
653496,-23.820839095644587,-23.46103624416326,7.0,-0.3598028514813265
653512,-39.077866992569696,-38.87114625783027,14.0,-0.20672073473942731
653545,-22.675704658185577,-21.680430874740757,6.0,-0.9952737834448193
653593,-1.1903430159448114,-1.3617230771225786,0.0,0.17138006117776716
653665,-12.731451134611659,-12.580548786662982,3.0,-0.1509023479486764
653692,-1.9519915371998136,-2.214176795870089,0.0,0.26218525867027553
653750,-10.389933314060897,-10.181369963371726,2.0,-0.20856335068917176
653767,-0.9822654312382441,-1.2247581380561336,0.0,0.2424927068178896
653787,-14.309075511426967,-14.277563567211484,4.0,-0.03151194421548276
653910,-25.683045404705357,-25.398680452872096,8.0,-0.28436495183326116
654054,-35.56320158164211,-35.119013235788536,12.0,-0.4441883458535756
654058,-1.500189443127185,-2.1167367197497766,0.0,0.6165472766225917
654153,-3.6499754513650413,-3.8807771969477938,0.0,0.23080174558275246
654497,-41.12376670718789,-40.73016214855031,18.0,-0.39360455863757693
654689,-26.554615406377305,-26.62329406180042,9.0,0.06867865542311336
654747,-36.19504841759098,-34.530994139946486,7.0,-1.664054277644496
654774,-0.7601754006634159,-1.04554993139762,0.0,0.28537453073420405
654777,-19.657356604678775,-19.02658287405361,5.0,-0.6307737306251653
654789,-18.671392178589695,-17.52079858836961,4.0,-1.1505935902200868
654793,-30.64380219880437,-30.44181909418425,11.0,-0.20198310462011904
655003,-9.133405536541668,-9.156690606118817,2.0,0.02328506957714893
655407,-11.75313341587041,-11.79841173468014,3.0,0.04527831880973032
655477,-15.726574896086271,-15.655366513064047,4.0,-0.0712083830222241
655695,-9.630189682983552,-9.139363164765175,2.0,-0.49082651821837686
655708,-31.785417800813402,-32.87333697202894,11.0,1.0879191712155354
655782,-14.140700910527016,-13.487411436117704,3.0,-0.6532894744093127
655806,-25.611758999123744,-25.101389808215487,8.0,-0.510369190908257
656001,-6.152476999330426,-5.797469987608588,1.0,-0.35500701172183735
656090,-5.5789209035869884,-5.942965535191501,1.0,0.3640446316045125
656115,-1.6634083829922752,-1.2803376544258127,0.0,-0.3830707285664625
656325,-5.371556604143764,-5.238920896621643,1.0,-0.1326357075221214
656388,-36.6551752385013,-32.72338867372873,6.0,-3.9317865647725725
656408,-17.03638307507714,-16.39986449509021,4.0,-0.6365185799869302
656614,-41.0935218741639,-42.439540934523976,15.0,1.346019060360078
656677,-54.57912226091091,-56.28791355484028,19.0,1.708791293929373
656708,-13.350085742561781,-12.877565868655577,3.0,-0.4725198739062044
656841,-66.85200029944565,-67.39805158637272,35.0,0.5460512869270673
657037,-43.64156813156797,-43.86414328393571,8.0,0.22257515236773884
657134,-10.704051388572642,-10.635793343447688,2.0,-0.06825804512495459
657240,-21.80700097284879,-21.59087636147546,6.0,-0.21612461137333128
657377,-7.720669015273969,-9.830772239163364,0.0,2.1101032238893955
657385,-22.612598783582197,-22.529969376911296,7.0,-0.08262940667090035
657630,-28.98055386682456,-27.70214031309277,6.0,-1.2784135537317916
657661,-0.8277185648648986,-0.969625149493304,0.0,0.14190658462840544
657704,-26.45772102553271,-28.34355899612928,8.0,1.8858379705965689
657722,-7.327530116888805,-6.964070599141742,1.0,-0.36345951774706275
657760,-60.504920708479,-60.78437754526833,27.0,0.2794568367893291
657790,-5.349105552010466,-5.355394576135354,1.0,0.00628902412488852
657841,-19.229391068786303,-21.624957058093692,4.0,2.3955659893073893
657979,-4.892414723694873,-5.42635329624422,1.0,0.5339385725493466
658088,-5.815156202700659,-5.924275328093946,1.0,0.1091191253932875
658186,-46.72187542077951,-49.234301093870116,19.0,2.512425673090604
658204,-22.73087604718265,-22.056270012878148,7.0,-0.674606034304503
658209,-4.45718008383955,-4.7103121247563715,1.0,0.25313204091682184
658241,-15.167308570483568,-15.64157715453042,4.0,0.4742685840468521
658278,-43.46562455660671,-44.90709485712502,13.0,1.4414703005183043
658455,-1.5524464796708715,-2.0219127040064584,0.0,0.46946622433558693
658471,-0.9151091967802648,-1.1409903862895532,0.0,0.22588118950928837
658475,-38.007873459919225,-36.22201805035581,9.0,-1.7858554095634176
658547,-2.9252386251711586,-4.998980366919247,0.0,2.073741741748089
658549,-18.157985192868725,-17.911032736399143,5.0,-0.24695245646958242
658744,-3.0863382795879475,-2.706475995158924,1.0,-0.3798622844290236
658878,-39.32320761062247,-39.87651475478757,11.0,0.5533071441651032
658945,-17.102858727380713,-17.32812712126107,5.0,0.2252683938803557
658994,-22.896230868285993,-22.894152965123883,8.0,-0.0020779031621103172
659003,-32.13921285701141,-39.12049308842731,12.0,6.9812802314159015
659041,-9.350973806400754,-8.978900089702966,2.0,-0.37207371669778766
659051,-105.48145400587336,-104.96598370016766,26.0,-0.5154703057057048
659087,-26.75364368049489,-26.83574193308323,9.0,0.08209825258834158
659144,-7.132110448182421,-8.01721746768265,1.0,0.8851070195002295
659230,-23.219522859949713,-22.61077780078293,7.0,-0.6087450591667825
659311,-9.165368411812391,-9.318707416391309,2.0,0.15333900457891758
659418,-14.332451176827517,-13.947352874587663,3.0,-0.38509830223985375
659456,-93.9063250971333,-98.7202520424081,39.0,4.813926945274801
659810,-5.95531953549647,-6.251010982326001,0.0,0.2956914468295313
659961,-8.875449709449942,-8.80715999199405,2.0,-0.06828971745589207
659980,-20.033456514367927,-19.745516022097625,6.0,-0.2879404922703017
660050,-28.791278344398037,-29.379227904094677,10.0,0.5879495596966393
660258,-22.622047747370452,-22.018466539043953,5.0,-0.6035812083264993
660294,-10.997313044057277,-11.22669672445549,3.0,0.22938368039821277
660352,-13.030398213611367,-10.17454241568915,1.0,-2.855855797922217
660368,-15.402696481699794,-15.08650320280725,4.0,-0.316193278892543
660637,-30.480765185703497,-31.746727639962412,10.0,1.265962454258915
660664,-43.456863449527994,-43.09208707340472,18.0,-0.36477637612327385
660717,-14.102809290671765,-13.593476890734998,3.0,-0.5093323999367669
660803,-15.021415586952372,-14.789466936433312,4.0,-0.23194865051906
660861,-1.2242935294272685,-1.7578802279026184,0.0,0.5335866984753499
660881,-4.93200949821586,-5.114794833588273,1.0,0.18278533537241248
660997,-22.12227132767483,-21.786142449789708,7.0,-0.33612887788512325
661022,-2.330164631069719,-2.5780673126656697,0.0,0.24790268159595064
661216,-16.462086548118506,-16.26914022030863,4.0,-0.19294632780987797
661235,-6.529498389927225,-5.538145176301491,1.0,-0.9913532136257341
661285,-53.11412608650051,-53.15093066105874,21.0,0.036804574558225056
661460,-8.693647661164798,-9.147981529733212,2.0,0.45433386856841373
661977,-31.666232338943505,-31.47327340385404,9.0,-0.1929589350894645
662138,-7.596106612101945,-8.027528583392877,1.0,0.4314219712909324
662192,-65.49930575304461,-50.54310840423693,8.0,-14.956197348807677
662199,-32.8494165512292,-34.58512609819329,12.0,1.7357095469640953
662248,-6.022965718574568,-6.501921159741029,1.0,0.4789554411664607
662362,-33.16691957974728,-34.99575371187572,11.0,1.828834132128442
662519,-26.83255679766234,-26.745844867368813,9.0,-0.08671193029352509
662628,-50.248972784343316,-52.15388696905149,19.0,1.9049141847081756
662712,-6.079721166531514,-6.602500031537729,1.0,0.5227788650062148
663178,-7.899100631291813,-8.039462145488335,2.0,0.14036151419652132
663233,-12.426969587218313,-12.551209432121029,3.0,0.124239844902716
663369,-1.2599712896318351,-1.6507502964288063,0.0,0.3907790067969712
663431,-12.70823405731054,-12.35350953737194,3.0,-0.35472451993859977
663459,-6.988121764631478,-6.694253588832369,1.0,-0.2938681757991084
663465,-45.22662053317757,-44.79762202356746,18.0,-0.42899850961010344
663578,-17.161593096753467,-17.586360951270947,5.0,0.42476785451748
663643,-0.7451135483435403,-1.063553699426618,0.0,0.31844015108307766
663764,-22.9817102715056,-23.37514540686684,7.0,0.3934351353612371
663790,-39.17389365179,-33.961645138419094,11.0,-5.212248513370909
663902,-16.259933836960887,-16.440416819810675,3.0,0.1804829828497887
663939,-17.111210598059277,-16.789277939376145,4.0,-0.3219326586831315
663960,-54.21690547796991,-54.124938025675995,20.0,-0.09196745229391468
663988,-1.0804623404200355,-1.2714760400701424,0.0,0.19101369965010684
664081,-2.5491004810648783,-3.2461670346608473,0.0,0.697066553595969
664180,-15.689335528864685,-15.40534963916712,4.0,-0.2839858896975649
664207,-12.689531382491273,-12.489051654469671,3.0,-0.20047972802160174
664273,-12.855767374397413,-12.18544502673954,3.0,-0.6703223476578728
664382,-25.333259349595828,-24.73428283486231,8.0,-0.5989765147335184
664414,-17.032598073735876,-16.281012560668998,4.0,-0.7515855130668783
664438,-10.248688831972569,-9.85349727945436,2.0,-0.3951915525182095
664567,-9.858432252727024,-9.45078071972259,2.0,-0.407651533004433
664569,-5.377782356070107,-5.38689896810628,1.0,0.009116612036173422
664694,-4.718512267302924,-4.732973844524518,1.0,0.014461577221593913
664871,-23.366929922785893,-23.714014880555307,6.0,0.3470849577694146
664877,-0.7411508625038004,-1.3046709742060116,0.0,0.5635201117022113
664917,-5.320735140902755,-5.32369484241583,1.0,0.002959701513074897
665011,-13.291363994600738,-12.948600962393936,3.0,-0.34276303220680227
665054,-22.868314758842395,-23.014956616315565,7.0,0.1466418574731705
665157,-17.810569741781453,-15.477011746179118,3.0,-2.3335579956023356
665182,-9.61282078358814,-9.368381359236189,2.0,-0.24443942435195076
665204,-9.026876679235711,-8.744992824357338,2.0,-0.2818838548783731
665239,-58.67817891749948,-61.130192001572794,23.0,2.4520130840733145
665377,-9.17219723227136,-8.87030138873418,2.0,-0.3018958435371797
665455,-46.27715935030958,-50.91460269618136,15.0,4.63744334587178
665495,-35.67295362715025,-35.95173003195941,8.0,0.27877640480915744
665586,-5.184284686374386,-5.163398784591881,0.0,-0.02088590178250449
665636,-20.69416524758822,-20.50208535472693,5.0,-0.19207989286129035
665710,-22.4514293537326,-21.72311382397389,6.0,-0.7283155297587101
665764,-12.373575087366058,-12.34691512619734,3.0,-0.026659961168718382
665803,-15.245310594808734,-17.746550854631035,3.0,2.5012402598223016
666018,-5.835086323219233,-5.8605650737896395,1.0,0.025478750570406383
666125,-0.7335467227490309,-1.2240081329659716,0.0,0.4904614102169407
666275,-14.946712641173384,-15.542880492511348,3.0,0.5961678513379631
666326,-7.9354922589151595,-7.477985399098014,1.0,-0.4575068598171459
666340,-12.926114269716134,-12.625997171083764,3.0,-0.30011709863237
666356,-52.49946320414229,-58.321444541859506,10.0,5.821981337717219
666468,-26.19468241384824,-25.861735146746827,9.0,-0.33294726710141376
666658,-15.036077725392417,-14.88425866532505,4.0,-0.15181906006736767
666679,-9.85598436130866,-9.518887586185022,2.0,-0.3370967751236389
666696,-63.42447132132696,-65.20087472467445,26.0,1.7764034033474871
666772,-123.4776323136656,-123.5324911133482,62.0,0.05485879968260576
666882,-4.894267011240907,-5.552382037015949,1.0,0.6581150257750421
667048,-1.9316220535167907,-2.3446788409014725,0.0,0.41305678738468177
667098,-5.228814328774031,-5.479507074773581,1.0,0.25069274599955005
667338,-10.923689120142749,-11.243486481361872,2.0,0.3197973612191234
667342,-2.559813206782955,-2.8982123786373277,0.0,0.33839917185437285
667450,-14.364893208498382,-14.058277438916482,3.0,-0.3066157695818994
667477,-78.72117757229661,-77.48069420089573,31.0,-1.2404833714008845
667580,-1.4939503702110541,-1.6865372648564712,0.0,0.192586894645417
667593,-12.757107670810008,-13.352801952052255,3.0,0.5956942812422472
667598,-5.423899107069524,-5.370099479440155,1.0,-0.05379962762936952
667600,-16.339301856116183,-15.877668111891154,4.0,-0.4616337442250291
667664,-25.393995272154772,-25.042011391250348,8.0,-0.3519838809044238
667693,-32.8976345217819,-33.379900929453356,10.0,0.4822664076714531
667765,-5.431680261450777,-5.730989512787343,1.0,0.2993092513365667
667798,-9.598620307922907,-9.076325359419586,2.0,-0.5222949485033208
667875,-6.282955935875208,-6.762641977669206,1.0,0.47968604179399854
667902,-3.676791926591173,-3.8331911722299634,0.0,0.1563992456387906
668075,-19.01649862622233,-18.30102797890215,5.0,-0.7154706473201777
668100,-43.478971311242674,-44.14830798803966,17.0,0.6693366767969877
668146,-5.365186690110867,-5.386415169917927,1.0,0.021228479807060552
668154,-14.351825173549964,-15.46876828794225,4.0,1.1169431143922868
668284,-4.965370500862317,-5.588664965856504,1.0,0.6232944649941867
668287,-8.998233104566474,-5.8454003965289845,1.0,-3.152832708037489
668314,-1.2934348660255248,-1.6165334525785542,0.0,0.32309858655302937
668418,-38.3838558925572,-37.99808668416223,14.0,-0.38576920839496864
668550,-8.848512769450528,-8.725047294157159,2.0,-0.1234654752933686
668577,-32.62716561328742,-32.301536721639586,11.0,-0.32562889164783115
668944,-40.33997906190496,-42.39205644686623,16.0,2.0520773849612652
668953,-9.012652963034697,-9.068408782673105,2.0,0.055755819638408255
668955,-1.132132564607918,-1.54547975049518,0.0,0.41334718588726216
668958,-31.04300689846264,-30.673716858078087,7.0,-0.36929004038455204
669196,-2.6423200155844553,-2.3439157704045077,0.0,-0.29840424517994757
669282,-6.262674217207352,-6.64197567994903,2.0,0.37930146274167775
669321,-13.38352475366737,-12.79150401343828,3.0,-0.5920207402290902
669397,-15.641226992784992,-15.280573932225582,4.0,-0.36065306055940916
669699,-50.273008439450756,-52.44863502592225,22.0,2.1756265864714948
669852,-1.5609225443470107,-2.2794086242945766,0.0,0.7184860799475659
669860,-12.304264404010674,-12.103472578599796,3.0,-0.20079182541087803
669888,-18.517753351323876,-18.2971032940162,5.0,-0.22065005730767595
670113,-6.952517072185054,-6.708777935976324,1.0,-0.24373913620872933
670415,-1.2585383671472559,-2.013415764066812,0.0,0.7548773969195564
670426,-25.84223454731884,-25.190179954000524,7.0,-0.6520545933183151
670455,-57.56923115856355,-57.14706537556914,20.0,-0.422165782994405
670468,-90.1178002269002,-91.40672446260956,46.0,1.2889242357093593
670598,-40.35841089086375,-40.06063523891794,15.0,-0.29777565194581257
670635,-15.66583454331945,-15.486257811293047,4.0,-0.179576732026403
670653,-9.885721345926166,-9.263646390251566,2.0,-0.6220749556746004
670683,-24.249568043744333,-24.19434449912801,8.0,-0.05522354461632162
671045,-5.461494460920423,-5.807911611691205,1.0,0.3464171507707823
671253,-9.082153881562963,-8.730244449510653,2.0,-0.3519094320523095
671384,-5.265239148786405,-5.2467484163041815,1.0,-0.018490732482223216
671415,-5.226886796595082,-5.361101182972259,1.0,0.13421438637717742
671504,-17.92556008843868,-18.572370484638668,4.0,0.6468103961999887
671619,-5.595910535278928,-5.466127469784874,1.0,-0.1297830654940535
671634,-65.13071718176886,-64.43584957108956,34.0,-0.6948676106792959
671728,-8.439342938451302,-8.491241755161074,2.0,0.05189881670977137
671740,-1.5474262204220328,-1.92038983268763,0.0,0.37296361226559727
671778,-44.389183390878955,-46.11441047153618,15.0,1.725227080657227
671868,-0.4348053831615713,-1.5349167844238545,0.0,1.1001114012622832
671912,-10.313544375369963,-9.47252461523468,2.0,-0.8410197601352838
671934,-41.03602814986685,-42.97452701094576,16.0,1.9384988610789122
672100,-0.93451969049853,-1.5422344613656436,0.0,0.6077147708671136
672165,-25.997531425716648,-28.68161918044977,7.0,2.6840877547331203
672184,-18.780357141551786,-18.495181140546578,5.0,-0.28517600100520824
672322,-8.102268389057963,-8.18898408389666,2.0,0.08671569483869668
672434,-8.99325112186675,-8.711966305705465,2.0,-0.28128481616128553
672471,-1.5412079452787073,-2.267760773064057,0.0,0.7265528277853499
672494,-11.515877894347394,-10.62749085243769,2.0,-0.888387041909704
672677,-15.647704171246398,-15.314520626151252,4.0,-0.3331835450951459
672681,-146.63740116165647,-149.72141587888478,60.0,3.084014717228314
672853,-12.17415718797681,-11.967908826627024,3.0,-0.20624836134978608
672865,-8.969024358013547,-8.79084116323041,2.0,-0.17818319478313605
672878,-5.960814083927806,-5.870862860235287,1.0,-0.08995122369251884
673006,-35.90532705849299,-35.80030372883835,10.0,-0.10502332965464234
673136,-1.5779067865631902,-2.2308845541454696,0.0,0.6529777675822794
673142,-8.636419814482098,-8.650917268007863,2.0,0.014497453525764925
673332,-118.85810703864821,-113.87921734383912,58.0,-4.978889694809098
673540,-53.20868441866926,-53.041919892894505,25.0,-0.16676452577475231
673630,-38.50080447206816,-37.93642900412249,15.0,-0.5643754679456734
673692,-5.617200485404093,-5.333081056006049,0.0,-0.2841194293980447
673738,-20.995697187523664,-20.822466918898524,6.0,-0.17323026862514013
673772,-5.291331109557936,-5.33025324668645,1.0,0.03892213712851422
673806,-2.909878645506473,-3.270759177630841,0.0,0.360880532124368
673949,-7.06070384936341,-7.462857664577416,1.0,0.40215381521400584
673970,-66.85783325978753,-68.02587256074878,17.0,1.1680393009612544
674081,-9.813285304688655,-9.565966494286185,2.0,-0.2473188104024704
674131,-20.428600963888066,-19.913981049200466,5.0,-0.5146199146876
674170,-14.098310817146857,-13.072343916930324,3.0,-1.0259669002165328
674323,-12.185216097802687,-11.846402111308189,3.0,-0.33881398649449856
674361,-49.506169711788225,-48.799255804000985,20.0,-0.7069139077872393
674443,-5.338049561067591,-5.141401713911642,1.0,-0.1966478471559494
674527,-20.980494225535935,-20.59106024531227,6.0,-0.3894339802236644
674704,-55.507572777134584,-64.01730029853776,24.0,8.509727521403178
674741,-247.29137898017265,-240.19682457434752,136.0,-7.094554405825136
674758,-7.604426131988888,-7.33614376056802,1.0,-0.2682823714208684
674782,-19.266577650393415,-18.93053656016316,6.0,-0.33604109023025686
674954,-23.456604057379145,-23.72570137159179,6.0,0.2690973142126438
675020,-75.75379870216143,-73.03332897702263,32.0,-2.7204697251387984
675060,-11.076300884687315,-12.285130936507285,2.0,1.2088300518199695
675077,-10.081951070930616,-9.640225202337316,2.0,-0.4417258685933003
675084,-13.879740221188065,-12.969776561902428,3.0,-0.909963659285637
675133,-21.861574126482196,-22.135269197254328,5.0,0.2736950707721313
675134,-23.243281730073758,-23.77986286857732,9.0,0.5365811385035641
675138,-22.808085274473477,-22.479282786178963,6.0,-0.32880248829451375
675228,-2.6025438235943517,-2.7838914823800023,0.0,0.18134765878565062
675268,-6.110628154223378,-6.328530031562899,1.0,0.2179018773395205
675421,-25.35527154800524,-25.073240587020447,8.0,-0.28203096098479463
675427,-12.507198752546811,-11.594834162235202,2.0,-0.9123645903116095
675600,-16.308407770832744,-17.279437453487038,3.0,0.9710296826542937
675647,-7.691318145548964,-8.001505400325941,1.0,0.3101872547769773
675667,-4.383211445144156,-4.166218712777087,0.0,-0.2169927323670695
676017,-19.53779024315985,-18.803212572856463,5.0,-0.7345776703033877
676089,-26.610068904959356,-25.104604401007258,6.0,-1.5054645039520977
676128,-282.86290092357075,-321.05485663887254,97.0,38.19195571530179
676228,-0.7871930410696533,-0.9905634809186178,0.0,0.20337043984896452
676326,-10.01396068474516,-9.681313899142358,2.0,-0.33264678560280103
676470,-18.004356611368205,-18.55501684342002,4.0,0.5506602320518148
676565,-17.726961105995898,-17.100645803584882,4.0,-0.6263153024110153
676779,-9.744311301727254,-9.508262033508666,2.0,-0.23604926821858818
676824,-27.68363478869144,-27.269879257046068,8.0,-0.4137555316453714
676871,-17.486230596605424,-17.85454044080657,4.0,0.3683098442011463
677022,-53.275999436163936,-42.594444285308604,7.0,-10.681555150855331
677032,-193.48294932978675,-214.4789003270465,85.0,20.99595099725974
677042,-11.562558795790638,-11.498208554250118,3.0,-0.06435024154052016
677058,-74.94288459069683,-71.98045901258,35.0,-2.962425578116836
677073,-5.014232460764794,-5.1456872904975155,1.0,0.13145482973272138
677111,-38.65897788697339,-39.01110293163216,12.0,0.35212504465877004
677114,-5.318705877979314,-5.834030284639715,1.0,0.515324406660401
677162,-0.5483868613606332,-0.901809243604922,0.0,0.3534223822442888
677222,-8.89565204864569,-9.37700644360772,2.0,0.4813543949620289
677242,-12.311057322268914,-12.06268270959835,3.0,-0.24837461267056327
677324,-30.661924825594795,-30.111688852015067,10.0,-0.5502359735797278
677331,-69.60966216679806,-65.86540856690591,35.0,-3.744253599892147
677437,-5.1059459471266,-5.096014124887929,1.0,-0.009931822238671728
677521,-14.31245478962181,-14.204234043810196,4.0,-0.10822074581161445
677543,-35.88759547721193,-35.85020879868421,13.0,-0.03738667852772437
677590,-27.784721715213884,-27.443269368359537,9.0,-0.34145234685434644
677610,-1.0368299243866927,-1.1655168435800771,0.0,0.12868691919338437
677649,-11.960983894372665,-11.694473055442533,3.0,-0.2665108389301327
677872,-8.431841088796425,-8.401015685437745,2.0,-0.030825403358679893
677940,-5.637308355662907,-5.181053004862666,1.0,-0.45625535080024093
677996,-8.14269929475371,-8.317917250273258,2.0,0.17521795551954789
678007,-27.770044626625495,-28.190006247906993,8.0,0.41996162128149805
678013,-13.59734746211925,-13.879204066389368,4.0,0.2818566042701178
678040,-21.37310140929954,-20.708293386938273,6.0,-0.6648080223612673
678184,-33.663385176740356,-34.29166219001509,12.0,0.6282770132747331
678191,-30.805160744840844,-31.246702237513855,11.0,0.4415414926730108
678253,-6.847754538326889,-6.025427466562843,1.0,-0.8223270717640458
678289,-26.301640200926396,-25.207766445401713,6.0,-1.0938737555246831
678322,-28.138513905096794,-28.5994282680672,10.0,0.46091436297040644
678407,-26.148651089237777,-25.722243711888183,9.0,-0.42640737734959444
678725,-25.90932952333198,-26.10149553959308,8.0,0.1921660162611012
678738,-29.083707522891768,-29.430686878593267,7.0,0.3469793557014995
678741,-12.376054270605286,-12.086289067482372,3.0,-0.2897652031229132
678979,-5.409414336165123,-5.081334584721795,1.0,-0.3280797514433287
679055,-6.2800014971634335,-5.531672146406906,1.0,-0.7483293507565278
679061,-6.226872532047497,-6.020769650239911,1.0,-0.20610288180758563
679078,-30.590126946257616,-31.24140877802772,11.0,0.6512818317701026
679213,-2.696513045606533,-2.761243271158378,0.0,0.06473022555184471
679240,-77.20009730308361,-82.77960985700399,25.0,5.579512553920381
679275,-8.838643626673933,-8.629786429612142,2.0,-0.20885719706179096
679301,-0.662412230227143,-1.0300861242547743,0.0,0.3676738940276313
679316,-10.281211088976892,-10.909924920600774,3.0,0.6287138316238821
679332,-12.20337736331547,-12.305612441460564,1.0,0.10223507814509425
679508,-25.870260663833204,-25.84134440351475,8.0,-0.028916260318453624
679623,-2.807931871970436,-2.8204822802782004,0.0,0.012550408307764549
679720,-1.5193636110838926,-2.0667158479246845,0.0,0.5473522368407919
679759,-14.484785020225875,-14.429341871445091,4.0,-0.0554431487807836
679830,-31.270295389966442,-32.576277984096606,10.0,1.305982594130164
679960,-39.53660969979308,-38.6648571246975,13.0,-0.8717525750955843
680069,-8.845287227811966,-8.973740617801454,2.0,0.1284533899894882
680213,-24.878445377391877,-24.81130552731413,8.0,-0.06713985007774781
680314,-27.42040090615985,-27.731657063552284,10.0,0.3112561573924353
680350,-11.586110608801533,-16.182793655721436,2.0,4.596683046919903
680358,-9.798093831358704,-9.65885241064155,2.0,-0.13924142071715373
680465,-61.86463333276723,-59.76967229665785,13.0,-2.0949610361093747
680469,-5.198856044488439,-5.496668522650785,1.0,0.29781247816234657
680674,-5.04724823725788,-5.243487805105449,1.0,0.19623956784756924
680830,-8.287984098811911,-8.427860321292119,2.0,0.1398762224802077
680878,-24.271159534283566,-25.457541983834293,8.0,1.1863824495507274
680922,-15.404673471023685,-16.07107575076663,4.0,0.6664022797429467
681047,-0.5150262393297124,-0.8187083501779022,0.0,0.30368211084818986
681069,-3.7777250088294654,-3.4961685627835184,0.0,-0.281556446045947
681318,-58.557503863679926,-63.68982683076394,23.0,5.132322967084015
681323,-5.572817450012297,-6.176946493258753,1.0,0.6041290432464557
681466,-4.781716686751708,-4.784628773128083,1.0,0.002912086376374745
681511,-5.331988116490989,-5.140348908481259,1.0,-0.19163920800973067
681563,-32.87687872915214,-33.39939672380127,8.0,0.5225179946491281
681606,-12.030114662952641,-11.708461181937857,3.0,-0.32165348101478486
681659,-18.19577341166397,-17.656670518279405,5.0,-0.5391028933845661
681673,-5.4295324835844445,-5.1894365705602725,1.0,-0.240095913024172
681775,-2.0685037372897788,-2.1216587148250263,0.0,0.05315497753524756
681882,-8.550852748669472,-8.540487722315456,2.0,-0.010365026354016038
681999,-25.332090522517483,-24.96481205764991,8.0,-0.3672784648675709
682171,-1.3180634626229668,-1.7564809158491526,0.0,0.43841745322618575
682208,-17.858256044800367,-19.323100642119623,5.0,1.4648445973192565
682224,-2.8127128597183613,-2.8004962859750155,0.0,-0.012216573743345727
682249,-5.27246735736663,-5.563473878285605,1.0,0.29100652091897494
682409,-3.8030032439865002,-6.173988333276839,0.0,2.3709850892903384
682477,-19.325799504259546,-19.44883720571684,6.0,0.12303770145729231
682504,-12.661615693119773,-11.725690826281928,3.0,-0.9359248668378441
682598,-45.39308564133202,-47.08610399025976,20.0,1.6930183489277368
682636,-0.9332799494640837,-1.2901744781611042,0.0,0.35689452869702054
682644,-17.739943710022214,-17.081604867527478,5.0,-0.6583388424947358
682652,-19.9691311980736,-19.159309135762783,5.0,-0.8098220623108183
682690,-6.89851169056987,-7.853196414267133,1.0,0.9546847236972633
682861,-4.802666955997054,-4.7864083924552485,1.0,-0.01625856354180577
682898,-13.961765205617093,-14.361928025053604,4.0,0.40016281943651144
682950,-18.384427039505887,-18.16105205158708,5.0,-0.22337498791880606
683019,-35.504216347131816,-35.22738223666752,13.0,-0.27683411046429285
683059,-25.54838895198052,-25.698832687545504,8.0,0.15044373556498414
683073,-42.33540110962198,-41.87084618491516,16.0,-0.4645549247068246
683143,-19.488548382923423,-19.33825004401504,6.0,-0.15029833890838162
683222,-9.191417340035091,-9.093714444420424,2.0,-0.09770289561466683
683447,-16.82877542342053,-17.100406159397487,5.0,0.27163073597695586
683465,-3.317393697746128,-2.8742013850740045,0.0,-0.44319231267212356
683481,-7.597191307583064,-5.617315472474109,1.0,-1.9798758351089552
683517,-8.864987045914734,-8.943403033945557,2.0,0.07841598803082306
683758,-12.30208749262945,-12.255188167584022,3.0,-0.0468993250454286
683891,-39.85679048655981,-39.8965648702308,17.0,0.039774383670987845
683970,-18.949189971277914,-19.273810873688404,5.0,0.3246209024104907
684027,-15.971384586734963,-15.703684754131796,4.0,-0.2676998326031672
684152,-25.306007557820195,-25.133563123911618,7.0,-0.1724444339085771
684346,-5.114005834322635,-5.26483708505511,1.0,0.15083125073247494
684629,-39.73566005808959,-39.556715317922766,11.0,-0.17894474016682693
684751,-0.9349181511859272,-1.2589232084477635,0.0,0.32400505726183626
684777,-19.237825483222867,-18.877229016945257,5.0,-0.36059646627760955
684789,-5.398568557569515,-5.4779319516358616,1.0,0.07936339406634652
684990,-5.169630199303597,-5.214467763123157,1.0,0.04483756381955928
685120,-23.290914345852347,-23.144884740689356,8.0,-0.14602960516299035
685173,-6.649847986910502,-6.668164868358546,1.0,0.018316881448043887
685181,-13.264311227319558,-13.858320080623338,3.0,0.5940088533037802
685244,-28.200874330348704,-29.018751073905634,10.0,0.8178767435569299
685272,-31.89029857463548,-31.89891192615588,10.0,0.008613351520398993
685372,-20.356906258612888,-20.467764848040876,6.0,0.11085858942798765
685516,-5.6722139513411305,-6.305000036011696,1.0,0.6327860846705651
685563,-9.557614140141975,-9.619439064272472,2.0,0.06182492413049623
685761,-65.66072101292475,-63.080106638804025,26.0,-2.580614374120728
685806,-7.780673502313063,-6.760933631378733,0.0,-1.0197398709343304
685808,-8.254120674965437,-8.363584996183302,2.0,0.10946432121786565
685816,-13.114019918076984,-12.729157318717665,3.0,-0.38486259935931955
685884,-1.5053209754556331,-1.7178433009066256,0.0,0.21252232545099248
685892,-17.310344004901083,-17.744538414567753,4.0,0.4341944096666701
685995,-3.883050157526283,-4.257090158200779,0.0,0.3740400006744964
686117,-5.317127068678874,-5.163273729603903,1.0,-0.15385333907497145
686148,-21.78675885950919,-21.890999864658003,7.0,0.10424100514881118
686210,-72.95652939918375,-75.52029477359171,24.0,2.5637653744079643
686218,-101.06102470671293,-99.07651863199855,43.0,-1.9845060747143748
686472,-16.886384126912848,-17.693320128880412,5.0,0.8069360019675642
686542,-32.21903103851523,-32.90541997739196,11.0,0.6863889388767248
686568,-21.415527243099078,-21.74127640465671,6.0,0.32574916155763134
686619,-4.083328317403794,-3.163574302019828,0.0,-0.9197540153839658
686620,-58.496821810949136,-59.49545980307625,27.0,0.9986379921271151
686915,-0.5728509540557482,-0.7991840814699628,0.0,0.22633312741421463
687312,-27.25170377577447,-26.57279048182534,8.0,-0.6789132939491296
687420,-1.4942527963644114,-2.3193609152499803,0.0,0.8251081188855689
687426,-22.358706172629248,-21.59452517543449,6.0,-0.7641809971947566
687664,-18.392512757677203,-17.98760563957327,5.0,-0.40490711810393165
687817,-15.325541298869586,-14.769933749957552,3.0,-0.5556075489120342
688101,-41.97326032489448,-42.1658724959516,18.0,0.1926121710571138
688114,-76.27175233836334,-71.46254951720617,36.0,-4.809202821157172
688187,-4.804655411023198,-4.859537338293956,1.0,0.05488192727075791
688307,-1.0385294690369147,-1.0983662840973305,0.0,0.05983681506041583
688387,-16.53060570338544,-15.695684546715484,4.0,-0.8349211566699566
688582,-0.9431708600134894,-1.2511017841778571,0.0,0.30793092416436774
688595,-43.62145689887848,-46.03644598950949,19.0,2.4149890906310105
688712,-1.9192866420903079,-2.2748738466947267,0.0,0.35558720460441884
688752,-64.85019359335692,-63.86615952964782,35.0,-0.9840340637091032
688756,-17.22338780840676,-16.924051400452075,5.0,-0.29933640795468364
688853,-18.665027006283886,-17.763730565742094,4.0,-0.9012964405417918
688866,-5.522754597831102,-5.52221120987573,1.0,-0.0005433879553722321
688879,-5.415603705569608,-5.256098560523604,1.0,-0.15950514504600388
689132,-1.3306749839403909,-1.767073167489544,0.0,0.43639818354915305
689172,-9.2508693747096,-8.99444592611049,2.0,-0.2564234485991097
689268,-46.17672308312009,-50.01796407141654,18.0,3.8412409882964553
689394,-7.655301454645375,-7.094879121004321,1.0,-0.5604223336410543
689405,-0.993703083280927,-1.2382923925660605,0.0,0.24458930928513345
689435,-0.5175753437441039,-1.492366788649759,0.0,0.9747914449056551
689472,-28.14013247666671,-27.51005580081349,8.0,-0.6300766758532212
689525,-4.941637300618369,-5.1215683810415715,1.0,0.17993108042320216
689629,-10.707865511732406,-10.35939642902685,2.0,-0.3484690827055559
689822,-10.448643880804024,-9.84960574596551,2.0,-0.5990381348385139
689965,-2.847798881023447,-2.8300058121855542,0.0,-0.01779306883789289
689967,-11.76240720549879,-11.207709582964146,2.0,-0.5546976225346434
689975,-28.192312783980373,-27.894284234295224,8.0,-0.29802854968514936
690184,-8.901228402134025,-8.97013948010462,2.0,0.06891107797059526
690202,-17.56417899601854,-17.450306095912854,5.0,-0.11387290010568663
690292,-7.595946800370986,-5.609532396455033,1.0,-1.986414403915953
690293,-85.70114058794628,-92.90993574900642,35.0,7.208795161060138
690310,-1.832856093129284,-2.1150212847385124,0.0,0.28216519160922826
690507,-42.453141696559214,-43.980062173220105,15.0,1.5269204766608908
690609,-46.06728923832174,-46.926629785541344,20.0,0.8593405472196025
690906,-35.3599297265374,-35.66692615241215,11.0,0.3069964258747504
691080,-67.64001244242927,-71.39144562925495,25.0,3.751433186825679
691190,-16.61978996955249,-16.581064188740697,4.0,-0.038725780811791566
691200,-10.824158397091264,-10.43728557977337,2.0,-0.3868728173178937
691271,-32.035656691052544,-32.31606740723348,11.0,0.2804107161809384
691325,-1.6626371009072762,-1.8776800081424512,0.0,0.21504290723517494
691359,-92.37318177404082,-92.76358578712028,40.0,0.39040401307946127
691424,-4.55392517345172,-4.779983232765786,1.0,0.22605805931406575
691579,-5.410819548894676,-5.225620164428752,0.0,-0.18519938446592477
691675,-61.39541647865667,-64.3148286001265,22.0,2.9194121214698328
691683,-0.267156983848305,-0.3863707164302859,0.0,0.11921373258198092
691887,-52.413992440631525,-53.75162447586555,20.0,1.337632035234023
691921,-16.398792352874768,-16.311195339039884,4.0,-0.08759701383488405
691963,-7.0418165440496425,-7.581534743034862,2.0,0.5397181989852191
692088,-3.8939447854636033,-4.0546917834239595,0.0,0.16074699796035619
692174,-14.08327218314019,-13.058145283710182,3.0,-1.025126899430008
692178,-4.645055711957843,-4.7617962428531,1.0,0.11674053089525671
692216,-10.562690306555726,-9.697662782668528,2.0,-0.8650275238871981
692389,-5.271500176972755,-5.62516374972147,1.0,0.3536635727487152
692470,-4.561366781421326,-5.2503367472380225,0.0,0.6889699658166961
692622,-38.276947512794514,-38.80391392706913,15.0,0.526966414274618
692634,-18.44658165980172,-18.81159586740308,4.0,0.3650142076013623
692637,-41.059185357002754,-41.234780747190165,11.0,0.17559539018741077
692646,-20.63588002261701,-20.729064209059484,7.0,0.09318418644247473
692790,-13.360412911069993,-13.844142477311124,5.0,0.4837295662411307
692913,-28.835035121538215,-28.75183698509512,11.0,-0.08319813644309448
693027,-15.013804228960225,-15.83190984779248,4.0,0.818105618832254
693074,-25.160436214488385,-24.723898354959523,7.0,-0.4365378595288618
693080,-36.395224845107634,-36.37253562738811,12.0,-0.022689217719523924
693086,-11.690980757025423,-12.099145329198508,2.0,0.4081645721730851
693114,-26.934733668725844,-26.518371302916815,10.0,-0.41636236580902874
693283,-11.585438796435211,-11.538550938076336,3.0,-0.046887858358875434
693381,-44.517828628407734,-45.53182085885232,19.0,1.013992230444586
693477,-5.202373059306884,-5.565628104936544,1.0,0.3632550456296597
693578,-12.765600828822988,-11.952577277483693,3.0,-0.8130235513392954
693610,-4.959410315739586,-5.019209247043939,1.0,0.05979893130435343
693665,-10.335690947837902,-10.619946985767612,3.0,0.2842560379297101
693750,-20.263046606475942,-19.982203989887736,6.0,-0.2808426165882061
693778,-17.153608338165437,-33.15521262578331,0.0,16.00160428761787
693807,-170.05373708321363,-172.06786768120918,35.0,2.014130597995546
693879,-41.84654432051749,-33.84603354477609,6.0,-8.000510775741397
693959,-7.347258898482303,-6.891087911869614,1.0,-0.4561709866126886
694020,-58.317392311041054,-57.766814877734745,26.0,-0.5505774333063087
694023,-31.130271061233493,-31.161923980304376,10.0,0.031652919070882746
694039,-13.404565329730058,-12.749932080541608,3.0,-0.6546332491884499
694150,-1.0707305291760247,-1.5501056589083546,0.0,0.4793751297323299
694156,-16.604795221714127,-16.165684777634972,4.0,-0.4391104440791551
694396,-25.883203510601074,-25.13901258571112,7.0,-0.7441909248899528
694452,-8.909120077449803,-8.858891677858336,2.0,-0.0502283995914663
694565,-18.250152574578753,-18.04632790641509,5.0,-0.20382466816366218
694791,-8.782261478719953,-8.669768405539482,2.0,-0.1124930731804703
694802,-10.740054392682922,-11.214140312327814,3.0,0.47408591964489233
694826,-9.22528135162796,-9.120225653080563,2.0,-0.10505569854739605
694917,-24.972348097200847,-25.3690952460889,7.0,0.3967471488880534
694972,-14.681442920653843,-14.460250738869023,4.0,-0.22119218178482036
695306,-33.87061919006601,-33.53022362240126,11.0,-0.3403955676647499
695382,-9.446561316877798,-8.095540760906472,1.0,-1.351020555971326
695433,-7.8398882117253965,-7.713172734021577,1.0,-0.12671547770381952
695443,-64.80329414915285,-62.088775176367406,40.0,-2.7145189727854415
695486,-18.749924379499905,-18.58010908433447,5.0,-0.16981529516543503
695594,-8.808002849546975,-7.856208773514421,1.0,-0.9517940760325541
695621,-35.224766500017076,-36.78816110588842,8.0,1.5633946058713448
695652,-36.690580302630394,-36.74513726525588,12.0,0.05455696262548315
695868,-1.5702223769426848,-1.9181247327402156,0.0,0.3479023557975307
695910,-40.35060651227799,-38.30890188535216,8.0,-2.041704626925835
696192,-21.931711507755367,-22.135224758822737,7.0,0.2035132510673705
696323,-18.658663214788646,-18.024930019290167,5.0,-0.6337331954984791
696358,-25.232183720934,-24.52580897678908,5.0,-0.7063747441449202
696531,-1.1569037799343211,-1.5458419073076732,0.0,0.3889381273733521
696815,-48.878087764443926,-48.20105841045517,18.0,-0.6770293539887575
696849,-1.1235872089808767,-1.4747621133070767,0.0,0.3511749043262
696850,-5.589124533838379,-5.49698990989448,0.0,-0.09213462394389893
697154,-65.09478862443166,-63.01580707346959,24.0,-2.0789815509620695
697235,-4.962670269017366,-4.937175781754068,1.0,-0.025494487263298282
697266,-14.069146124916472,-14.210238224348918,4.0,0.14109209943244672
697349,-20.086226467448782,-21.937360472479877,6.0,1.8511340050310956
697369,-48.844973869675684,-47.5590101959604,17.0,-1.2859636737152869
697451,-2.778881617771528,-3.0935005479596023,0.0,0.3146189301880744
697595,-5.2325642023755945,-5.215890275285439,1.0,-0.016673927090155694
697598,-27.6225278129294,-25.159173022786028,6.0,-2.46335479014337
697647,-24.989351651353306,-24.918359085159477,9.0,-0.07099256619382999
697655,-20.78575031449002,-20.87661673171027,7.0,0.09086641722025135
697702,-20.742919518711783,-21.04762024542248,6.0,0.3047007267106956
697892,-5.237508496986677,-5.146191277795273,1.0,-0.09131721919140379
698039,-15.446240770229258,-15.095160148856866,4.0,-0.3510806213723914
698193,-6.209304256336937,-6.2752538846663235,1.0,0.06594962832938656
698195,-10.237455962059121,-9.337016782711087,2.0,-0.9004391793480337
698258,-15.206703893076725,-15.01210798381411,4.0,-0.19459590926261505
698432,-26.53174453663817,-27.543761715681573,9.0,1.0120171790434043
698438,-18.992363282455752,-18.27521629152702,4.0,-0.7171469909287325
698515,-39.42027421517102,-39.03820896345154,14.0,-0.3820652517194816
698846,-45.72345831027978,-45.018152625963694,21.0,-0.7053056843160874
698881,-22.074726126620703,-21.561879133740828,6.0,-0.5128469928798758
698925,-12.395857703592304,-14.71387505683781,0.0,2.318017353245507
698944,-30.111704026192243,-30.921629823049575,10.0,0.8099257968573319
698990,-5.375406849396988,-5.412283459104531,1.0,0.036876609707542585
699018,-11.951588135991445,-11.57493546787241,2.0,-0.37665266811903564
699096,-20.597646405981617,-20.672964270102145,5.0,0.0753178641205281
699100,-9.670200309609758,-9.109766716605307,2.0,-0.5604335930044506
699200,-32.50503999871683,-32.97156935255114,13.0,0.4665293538343107
699234,-1.1065550997184375,-1.4485762439490562,0.0,0.3420211442306187
699275,-8.082799638033865,-7.3521284567459695,1.0,-0.7306711812878959
699644,-1.910811708572196,-2.622064962888641,0.0,0.7112532543164451
699675,-38.56905895215152,-39.006367697515145,14.0,0.4373087453636231
699694,-16.525756205620677,-14.676456169228697,3.0,-1.8493000363919805
699696,-4.958574407795807,-5.359021684078953,1.0,0.40044727628314547
699950,-0.8137836119351286,-0.95734338086982,0.0,0.14355976893469136
700185,-12.46448970765619,-12.34216182451275,3.0,-0.12232788314343956
700226,-30.835198501602342,-30.316213325033996,9.0,-0.5189851765683464
700260,-1.445587577057401,-1.8126417478184853,0.0,0.3670541707610844
700447,-1.582667856528333,-2.2860391829152436,0.0,0.7033713263869106
700497,-10.622465785834342,-10.67450804806836,2.0,0.052042262234017755
700635,-27.185038416365924,-25.31428546088354,5.0,-1.8707529554823843
700678,-5.5876372229970785,-5.687290781442582,1.0,0.09965355844550317
700731,-22.88608055232584,-22.308496414269236,5.0,-0.5775841380566042
700884,-23.477901421117963,-22.608240458198043,7.0,-0.8696609629199195
700900,-18.79388634233598,-18.490483458146883,5.0,-0.3034028841890972
701182,-5.822296328315698,-5.3337234845820305,1.0,-0.4885728437336674
701234,-22.99616259316823,-22.705217678364956,7.0,-0.2909449148032728
701277,-39.65412896380048,-39.86628750976532,12.0,0.21215854596484007
701467,-19.897591049504015,-19.924391690755034,5.0,0.02680064125101822
701590,-27.135401608001185,-27.322030520406017,9.0,0.18662891240483148
701622,-8.713286945074818,-8.947216259330238,2.0,0.23392931425541974
701628,-78.96189986418268,-83.96694279380206,35.0,5.005042929619378
701672,-12.435308047190333,-12.201787531920315,3.0,-0.23352051527001727
701859,-18.771250209755685,-18.575421505753457,4.0,-0.19582870400222774
701901,-21.184004518400986,-20.903595912859235,6.0,-0.2804086055417514
701981,-1.01719907319673,-1.6995176346088738,0.0,0.6823185614121439
702127,-0.036642953700856615,-0.2587707082263194,0.0,0.2221277545254628
702132,-21.692857548777727,-21.381440089916996,6.0,-0.31141745886073124
702240,-24.92891358573051,-24.826282517876084,8.0,-0.10263106785442488
702307,-15.75561591709485,-15.07186566974238,4.0,-0.6837502473524708
702310,-22.22073059952953,-21.785152817526672,7.0,-0.43557778200285924
702316,-55.030163088836176,-54.90017210493003,20.0,-0.12999098390614705
702376,-13.533816239569216,-13.45419044955432,3.0,-0.07962579001489622
702394,-12.987357978479341,-12.530352643863663,3.0,-0.45700533461567794
702425,-1.2807136402319508,-1.7667811484969858,0.0,0.486067508265035
702444,-18.955814737498933,-18.669959053122017,6.0,-0.2858556843769158
702521,-1.7757819257535152,-2.23697247623597,0.0,0.4611905504824547
702534,-2.380150922987898,-3.0935932065591496,0.0,0.7134422835712515
702549,-5.917313019959415,-5.657895949091742,1.0,-0.25941707086767263
702759,-35.47608670897401,-34.431720369049245,10.0,-1.044366339924764
702887,-9.448354708139444,-9.29387951730632,2.0,-0.154475190833125
702964,-39.65219273777206,-41.87249186174236,12.0,2.2202991239702996
702965,-9.363060663914279,-9.438807791840215,2.0,0.0757471279259363
702998,-3.6946471911558114,-3.615012437823379,0.0,-0.07963475333243242
703105,-22.80769686103639,-22.397810665168866,6.0,-0.40988619586752506
703220,-14.769777628985336,-15.089204740885249,4.0,0.3194271118999126
703261,-22.944189170172397,-16.773918826535144,3.0,-6.170270343637252
703320,-32.24498235612771,-31.667458263926633,10.0,-0.5775240922010738
703329,-2.6921209549046385,-3.339761664795208,0.0,0.6476407098905694
703353,-0.7146466455067616,-1.0914726812350606,0.0,0.376826035728299
703387,-0.4562686152961347,-0.7716142436691126,0.0,0.31534562837297786
703443,-15.612849042852384,-15.226556142010072,4.0,-0.38629290084231194
703448,-22.40993753772678,-21.892611829715324,7.0,-0.5173257080114553
703456,-5.051555792782809,-5.309028979942134,1.0,0.25747318715932543
703467,-13.346762099831006,-16.59233986091108,2.0,3.2455777610800727
703483,-14.938725200854691,-14.88830518186253,4.0,-0.05042001899216153
703758,-14.883750765731456,-14.624237647478378,4.0,-0.25951311825307855
703805,-61.67033210843664,-63.34077978479987,17.0,1.6704476763632314
703872,-8.488224262996539,-8.414552533435469,2.0,-0.07367172956107026
703907,-16.86359005737658,-17.04968801744147,5.0,0.1860979600648882
703927,-32.60264056002505,-32.51160492398841,11.0,-0.09103563603664355
703944,-8.873213619186066,-8.672980472986554,2.0,-0.20023314619951194
704107,-26.78048030986517,-26.27134276489475,8.0,-0.5091375449704181
704236,-9.002124663032328,-8.701046404477228,2.0,-0.3010782585550995
704316,-1.1314987707199498,-1.35544241442398,0.0,0.2239436437040303
704407,-14.956909719935723,-14.086678106534515,3.0,-0.8702316134012076
704415,-8.123007429861195,-8.850101034498646,1.0,0.7270936046374512
704445,-15.374810145855278,-15.875197106493475,4.0,0.5003869606381972
704470,-68.45555534582081,-67.297135849908,30.0,-1.1584194959128098
704535,-18.51537207584219,-18.21273558087856,5.0,-0.3026364949636289
704549,-1.5503858570567606,-1.4439004294402065,0.0,-0.1064854276165541
704555,-79.70243174689985,-76.8450713040166,38.0,-2.857360442883248
704603,-13.219637110392329,-12.651570740507168,3.0,-0.5680663698851607
704637,-6.8976138405013145,-5.451543566747387,1.0,-1.4460702737539277
704694,-12.40852657388691,-12.720975011253314,3.0,0.31244843736640426
704834,-9.9451751141802,-9.9361813829,2.0,-0.00899373128020109
704988,-20.950679984767905,-18.552693501690683,4.0,-2.397986483077222
705001,-5.405098871718266,-5.460656447283727,1.0,0.05555757556546048
705059,-31.18299847961656,-31.118858341666837,9.0,-0.06414013794972462
705167,-25.11928771735486,-25.67301008661655,8.0,0.5537223692616884
705393,-8.852787923617347,-8.454867660594363,2.0,-0.3979202630229839
705396,-9.359814378535406,-9.356975026488556,2.0,-0.002839352046850152
705398,-8.8889360024646,-8.620122739409618,2.0,-0.268813263054982
705525,-2.413231401004678,-2.0378831450438804,0.0,-0.3753482559607977
705608,-1.3669985100701474,-2.2360949619956836,0.0,0.8690964519255362
705862,-25.804958186027157,-26.640331741510614,9.0,0.8353735554834572
705904,-5.183886715346987,-5.0422269704336955,1.0,-0.1416597449132917
705975,-18.64678631334404,-18.71520676241179,4.0,0.06842044906774802
705986,-46.94376079084483,-47.79145958562951,15.0,0.8476987947846837
706104,-9.176855431982176,-8.83429726371804,2.0,-0.34255816826413543
706222,-15.338233971100045,-15.55878826992372,4.0,0.22055429882367505
706270,-4.837042356457461,-4.716671825553311,1.0,-0.12037053090415029
706423,-11.433645662432204,-11.607491792113922,3.0,0.17384612968171886
706425,-10.26002634055465,-11.647339902769584,2.0,1.3873135622149348
706469,-15.111915374346474,-14.866752091920954,4.0,-0.2451632824255192
706542,-11.647748729819723,-11.929068916965138,3.0,0.28132018714541474
706562,-0.8149271843201789,-0.9951690246900616,0.0,0.18024184036988278
706603,-29.316188547603684,-28.97661918589247,9.0,-0.339569361711213
706631,-3.604432496185286,-3.46352875351473,0.0,-0.14090374267055594
706633,-30.956164881525265,-31.452280567720585,10.0,0.49611568619532065
706863,-14.647252035724943,-14.680010610332404,4.0,0.032758574607461455
706935,-35.53052901897806,-35.117296182714185,12.0,-0.4132328362638731
707000,-20.353952665700056,-19.82074243690584,6.0,-0.5332102287942178
707076,-1.913263608145692,-2.4342658326231086,0.0,0.5210022244774166
707091,-24.93257791041764,-25.85141126624636,10.0,0.9188333558287205
707233,-18.477379734749974,-18.00270339031309,5.0,-0.4746763444368831
707238,-63.323610979224235,-61.56593895974618,33.0,-1.7576720194780577
707325,-29.809978631710752,-30.450053460443325,7.0,0.6400748287325726
707348,-14.112495903811318,-14.121554531371965,4.0,0.00905862756064657
707374,-8.175202678711221,-8.20170986743098,2.0,0.026507188719758545
707438,-2.4963211543691877,-1.990446176304232,0.0,-0.5058749780649556
707451,-56.150672345539256,-55.01998005241762,26.0,-1.1306922931216334
707663,-3.4088580104507344,-4.6958240848592405,0.0,1.286966074408506
707771,-5.205858636140649,-5.02978889590772,1.0,-0.17606974023292832
707869,-44.78975841612191,-43.874096935756675,16.0,-0.9156614803652374
708063,-0.1632754747512276,-0.3136825793611757,0.0,0.1504071046099481
708065,-0.8935129662422961,-1.2465100771705635,0.0,0.35299711092826735
708220,-1.4408611948726375,-1.326968372744973,0.0,-0.1138928221276645
708243,-48.213753085562665,-54.49861612811358,14.0,6.284863042550917
708504,-7.92066095904645,-7.492579020213317,0.0,-0.4280819388331327
708552,-10.530700177106471,-9.876493721789592,2.0,-0.6542064553168796
708766,-18.606867972058392,-18.671222655380276,6.0,0.06435468332188421
708785,-219.40659313619184,-188.25281132957403,125.0,-31.153781806617815
709149,-16.96294295095183,-16.7066973498128,5.0,-0.2562456011390317
709172,-62.17788815360768,-64.00155746359611,25.0,1.823669309988432
709206,-15.55025625630965,-15.719095613758384,4.0,0.1688393574487339
709220,-5.023375047102854,-5.1249085911276,1.0,0.10153354402474601
709237,-5.686970722335401,-5.369747153172623,1.0,-0.3172235691627776
709273,-30.208220115801858,-29.868432413870185,11.0,-0.33978770193167307
709319,-12.52072777697672,-12.172319662166482,3.0,-0.3484081148102387
709329,-18.786787351508966,-19.0718070611564,6.0,0.2850197096474325
709499,-20.082523189920263,-20.2268991174991,6.0,0.14437592757883877
709515,-23.532778766328498,-24.60882683061544,7.0,1.0760480642869403
709672,-24.548912586140602,-25.99757596597306,7.0,1.4486633798324569
709812,-9.37945661488643,-9.310754140451566,2.0,-0.06870247443486299
709896,-5.394391925160324,-5.293196442373995,1.0,-0.10119548278632884
709906,-24.523720881913643,-24.223165245197187,7.0,-0.3005556367164566
710225,-1.7039384697446458,-1.9105581419309925,0.0,0.2066196721863467
710300,-9.52173685681277,-8.965557629716411,2.0,-0.5561792270963597
710322,-18.765270457881073,-18.213815612346828,5.0,-0.551454845534245
710331,-15.92786280518944,-15.383412368190582,4.0,-0.5444504369988579
710346,-10.297472956199313,-10.280155941817869,2.0,-0.01731701438144384
710393,-0.46418023063702074,-0.949404164977464,0.0,0.4852239343404433
710395,-17.688623667348338,-17.4261925349317,5.0,-0.26243113241663707
710408,-0.731994628604194,-0.889747932891422,0.0,0.157753304287228
710437,-47.404096597890145,-46.70029985674398,16.0,-0.7037967411461636
710617,-26.703719459602848,-26.630219732375412,9.0,-0.07349972722743559
710646,-4.488421534575008,-3.051260579641009,0.0,-1.437160954933999
710707,-10.490080982605576,-10.048732573247817,2.0,-0.44134840935775976
710741,-21.73220676344981,-22.06771804574785,5.0,0.3355112822980395
710906,-29.749374064705016,-29.17050128304987,9.0,-0.5788727816551464
711158,-31.01050934247171,-30.698366497872673,11.0,-0.3121428445990375
711339,-9.224918088512808,-9.020009699567408,2.0,-0.20490838894539998
711359,-8.829676239135665,-9.44373741825888,2.0,0.6140611791232153
711552,-31.377755723047894,-33.55071696756968,9.0,2.172961244521783
711589,-23.438753492889113,-23.68829688269365,6.0,0.24954338980453628
711686,-5.395400881136163,-5.577812725346191,1.0,0.1824118442100282
711853,-36.20570376407721,-37.031980147933794,13.0,0.8262763838565874
711861,-8.161333647559033,-8.210832014630332,2.0,0.0494983670712994
711890,-17.504311382698482,-17.354581010556224,5.0,-0.14973037214225826
711947,-16.265775437660583,-15.718607703062563,4.0,-0.5471677345980197
711994,-1.5152340397179074,-2.510461013502621,0.0,0.9952269737847137
712042,-74.13827694573072,-75.29196249530845,37.0,1.1536855495777303
712062,-20.217892934459478,-20.017980569073092,5.0,-0.19991236538638546
712334,-21.334156619525338,-21.20350549340959,7.0,-0.13065112611574747
712367,-18.536465957561933,-18.10381858518364,5.0,-0.43264737237829465
712608,-30.566974886647373,-32.819902447082484,8.0,2.2529275604351113
712632,-28.494773635518083,-29.234490612836343,9.0,0.7397169773182597
712656,-85.25758384006596,-88.51535564444642,33.0,3.2577718043804538
712701,-5.041352466300761,-4.996167934451594,1.0,-0.045184531849167264
712861,-18.803321776867264,-19.229297090027902,5.0,0.4259753131606381
712961,-4.35451139777938,-4.477013075153988,1.0,0.1225016773746086
713220,-15.574564529228297,-16.10433808561549,5.0,0.529773556387191
713312,-22.69352870162799,-22.90583844217995,5.0,0.21230974055195873
713422,-13.799521117223136,-13.5181029349716,2.0,-0.2814181822515369
713445,-1.8181590194322401,-2.285828331744684,0.0,0.467669312312444
713541,-8.898044102213253,-8.740609469541589,2.0,-0.1574346326716647
713604,-11.184835588782672,-10.29984445046328,2.0,-0.8849911383193927
713779,-61.069316076802494,-59.051313146409896,27.0,-2.0180029303925977
713783,-28.926741371377542,-29.24807170402725,11.0,0.32133033264970834
713881,-18.413051412196044,-18.134130955283904,5.0,-0.2789204569121395
714060,-13.762421019380321,-15.810082465707124,4.0,2.047661446326803
714380,-13.542408458278217,-13.524681835748671,3.0,-0.01772662252954582
714398,-1.5520374276624738,-2.775364157786106,0.0,1.2233267301236324
714457,-4.801420176820361,-4.967324543014134,1.0,0.16590436619377247
714627,-23.07477069965837,-25.01058095398657,7.0,1.9358102543281994
714847,-21.336693041532122,-20.469272693659057,6.0,-0.8674203478730647
714880,-21.34549782442686,-20.914421419374666,6.0,-0.43107640505219535
714897,-0.5929379533766186,-1.072484341650053,0.0,0.4795463882734343
714922,-24.93882661055897,-23.322511119389578,5.0,-1.6163154911693915
715118,-55.42610751843741,-53.855568133923654,26.0,-1.5705393845137579
715190,-5.274614948359078,-5.0533818247295255,1.0,-0.2212331236295526
715195,-1.728898569142516,-2.52779668289058,0.0,0.798898113748064
715368,-20.583511462242537,-19.82766234948786,5.0,-0.755849112754678
715511,-21.58709092748266,-21.145458779066008,5.0,-0.44163214841665166
715525,-1.001371032662981,-1.2709916428086223,0.0,0.2696206101456413
715564,-3.035846504152685,-3.555326908506453,0.0,0.519480404353768
715710,-24.43895362229078,-24.07520465782966,6.0,-0.36374896446112004
715900,-5.493159252680954,-5.73952127116382,1.0,0.24636201848286632
715973,-11.167038186846764,-11.293848994337282,3.0,0.12681080749051787
716038,-12.333743985134824,-12.084328649101476,3.0,-0.24941533603334776
716060,-8.834121563910974,-8.61639048916853,1.0,-0.2177310747424439
716091,-1.4303512357849693,-1.557365100857767,0.0,0.12701386507279766
716145,-12.380448665984927,-12.502582128613591,3.0,0.12213346262866409
716148,-11.581396336707645,-12.817238683053969,2.0,1.235842346346324
716163,-19.027607925493164,-19.9433489024601,7.0,0.9157409769669371
716174,-5.359038027177818,-5.093682371704256,1.0,-0.2653556554735621
716447,-34.073849421143386,-34.67171197363253,13.0,0.597862552489147
716618,-72.86908215556782,-74.78380481148349,30.0,1.9147226559156678
716878,-43.515990284334556,-45.46469129903035,17.0,1.9487010146957928
717128,-36.504869665518264,-35.941516942968626,10.0,-0.563352722549638
717242,-27.101937365590604,-28.216344804449303,9.0,1.1144074388586986
717268,-4.95882448443885,-4.713836827429504,0.0,-0.24498765700934566
717285,-52.17426755335893,-52.475414922346125,22.0,0.30114736898719485
717401,-9.141765737378261,-9.0959110133077,2.0,-0.04585472407056024
717425,-10.680121939720106,-10.064385831728266,2.0,-0.6157361079918395
717518,-9.370658541572368,-9.056480558306935,2.0,-0.31417798326543256
717530,-5.182289656640198,-5.255814707365371,1.0,0.07352505072517257
717620,-16.707192127720454,-16.64545718349284,5.0,-0.06173494422761294
717646,-54.409271025706964,-54.5269001936117,18.0,0.1176291679047381
717713,-5.257689544806082,-5.316589096592699,1.0,0.058899551786616655
717846,-46.01887629021763,-50.35873948458154,19.0,4.3398631943639145
717848,-6.720381014984028,-6.442471957427217,1.0,-0.27790905755681106
717886,-9.25941172316277,-9.039433854026008,2.0,-0.21997786913676265
717965,-16.689221055563827,-15.932893266494162,3.0,-0.7563277890696654
717969,-15.37581000679811,-15.31910544718248,4.0,-0.056704559615630146
718034,-61.4583792279254,-63.95309343791446,23.0,2.4947142099890627
718047,-4.6589568323544635,-4.806951089070604,0.0,0.14799425671614053
718071,-14.472577995775621,-15.270487014879366,4.0,0.797909019103745
718091,-5.045284793087507,-5.058743975888589,1.0,0.013459182801081937
718099,-26.37132643271574,-25.968319723679787,9.0,-0.40300670903595304
718162,-4.889545448194825,-5.072881839463792,1.0,0.18333639126896628
718253,-1.8427748827776043,-2.366824554650728,0.0,0.5240496718731236
718258,-9.887747819958784,-9.885569765173347,2.0,-0.002178054785437311
718343,-14.40231982710208,-10.68835187505556,2.0,-3.71396795204652
718508,-4.682961145654319,-5.293193791564466,0.0,0.6102326459101466
718653,-1.4710697526299144,-1.7753193158842189,0.0,0.3042495632543045
718654,-10.527614080230244,-10.395880942887116,2.0,-0.13173313734312764
718989,-48.58449675822974,-48.862598628006765,24.0,0.278101869777025
719155,-5.234300525023913,-5.114215261023932,1.0,-0.12008526399998143
719301,-5.197661099549292,-5.517091052004169,1.0,0.31942995245487715
719372,-0.5845398612940496,-1.0217965199992172,0.0,0.4372566587051676
719611,-11.5811855525545,-11.643882924919154,3.0,0.06269737236465467
719642,-28.76782891262555,-26.629733544960565,9.0,-2.1380953676649845
719761,-36.53529652745761,-36.966986067707296,14.0,0.4316895402496854
719769,-8.85732572678253,-8.589534037922105,2.0,-0.2677916888604255
719812,-15.933238657862688,-15.573959256893746,4.0,-0.3592794009689424
719859,-6.2003214386687295,-6.281684553163936,1.0,0.08136311449520672
719900,-7.157244586603541,-6.572469118901564,0.0,-0.5847754677019772
719911,-0.2710733684714588,-0.6096569418880473,0.0,0.3385835734165885
719943,-27.619526698218575,-27.28274108600941,9.0,-0.3367856122091659
720021,-7.709456793632062,-8.863551124626264,0.0,1.1540943309942024
720174,-17.78590269036198,-17.078839964846466,4.0,-0.7070627255155131
720212,-27.903464472726043,-29.619327166007658,8.0,1.7158626932816148
720305,-16.96093051265126,-16.98306516114117,4.0,0.02213464848991009
720536,-20.44731262769941,-20.574753141319217,5.0,0.12744051361980624
720675,-31.988823215690417,-32.494992015663485,11.0,0.506168799973068
720732,-28.8316596624279,-28.14907166225166,9.0,-0.6825880001762386
720788,-31.553825368966407,-30.630515057751623,9.0,-0.9233103112147845
721103,-77.21841667306659,-78.17173548998898,44.0,0.9533188169223905
721121,-3.6123469726392945,-3.913671143051558,0.0,0.30132417041226356
721140,-20.909082566481313,-20.39111026127307,6.0,-0.517972305208243
721170,-20.250613954735147,-16.04998335161442,3.0,-4.200630603120729
721238,-9.721243316680852,-8.93668433392613,2.0,-0.7845589827547208
721313,-1.206635839361527,-1.8012372055564587,0.0,0.5946013661949316
721338,-5.206470773725427,-5.228078207120732,1.0,0.02160743339530491
721403,-21.15092661557737,-21.795924973158883,6.0,0.6449983575815139
721514,-0.9212378007717643,-0.3952184936059137,0.0,-0.5260193071658505
721542,-4.736356375842348,-4.759016385780532,1.0,0.022660009938183734
721579,-2.811726932229583,-2.039668514739277,0.0,-0.7720584174903062
721853,-24.05990921474611,-23.99331390446217,8.0,-0.06659531028394028
721856,-44.947671325720975,-45.18523749285374,19.0,0.23756616713276202
721969,-10.216643023510501,-10.098048046724347,2.0,-0.11859497678615405
722070,-2.165355065957379,-2.657922664459693,0.0,0.49256759850231413
722178,-8.496739396775604,-8.444497292319593,2.0,-0.05224210445601152
722258,-9.244349802151143,-8.892825700612017,2.0,-0.35152410153912683
722462,-5.861563045878479,-6.558387919064213,1.0,0.6968248731857338
722517,-21.48475399576765,-21.719518599426635,7.0,0.23476460365898433
722573,-109.95418685273533,-110.9152293425754,47.0,0.961042489840068
722630,-36.87405950689171,-38.95265601047473,13.0,2.0785965035830216
722651,-12.440867254598539,-12.397671778328078,3.0,-0.043195476270460276
722655,-38.337383541749695,-39.07184171949089,15.0,0.734458177741196
722801,-7.588534741429204,-7.8396675097736175,2.0,0.2511327683444131
722876,-22.995214661969918,-22.603291292656124,7.0,-0.391923369313794
722880,-60.75343871448982,-59.85236837218719,29.0,-0.9010703423026243
722986,-20.824716785226837,-20.194933266890725,6.0,-0.6297835183361116
723376,-47.001280367850505,-47.87910455213134,16.0,0.8778241842808328
723418,-6.6855804181160785,-6.550898656389177,1.0,-0.1346817617269016
723648,-1.3286754844896256,-1.839025938617888,0.0,0.5103504541282624
723687,-9.532469800507087,-9.435773489645792,2.0,-0.09669631086129549
723903,-10.243166708443157,-10.203751695948812,2.0,-0.03941501249434509
723915,-1.0530619897868116,-1.615991939901562,0.0,0.5629299501147504
723939,-18.934996256704967,-19.738256592352133,6.0,0.8032603356471668
723986,-61.28179200716594,-63.820801419924344,28.0,2.5390094127584035
724013,-32.921133694232466,-32.88510731785444,9.0,-0.036026376378025304
724126,-0.3249305734005949,-0.6439802474780078,0.0,0.31904967407741286
724165,-5.532149143779915,-5.852074539721966,1.0,0.31992539594205116
724193,-9.516698366346251,-9.427411316249689,2.0,-0.08928705009656213
724212,-12.214727200319421,-11.933449997940809,3.0,-0.28127720237861276
724246,-8.317984720297849,-8.530374007053378,1.0,0.21238928675552948
724291,-17.87396277207195,-17.679482144801394,5.0,-0.19448062727055415
724451,-10.438836604374675,-10.933904437111847,2.0,0.49506783273717225
724590,-80.17581791850998,-75.67445281794674,45.0,-4.501365100563234
724608,-9.856807666550091,-9.307167519423292,2.0,-0.5496401471267998
724872,-30.994484695265516,-31.247696433439916,12.0,0.2532117381744001
724989,-39.32870109078452,-40.30719049030739,15.0,0.9784893995228714
725116,-15.476293593300687,-15.30648395082228,4.0,-0.16980964247840724
725153,-40.6921632456738,-41.11970578027507,12.0,0.42754253460127245
725212,-32.8891522776285,-25.80174216173308,5.0,-7.087410115895416
725214,-38.659685819946674,-39.81708244600958,13.0,1.157396626062905
725219,-6.286316687326786,-5.242791854867259,1.0,-1.0435248324595268
725398,-35.49493772584767,-36.94754485067545,14.0,1.4526071248277788
725501,-34.62096461098872,-36.28012589670274,10.0,1.6591612857140206
725540,-20.756511277573587,-20.939692866829397,6.0,0.18318158925580974
725618,-44.288285170462196,-45.69120400861159,19.0,1.4029188381493967
725679,-1.1839865642276677,-2.0155992919280004,0.0,0.8316127277003327
726133,-20.690456997654273,-20.56068619543041,5.0,-0.12977080222386306
726430,-10.15951054062279,-9.456363467309869,2.0,-0.7031470733129215
726519,-4.208088328328527,-4.4919566746397335,1.0,0.2838683463112064
726520,-22.542722496017806,-21.946610129629615,5.0,-0.5961123663881907
726663,-9.835987594661784,-9.900371191979534,2.0,0.06438359731775023
726707,-18.715970448832298,-18.683839909463483,5.0,-0.03213053936881494
726727,-6.120487819667906,-5.695650437404078,1.0,-0.42483738226382783
726825,-9.447627250267802,-9.409681016888603,1.0,-0.037946233379198446
727099,-14.99431920952796,-15.981468476820714,3.0,0.9871492672927538
727110,-10.363385724851742,-9.797634335298456,2.0,-0.5657513895532862
727285,-27.411592034748306,-27.49176285870592,10.0,0.08017082395761221
727439,-67.71966957385905,-70.6005213357038,16.0,2.8808517618447524
727515,-1.9948088995529532,-1.9005538196555385,0.0,-0.09425507989741466
727521,-15.27079270766541,-14.77848762043698,4.0,-0.4923050872284307
727590,-8.999195130864088,-8.93864141998304,2.0,-0.060553710881046996
727641,-18.051001056478924,-17.923946293767223,5.0,-0.12705476271170113
727643,-28.06489546160928,-28.955180269039964,11.0,0.8902848074306853
727785,-8.377287662848767,-8.718539832460664,2.0,0.34125216961189686
727811,-15.573325842192828,-15.57100728843383,4.0,-0.002318553758998476
728051,-25.59535225572793,-25.2155541901456,3.0,-0.37979806558233165
728065,-0.6150751462639676,-0.8407894333198968,0.0,0.2257142870559291
728090,-12.873136325510895,-13.047881404974772,3.0,0.17474507946387696
728205,-28.07465918194178,-27.82009024511272,6.0,-0.25456893682905957
728248,-45.33629013618527,-45.49355143465131,19.0,0.15726129846603953
728486,-38.89354888203816,-37.62726275513599,14.0,-1.2662861269021732
728505,-21.94915060520772,-21.790782061709766,6.0,-0.1583685434979536
728524,-26.922958599810304,-25.961876114793743,7.0,-0.9610824850165613
728551,-3.1441734200536184,-1.7224814871340886,0.0,-1.4216919329195299
728583,-13.873442311924615,-13.930508389246189,3.0,0.05706607732157387
728737,-0.7996783842290148,-1.0754075988043523,0.0,0.2757292145753375
728772,-1.2061375712180087,-1.453992172910587,0.0,0.24785460169257822
728775,-35.851390541465186,-35.49133968541226,12.0,-0.3600508560529292
728828,-10.771730356360289,-10.02168447581682,2.0,-0.7500458805434693
729086,-11.880622025598374,-11.74122086765522,3.0,-0.1394011579431531
729089,-5.27732903822104,-5.340986979699463,1.0,0.0636579414784233
729414,-1.400556957771078,-2.9802873594695067,0.0,1.5797304016984288
729554,-4.405512006031805,-4.466521124735839,1.0,0.06100911870403358
729555,-37.48240186770814,-37.83161787510371,11.0,0.3492160073955688
729569,-16.03169806801824,-15.586682644305435,4.0,-0.445015423712805
729610,-45.28682478178673,-46.86901622073001,18.0,1.5821914389432834
729737,-3.6464005043523504,-2.247625098975318,0.0,-1.3987754053770325
729949,-0.4242523421125117,-0.7909550096701617,0.0,0.36670266755765
730004,-49.44956841265641,-50.86420257634719,17.0,1.4146341636907778
730081,-19.72419096144636,-18.99466201936124,5.0,-0.7295289420851212
730147,-81.07240429558225,-80.64915014310287,35.0,-0.42325415247937315
730166,-9.564783947542644,-9.26889727705572,2.0,-0.2958866704869241
730193,-39.79687696922976,-39.92068271096519,12.0,0.12380574173543124
730459,-46.99877899138561,-47.26808961027347,20.0,0.26931061888785734
730599,-5.354906750622454,-5.1892128540052544,1.0,-0.16569389661719924
730668,-1.1523507092226775,-1.2015436179138883,0.0,0.049192908691210846
730758,-9.040570962341432,-8.033120499814983,1.0,-1.0074504625264495
730877,-43.372229080153545,-44.2757564702947,16.0,0.9035273901411571
731006,-24.654396455368826,-22.96411435868332,7.0,-1.6902820966855039
731043,-6.273624180940026,-6.245743113790638,1.0,-0.027881067149388095
731089,-17.2685085811034,-17.025657075608787,5.0,-0.2428515054946132
731194,-23.014711581060748,-22.76141313870732,7.0,-0.25329844235342946
731209,-12.076660568453162,-11.965147600931749,3.0,-0.11151296752141349
731215,-27.832998250343767,-26.615308704875392,6.0,-1.2176895454683745
731327,-1.0064524285768428,-1.1042732068463632,0.0,0.0978207782695204
731546,-1.3951030601106968,-1.409373321802318,0.0,0.014270261691621045
731599,-7.510219709658658,-7.568516206742307,0.0,0.05829649708364837
731604,-14.276182204595225,-15.06835045626971,3.0,0.7921682516744859
731621,-31.83276713672567,-32.20982731792675,8.0,0.377060181201081
731798,-19.01546852832452,-18.949806323848662,6.0,-0.06566220447585636
731802,-13.460823454809754,-13.076705220289693,3.0,-0.3841182345200611
731813,-4.255288133618774,-4.737612668421116,0.0,0.48232453480234216
731915,-1.1540511629187429,-1.2567639642092212,0.0,0.10271280129047833
732011,-0.8786379377094355,-1.0376453149218798,0.0,0.1590073772124443
732031,-45.894859629397416,-45.33946730373026,18.0,-0.5553923256671567
732420,-41.02253369590533,-41.690807645121986,18.0,0.6682739492166547
732431,-5.775947410699531,-5.130632758820079,1.0,-0.6453146518794517
732439,-26.122088987592285,-25.91970870540784,8.0,-0.20238028218444626
732502,-22.940496165769225,-22.72214467209233,7.0,-0.2183514936768951
732550,-4.859421042049684,-4.954165229875214,1.0,0.09474418782552974
732774,-5.168286065166379,-5.100433978584277,1.0,-0.06785208658210173
732953,-0.9682528991065142,-1.2781929253609436,0.0,0.3099400262544294
732994,-5.7679459333314735,-5.3532156353079134,1.0,-0.4147302980235601
733161,-52.043096358691116,-50.72215712685179,20.0,-1.3209392318393256
733231,-28.660611980012984,-27.77357439752312,9.0,-0.8870375824898638
733415,-14.60439533981593,-14.587714584996393,4.0,-0.01668075481953757
733486,-31.86443732156792,-31.58815908498548,12.0,-0.27627823658243855
733512,-30.529512893738,-30.02691845939778,10.0,-0.5025944343402209
733519,-41.8626592708301,-40.998494372488366,15.0,-0.864164898341734
733547,-0.8736467530498526,-1.0849818965133642,0.0,0.21133514346351157
733560,-0.10619629235868339,-0.2820342230808567,0.0,0.1758379307221733
733567,-13.335373668617704,-12.733182961166406,3.0,-0.6021907074512978
733641,-97.13310920097487,-93.6965532666814,56.0,-3.436555934293466
733895,-2.64190541774289,-3.190721159998535,0.0,0.5488157422556448
733914,-27.60311632437941,-28.801951135703607,9.0,1.198834811324197
733915,-1.3076364853175422,-1.960273663530099,0.0,0.6526371782125568
733942,-1.5905021654909992,-2.1916755193950856,0.0,0.6011733539040864
734064,-32.30997350469919,-30.943715430321028,13.0,-1.366258074378159
734095,-6.059558656162308,-5.709531174121242,1.0,-0.3500274820410656
734164,-21.985092874489713,-22.88740738016113,7.0,0.9023145056714164
734165,-34.877558725122114,-34.64929435777071,13.0,-0.22826436735140732
734175,-7.125400112803379,-6.648189200562448,0.0,-0.47721091224093115
734183,-2.010972649331806,-2.02152475439765,0.0,0.010552105065844142
734241,-37.448302310393714,-37.69216788489031,13.0,0.24386557449659563
734351,-36.65653715802992,-35.95175163665895,13.0,-0.7047855213709724
734589,-71.25158370809677,-75.31360914728278,22.0,4.062025439186002
734679,-15.087063275940112,-15.41315979836514,4.0,0.3260965224250274
734793,-44.20201575994432,-43.72103386778057,17.0,-0.4809818921637472
734825,-15.508353956655998,-15.240516462350582,4.0,-0.26783749430541626
735166,-13.282248122957364,-12.803108071399254,3.0,-0.4791400515581099
735174,-6.985715084989521,-6.571198370248568,1.0,-0.4145167147409534
735184,-29.038401901838544,-28.8295641681274,9.0,-0.20883773371114245
735222,-5.997701211581535,-5.935926576705155,1.0,-0.061774634876379686
735467,-72.03103414628342,-70.27461229630714,45.0,-1.7564218499762774
735471,-69.41401467825906,-63.39304660804742,14.0,-6.020968070211644
735652,-26.010079921847893,-25.751575267577543,9.0,-0.2585046542703502
735936,-11.836548065507943,-11.671563075376826,3.0,-0.16498499013111712
735943,-41.09298254284505,-42.374771201371715,17.0,1.281788658526665
736116,-30.28285980094752,-29.880133698253037,10.0,-0.4027261026944835
736139,-22.16038761666089,-22.71769607309173,6.0,0.5573084564308388
736218,-11.690253854938147,-11.50219821369314,3.0,-0.18805564124500762
736231,-8.920135470796225,-9.186066742898564,2.0,0.265931272102339
736364,-5.64182784377157,-5.912503708186855,1.0,0.2706758644152849
736412,-17.76959997370574,-17.014769193458584,4.0,-0.7548307802471577
736657,-38.86598860857671,-31.863345312800192,6.0,-7.002643295776515
737006,-6.076053375806293,-4.736862189761798,0.0,-1.339191186044495
737059,-95.43104163441544,-103.98447650534752,48.0,8.55343487093208
737112,-0.22518578900158315,-0.345030291233207,0.0,0.11984450223162385
737231,-12.580108582648307,-12.002660484808484,3.0,-0.5774480978398238
737250,-5.158717887137306,-5.607784887009765,1.0,0.4490669998724588
737411,-17.195623228934004,-18.14144975258081,4.0,0.945826523646808
737495,-25.714039517492026,-25.215548821999963,7.0,-0.4984906954920625
737526,-3.122332151225251,-3.588992645395921,0.0,0.4666604941706698
737681,-15.010346414541662,-14.799781186040398,4.0,-0.21056522850126314
737698,-13.681351156035714,-13.436793379392808,2.0,-0.244557776642905
737707,-16.328643624830452,-16.251186100978465,5.0,-0.07745752385198656
737720,-49.55079150496113,-50.04664519899559,20.0,0.49585369403445867
737724,-42.04660157331932,-41.9296230173777,19.0,-0.11697855594162121
737747,-13.200218266463851,-11.941395502104486,2.0,-1.2588227643593655
737923,-4.597674342686266,-4.589705995950843,0.0,-0.007968346735422571
737978,-4.188558343657622,-4.008658837640962,1.0,-0.1798995060166595
738119,-52.674636106984075,-53.10643680795258,27.0,0.431800700968509
738269,-6.831159065246362,-9.01466059122916,0.0,2.1835015259827992
738276,-1.0618988443239217,-1.1107755834310742,0.0,0.04887673910715251
738372,-9.08635341929037,-9.637182230320288,3.0,0.550828811029918
738547,-29.512270055142338,-18.80743780412426,3.0,-10.704832251018079
738586,-29.575408964011245,-30.995380945932787,9.0,1.4199719819215417
738641,-20.82915500268878,-20.148875153662768,5.0,-0.6802798490260109
738684,-1.4851819757939622,-1.9290224873070596,0.0,0.44384051151309745
738799,-7.391073881644345,-7.474238697885784,1.0,0.08316481624143979
738814,-40.44450614342199,-39.667984380367606,9.0,-0.776521763054383
738850,-47.541105841249134,-50.4677521227124,14.0,2.926646281463263
738990,-7.51615703269938,-5.927819221787636,1.0,-1.588337810911744
739159,-61.60004398864522,-62.234580738413754,25.0,0.6345367497685359
739222,-24.314371876515313,-23.227847063489246,6.0,-1.0865248130260667
739278,-37.883581718187706,-36.47628164328422,8.0,-1.407300074903489
739551,-13.755278170055936,-13.249271982894276,3.0,-0.5060061871616597
739554,-16.614915992527038,-16.728282304078256,5.0,0.11336631155121779
739603,-5.078678554411665,-5.061314780870866,1.0,-0.017363773540798988
739905,-3.2881124261982344,-3.366441141809305,0.0,0.0783287156110708
740009,-9.327282949987886,-9.106865855346546,2.0,-0.22041709464133952
740063,-34.25602953057048,-34.35658654163382,11.0,0.10055701106333714
740152,-24.795809069547698,-24.61271832535617,7.0,-0.18309074419152793
740198,-9.341018727912171,-8.971170461756191,2.0,-0.3698482661559801
740247,-33.8125928526356,-33.62940791462441,11.0,-0.18318493801119473
740398,-21.74513326531637,-20.04461866746189,5.0,-1.700514597854479
740489,-14.59757664586641,-14.464643691219694,4.0,-0.13293295464671573
740682,-21.91916317248999,-21.520193041728707,6.0,-0.39897013076128474
740734,-6.16491002972591,-7.411450557636281,1.0,1.246540527910371
740826,-13.360498359604163,-13.648042205608697,4.0,0.2875438460045334
740853,-18.433797286058397,-19.233419993730497,5.0,0.7996227076720999
740935,-10.075645236054779,-9.084264270409092,2.0,-0.9913809656456873
740959,-6.225563279280578,-6.375200985120127,1.0,0.14963770583954883
740999,-5.158605094586963,-5.228155575429132,1.0,0.0695504808421692
741050,-15.703432474687261,-14.975016494206129,4.0,-0.7284159804811328
741369,-21.93881138978846,-21.593483498191233,6.0,-0.34532789159722554
741436,-12.398593712896133,-12.109577920870976,3.0,-0.2890157920251575
741482,-12.272850290436878,-12.2283767780889,3.0,-0.04447351234797736
741505,-20.47331674595051,-18.563032312902685,3.0,-1.9102844330478241
741563,-33.361284001499726,-32.877316424179995,12.0,-0.4839675773197314
741583,-0.967018535333607,-1.2355545910685364,0.0,0.26853605573492934
741633,-5.043586654996514,-4.999250956966012,1.0,-0.04433569803050208
741970,-13.282850361030864,-13.5864763921856,5.0,0.30362603115473696
741995,-5.224965316114779,-5.20706292925581,1.0,-0.017902386858969166
742013,-19.77740988610627,-19.62753982497772,6.0,-0.14987006112854928
742060,-15.472984755114473,-15.20934269681912,4.0,-0.26364205829535337
742109,-0.9922060047241075,-1.112502562865635,0.0,0.12029655814152762
742147,-12.41284159064763,-12.279134455203728,3.0,-0.13370713544390256
742249,-8.548582321997547,-8.671523506682497,2.0,0.12294118468495085
742258,-17.412171840429828,-18.96465108207777,3.0,1.5524792416479407
742337,-8.82615440287183,-10.280386947522478,0.0,1.4542325446506474
742357,-92.9247882618624,-103.50227108039962,58.0,10.57748281853722
742375,-1.3882880500748505,-2.0655990418543073,0.0,0.6773109917794569
742494,-24.653443395827708,-24.12300449098122,8.0,-0.5304389048464877
742783,-144.32719217834986,-154.46508357080023,69.0,10.13789139245037
743052,-1.9772721433890161,-1.9791344338445076,0.0,0.0018622904554914665
743093,-16.51083080639181,-17.688530490456674,4.0,1.1776996840648657
743148,-21.260552076282355,-21.091559625849857,7.0,-0.16899245043249778
743157,-30.890569172083552,-30.572947174711818,11.0,-0.31762199737173447
743206,-31.259016587865567,-30.897479375993967,10.0,-0.3615372118715996
743212,-12.096822054625388,-12.210742613520557,3.0,0.11392055889516861
743331,-9.00677037229452,-8.846123615997374,2.0,-0.16064675629714564
743515,-16.395337441516997,-15.742986413948891,4.0,-0.6523510275681055
743546,-63.1078563985322,-62.8431316695919,25.0,-0.2647247289403012
743552,-5.227775378245636,-5.2027953288434095,1.0,-0.024980049402226534
743684,-202.07046894108646,-211.32803175671677,70.0,9.257562815630308
743803,-12.37082863708278,-12.025562357050331,3.0,-0.3452662800324493
743875,-1.1967838598653502,-1.550151370537642,0.0,0.3533675106722918
743878,-30.075694931616997,-29.987219846953035,10.0,-0.08847508466396192
744145,-2.077395066275629,-2.8361579828486168,0.0,0.7587629165729877
744154,-21.323647886067413,-21.222935042819127,6.0,-0.10071284324828511
744191,-24.54847364750244,-26.570685599246215,7.0,2.022211951743774
744225,-5.557171873099167,-5.347636752285376,1.0,-0.20953512081379078
744354,-26.13364651380694,-25.945421190296504,9.0,-0.1882253235104372
744361,-13.786955804376829,-13.180566805922638,3.0,-0.6063889984541913
744377,-49.19702750659245,-50.69903048077892,22.0,1.5020029741864747
744616,-57.77993859682733,-56.90542134839515,19.0,-0.874517248432177
744617,-16.86492551077551,-16.602991383248092,5.0,-0.26193412752741807
744649,-7.347812835785133,-5.249549051228264,1.0,-2.0982637845568686
744695,-64.87487831267248,-65.14797337808665,29.0,0.27309506541416795
744840,-5.369827499535434,-5.0147353099010985,1.0,-0.35509218963433575
744891,-3.9056625384831336,-3.7087228590282137,1.0,-0.19693967945491986
744944,-26.675008964976776,-27.947850713533896,7.0,1.27284174855712
744959,-20.163515459730643,-20.13354111440057,6.0,-0.029974345330074925
744989,-55.4938315668487,-57.82329684096928,22.0,2.3294652741205795
744992,-12.241998735420049,-12.70309242453889,4.0,0.4610936891188402
745066,-19.75663158534451,-19.5995620016612,6.0,-0.1570695836833096
745155,-10.662705071907986,-10.622666911693962,3.0,-0.04003816021402429
745166,-90.43467789802985,-92.59284060801164,36.0,2.158162709981795
745197,-1.76770387668123,-2.4636338001627363,0.0,0.6959299234815062
745221,-5.445905519511453,-5.618557002108355,1.0,0.1726514825969021
745290,-4.882493904318091,-5.129284099662338,1.0,0.2467901953442473
745510,-0.5663243949675507,-0.8868951131255677,0.0,0.32057071815801697
745576,-42.346022139257286,-43.58481719007931,16.0,1.2387950508220271
745788,-21.98399287017427,-21.50603344720945,6.0,-0.47795942296481897
746120,-18.16903616427504,-18.59853899549546,5.0,0.4295028312204181
746173,-0.9367630416661715,-1.112914276572659,0.0,0.17615123490648743
746277,-9.420408576708477,-8.74391088433748,1.0,-0.6764976923709973
746305,-35.784439284190235,-35.17301829676024,10.0,-0.6114209874299945
746335,-29.29612308456325,-29.28662094383078,11.0,-0.009502140732468689
746347,-7.5822966997635115,-8.925098877554795,0.0,1.3428021777912837
746586,-15.465346633410029,-15.107191404302432,4.0,-0.3581552291075969
746623,-69.40496274681288,-69.35901273965703,45.0,-0.04595000715585229
746815,-7.670229279090226,-7.182679176779279,0.0,-0.487550102310947
746869,-27.565559066196393,-27.45988865371238,10.0,-0.1056704124840131
746954,-3.299306588489581,-3.222068920427465,0.0,-0.07723766806211607
746986,-42.391334076966,-46.52409005848978,18.0,4.132755981523786
747146,-23.900224515448418,-21.60216941436101,5.0,-2.2980551010874066
747155,-4.75365591843255,-4.746149081376754,1.0,-0.007506837055795579
747202,-38.91552967885262,-39.1657347857483,18.0,0.25020510689567743
747226,-27.13213401176019,-27.18113745538808,9.0,0.049003443627889
747285,-5.686103688563725,-5.951844729735673,1.0,0.26574104117194786
747443,-71.93904378973832,-78.2332706337072,28.0,6.294226843968886
747452,-24.3145422477801,-25.616422069289627,7.0,1.3018798215095266
747516,-8.425349463923002,-8.332394113527315,2.0,-0.09295535039568747
747561,-37.73926941067111,-37.425050868601616,15.0,-0.3142185420694972
747652,-5.003451427907938,-5.018210026859187,0.0,0.014758598951249091
747758,-6.334559330310845,-6.0715623797554885,0.0,-0.26299695055535643
747935,-15.998037662589248,-15.051088182688808,3.0,-0.9469494799004394
747982,-9.443688536508903,-9.47358334333764,2.0,0.029894806828737686
748026,-1.214114460207436,-1.7726285784775049,0.0,0.5585141182700688
748058,-58.52365733179309,-62.62784602524403,29.0,4.1041886934509435
748307,-3.4390575289321648,-2.995009058859029,0.0,-0.44404847007313597
748467,-7.427857603426246,-7.319151909268327,0.0,-0.1087056941579192
748535,-102.74957977310561,-102.95735982523064,41.0,0.20778005212503103
748691,-13.405337597217445,-13.321484850020909,1.0,-0.08385274719653601
748909,-23.50557626959104,-23.023087802788776,7.0,-0.48248846680226265
749047,-0.13313478470217602,-0.1688472449055431,0.0,0.035712460203367075
749128,-37.47636769304015,-36.13845443794046,11.0,-1.3379132550996928
749279,-18.267370724760458,-17.966391613165744,5.0,-0.3009791115947138
749360,-28.471283168641285,-28.750583073943886,10.0,0.27929990530260085
749418,-43.62495256183776,-44.14896912735045,16.0,0.5240165655126887
749529,-16.392628102858644,-16.506426566790093,5.0,0.11379846393144888
749699,-5.709472211621792,-5.956051753470046,0.0,0.24657954184825392
749725,-9.069656751984244,-8.8005940569067,2.0,-0.2690626950775439
749966,-17.925438195643537,-17.31570109922803,5.0,-0.6097370964155076
750107,-19.108101798305352,-18.523889995023097,5.0,-0.5842118032822547
750208,-7.1511889600512815,-7.356142490584868,1.0,0.20495353053358656
750317,-31.808144850605004,-31.199356001802048,12.0,-0.6087888488029556
750398,-10.728874753816202,-10.044239451360092,2.0,-0.68463530245611
750414,-11.526160288844691,-10.223097643656343,2.0,-1.3030626451883478
750457,-10.852279355245141,-10.470947464969576,2.0,-0.3813318902755647
750535,-9.181346878521177,-9.273669727168237,2.0,0.09232284864705953
750567,-22.509158708875667,-22.41701366910813,7.0,-0.09214503976753718
750580,-36.38111525959406,-36.48838772548508,12.0,0.1072724658910218
750584,-10.22889489705575,-9.930039680812063,2.0,-0.2988552162436857
750691,-0.8761869625025147,-1.2828210779223843,0.0,0.4066341154198696
750790,-10.602694382391446,-10.624836100640572,2.0,0.022141718249125475
750812,-14.02793862040784,-12.923963406695623,3.0,-1.103975213712216
750850,-256.6381931311293,-247.97204382005697,83.0,-8.666149311072331
750980,-8.860068476663699,-8.866104136903294,2.0,0.006035660239595231
750987,-29.171792854220048,-29.894995036395237,9.0,0.7232021821751893
751064,-1.4829128942477232,-1.5517773430085102,0.0,0.06886444876078701
751089,-8.578229198073839,-8.60299224378252,2.0,0.024763045708681375
751202,-9.904344713333975,-9.923618915772291,1.0,0.019274202438316124
751383,-28.35728388111411,-29.97225746011143,9.0,1.6149735789973185
751457,-22.701733914735986,-23.05870348557301,8.0,0.3569695708370233
751465,-149.09495701092942,-138.6916280368277,24.0,-10.403328974101726
751529,-26.86999699187816,-27.15567140453628,10.0,0.2856744126581212
751575,-0.7443741956279935,-0.9925592641763988,0.0,0.24818506854840539
751678,-44.39989242873828,-44.252979985226816,14.0,-0.14691244351146793
751717,-68.00155673618892,-76.02285339892981,21.0,8.021296662740895
751878,-5.839795582171337,-5.895387097717213,1.0,0.055591515545875936
751976,-70.12424239223678,-74.30489462809942,22.0,4.180652235862638
752077,-1.9743389103178763,-2.1796921436981065,0.0,0.20535323338023015
752169,-23.079014584329418,-22.62284668287008,7.0,-0.45616790145933805
752184,-52.91054985849626,-52.89369416052609,19.0,-0.016855697970171946
752331,-5.351163416502406,-5.602371475880465,1.0,0.251208059378059
752417,-12.663742081919954,-11.635399176450615,2.0,-1.028342905469339
752437,-12.764537339200091,-12.600101224978198,3.0,-0.16443611422189264
752503,-27.77317075345365,-27.884239410080372,9.0,0.11106865662672405
752531,-16.214276019882213,-17.058865012070793,5.0,0.8445889921885801
752540,-101.0218041963413,-95.77374318191958,47.0,-5.248061014421708
752608,-13.880204163523105,-13.902129645320546,4.0,0.021925481797440582
752650,-5.172010433879458,-5.653807555676467,1.0,0.4817971217970092
752815,-1.1988969816016781,-1.60887715289697,0.0,0.40998017129529196
752858,-14.145844456016738,-14.046032719286508,4.0,-0.09981173673022958
752967,-47.800771602341726,-47.7753997923497,21.0,-0.025371809992023486
753051,-17.022182218462937,-17.53360650163277,4.0,0.5114242831698341
753059,-1.1277626765059034,-1.5944470486006366,0.0,0.4666843720947331
753091,-1.1502587710260288,-1.2433232552648332,0.0,0.09306448423880442
753183,-2.009419654933167,-2.5965173074136927,0.0,0.5870976524805256
753228,-43.1381777252362,-40.3729058080993,12.0,-2.7652719171369
753233,-89.12813130606048,-88.61919657544803,44.0,-0.5089347306124523
753271,-1.2547079131562056,-2.2888717610648333,0.0,1.0341638479086277
753448,-11.933978516453271,-11.922924792689344,3.0,-0.011053723763927437
753571,-48.08908566539374,-47.61927354211221,21.0,-0.4698121232815282
753622,-0.6107031581604663,-1.2281915212080106,0.0,0.6174883630475443
753726,-8.915369686375696,-8.786432589484866,2.0,-0.1289370968908301
753785,-5.214938333344854,-5.1587679907930974,1.0,-0.05617034255175657
753813,-5.863352299471201,-3.5179390308537934,0.0,-2.345413268617407
753919,-27.06552530941577,-27.211120936013018,8.0,0.1455956265972489
753947,-10.91704449988591,-10.224939902434404,2.0,-0.6921045974515057
754013,-17.6676867458868,-17.040883910942153,4.0,-0.6268028349446482
754139,-72.57535219572297,-72.49639920211412,18.0,-0.07895299360885133
754163,-55.12079925246383,-55.2125196001613,27.0,0.09172034769746773
754181,-5.344715617260782,-5.191240994387945,1.0,-0.15347462287283697
754210,-4.679908474805307,-4.763388793012084,1.0,0.08348031820677715
754264,-26.582025145027277,-27.346687807266782,8.0,0.7646626622395054
754455,-21.13449070233081,-22.19132448796098,6.0,1.0568337856301682
754565,-12.617386971650586,-12.366743566656853,3.0,-0.25064340499373294
754570,-9.140952670627776,-9.368988285311922,2.0,0.22803561468414557
754599,-61.13173208057261,-61.17603057565254,40.0,0.04429849507992856
754676,-13.139537953077118,-12.951017207307872,3.0,-0.18852074576924593
754763,-24.491766899040528,-23.992241242402827,6.0,-0.4995256566377009
754780,-50.14300380235237,-50.96596575896877,21.0,0.8229619566164033
754815,-19.529534193043677,-20.895274869183226,5.0,1.3657406761395485
754977,-19.028655016330177,-19.794366453512072,5.0,0.7657114371818956
755105,-35.32829135162284,-35.11163881755512,13.0,-0.21665253406771967
755130,-9.353738797811124,-9.485441410465008,2.0,0.13170261265388383
755147,-10.044074194833419,-10.512315826036136,3.0,0.46824163120271756
755186,-1.4837838802144656,-1.6064121524379291,0.0,0.12262827222346351
755188,-14.241058255545193,-14.210112590241687,4.0,-0.03094566530350562
755261,-46.01146202041308,-45.82376077314152,18.0,-0.1877012472715549
755298,-1.3176129969253874,-1.5909172352703742,0.0,0.27330423834498685
755622,-12.311695426949688,-12.238788547572176,3.0,-0.07290687937751272
755651,-10.446771654581552,-10.031012422923949,2.0,-0.41575923165760287
755714,-20.175567098086965,-19.876150038079786,6.0,-0.2994170600071797
755783,-26.216357051906304,-25.447285004598047,6.0,-0.7690720473082564
756026,-2.057208888485243,-2.6091138774442952,0.0,0.5519049889590524
756336,-5.752375471426996,-5.123303547731482,0.0,-0.6290719236955136
756490,-14.753851825171331,-14.586639658597,4.0,-0.16721216657433047
756506,-8.572444020572428,-8.579613660189793,2.0,0.007169639617364609
756517,-20.337656602787057,-20.18029169445301,6.0,-0.1573649083340456
756662,-5.321777111514672,-5.564519879464944,1.0,0.24274276795027205
756720,-2.5247799463107947,-5.7367764575424705,0.0,3.2119965112316757
756748,-5.705841730983604,-5.24180245496668,1.0,-0.46403927601692363
756776,-17.79005841719749,-17.81510837121768,5.0,0.025049954020190057
756853,-5.556815478333793,-5.751308031762709,1.0,0.19449255342891547
756927,-33.26591263906819,-33.79679976380912,12.0,0.5308871247409286
757135,-130.94719613473833,-119.25504103640417,85.0,-11.692155098334169
757296,-18.863043025673157,-18.44058936453618,5.0,-0.42245366113697713
757432,-21.522657003599406,-22.021644842341143,7.0,0.498987838741737
757484,-14.518901479664121,-14.41660600093973,4.0,-0.10229547872439149
757548,-0.701760085469514,-0.9908821723986908,0.0,0.28912208692917685
757555,-2.2411056640955023,-3.4113314640304773,0.0,1.170225799934975
757581,-23.38710616610289,-22.6668121066926,5.0,-0.7202940594102891
757614,-0.8145402524957388,-1.0263646798515944,0.0,0.2118244273558556
757619,-5.431395462298044,-5.501321740994141,1.0,0.06992627869609702
757715,-5.619687398197771,-5.278718078915124,1.0,-0.34096931928264684
757795,-9.462097244536963,-8.979805682322167,2.0,-0.48229156221479563
757900,-15.319698055581068,-14.152036876738306,3.0,-1.1676611788427618
758135,-0.5791646624431659,-0.5751327808810995,0.0,-0.004031881562066353
758146,-45.35321369152095,-45.72177375322372,18.0,0.3685600617027731
758150,-5.941590441914642,-6.245005144327791,1.0,0.30341470241314905
758241,-4.201364723584058,-4.273478946119722,1.0,0.07211422253566369
758270,-1.5284625377232435,-2.2451782497286104,0.0,0.7167157120053669
758374,-9.131952432632737,-8.974590993681353,2.0,-0.15736143895138355
758474,-22.958091413486216,-23.33915167759373,8.0,0.38106026410751426
758543,-23.15899790863526,-16.62678021111886,3.0,-6.532217697516401
758552,-3.3439013314518022,-3.5249187778968483,0.0,0.18101744644504603
758623,-18.503166058840286,-18.598964291453097,5.0,0.09579823261281106
758651,-1.664420496243931,-2.1468870101262425,0.0,0.48246651388231143
758714,-8.888830159675475,-8.821025523606203,2.0,-0.06780463606927256
758720,-11.089529615033044,-9.804428875596122,2.0,-1.2851007394369223
758799,-4.837002991069985,-4.89310087975363,1.0,0.05609788868364518
758860,-165.10926172972356,-144.48200839269109,107.0,-20.62725333703247
758918,-66.10492450004374,-71.07814595366125,24.0,4.973221453617512
758926,-0.04420211990870047,-0.995678457943594,0.0,0.9514763380348935
758944,-16.06082335809328,-16.157287981760085,3.0,0.09646462366680453
758952,-5.872617495927298,-6.026884458498186,1.0,0.15426696257088768
759009,-24.533561991603868,-24.633337517379005,8.0,0.09977552577513649
759018,-24.48910766182714,-24.69240324429586,8.0,0.20329558246871926
759223,-5.469996986400766,-4.98410510061421,1.0,-0.48589188578655573
759394,-19.977054060372073,-21.95958596145096,5.0,1.982531901078886
759486,-5.434931595926133,-4.924128116509096,1.0,-0.5108034794170369
759564,-22.15919456166916,-21.547600401676977,7.0,-0.6115941599921833
759575,-5.186093826173122,-5.254414257800598,1.0,0.06832043162747592
759668,-27.675077729226405,-27.877808543522715,9.0,0.20273081429630935
759798,-5.253606204578004,-5.072572561621433,1.0,-0.18103364295657087
759814,-5.324204127499085,-5.49304263468243,1.0,0.16883850718334514
759897,-12.348996925531823,-11.988301384646654,3.0,-0.3606955408851693
759899,-9.516451367393602,-9.479361801415196,2.0,-0.0370895659784054
760020,-38.26806570838799,-37.98428066330568,10.0,-0.28378504508230407
760265,-16.63158732950414,-16.85555454166127,4.0,0.223967212157131
760332,-5.742270747444663,-6.1033040184696885,1.0,0.36103327102502547
760523,-103.75659276909107,-106.98990378935552,33.0,3.233311020264452
760535,-35.434124648194214,-34.0980903908725,8.0,-1.3360342573217139
760886,-24.03336127431489,-23.833950838463,8.0,-0.19941043585188822
760899,-7.780777115671578,-8.200662462900825,2.0,0.419885347229247
760908,-26.805916671856714,-24.836914119143668,6.0,-1.9690025527130466
761030,-13.247539464149131,-13.342668915660823,2.0,0.09512945151169205
761095,-0.7912752016037446,-1.133582844192749,0.0,0.34230764258900426
761097,-15.342291156277568,-18.625698676114705,2.0,3.2834075198371373
761182,-19.206579090015953,-18.973990568331928,6.0,-0.23258852168402555
761185,-15.70456144836707,-15.661544064233656,4.0,-0.04301738413341383
761195,-18.721018007690514,-18.710228490163885,6.0,-0.0107895175266286
761253,-20.334584192108895,-20.68425799426151,6.0,0.34967380215261556
761313,-271.9383534655344,-200.99307737121472,242.0,-70.9452760943197
761324,-11.250562583767408,-11.253554852479851,3.0,0.002992268712443291
761340,-19.39159572364188,-19.11316837014761,5.0,-0.2784273534942727
761646,-25.085927523899645,-23.901891086829867,6.0,-1.1840364370697785
761653,-30.16893942122267,-30.480685425016883,8.0,0.31174600379421236
761987,-1.075795144848433,-1.1788500429127988,0.0,0.10305489806436574
761992,-15.014102180340663,-15.36578924875296,3.0,0.35168706841229813
762033,-17.52819565438057,-17.19592396660304,5.0,-0.33227168777753135
762042,-9.514823383858989,-9.377887071751395,2.0,-0.1369363121075935
762044,-16.524478963581327,-15.99217065545288,4.0,-0.5323083081284476
762058,-35.6882999165092,-36.66273682214013,11.0,0.974436905630931
762158,-2.0491776511107087,-1.5205005472709447,0.0,-0.528677103839764
762177,-56.05179365863634,-62.64248828740513,22.0,6.590694628768787
762269,-13.772725394734216,-13.325595154009513,3.0,-0.44713024072470375
762544,-16.492635373384168,-15.888072479450493,4.0,-0.6045628939336751
762593,-9.934885489169938,-9.861472142975042,2.0,-0.07341334619489537
762652,-12.12412414767729,-11.914983139779116,3.0,-0.20914100789817347
762654,-4.630902193453554,-4.696684366341226,1.0,0.06578217288767174
762685,-16.876031739384683,-16.09800848812984,4.0,-0.7780232512548437
763297,-20.467807472305616,-20.012773856496537,6.0,-0.45503361580907864
763336,-19.167865506376312,-19.1409622342521,5.0,-0.026903272124211952
763352,-23.962623443429987,-23.533376159021007,6.0,-0.4292472844089801
763518,-1.3887180677028943,-1.6448853707432218,0.0,0.25616730304032753
763578,-4.477151214114732,-4.3701237056864555,0.0,-0.1070275084282768
763682,-3.396103027139314,-4.623588643701392,0.0,1.2274856165620784
763701,-19.163409768958083,-19.59565869369053,6.0,0.43224892473244836
763799,-19.814867129664236,-19.179555973260705,5.0,-0.6353111564035316
763818,-11.106744830912946,-11.217751069176105,3.0,0.11100623826315825
763844,-14.387570501333517,-13.440039572651203,3.0,-0.9475309286823137
763975,-4.707655283088245,-4.674047855758981,1.0,-0.03360742732926436
763989,-34.69289354718404,-35.83121052084271,9.0,1.138316973658668
764053,-33.95596765127665,-34.21631999587156,13.0,0.2603523445949065
764127,-5.32086727708464,-5.404088486370701,1.0,0.08322120928606047
764154,-13.95110101184201,-14.045432291966602,3.0,0.09433128012459235
764298,-21.043352595872076,-21.194031076606617,7.0,0.15067848073454115
764620,-14.230313975374976,-14.061112038433931,3.0,-0.1692019369410449
764624,-25.096250711983874,-24.86221123462713,7.0,-0.23403947735674535
764645,-29.780609334522595,-31.64554715843616,13.0,1.8649378239135643
764679,-9.038307795427782,-8.760637801775335,2.0,-0.27766999365244693
764731,-24.006594313746106,-22.409689608865104,6.0,-1.596904704881002
765019,-4.56009560272104,-4.669792940892186,1.0,0.10969733817114591
765098,-0.4917169731108785,-0.6325510761129551,0.0,0.14083410300207666
765229,-22.207847251596277,-21.950420341405405,7.0,-0.2574269101908726
765239,-17.2368708817212,-16.870114334392618,5.0,-0.3667565473285812
765252,-38.04316669193206,-35.41496826040814,7.0,-2.62819843152392
765284,-9.946341266723874,-9.831605882028777,2.0,-0.1147353846950967
765394,-5.786682023071116,-5.353954846675634,1.0,-0.4327271763954812
765607,-1.0592731472545318,-1.291460931659812,0.0,0.2321877844052802
765617,-9.498993625786529,-9.60008818477936,2.0,0.10109455899283049
765643,-15.005426039151045,-13.977552572497052,3.0,-1.0278734666539933
765668,-9.683205666365348,-9.09111510074976,2.0,-0.592090565615587
765674,-48.444630785035535,-49.16904887310636,22.0,0.7244180880708271
765716,-13.377067800517262,-12.76173679715643,3.0,-0.615331003360831
765759,-3.4702570534317303,-3.5617658755637427,0.0,0.09150882213201239
765887,-16.668645595272434,-16.650205111004112,5.0,-0.018440484268321455
765950,-3.0922471339251087,-3.3304267036815363,0.0,0.2381795697564275
766049,-3.6342630588706424,-4.240590810043157,0.0,0.6063277511725147
766100,-5.2184565609730225,-5.3142873422238335,1.0,0.09583078125081101
766131,-11.439546592868522,-11.388728725546894,3.0,-0.050817867321628185
766230,-28.1760235311157,-29.25568415872724,7.0,1.079660627611542
766251,-19.279793652359025,-19.26852769192884,6.0,-0.011265960430186794
766523,-9.561613881747322,-9.540294803833673,2.0,-0.021319077913648954
766561,-5.758198055647885,-5.140230691991103,1.0,-0.6179673636567813
766685,-3.966255105888097,-3.893440620312275,0.0,-0.07281448557582193
766689,-13.72219637459417,-12.945491481300182,3.0,-0.7767048932939868
766694,-0.4443599110765792,-0.7219990997144703,0.0,0.2776391886378911
766725,-22.941507745053453,-22.438323740687817,7.0,-0.5031840043656359
766750,-16.650492577670164,-15.324084816869336,3.0,-1.3264077608008282
766916,-8.554956872788578,-7.538225863078905,1.0,-1.0167310097096731
766939,-12.817239290019593,-13.165159916681498,2.0,0.3479206266619048
766988,-44.03394464854996,-43.78006057389568,12.0,-0.2538840746542803
767010,-9.80193082824827,-9.45659703532496,2.0,-0.3453337929233111
767041,-7.305492075768282,-7.759968943926312,2.0,0.45447686815802957
767076,-39.74292064594844,-40.320251144847745,11.0,0.5773304988993075
767201,-32.517168410179345,-32.139405623187166,12.0,-0.3777627869921787
767208,-8.567310396401188,-8.46986194566549,2.0,-0.09744845073569763
767243,-1.4732055270722497,-2.344036689017394,0.0,0.8708311619451441
767288,-29.05972421812037,-28.802421950649904,10.0,-0.2573022674704646
767292,-31.509281471366574,-31.755201671442745,13.0,0.24592020007617066
767387,-18.83565795763305,-18.482780134310115,5.0,-0.3528778233229346
767427,-6.8573986561334985,-6.951851688418953,1.0,0.09445303228545487
767732,-46.46638497289482,-45.89182822439282,12.0,-0.5745567485020047
767897,-16.80224176256449,-16.681502369304898,4.0,-0.1207393932595906
767940,-8.253268166060005,-8.229348490987535,2.0,-0.02391967507247017
768017,-9.446204926999052,-9.088045475951038,2.0,-0.3581594510480137
768136,-73.14560279580633,-75.21600054351654,18.0,2.070397747710217
768138,-12.50673682964415,-12.169694859009308,3.0,-0.33704197063484287
768190,-1.4485759293188119,-1.673654208049349,0.0,0.2250782787305372
768606,-17.64603717310889,-17.291236058073025,5.0,-0.3548011150358654
768608,-5.608875990787661,-5.227727491593407,1.0,-0.3811484991942544
768697,-6.548580118960478,-6.5827035177814555,1.0,0.03412339882097726
768779,-77.40168126380138,-72.84826135628133,43.0,-4.553419907520052
768872,-2.890823274847579,-3.1438252129082627,0.0,0.2530019380606836
769370,-16.71718795669088,-16.01828476948059,4.0,-0.6989031872102878
769428,-43.9480063820136,-43.42908550305281,19.0,-0.5189208789607918
769448,-28.745911611280448,-28.095080197304092,8.0,-0.6508314139763556
769468,-29.418326629923687,-29.15604174307815,10.0,-0.2622848868455385
769479,-22.369163515967276,-22.481179650539033,6.0,0.11201613457175696
769563,-105.62839918774722,-113.76709114808143,52.0,8.138691960334214
769715,-1.6185831077223158,-1.8720049075062009,0.0,0.253421799783885
769723,-43.07769031204469,-42.84431340210557,19.0,-0.23337690993911764
769743,-1.7622160761154566,-2.662314151211573,0.0,0.9000980750961163
769834,-5.1343505468228425,-5.4692039750196475,1.0,0.33485342819680497
769841,-21.699782049636212,-21.522802281687103,7.0,-0.17697976794910986
769947,-17.542257378223947,-16.23054730661528,4.0,-1.311710071608669
770008,-22.057237633992134,-21.784290088805463,7.0,-0.2729475451866712
770039,-44.38483335973546,-44.42486499894715,18.0,0.04003163921169062
770281,-24.87695168033628,-24.383801674463644,7.0,-0.4931500058726357
770538,-8.971889916070731,-9.112812679456876,2.0,0.14092276338614518
770877,-33.20643030722505,-33.239603456755184,12.0,0.033173149530135504
770981,-20.416276534468743,-20.14613198064987,6.0,-0.2701445538188736
771048,-34.41401836415464,-34.70563101616383,8.0,0.29161265200918507
771165,-88.53165146949057,-92.18599312568284,43.0,3.6543416561922726
771190,-0.9526365888345687,-1.3138613481820762,0.0,0.36122475934750753
771271,-30.58567076658042,-31.87841139027767,10.0,1.2927406236972487
771301,-10.511675379510004,-10.710155279799215,1.0,0.19847990028921103
771342,-19.854294506686358,-19.80615064460294,6.0,-0.04814386208341759
771880,-12.874628194945933,-13.572210435457652,2.0,0.6975822405117196
771949,-5.4086971060530065,-5.26512804205196,1.0,-0.14356906400104652
771959,-1.5309181125755185,-2.5884029815522887,0.0,1.0574848689767702
771961,-91.1426595536718,-91.4837081709077,33.0,0.34104861723589863
771994,-11.798833615659733,-10.77933196661884,2.0,-1.019501649040894
772105,-40.143083523921845,-39.439331421858896,15.0,-0.7037521020629498
772152,-8.698802783181305,-8.751442308513143,2.0,0.05263952533183769
772253,-14.375971288260743,-14.240479974164794,4.0,-0.13549131409594928
772397,-0.1731043669797269,-0.3194060218753686,0.0,0.1463016548956417
772443,-21.449339955839594,-21.035378056181088,6.0,-0.4139618996585064
772620,-20.043863267070673,-19.901835152616048,6.0,-0.14202811445462515
772738,-3.8397063926218964,-3.8238401886354487,0.0,-0.01586620398644767
772750,-36.468246640340624,-36.944758571224256,12.0,0.47651193088363186
772853,-5.625802406529357,-5.058090305331348,1.0,-0.5677121011980093
773019,-1.851312365026771,-2.5800291051142072,0.0,0.7287167400874361
773073,-26.170600297127177,-26.87650759680355,9.0,0.7059072996763724
773075,-1.4555181118317402,-1.5699318402915106,0.0,0.11441372845977038
773289,-6.529884639246016,-6.938086501744497,1.0,0.40820186249848067
773344,-41.865114289519944,-43.08890531909314,19.0,1.2237910295731993
773425,-8.394711119926175,-8.069745836076471,1.0,-0.32496528384970347
773439,-39.97944396078135,-38.81129792444197,14.0,-1.1681460363393796
773440,-7.979842611712858,-8.105440146272267,1.0,0.12559753455940914
773570,-3.5459746513014703,-3.841324217849354,0.0,0.2953495665478836
773850,-37.83622237429856,-37.493141877045296,10.0,-0.3430804972532613
773901,-5.2388184841335965,-5.170105807120502,1.0,-0.06871267701309414
773920,-5.8494078020375735,-5.551535167576219,1.0,-0.2978726344613545
773933,-5.418684176016535,-6.165932423326174,1.0,0.7472482473096385
773948,-1.6380934764663448,-2.193567329269719,0.0,0.555473852803374
774068,-0.09073178682127499,-0.2924977339235539,0.0,0.2017659471022789
774249,-29.127520220286435,-30.260695695362017,8.0,1.133175475075582
774268,-1.107821406390746,-1.3050513757448834,0.0,0.19722996935413728
774307,-64.85598221387279,-58.39470298410607,17.0,-6.461279229766724
774373,-14.76116817679969,-14.45751600813536,4.0,-0.3036521686643283
774386,-8.681282672976081,-8.92686307395324,2.0,0.24558040097715939
774543,-34.848139541798204,-35.27938757302649,11.0,0.4312480312282858
774710,-80.61092016629881,-80.74144726734364,29.0,0.13052710104483367
774711,-40.38352419167457,-42.03413597855937,12.0,1.6506117868848023
774844,-8.895812188745241,-8.640172378978965,2.0,-0.25563980976627576
774858,-16.05063769161017,-15.14079932398148,4.0,-0.9098383676286907
775002,-27.957301190653766,-28.15588165778728,9.0,0.19858046713351385
775083,-11.937932741318672,-12.05000333823543,3.0,0.11207059691675703
775446,-1.3626801153236388,-1.8255414568248864,0.0,0.4628613415012477
775505,-2.4711743976889373,-3.046519567920143,0.0,0.5753451702312056
775572,-17.098148493755176,-16.947225057674892,5.0,-0.15092343608028358
775637,-9.17343244869531,-9.099453865902172,2.0,-0.07397858279313851
775896,-22.98716933197891,-22.699943976166637,6.0,-0.28722535581227504
775906,-5.140753075627916,-5.076296275750423,1.0,-0.06445679987749298
776146,-33.25219999386437,-32.05754056334472,8.0,-1.1946594305196498
776210,-8.789355151188836,-8.869437677308618,2.0,0.0800825261197815
776232,-14.422708734794192,-14.264534674993962,4.0,-0.15817405980022947
776289,-1.4862065033820466,-1.5224529053676967,0.0,0.0362464019856501
776308,-20.706394380359704,-20.512399843958537,5.0,-0.19399453640116704
776376,-20.53712208496067,-20.576050534733856,6.0,0.038928449773184326
776401,-0.24977138973503638,-0.8132199062722981,0.0,0.5634485165372618
776422,-0.30429595785915353,-0.7632165694652737,0.0,0.4589206116061202
776470,-41.18119408570279,-41.22912963671774,15.0,0.04793555101494462
776476,-1.227187587603703,-1.8000239696718916,0.0,0.5728363820681885
776589,-32.32335669229127,-32.59825254059101,9.0,0.27489584829974234
776592,-5.429366734324279,-5.504800384235992,1.0,0.0754336499117132
776830,-9.006406345189932,-8.946117878856946,2.0,-0.060288466332986346
776923,-12.814706321849373,-12.53326920260121,3.0,-0.2814371192481637
776961,-4.197623947105368,-4.490385641477377,1.0,0.2927616943720093
776979,-9.965430956200457,-9.382354577323248,2.0,-0.5830763788772089
777003,-24.6350464925781,-24.579727066603688,8.0,-0.05531942597441031
777124,-32.19198132361567,-32.75891203764994,10.0,0.566930714034271
777185,-5.9626764435494115,-5.590809514432945,0.0,-0.37186692911646624
777311,-10.615413902404844,-10.814740313249128,2.0,0.19932641084428404
777352,-24.902777102510097,-19.43269370936604,4.0,-5.4700833931440584
777460,-7.559852310522902,-7.887851942580717,2.0,0.3279996320578151
777492,-10.85285869312121,-10.09952571080246,2.0,-0.7533329823187493
777659,-8.91886915275789,-8.745344189178262,2.0,-0.173524963579629
777725,-5.146423326193405,-5.221568653658775,1.0,0.0751453274653695
777743,-6.464181166273467,-6.5308688051273105,2.0,0.06668763885384354
777865,-5.260571418173645,-5.153355726851298,1.0,-0.10721569132234698
777922,-6.512209278811638,-6.590765088475445,1.0,0.07855580966380682
777961,-18.794436068902215,-17.807474656662674,5.0,-0.9869614122395411
778186,-4.537003237732968,-4.7430134288122865,0.0,0.20601019107931862
778286,-28.195963609967926,-28.6543630966236,9.0,0.45839948665567576
778319,-6.864349412298522,-5.575288402854963,1.0,-1.289061009443559
778386,-54.526797996131194,-55.42849447405374,19.0,0.9016964779225489
778389,-17.330932825752882,-17.42864609157797,5.0,0.09771326582508877
778406,-40.532115374068475,-40.86827569680025,16.0,0.33616032273177154
778645,-26.29797235651836,-26.42566759277947,8.0,0.12769523626110768
778662,-89.01637477499165,-86.82193337754616,44.0,-2.1944413974454875
778721,-0.9547101955417843,-1.480644019757526,0.0,0.5259338242157416
778806,-48.575962239969996,-50.826517002467185,12.0,2.250554762497188
779008,-33.50567885070252,-33.68053737666376,8.0,0.17485852596123408
779147,-0.8394636625141197,-1.453187909426508,0.0,0.6137242469123884
779213,-37.73080718256319,-37.99428336522732,15.0,0.2634761826641281
779304,-35.69440336516441,-35.1506794746932,11.0,-0.5437238904712132
779463,-42.77130805339347,-42.38773318972761,15.0,-0.38357486366585647
779755,-29.044045228809793,-18.542949117572707,3.0,-10.501096111237086
779826,-11.695845292171404,-11.514765176825108,3.0,-0.18108011534629576
779863,-8.606730117488652,-8.568995238536584,2.0,-0.03773487895206884
779877,-9.084468884072576,-8.772654845283842,2.0,-0.31181403878873404
780222,-41.59224505151587,-44.250879644251256,16.0,2.658634592735389
780740,-9.603977588692382,-9.275606024255184,2.0,-0.32837156443719806
780823,-17.277755249646408,-19.34212698014547,5.0,2.0643717304990616
780861,-8.769584287915398,-8.745810902608422,2.0,-0.023773385306975925
780873,-31.617163279444853,-32.0600372523724,11.0,0.4428739729275506
781022,-23.185810642809518,-23.2092660203992,8.0,0.023455377589680637
781115,-45.30550992927829,-45.66864064836283,18.0,0.36313071908454475
781120,-20.606591931541217,-20.124466677505605,5.0,-0.482125254035612
781204,-0.9457069279105673,-1.2444510131001336,0.0,0.2987440851895663
781253,-56.22743981659369,-54.64032917501892,22.0,-1.5871106415747676
781362,-5.737477781304058,-12.050257588463824,0.0,6.312779807159766
781380,-3.1830232304472506,-3.9288161723183737,0.0,0.7457929418711231
781471,-0.8216864845413878,-0.9596026792253156,0.0,0.1379161946839278
781593,-20.46510296045082,-20.209239188797326,6.0,-0.2558637716534946
781624,-12.90224343752803,-12.963553569056616,3.0,0.061310131528586
781673,-25.231237900105683,-24.76471286552989,6.0,-0.46652503457579186
781692,-25.928460624798504,-25.45144140544394,8.0,-0.47701921935456326
781755,-53.144990390609195,-51.60811471448398,20.0,-1.536875676125213
781791,-3.875200115273418,-2.863425760197097,0.0,-1.0117743550763207
781983,-12.53130041155786,-12.329384652626068,3.0,-0.2019157589317917
781995,-8.730824369523539,-8.738615758601004,2.0,0.007791389077464572
782133,-27.136264707257318,-27.76623617424956,8.0,0.6299714669922416
782177,-17.386449162859424,-18.272893616831567,4.0,0.8864444539721426
782184,-20.264930486828675,-20.05295864340364,6.0,-0.21197184342503306
782373,-23.270863047623912,-23.295956207573735,7.0,0.025093159949822308
782425,-6.254581767673819,-6.605255640706601,1.0,0.3506738730327825
782426,-1.4110719914006389,-1.7609794014439837,0.0,0.3499074100433448
782563,-1.879931444920718,-2.4633668412630723,0.0,0.5834353963423542
782568,-22.805393175880567,-22.529738498669857,7.0,-0.27565467721071
782588,-43.36949745604181,-42.968315379929166,16.0,-0.4011820761126472
782599,-21.12454711519646,-21.344829078831168,6.0,0.22028196363470798
782730,-20.15265300806668,-18.666606779025848,5.0,-1.4860462290408307
782839,-9.932899833073154,-9.378487899772008,2.0,-0.5544119333011466
782876,-23.7436398834643,-23.45278249312918,8.0,-0.2908573903351197
783108,-11.740094334452387,-11.817600971773151,3.0,0.07750663732076468
783123,-36.875230184286536,-35.882273516629446,11.0,-0.99295666765709
783191,-46.01182134827904,-45.37201312008942,19.0,-0.6398082281896222
783206,-5.492845193497243,-2.3872824325187127,0.0,-3.1055627609785303
783390,-24.995327952569845,-23.732596699002972,6.0,-1.2627312535668729
783451,-28.671611416171874,-29.12466748452498,9.0,0.4530560683531064
783863,-11.164348500142598,-11.45672764991305,2.0,0.29237914977045243
783892,-13.29700426500764,-12.71520077912149,3.0,-0.5818034858861498
784027,-48.89687818752978,-48.06302814881193,22.0,-0.8338500387178485
784040,-11.938124651682594,-11.718847690469351,3.0,-0.21927696121324303
784238,-17.91630368822143,-16.104032815838554,3.0,-1.812270872382875
784408,-9.561452205174005,-9.816222430832678,2.0,0.2547702256586728
784774,-15.688420338936403,-15.274268267954582,4.0,-0.41415207098182094
784877,-5.431751650454702,-5.269290128358363,1.0,-0.16246152209633902
785310,-0.8208513564434081,-1.0282172856250873,0.0,0.20736592918167918
785403,-38.20920428333735,-38.47928320445027,14.0,0.2700789211129191
785439,-86.29108067414839,-91.46896343936513,20.0,5.1778827652167365
785492,-12.432204318124342,-12.034232588615913,3.0,-0.39797172950842885
785562,-9.31001699302382,-8.869243217039156,2.0,-0.44077377598466505
785565,-24.808248298422942,-24.600060464412653,8.0,-0.20818783401028895
785590,-18.085133974235895,-18.230496922411092,5.0,0.14536294817519746
785653,-12.702214390089887,-12.523558430137186,3.0,-0.17865595995270134
785671,-1.0815252204992443,-1.5505499298012115,0.0,0.46902470930196727
785744,-2.682851471193414,-2.7936565448783144,0.0,0.11080507368490045
785799,-11.591924870490722,-11.485212919059869,3.0,-0.10671195143085299
786023,-15.387570694925314,-14.973143193506251,4.0,-0.4144275014190626
786043,-9.9974010263746,-9.564366712079334,2.0,-0.4330343142952664
786081,-3.9494689765539897,-4.350825285917537,0.0,0.4013563093635475
786313,-6.3138840718228675,-6.479031178984558,1.0,0.16514710716169034
786512,-3.5596884050630804,-3.524009398876488,0.0,-0.03567900618659259
786534,-23.053689303771353,-22.679750327044964,7.0,-0.3739389767263894
786547,-18.496200009730902,-18.248539736361806,5.0,-0.24766027336909602
786659,-1.5052953798887738,-2.206232393098299,0.0,0.7009370132095254
786701,-14.454461121008237,-14.314857860034298,4.0,-0.1396032609739386
786726,-10.540111474192349,-9.206446329477265,2.0,-1.3336651447150842
786774,-15.498613472964246,-16.082986710646498,4.0,0.5843732376822519
787028,-17.503044794634857,-17.77064015132619,4.0,0.2675953566913343
787053,-11.22418303465191,-11.037096000831609,2.0,-0.18708703382030123
787112,-25.491682498725897,-25.42180898031313,8.0,-0.06987351841276634
787186,-9.417644573447424,-10.302372951036444,0.0,0.8847283775890205
787246,-8.259055771943906,-7.341061499273331,1.0,-0.9179942726705752
787251,-7.08910565338898,-5.251583226047327,1.0,-1.8375224273416535
787271,-1.4263569563124445,-2.2926570388920418,0.0,0.8663000825795972
787279,-26.12975582125353,-25.90483147749662,9.0,-0.22492434375690706
787330,-26.730751006401704,-26.85424527817703,8.0,0.1234942717753249
787442,-16.61425550267461,-16.529373452695435,5.0,-0.08488204997917492
787468,-5.697157987068985,-5.905724368746397,1.0,0.2085663816774126
787603,-9.91805215767708,-9.772977822727691,2.0,-0.14507433494938837
787651,-23.798159037464014,-23.38704379249309,7.0,-0.4111152449709259
787797,-18.012864977779294,-17.873265979808217,5.0,-0.13959899797107767
787910,-11.181098999129802,-11.49353372699469,2.0,0.312434727864888
787941,-8.809611415661417,-9.207068420411264,1.0,0.3974570047498478
787949,-11.286572749204412,-12.021653913696102,3.0,0.7350811644916906
788111,-46.528967070139686,-45.76998986840296,14.0,-0.7589772017367267
788197,-8.673638934895635,-8.509300522337305,2.0,-0.1643384125583296
788236,-2.186263797826239,-2.624008252171118,0.0,0.43774445434487896
788379,-20.026996240253016,-16.62867000872733,4.0,-3.3983262315256866
788442,-5.490887455392893,-5.339635061194736,1.0,-0.15125239419815717
788483,-0.6059359464155722,-0.6232655653189522,0.0,0.017329618903379918
788577,-1.9707496550001078,-2.5665071290050654,0.0,0.5957574740049576
788664,-6.415674242010992,-5.6641350397742345,1.0,-0.7515392022367573
788839,-24.29745571916248,-26.644220063136657,5.0,2.346764343974179
788868,-4.711410437551154,-5.0707715858477025,1.0,0.3593611482965482
788930,-1.5272752987816514,-1.8711573312020875,0.0,0.34388203242043613
788952,-16.758279011532892,-16.604025632979493,5.0,-0.15425337855339905
788975,-31.422699701042717,-31.90088573424847,13.0,0.4781860332057519
789017,-22.37845698810599,-22.569976147691296,7.0,0.19151915958530452
789072,-2.139072095814496,-2.437207283116577,0.0,0.2981351873020812
789124,-1.164770858037932,-1.630563085957589,0.0,0.46579222791965713
789154,-17.246261097494003,-16.660290308623114,4.0,-0.5859707888708883
789168,-10.032109111989252,-10.066579852863764,2.0,0.03447074087451263
789189,-44.97034505187969,-44.72863278524673,18.0,-0.24171226663295897
789224,-23.591293806847442,-23.849644638375544,8.0,0.25835083152810157
789328,-5.270815018311135,-5.178382288975474,1.0,-0.09243272933566082
789342,-17.718554400413097,-19.207143979234015,3.0,1.4885895788209176
789509,-1.4816907242805555,-2.0648042570908927,0.0,0.5831135328103372
789515,-32.965453278470996,-32.79062216111683,12.0,-0.17483111735416657
789598,-34.02648678940731,-34.203503518396424,13.0,0.17701672898911625
789785,-14.349822532881666,-13.846696243693096,3.0,-0.5031262891885699
789798,-65.18824148168122,-64.97923684319574,25.0,-0.20900463848548156
789832,-22.327522048897237,-22.644965501916257,5.0,0.31744345301902044
790242,-11.424747250230103,-11.411222769719226,3.0,-0.013524480510877623
790316,-5.306707182616782,-5.5061167324592395,1.0,0.19940954984245707
790495,-1.2435987930463823,-1.627092135945993,0.0,0.38349334289961057
790684,-75.21571590375966,-75.79197799509328,25.0,0.5762620913336178
790783,-31.057468903702627,-30.877727145277348,11.0,-0.17974175842527984
790902,-9.353945479110267,-8.975657639264126,2.0,-0.37828783984614134
791083,-40.94585802625588,-41.37442292580621,16.0,0.42856489955033084
791127,-9.276669647058899,-9.05425067139043,2.0,-0.2224189756684698
791439,-0.1643759794983424,-0.5265589273565763,0.0,0.3621829478582339
791577,-16.383412574813697,-15.759628161307992,3.0,-0.6237844135057049
791594,-15.244133221730394,-15.299972880767289,4.0,0.05583965903689503
791714,-27.05451826185302,-27.507251050254524,10.0,0.4527327884015051
791747,-5.327513351401343,-5.423988144223557,1.0,0.09647479282221383
792115,-13.817761959343168,-13.878593003686186,4.0,0.06083104434301845
792143,-46.47561831314204,-46.8933180869449,12.0,0.41769977380285894
792153,-9.778373575315692,-9.239947044323428,2.0,-0.5384265309922647
792182,-46.86711482283983,-48.129485240220326,18.0,1.2623704173804953
792189,-10.40361495639588,-10.62803535735306,3.0,0.22442040095717886
792378,-13.011824795456054,-12.62464409855184,3.0,-0.3871806969042133
792536,-20.79920503155224,-20.23922004424077,6.0,-0.55998498731147
792689,-21.778726166961018,-20.954349220759976,5.0,-0.824376946201042
792950,-31.1935882404048,-32.85158601173714,12.0,1.6579977713323402
792953,-2.296920732204509,-2.795474704775769,0.0,0.4985539725712598
793024,-28.87116773179502,-29.523347980991588,10.0,0.6521802491965687
793048,-19.082116032889697,-19.15598574803265,6.0,0.07386971514295126
793070,-34.968470484459424,-35.0734129100314,12.0,0.10494242557197708
793122,-85.9897859827063,-86.65589663473159,33.0,0.6661106520252957
793129,-8.029375276735657,-8.118669817439846,2.0,0.08929454070418963
793155,-5.229925277468711,-5.261785968459005,1.0,0.031860690990294316
793270,-17.475845823517584,-17.32213426219335,5.0,-0.1537115613242328
793343,-5.039511188725964,-5.090316943583256,1.0,0.050805754857291774
793441,-18.270661060679465,-17.84741165286314,4.0,-0.4232494078163249
793443,-25.351143945015643,-24.812767419753257,7.0,-0.538376525262386
793505,-0.8451830274236379,-1.053889623517954,0.0,0.20870659609431608
793734,-23.40612775118879,-23.14054455836378,7.0,-0.2655831928250123
793782,-32.952075665352154,-33.675107478657296,12.0,0.7230318133051412
793821,-13.716802495813582,-13.892743859809,3.0,0.1759413639954186
793842,-12.439701792444502,-12.362252616011396,2.0,-0.077449176433106
793965,-13.199997677006005,-13.649309742449873,3.0,0.44931206544386804
794042,-25.409828212886676,-25.43979909167181,9.0,0.02997087878513227
794081,-39.59358450271638,-38.7521243155788,13.0,-0.8414601871375851
794201,-5.925007852291263,-6.0252435030707385,1.0,0.10023565077947527
794227,-7.447024260833068,-7.567529778694598,2.0,0.12050551786153019
794409,-8.805255389978237,-8.993010470657858,2.0,0.18775508067962043
794435,-29.92898120278531,-30.682169147640575,6.0,0.7531879448552665
794466,-4.774614378404938,-4.790618018811233,1.0,0.01600364040629465
794556,-1.442030812197264,-0.8184679548506476,0.0,-0.6235628573466164
794623,-25.374504286412545,-25.05573394249919,8.0,-0.31877034391335357
794673,-3.217258174165718,-4.761140759755943,0.0,1.5438825855902247
794696,-42.36638535310965,-42.0590467197907,17.0,-0.30733863331894895
794710,-12.210212591640298,-11.915952090955642,3.0,-0.2942605006846559
794735,-10.437241067327994,-9.769662279880343,2.0,-0.6675787874476509
794778,-8.867442545089608,-8.661915082942496,2.0,-0.2055274621471117
794805,-0.2582069189492455,-0.3768857560302947,0.0,0.1186788370810492
794979,-1.1276722868203737,-2.650878403731007,0.0,1.5232061169106332
795115,-12.201417882750803,-10.043178975859457,2.0,-2.158238906891347
795298,-15.589162850185676,-15.469932662708306,4.0,-0.11923018747737046
795352,-23.502196238497408,-22.67937702838301,6.0,-0.8228192101143996
795446,-2.9193306588763925,-3.056846499420922,0.0,0.1375158405445296
795505,-16.86840384250421,-16.86718169148905,4.0,-0.001222151015159767
795561,-41.010860830192335,-41.125796038136336,16.0,0.1149352079440007
795564,-5.632352348467582,-6.3694620848130565,1.0,0.7371097363454746
795669,-18.73851096171469,-18.26096242545388,5.0,-0.4775485362608123
795763,-10.392196490975616,-10.809141327380097,3.0,0.41694483640448077
795935,-29.530857513581942,-29.302350042272092,9.0,-0.22850747130985027
796108,-23.78958567746906,-24.1489622183895,8.0,0.35937654092044014
796183,-8.965930616560827,-8.888147428516836,2.0,-0.0777831880439912
796226,-24.175595140789397,-23.654336748703127,8.0,-0.5212583920862706
796279,-14.043463485068484,-13.603927620556789,3.0,-0.43953586451169535
796399,-64.25894319344033,-64.19630991322158,22.0,-0.0626332802187477
796443,-5.144833014593037,-5.086530992441926,1.0,-0.058302022151111466
796448,-7.353162574998335,-8.241021144874995,2.0,0.8878585698766601
796459,-45.77798076468253,-46.997227706151534,17.0,1.2192469414690024
796472,-5.132773088837759,-9.25919375180007,0.0,4.126420662962312
796584,-25.077223688084004,-24.104676756207297,8.0,-0.9725469318767068
796709,-13.355894522522622,-13.78327824367865,4.0,0.4273837211560281
796803,-3.325857085394435,-4.011623834871932,0.0,0.6857667494774966
796922,-0.9608355560121892,-1.6210160495044,0.0,0.6601804934922108
797004,-4.0923155614213504,-4.280006873237859,1.0,0.18769131181650867
797014,-5.856219189278832,-6.099949238076214,1.0,0.24373004879738236
797176,-41.358128614318616,-42.090285127843245,18.0,0.7321565135246288
797405,-26.289664999888913,-26.041985055529423,8.0,-0.24767994435948992
797442,-2.3394214171518497,-2.733572789629873,0.0,0.39415137247802345
797606,-9.250727967235626,-8.989598185158883,2.0,-0.2611297820767433
797685,-23.827144735634636,-23.440432856256574,7.0,-0.38671187937806195
797723,-27.12729499083831,-28.05270814350202,5.0,0.9254131526637117
797752,-22.17011965357545,-22.054662418853372,6.0,-0.11545723472207925
797828,-37.53418812992147,-37.25622887190369,13.0,-0.27795925801778054
798032,-10.16557124306763,-9.774166278805335,2.0,-0.39140496426229454
798091,-22.61530395293134,-23.634647021003275,8.0,1.019343068071933
798108,-5.504768371410383,-5.871466916165431,1.0,0.3666985447550486
798156,-23.74179849262852,-24.06758531779824,7.0,0.3257868251697218
798190,-0.5719987914662625,-0.6708570736726261,0.0,0.09885828220636361
798224,-24.454738907129023,-24.417974904813253,8.0,-0.03676400231577048
798284,-97.70743176380041,-102.01996418662527,46.0,4.312532422824859
798313,-12.122768468769365,-10.390597866635243,2.0,-1.732170602134122
798325,-4.58603167998411,-4.9022845278256595,1.0,0.3162528478415494
798433,-16.45676126249397,-15.581056056818984,4.0,-0.8757052056749863
798555,-26.025016683753208,-25.23614127313811,8.0,-0.7888754106150984
798604,-30.347959688937596,-30.709621049784907,12.0,0.36166136084731093
798728,-7.553475617350129,-7.236022721519804,1.0,-0.3174528958303249
798735,-7.870162619981957,-7.0499967572905575,1.0,-0.8201658626913995
798772,-18.59954726510271,-18.05544758095309,4.0,-0.5440996841496215
798881,-8.281892449754258,-8.653895563823276,2.0,0.37200311406901854
798918,-0.8995390555922608,-1.2968868682884145,0.0,0.3973478126961537
799020,-6.52524316401763,-6.6445164502528105,1.0,0.11927328623518019
799068,-27.807478595375095,-27.55185750712309,8.0,-0.25562108825200625
799141,-38.462098649515504,-42.0169534159688,12.0,3.554854766453296
799173,-38.84925815777302,-38.77652671283322,14.0,-0.0727314449398051
799222,-12.575187771580463,-12.092946236692228,3.0,-0.4822415348882352
799252,-14.335680611330758,-13.826917684905576,3.0,-0.5087629264251827
799280,-2.5949038133753546,-3.254033533427752,0.0,0.6591297200523973
799320,-26.247668239002106,-24.80044542259751,5.0,-1.4472228164045973
799499,-20.411251227229855,-20.1533582779823,6.0,-0.25789294924755524
799612,-28.910935986766344,-28.907834969009453,9.0,-0.003101017756890201
799711,-17.53878748700125,-15.611464834226185,4.0,-1.9273226527750662
799735,-16.5678818704581,-16.336973178834516,4.0,-0.23090869162358274
799834,-39.44529920021875,-39.43281245293859,14.0,-0.012486747280156862
800070,-19.315354507017133,-18.99242273045841,5.0,-0.32293177655872185
800128,-19.593952069203866,-20.318574145681108,5.0,0.7246220764772424
800175,-5.4371689400604275,-5.182267258478253,1.0,-0.2549016815821741
800198,-30.686160478525174,-30.42300188130239,10.0,-0.2631585972227839
800203,-9.995649788899643,-9.377934509078711,2.0,-0.6177152798209313
800223,-5.335640111670543,-5.147005608154799,1.0,-0.18863450351574418
800246,-1.0565120577285052,-1.279676390465901,0.0,0.22316433273739578
800289,-14.515560167129351,-13.068504576942258,3.0,-1.4470555901870927
800354,-39.55277170163248,-39.04752615087546,16.0,-0.5052455507570173
800392,-30.902177085660096,-31.46454487462647,11.0,0.5623677889663732
800399,-70.60643212110415,-70.62854775720768,25.0,0.022115636103535508
800437,-35.38494297037228,-35.38138424843425,12.0,-0.0035587219380275315
800675,-21.808012299726485,-21.270446732694896,6.0,-0.5375655670315886
800713,-5.594263373606049,-5.6049680887698665,1.0,0.010704715163817546
800737,-1.0116724721259653,-1.6058889189070833,0.0,0.594216446781118
800747,-64.9681567634005,-65.53922980741505,30.0,0.5710730440145539
800780,-9.799773751838048,-9.53098440544685,2.0,-0.26878934639119834
800919,-40.735426351005636,-44.384017312593805,19.0,3.6485909615881695
800953,-17.040315969963785,-15.97869763988001,4.0,-1.0616183300837747
801070,-21.46942941885602,-21.702619242880857,6.0,0.23318982402483712
801074,-1.1939080558520054,-1.369552953422123,0.0,0.17564489757011748
801088,-34.651714417470124,-34.96846058499213,11.0,0.31674616752200535
801112,-33.470300270603865,-33.443609608912595,14.0,-0.026690661691269213
801147,-43.71073355227569,-48.26251944222244,11.0,4.55178588994675
801165,-7.460900726297505,-7.361199593563238,1.0,-0.09970113273426762
801208,-54.6025856199411,-56.05900965540053,22.0,1.4564240354594276
801320,-15.275781192374428,-15.56564402901143,4.0,0.28986283663700263
801370,-23.59185694236126,-23.30483185078743,8.0,-0.28702509157383105
801450,-4.633906603080974,-4.79476916126175,1.0,0.1608625581807761
801558,-11.438408980403619,-13.04620182999211,1.0,1.607792849588492
801581,-4.599497831897375,-4.738725222780646,1.0,0.13922739088327063
801619,-16.825101908629446,-16.841409074774223,5.0,0.01630716614477734
801675,-4.183129911046355,-4.614151386424835,0.0,0.43102147537848
801736,-12.012102981003503,-11.876782114211,3.0,-0.13532086679250277
801881,-9.904212428768071,-9.572599848694594,2.0,-0.33161258007347705
801885,-7.497765909525445,-7.132207540646188,1.0,-0.36555836887925786
801996,-5.478854216496459,-5.46787195493388,1.0,-0.010982261562578977
802041,-17.697982248616366,-18.51383984592595,5.0,0.8158575973095843
802049,-22.76165287848943,-22.98143659174744,6.0,0.2197837132580105
802079,-13.112321750911356,-12.736887488700493,3.0,-0.37543426221086307
802214,-79.54388170004444,-77.65202529710307,35.0,-1.8918564029413716
802226,-13.108354749835918,-14.303727478506865,4.0,1.1953727286709466
802251,-10.858352015373645,-10.036196862658304,2.0,-0.8221551527153412
802271,-11.436627075928477,-12.102013703291128,3.0,0.6653866273626505
802444,-2.1031738267253233,-2.320331538932229,0.0,0.21715771220690572
802456,-19.46667487600654,-19.48209645815206,6.0,0.015421582145521029
802548,-46.586895995102616,-43.40483589265044,7.0,-3.1820601024521764
802767,-4.397925842120042,-5.370189952354257,0.0,0.9722641102342147
802857,-1.3041879189152354,-1.4479124884463663,0.0,0.14372456953113089
802864,-8.715241728320972,-8.676939725849858,2.0,-0.038302002471114704
802867,-14.587924578392272,-13.762268507251818,3.0,-0.8256560711404539
803002,-50.013943475875365,-54.30209023429742,11.0,4.288146758422052
803034,-0.4531079042688063,-0.6860859451088102,0.0,0.23297804084000384
803038,-20.59014415686819,-20.890357263616828,7.0,0.300213106748636
803127,-23.428157408662376,-22.820180459370455,7.0,-0.6079769492919205
803179,-4.628717674583417,-4.789778968849723,0.0,0.16106129426630655
803182,-33.618132091899724,-33.44625021102183,11.0,-0.17188188087789769
803222,-8.831572928147036,-8.708383566541848,2.0,-0.12318936160518845
803615,-81.62436577474035,-83.9425923327518,22.0,2.318226558011446
803642,-5.630892117559471,-4.222328369575608,0.0,-1.4085637479838624
803685,-9.085643678769895,-11.00742083121892,1.0,1.9217771524490246
803811,-16.40977994613696,-14.905462489952544,3.0,-1.5043174561844168
803827,-104.7144938464871,-99.80985554525326,53.0,-4.904638301233845
803890,-5.280698928501622,-5.313404952567321,1.0,0.03270602406569889
803972,-23.946791335102105,-23.709077174495892,8.0,-0.2377141606062132
804001,-17.660266859623814,-17.695127954890154,5.0,0.03486109526633996
804042,-75.73401292801414,-73.62743698239669,35.0,-2.1065759456174504
804173,-20.934900570453923,-20.786077317203773,6.0,-0.1488232532501499
804291,-11.09530386564609,-11.147027802770223,3.0,0.05172393712413381
804483,-14.609076397954524,-14.516027541186736,4.0,-0.09304885676778873
804575,-5.724352989808904,-6.039878293672324,1.0,0.3155253038634198
804593,-27.33394095650179,-27.6703611522387,9.0,0.33642019573690973
804597,-33.55189239846212,-33.19356896802263,11.0,-0.35832343043949066
804618,-21.71866238664348,-21.022765534015814,5.0,-0.6958968526276657
804761,-12.176396565890064,-12.392965354611578,2.0,0.21656878872151353
804850,-21.99273106006379,-21.098053622442944,6.0,-0.894677437620846
804903,-61.735708250104544,-63.774167227952255,24.0,2.0384589778477107
805159,-30.531628914823827,-31.14666414708977,11.0,0.6150352322659423
805219,-1.4489096106836625,-2.0941001580268286,0.0,0.645190547343166
805262,-2.9194127877753453,-3.0680989903158973,0.0,0.14868620254055198
805366,-26.00158678999751,-27.49248817754549,8.0,1.4909013875479786
805853,-18.44563823063976,-17.994941951780213,5.0,-0.4506962788595459
805952,-4.8278453110463,-4.789342777542573,1.0,-0.03850253350372679
806072,-1.2198281534696709,-1.227644984974646,0.0,0.007816831504975141
806124,-18.92978200005806,-19.25952535590637,5.0,0.32974335584830783
806191,-24.933093278351283,-24.964845770123254,8.0,0.03175249177197159
806210,-69.3104883409005,-74.36708673341795,21.0,5.056598392517444
806255,-79.62472333320717,-86.51311674596079,34.0,6.888393412753615
806291,-23.53755292677947,-23.585947606998523,8.0,0.048394680219054464
806415,-41.67208980884626,-42.065563727168005,17.0,0.39347391832174594
806588,-53.90937331946509,-54.37819704545056,21.0,0.46882372598547306
806680,-5.382335138349707,-5.874367449365605,1.0,0.4920323110158975
806708,-6.179874787216824,-6.126961876950413,1.0,-0.05291291026641076
806800,-47.91837790916558,-47.39677498836614,19.0,-0.5216029207994382
806903,-5.4527661123759215,-5.187338079182371,0.0,-0.26542803319355013
806997,-5.295229691529938,-5.271693738899251,1.0,-0.023535952630687085
807021,-31.808031233773374,-32.31457282970002,12.0,0.5065415959266453
807068,-5.911640167778455,-5.316872248759756,1.0,-0.5947679190186994
807641,-14.692680533141923,-14.523549182117968,4.0,-0.16913135102395493
807701,-38.138810247888806,-40.938799855628126,13.0,2.7999896077393203
807782,-9.142780147876888,-8.85800632969216,2.0,-0.28477381818472836
807890,-34.120768718901616,-34.139316942702344,12.0,0.01854822380072818
807934,-26.72313378337643,-27.522263599244894,8.0,0.799129815868465
807942,-20.82760313284929,-20.860779658967733,7.0,0.03317652611844224
807963,-15.463526146885572,-17.313659480726,1.0,1.8501333338404269
808024,-21.635029049998266,-20.885668158598616,6.0,-0.7493608913996503
808218,-93.59281219664108,-93.11208094778571,35.0,-0.48073124885536345
808238,-28.06715666879916,-27.758658112387906,10.0,-0.308498556411255
808240,-21.006990937079117,-19.686583462870672,5.0,-1.3204074742084444
808319,-15.71856137933323,-13.882760825324702,3.0,-1.8358005540085287
808400,-1.4488633825082824,-1.9946022535187136,0.0,0.5457388710104312
808421,-7.944314291161175,-5.9698867831679205,1.0,-1.974427507993254
808428,-0.9639596687012196,-1.1133398395682188,0.0,0.14938017086699917
808460,-25.837015766133884,-27.41327367739317,8.0,1.5762579112592867
808489,-6.488824696837316,-6.595606743288111,1.0,0.10678204645079514
808619,-25.303476534695193,-24.955129103940543,8.0,-0.34834743075465013
808760,-1.584262574452934,-1.9852381173291227,0.0,0.40097554287618875
808977,-23.605036091163218,-23.388233208651787,8.0,-0.21680288251143054
809001,-8.66415563366627,-8.725821331825388,2.0,0.06166569815911771
809208,-41.1116662027162,-40.84606868060768,15.0,-0.2655975221085214
809393,-9.73921074093663,-9.86288376956288,1.0,0.12367302862624996
809405,-16.325107153400445,-15.557229734961815,4.0,-0.7678774184386299
809460,-24.238697415102944,-23.948555673704917,8.0,-0.2901417413980276
809556,-9.426544530934763,-9.317876261561308,2.0,-0.10866826937345486
809635,-27.124038692808792,-28.003282603041157,7.0,0.8792439102323648
809694,-12.885961105180536,-12.483895132859454,3.0,-0.40206597232108265
809814,-5.10037155239488,-5.534753718198397,1.0,0.43438216580351696
810077,-13.66432988901068,-13.56911699097306,3.0,-0.09521289803762123
810149,-8.494162069738948,-8.64025541718638,2.0,0.1460933474474313
810305,-9.333503124632454,-9.286841589649937,2.0,-0.04666153498251724
810357,-28.422254953550762,-31.8217653145447,11.0,3.3995103609939363
810492,-1.2651495586885582,-1.774719262262798,0.0,0.5095697035742399
810524,-5.804743706258282,-6.608933358831416,1.0,0.8041896525731334
810576,-0.4974243541823006,-0.8348400280727155,0.0,0.33741567389041494
810658,-9.05686033059701,-8.943494582063,2.0,-0.11336574853400982
810826,-47.749434824079955,-48.008999103737665,17.0,0.25956427965770956
810849,-22.487221881582393,-22.106204620070635,5.0,-0.38101726151175797
810937,-40.679099128645724,-40.302287539614525,11.0,-0.37681158903119893
810941,-45.4237789600345,-47.465276174602934,20.0,2.0414972145684374
811052,-9.222145164989957,-9.048464455266464,2.0,-0.17368070972349337
811118,-8.483779157726305,-8.721405207395863,2.0,0.23762604966955791
811234,-22.408091282321834,-18.875084488943894,4.0,-3.5330067933779397
811259,-20.764210234666177,-21.533956036425707,6.0,0.7697458017595302
811271,-1.474223071019111,-2.1133279966615137,0.0,0.6391049256424026
811311,-11.404090772599675,-11.304858014270946,2.0,-0.09923275832872847
811321,-16.38758328884057,-16.397307676584635,5.0,0.0097243877440647
811348,-36.675644825168604,-36.97575213598727,16.0,0.30010731081866737
811372,-9.14710165381267,-9.247315712505298,2.0,0.100214058692627
811419,-20.428167001362198,-19.08530443637343,5.0,-1.342862564988767
811495,-4.781014039078591,-4.791427178120357,1.0,0.010413139041766328
811530,-4.291619868019715,-5.01126570172197,0.0,0.7196458337022555
811563,-17.081106664703746,-18.36062858983199,4.0,1.2795219251282433
811639,-1.4370400339963403,-2.2327412207426973,0.0,0.795701186746357
811779,-19.570903175765352,-19.616527172715777,6.0,0.045623996950425294
811903,-0.7395903971025167,-1.0903375749516615,0.0,0.3507471778491448
811958,-2.3475011675676685,-2.5867645705850344,0.0,0.23926340301736593
811976,-1.7590821355766455,-2.235694731198128,0.0,0.4766125956214824
812023,-8.907014233561117,-8.768440534453651,2.0,-0.1385736991074662
812072,-0.8604980788612878,-1.0170197440791748,0.0,0.15652166521788702
812288,-19.875581231845544,-19.07728153399439,5.0,-0.798299697851153
812522,-12.015769866436356,-15.377811259360374,0.0,3.3620413929240183
812547,-32.43845520541649,-33.40763539267115,12.0,0.9691801872546648
812670,-24.129767620345834,-24.027980604499188,8.0,-0.10178701584664651
812820,-82.05503794414332,-77.37484144044335,39.0,-4.680196503699975
812846,-9.497263696771618,-9.204231836714431,2.0,-0.2930318600571873
812873,-27.1403774616046,-27.33061228659167,10.0,0.19023482498706912
812984,-20.209040897772365,-20.175910607822992,6.0,-0.03313028994937284
813078,-56.056555076612845,-55.58114096405698,24.0,-0.4754141125558675
813079,-13.165005466994579,-12.492469984789992,3.0,-0.6725354822045873
813163,-26.136708733207456,-25.600114272713817,10.0,-0.5365944604936388
813225,-16.295577434250056,-15.78306807140616,4.0,-0.5125093628438968
813259,-33.491009667969166,-33.34128907896473,10.0,-0.1497205890044384
813289,-26.15062781307474,-26.53042684832725,9.0,0.37979903525251046
813301,-1.2078719910554807,-1.3630717757072357,0.0,0.155199784651755
813368,-13.166020731375651,-12.498388883210453,3.0,-0.6676318481651986
813514,-17.65238270660435,-17.02350996317589,4.0,-0.6288727434284596
813578,-5.92747950058668,-5.305011089603808,1.0,-0.6224684109828713
813651,-15.028408931611192,-15.186628286754615,4.0,0.158219355143423
813687,-38.723242006887546,-38.58955547328558,16.0,-0.13368653360196703
813757,-20.622544272938153,-23.471893854744124,4.0,2.8493495818059706
813924,-2.864113944290538,-2.782502239685857,0.0,-0.08161170460468092
813953,-4.3603682896568206,-4.655341936959689,0.0,0.2949736473028688
814003,-4.027349846719998,-4.0094873631251415,0.0,-0.01786248359485665
814093,-15.410037546240531,-15.247634502490673,4.0,-0.16240304374985826
814119,-19.202171547296444,-19.165430224926432,6.0,-0.0367413223700126
814131,-4.965007459075746,-4.850894826943874,1.0,-0.11411263213187262
814254,-12.423916197662686,-11.78718664128031,3.0,-0.6367295563823756
814269,-19.032579165300845,-18.855225292019107,5.0,-0.17735387328173857
814317,-19.172686142510617,-18.837433149433753,5.0,-0.33525299307686396
814322,-5.33463435260871,-5.619017751714223,1.0,0.28438339910551313
814339,-22.035020003531596,-21.114429872943337,5.0,-0.9205901305882591
814420,-29.675446786820228,-30.32054021851095,10.0,0.6450934316907215
814445,-23.528787312444262,-23.21409589591657,7.0,-0.3146914165276904
814548,-73.03633616571422,-74.22284415838317,28.0,1.1865079926689504
814556,-0.049019323895679624,-1.2499487298899803,0.0,1.2009294059943008
814696,-31.612400335979984,-30.99960676190394,10.0,-0.6127935740760435
814729,-52.36402145447311,-59.67590428586126,15.0,7.3118828313881465
814733,-9.209046828406983,-9.06735634424695,2.0,-0.1416904841600335
814971,-18.507236282418802,-18.330157505580267,5.0,-0.17707877683853468
815260,-33.461877796427416,-34.10486247808646,11.0,0.6429846816590441
815291,-16.652218226327943,-16.98594204823132,3.0,0.33372382190337646
815434,-31.322412409337137,-30.684827982000723,11.0,-0.6375844273364137
815574,-3.594624185088405,-3.8162074992978536,0.0,0.22158331420944855
815639,-1.6121107909735846,-1.857195926509956,0.0,0.24508513553637146
815704,-8.846245852749146,-8.680420330636258,2.0,-0.16582552211288792
815802,-8.57083434856939,-8.77470170162179,2.0,0.20386735305240045
815907,-19.22422015863389,-15.235311468825309,3.0,-3.988908689808582
815930,-11.853996849020517,-12.44535702797091,3.0,0.5913601789503939
815977,-4.847161578286698,-2.251810133924488,0.0,-2.5953514443622105
816080,-9.050604010892696,-9.010194902491811,2.0,-0.040409108400885074
816138,-6.230976692236232,-6.592902779996925,0.0,0.36192608776069335
816409,-16.4512493717835,-16.9015023514103,5.0,0.4502529796268
816422,-20.58209653267462,-20.17770779441247,6.0,-0.40438873826214916
816578,-1.6373219537642438,-2.870270586139617,0.0,1.232948632375373
816583,-14.264555216675522,-14.11665140595175,4.0,-0.147903810723772
816749,-23.430886875745745,-26.065128095888294,7.0,2.634241220142549
816780,-20.837018424911584,-20.24911011869924,6.0,-0.5879083062123449
816836,-19.92883200772269,-19.89962346364429,6.0,-0.029208544078400678
816848,-5.555296496217917,-5.224271494625625,1.0,-0.331025001592292
816907,-35.50454257602414,-35.5999807366386,14.0,0.09543816061445654
816925,-55.14306862303453,-57.05691530645694,25.0,1.9138466834224133
816941,-12.673237043929642,-12.520295571328228,3.0,-0.15294147260141422
817060,-26.400986174196035,-26.70281935010095,9.0,0.301833175904914
817071,-189.41295058111646,-189.05961021411215,86.0,-0.35334036700430715
817120,-9.277308960768938,-8.834460510075582,2.0,-0.4428484506933561
817131,-0.8086509959523261,-0.8160462136262587,0.0,0.007395217673932586
817151,-14.548019830438534,-14.304664340811216,4.0,-0.24335548962731757
817425,-12.576502185415933,-12.417683996327527,3.0,-0.1588181890884055
817571,-20.98591459381979,-20.869162417666537,6.0,-0.11675217615325195
817598,-19.15747218781634,-18.867334200761476,5.0,-0.2901379870548624
817652,-20.988707904666523,-20.93159095203285,6.0,-0.05711695263367389
817702,-9.074407992798987,-9.14366843899706,2.0,0.06926044619807392
817755,-0.7101638283666422,-0.9960257613359088,0.0,0.28586193296926665
817828,-45.49707834291103,-48.79058459566042,13.0,3.2935062527493884
817840,-29.77058889005054,-29.70512798266496,9.0,-0.06546090738558163
818054,-31.399338480352405,-31.585945993601143,8.0,0.18660751324873814
818058,-12.894986657197157,-12.69587412374182,3.0,-0.1991125334553363
818148,-2.386324793527524,-2.958740793247809,0.0,0.5724159997202851
818251,-21.56645517885712,-19.948568531452295,5.0,-1.6178866474048235
818290,-5.230621394114074,-5.197588858214932,1.0,-0.033032535899142346
818295,-33.330901970750034,-38.41941021023517,11.0,5.088508239485137
818310,-0.9045300779673722,-0.968456299736846,0.0,0.06392622176947382
818318,-5.290113048680711,-5.169360807073421,1.0,-0.12075224160729014
818529,-28.5551726039339,-27.81757926075101,7.0,-0.7375933431828905
818677,-1.2643391125816301,-1.533513873903558,0.0,0.26917476132192797
818882,-3.86001794176501,-3.755854278167667,1.0,-0.10416366359734308
819168,-0.40609618590324253,-0.7348605593676274,0.0,0.32876437346438486
819301,-44.43450753072032,-43.97710575805185,19.0,-0.4574017726684687
819387,-31.61651788249957,-31.25490370752154,10.0,-0.3616141749780297
819417,-34.605286672363704,-34.824712491916216,9.0,0.21942581955251228
819425,-6.4382892183698335,-6.067790346695405,0.0,-0.3704988716744282
819436,-25.480806570626203,-25.05650100517203,8.0,-0.42430556545417275
819553,-27.65875085336426,-25.02896170214415,4.0,-2.629789151220109
819667,-5.993833562828417,-5.555598507255698,1.0,-0.43823505557271947
819672,-11.69064205171406,-11.69833995396645,3.0,0.007697902252390421
819675,-15.80660695776034,-15.729196865507268,4.0,-0.07741009225307316
819929,-5.1784532647588755,-5.0517690806120035,1.0,-0.126684184146872
819962,-28.96608510180247,-28.68672670826366,10.0,-0.27935839353881065
820250,-2.1092068397749504,-2.5454183061754687,0.0,0.43621146640051833
820301,-4.931654906534779,-5.031240828000184,1.0,0.09958592146540557
820312,-0.5443986945454541,-0.7749231185243386,0.0,0.2305244239788845
820339,-27.165200710383726,-26.734418201621068,9.0,-0.43078250876265756
820569,-14.886766038871453,-14.276565414166509,3.0,-0.6102006247049445
820685,-5.243189226685365,-5.232286009571325,1.0,-0.01090321711403952
820875,-1.267748066606792,-1.4249691473027604,0.0,0.1572210806959684
820976,-18.491622394194046,-18.62417296258702,4.0,0.13255056839297552
820994,-32.23793134560787,-31.917908841956052,11.0,-0.32002250365181695
821013,-5.584741715858235,-5.891572472651848,1.0,0.30683075679361327
821069,-30.499773389316722,-28.912927532425737,8.0,-1.5868458568909851
821294,-6.381929488048251,-6.687533022481202,1.0,0.30560353443295085
821340,-17.56580812682796,-17.813139368143425,5.0,0.24733124131546447
821361,-32.59832178048499,-32.61214709298913,12.0,0.01382531250414587
821602,-7.2729166423565905,-6.726012439141632,1.0,-0.5469042032149583
821620,-16.745099941708897,-17.740754573361926,5.0,0.9956546316530286
821747,-2.8723007253660287,-2.961676987141881,0.0,0.08937626177585223
821761,-6.651608552267473,-6.988892496641555,1.0,0.33728394437408227
821972,-2.278898836481649,-2.6856617048979494,0.0,0.40676286841630027
822000,-5.577649020474042,-5.300273849046923,0.0,-0.27737517142711887
822073,-5.291836332403789,-5.766380081682581,1.0,0.4745437492787925
822167,-6.329852197034726,-6.400568765268011,1.0,0.07071656823328532
822229,-0.5987737168562747,-0.7989300701670121,0.0,0.20015635331073744
822410,-7.021586286367954,-6.75517072038613,1.0,-0.26641556598182436
822709,-15.429195528297166,-14.45168279415322,3.0,-0.9775127341439465
822727,-9.649756731371543,-9.052407259817937,2.0,-0.5973494715536063
822917,-32.998407059699815,-31.908842282047218,10.0,-1.0895647776525976
822974,-31.13709230612098,-31.783041073071107,12.0,0.6459487669501272
823091,-56.90331866754601,-57.44449257433891,17.0,0.5411739067928991
823155,-9.216989847537917,-8.946276418694527,2.0,-0.2707134288433899
823162,-8.716986899183569,-9.054556472742387,2.0,0.33756957355881845
823231,-6.830020112633965,-6.503025045235742,1.0,-0.32699506739822226
823359,-9.878494413285921,-9.4597439256688,2.0,-0.4187504876171211
823399,-1.5845501000978877,-1.9431751816958511,0.0,0.35862508159796347
823411,-13.477113244047406,-13.293678100678248,3.0,-0.18343514336915767
823552,-35.58483805512427,-35.75270106581663,13.0,0.16786301069235776
823611,-28.98379164221458,-27.00508664481501,8.0,-1.9787049973995714
823781,-34.944070507033715,-34.25515788220648,9.0,-0.6889126248272319
823795,-15.954803734461873,-15.507854433111229,4.0,-0.44694930135064403
824027,-8.779857641396582,-9.057010795984723,2.0,0.2771531545881416
824032,-4.936119245894085,-4.936617790537224,1.0,0.0004985446431389207
824268,-11.350085642113468,-10.508919558545324,2.0,-0.8411660835681438
824280,-17.844508338757883,-17.78630601875271,4.0,-0.058202320005172226
824317,-9.825361364306866,-8.190996241817754,2.0,-1.634365122489113
824357,-18.40210964580197,-18.03266796058162,5.0,-0.3694416852203517
824603,-22.813407563308097,-22.916433305468345,7.0,0.10302574216024851
824616,-31.458421863697,-31.87411577223,11.0,0.41569390853299737
824659,-11.424125549027165,-9.997457709691234,2.0,-1.4266678393359307
824685,-19.52519989336948,-19.564266736084793,6.0,0.039066842715314465
824689,-23.950119980288928,-24.175933098368223,8.0,0.22581311807929438
824719,-28.85291649662627,-28.99494828059198,10.0,0.14203178396570948
824916,-25.113309256081962,-25.23969067045599,7.0,0.12638141437402695
824966,-7.437561639787534,-6.143743714024432,0.0,-1.2938179257631015
825115,-4.6652661543903955,-4.844503285184462,1.0,0.17923713079406678
825360,-30.17820192588888,-29.58202779501005,9.0,-0.5961741308788326
825367,-14.321688265617277,-15.014971745686138,4.0,0.6932834800688603
825380,-6.607977630138902,-6.302898464541402,0.0,-0.30507916559750026
825483,-4.610938079059112,-4.635610978077608,1.0,0.024672899018495897
825660,-5.815148672813325,-5.659293347560484,0.0,-0.15585532525284052
825662,-1.161807988016118,-1.4251251998867227,0.0,0.26331721187060464
825996,-16.131062592946613,-15.859076385589548,4.0,-0.2719862073570649
826061,-2.1868707362460302,-2.509165064137078,0.0,0.32229432789104795
826132,-49.41905398706459,-49.75302165521958,22.0,0.33396766815498324
826158,-91.69437712322676,-89.92791695099433,24.0,-1.7664601722324278
826159,-1.0271138547357646,-1.2415031683496596,0.0,0.21438931361389502
826227,-35.46540715222247,-34.43304790626501,11.0,-1.0323592459574584
826245,-6.577165204505736,-6.9704550209076634,1.0,0.3932898164019276
826251,-0.7962035514905677,-1.0857754972285965,0.0,0.2895719457380288
826297,-9.296381593123593,-9.121105636226169,2.0,-0.17527595689742448
826325,-36.78661885372924,-39.35396748821877,17.0,2.5673486344895338
826338,-5.535190203588911,-6.373333544464881,1.0,0.8381433408759698
826438,-2.3126614078244594,-3.0258236368264457,0.0,0.7131622290019863
826449,-14.097637627868759,-13.983510394491242,3.0,-0.11412723337751629
826468,-55.84353970820992,-55.808909189469674,24.0,-0.03463051874024359
826566,-15.599443341271652,-15.413568706091544,4.0,-0.18587463518010772
826569,-8.911934935841723,-8.830418610275972,2.0,-0.08151632556575095
826617,-1.0654317743045885,-0.3333977412929846,0.0,-0.7320340330116039
826735,-26.26667973493458,-26.06989944966839,8.0,-0.19678028526618974
826742,-8.469420737936202,-8.54053186479806,2.0,0.07111112686185805
826746,-10.905410348632438,-8.906228874029297,2.0,-1.9991814746031409
827070,-1.214585271786124,-1.781013077162814,0.0,0.56642780537669
827161,-6.255583883034524,-6.481230525818092,1.0,0.22564664278356794
827375,-11.422267111276804,-11.644266734118538,3.0,0.22199962284173402
827382,-4.452977020011796,-4.555463051541454,0.0,0.10248603152965785
827404,-27.95246266272803,-27.589282834409232,9.0,-0.363179828318799
827407,-2.134695417139441,-2.6973187168881703,0.0,0.5626232997487293
827555,-8.818084566485652,-8.317526414694711,2.0,-0.5005581517909405
827719,-10.872420057049823,-11.078377695689326,3.0,0.20595763863950367
828061,-1.8377223929389133,-1.9573768986937792,0.0,0.11965450575486591
828155,-13.227376085047275,-12.890757124027417,3.0,-0.3366189610198589
828234,-1.5507360527116802,-1.6321729593136678,0.0,0.08143690660198755
828290,-65.43687918441036,-65.80498642880097,27.0,0.3681072443906146
828325,-1.1859932313934936,-1.3652178010392195,0.0,0.17922456964572597
828433,-107.39837038529208,-105.87138155685533,32.0,-1.5269888284367568
828471,-25.51059707548277,-25.864676907282323,7.0,0.3540798317995524
828583,-23.458663600810112,-23.546640508521737,6.0,0.08797690771162436
828608,-5.606516032695049,-5.1609478907315225,1.0,-0.4455681419635269
828613,-52.28027042464395,-54.32605063877213,26.0,2.045780214128179
828671,-47.599817154025764,-47.64607398379475,14.0,0.0462568297689856
828811,-66.8762392839475,-65.78415675098543,38.0,-1.092082532962067
828878,-46.51839435718566,-52.962372241511794,17.0,6.443977884326131
828976,-12.649705690045446,-12.241346648720754,3.0,-0.40835904132469203
829279,-20.066584225511498,-20.25566927607174,7.0,0.18908505056024083
829348,-3.547281715345,-4.008683729327846,0.0,0.46140201398284564
829352,-9.459629679040864,-10.162466365373025,3.0,0.7028366863321605
