user_id,ll_joint,ll_pers,test_purchases,delta_ll
59,-12.304288326641867,-14.687319241571945,2.0,2.383030914930078
137,-5.184177075399618,-5.774783782284581,1.0,0.5906067068849632
267,-2.397629680903958,-2.9999202620151957,0.0,0.6022905811112378
306,-27.449601125290492,-26.63875158266729,6.0,-0.8108495426232025
341,-11.942966076275098,-11.778165553171661,2.0,-0.1648005231034375
418,-7.6428939227397255,-9.471951318181034,2.0,1.8290573954413087
801,-2.410860850588833,-2.088772687414786,0.0,-0.3220881631740471
961,-2.4384619805514065,-3.911067836615605,0.0,1.4726058560641984
996,-46.22626118203426,-44.55057546920792,17.0,-1.6756857128263363
1042,-0.427196194635858,-0.6250334561147853,0.0,0.19783726147892733
1160,-24.637601603573728,-26.550353115128022,9.0,1.9127515115542941
1267,-5.4828883648253495,-6.439775386085863,1.0,0.9568870212605134
1353,-4.007165215351317,-1.7850568292146498,0.0,-2.222108386136667
1378,-7.684564382537174,-7.5379089290637165,1.0,-0.14665545347345788
1553,-33.66602594977197,-32.598627536875796,13.0,-1.0673984128961749
1748,-23.698959723748295,-23.877590651471593,7.0,0.17863092772329736
1881,-1.1953415342260985,-1.4885543858120807,0.0,0.2932128515859822
1887,-18.618058389359064,-17.68887449928371,5.0,-0.929183890075354
1933,-26.983359738030117,-26.213978311673323,8.0,-0.7693814263567944
2209,-8.923668061065818,-8.63400447097368,2.0,-0.2896635900921378
2232,-45.23328853539507,-44.16006410991499,16.0,-1.0732244254800776
2249,-5.830878169958094,-5.8609970023514695,1.0,0.030118832393375428
2293,-17.00129202397438,-16.929521109861703,6.0,-0.07177091411267611
2340,-5.482882570639344,-4.969887973140411,1.0,-0.512994597498933
2596,-20.07259046391312,-22.73923454650528,4.0,2.6666440825921605
2647,-29.220723468609776,-28.638014556680233,9.0,-0.5827089119295437
2740,-5.061007705847392,-4.874564710645547,1.0,-0.18644299520184493
2807,-8.176175809467153,-8.861711304089756,1.0,0.6855354946226022
2812,-12.431761155019867,-11.9321917419481,3.0,-0.4995694130717663
2873,-3.3539254695673684,-4.2147836948157416,0.0,0.8608582252483732
3001,-130.98459087379769,-124.43414258936586,85.0,-6.550448284431823
3042,-7.507967614900501,-7.630290971663316,1.0,0.12232335676281458
3325,-12.702237998990576,-14.51324223772237,4.0,1.811004238731794
3367,-14.872841846456001,-15.819124878463025,3.0,0.9462830320070239
3485,-28.756502485129285,-29.520517462429126,9.0,0.7640149772998406
3552,-2.408657285769337,-3.607351978415468,0.0,1.1986946926461313
3631,-1.3854032694302343,-2.3924885456149223,0.0,1.007085276184688
3733,-17.521009129977685,-16.68064730925622,4.0,-0.8403618207214656
3761,-1.6941427210469626,-2.3924885456149223,0.0,0.6983458245679597
3774,-1.5871484411245103,-2.797533821828502,0.0,1.210385380703992
3883,-8.4074424850033,-8.818588366347269,2.0,0.4111458813439697
3896,-29.299007436710315,-28.165199583359534,8.0,-1.1338078533507812
3905,-31.42499460968425,-24.353507360308427,4.0,-7.071487249375824
3952,-28.157993442164674,-27.143442819804175,8.0,-1.014550622360499
3955,-15.384525995522777,-17.42636336177284,4.0,2.0418373662500624
3956,-21.242096185540163,-21.921513250965788,7.0,0.6794170654256249
3979,-5.582673274307137,-5.988400958606176,1.0,0.4057276842990394
4073,-22.463627675830686,-22.485901735724973,6.0,0.022274059894286324
4344,-2.173232401053824,-2.9999202620151957,0.0,0.8266878609613717
4453,-5.369983105639495,-5.277973242871076,1.0,-0.0920098627684185
4650,-25.997343393740675,-28.56507576878199,7.0,2.5677323750413166
4711,-39.28714736164882,-39.259679225078074,17.0,-0.027468136570746537
4730,-93.05332204574187,-101.8603591529457,32.0,8.80703710720384
4753,-13.387082021210981,-12.389515549309428,3.0,-0.9975664719015533
4892,-12.35426110751283,-11.669179003334765,3.0,-0.6850821041780648
5010,-41.639363220030106,-40.53520015067958,17.0,-1.1041630693505269
5020,-28.799976971952933,-30.2030412718843,10.0,1.4030642999313656
5043,-14.282138730331571,-12.630130779639513,3.0,-1.6520079506920577
5120,-6.540707503820954,-6.5210370084587606,1.0,-0.019670495362193563
5331,-21.192676541218248,-19.400186661301863,5.0,-1.7924898799163849
5340,-30.478565333315814,-31.696198026658017,11.0,1.2176326933422033
5552,-37.268348505338835,-40.22918530332982,12.0,2.9608367979909858
5568,-18.2020387806389,-18.842487025870362,5.0,0.640448245231461
5761,-10.365276962576683,-10.563628095559405,2.0,0.19835113298272233
5867,-32.2178293941423,-29.168185744729485,7.0,-3.0496436494128147
5887,-7.188664981262729,-5.5060413400389585,1.0,-1.6826236412237705
5912,-36.578933296451986,-34.623289815674035,13.0,-1.955643480777951
5932,-5.3238152468310105,-5.133080292239298,1.0,-0.1907349545917123
6321,-13.49998711400357,-12.18815544095702,3.0,-1.3118316730465498
6350,-45.651209025791246,-45.44070525746752,20.0,-0.21050376832372564
6411,-1.024574977291278,-1.177625112814377,0.0,0.1530501355230991
6442,-18.659525716720292,-17.789061651299,5.0,-0.8704640654212916
6713,-10.909669182287224,-9.684178208595085,2.0,-1.225490973692139
6977,-6.880511472038881,-6.644510560416832,0.0,-0.23600091162204873
7070,-74.09517077679948,-90.04579834976215,30.0,15.950627572962674
7235,-49.28209858904808,-51.08541147911113,23.0,1.8033128900630473
7261,-23.549546290485377,-26.460803480179848,8.0,2.911257189694471
7388,-46.26763667072604,-62.26557720324157,14.0,15.997940532515528
7395,-23.96634653631276,-24.2993948944948,8.0,0.33304835818204026
7398,-1.0267481682409803,-1.7850568292146498,0.0,0.7583086609736696
7409,-22.61223849004348,-32.32504430941826,8.0,9.712805819374779
7438,-7.578058280464172,-8.424544709914263,2.0,0.8464864294500911
7613,-68.41399774772673,-67.94442790798222,29.0,-0.4695698397445085
7733,-15.817433368481396,-15.525234965469908,4.0,-0.29219840301148814
7766,-5.3431836326625115,-4.639467012541562,1.0,-0.7037166201209493
7802,-23.047359450199636,-21.907898006288804,6.0,-1.1394614439108324
7841,-0.77590046310172,-0.8739092546142408,0.0,0.09800879151252084
7900,-15.473434459290655,-15.183423269236169,4.0,-0.2900111900544857
7923,-11.577337028992403,-11.57525852492742,3.0,-0.002078504064982667
7949,-5.465244460322153,-5.947624432298755,1.0,0.4823799719766022
8108,-19.47666530546267,-18.202881711478245,5.0,-1.273783593984426
8203,-13.045503129083487,-12.661871482582093,3.0,-0.38363164650139403
8344,-37.63929809553424,-36.66600597428199,14.0,-0.9732921212522498
8403,-9.024215043284881,-8.723145044920681,2.0,-0.30106999836420023
8585,-11.785490630779268,-14.097597008632615,3.0,2.312106377853347
8616,-13.877178914756204,-14.871986423197344,4.0,0.9948075084411396
8766,-8.414941361093094,-9.096472978926677,2.0,0.6815316178335831
8863,-3.7603136563802093,-4.9791700905721905,1.0,1.2188564341919812
8866,-5.1934993535669705,-5.256974699460587,1.0,0.06347534589361636
8876,-6.084301214241612,-6.192345448046255,1.0,0.10804423380464279
8902,-33.722907455282225,-33.63076716519201,12.0,-0.09214029009021374
9099,-5.677391222712784,-5.483108766235657,1.0,-0.1942824564771275
9163,-6.808559014681182,-5.950232496411106,1.0,-0.8583265182700766
9230,-17.09759880961283,-21.913795826609917,5.0,4.816197016997087
9264,-18.813226909837468,-19.347896993863802,4.0,0.5346700840263345
9279,-16.914725605235407,-18.345747078630573,3.0,1.431021473395166
9431,-214.38754088133152,-211.41246637091453,115.0,-2.975074510416988
9434,-13.845697079013926,-14.375018151817365,4.0,0.5293210728034392
9567,-1.4881417853750964,-2.5456903814941145,0.0,1.057548596119018
9591,-35.55755756818595,-33.832657618951714,9.0,-1.724899949234235
9772,-6.560751898446247,-6.767960914120288,1.0,0.20720901567404137
10022,-71.95470183321844,-78.14242717891167,32.0,6.187725345693238
10139,-9.539593340170905,-8.453172919754861,2.0,-1.0864204204160437
10299,-77.03219025998408,-74.20434210149013,29.0,-2.82784815849395
10407,-34.83498359353773,-34.02254617461376,12.0,-0.8124374189239703
10415,-4.875694186610519,-5.195797624980317,1.0,0.3201034383697978
10436,-1.962645854087604,-2.6962044038150594,0.0,0.7335585497274555
10446,-23.967707818589044,-23.357419165582375,6.0,-0.6102886530066698
10503,-15.01027269852753,-15.324127925205717,1.0,0.31385522667818755
10542,-0.2894862512841953,-0.5701933964141045,0.0,0.2807071451299092
10667,-36.4039784527941,-35.821286593075776,15.0,-0.5826918597183237
10714,-5.047384631429787,-5.000463482489423,1.0,-0.046921148940363366
10761,-2.9377633580331985,-3.303636120215332,0.0,0.3658727621821334
10954,-4.902574702279159,-5.191352690689291,1.0,0.288777988410132
11028,-4.886914761859116,-5.0067669990285335,1.0,0.11985223716941729
11085,-29.912404270193022,-29.688508499733953,9.0,-0.2238957704590696
11355,-40.30766304432745,-69.44917249722343,12.0,29.14150945289598
11500,-52.91842918846654,-52.838533672218674,20.0,-0.07989551624786628
11667,-17.78094823262755,-18.765131416278884,5.0,0.9841831836513322
11865,-15.557338882761972,-14.931134795487521,4.0,-0.6262040872744503
11961,-10.771649112773558,-10.203433315416511,2.0,-0.5682157973570465
12020,-5.333289530769794,-5.182648566213634,1.0,-0.15064096455616038
12048,-35.02261770579615,-36.11499262130376,11.0,1.0923749155076123
12174,-44.80934104091311,-47.207376428659316,16.0,2.398035387746205
12187,-9.961136566226223,-9.541341617596581,2.0,-0.41979494862964195
12192,-2.0426640940444023,-1.4813409710145136,0.0,-0.5613231230298887
12396,-38.007594970361914,-36.76212388949158,14.0,-1.245471080870331
12435,-21.56009881328053,-23.29852164823383,6.0,1.738422834953301
12467,-25.929567454680594,-27.78166364900443,6.0,1.8520961943238348
12492,-56.18192167357251,-61.926569415446814,18.0,5.744647741874303
12505,-1.349365827199494,-0.8328237676963033,0.0,-0.5165420595031907
12519,-59.70107675593457,-60.73480453336989,23.0,1.0337277774353169
12547,-19.270157626091958,-18.904618117636648,6.0,-0.3655395084553099
12905,-15.082232910452095,-10.707244630562826,2.0,-4.374988279889269
13012,-23.118247078881033,-25.786507619656486,7.0,2.668260540775453
13187,-67.42248050949371,-66.18340134135717,29.0,-1.2390791681365414
13403,-52.202232923747445,-53.031037777193845,22.0,0.8288048534463996
13435,-15.050178159191736,-14.97354729927397,4.0,-0.07663085991776519
13442,-6.386637478716459,-5.186417438041745,1.0,-1.200220040674714
13495,-9.05657064001192,-8.477461826801866,2.0,-0.5791088132100537
13629,-37.33087319502008,-37.37331804402129,14.0,0.04244484900120682
13731,-17.089383419204456,-16.449016013350224,4.0,-0.6403674058542315
13742,-2.890154967237506,-3.911067836615605,0.0,1.0209128693780989
13915,-13.966829919904312,-13.90156607132117,3.0,-0.06526384858314138
13985,-18.19978001055659,-18.720601625349705,5.0,0.520821614793114
14049,-9.742428915592566,-9.175106408256267,2.0,-0.5673225073362982
14075,-1.1705197574374993,-2.415779715926769,0.0,1.2452599584892698
14098,-4.046522112223279,-5.555266454612907,1.0,1.5087443423896278
14166,-41.372051457538724,-41.73039452549757,15.0,0.35834306795884885
14184,-9.137207772469033,-8.511342217249677,2.0,-0.6258655552193559
14240,-12.82757710336666,-12.538289328102449,3.0,-0.2892877752642118
14263,-15.549937198594465,-15.552168370202752,4.0,0.002231171608286786
14471,-30.329326022891912,-30.530379156932774,10.0,0.2010531340408619
14586,-1.0729573510488992,-1.177625112814377,0.0,0.10466776176547787
14661,-5.585059686025527,-5.174189674147462,1.0,-0.4108700118780657
14786,-3.777865770917905,-5.113980721041136,1.0,1.336114950123231
14792,-22.311659487287923,-25.14731232516505,8.0,2.8356528378771273
14816,-22.355663169392017,-25.583737417921366,7.0,3.2280742485293494
14823,-21.727239274562088,-22.65930637251522,7.0,0.9320670979531336
14910,-58.23940300362366,-56.368509842921384,11.0,-1.8708931607022734
14916,-38.970753906862576,-38.89686895681565,13.0,-0.0738849500469243
14937,-5.186341856821333,-5.056976328720807,1.0,-0.12936552810052593
15111,-26.879651625631947,-27.11197517732222,8.0,0.2323235516902713
15197,-11.411868735033462,-11.84122529430802,3.0,0.4293565592745576
15360,-15.892007951615255,-14.251328793596155,4.0,-1.6406791580191005
15370,-56.64104814379497,-54.52164132582717,22.0,-2.1194068179678
15391,-6.613673055220586,-5.530732784215204,1.0,-1.0829402710053815
15508,-24.82396093125817,-32.859894355605036,6.0,8.035933424346865
15517,-28.84686758225735,-34.11608048304262,8.0,5.2692129007852735
15553,-12.066309946674622,-11.907047276765267,3.0,-0.15926266990935467
15580,-28.772116820887767,-29.34554254944216,11.0,0.573425728554394
15613,-9.639133867819208,-9.721968357886805,2.0,0.08283449006759724
15625,-70.37481514310079,-74.69861385810773,31.0,4.323798715006944
15662,-12.048807575457602,-12.431380621022631,2.0,0.3825730455650298
15671,-14.292266120346893,-14.436898023357028,3.0,0.14463190301013462
15803,-31.7831555717914,-30.98932453436487,11.0,-0.793831037426532
15954,-56.2623958399922,-58.12537937465761,22.0,1.8629835346654104
16051,-62.31454656295295,-59.43916712456497,25.0,-2.8753794383879807
16082,-0.9701283500730153,-1.4813409710145136,0.0,0.5112126209414982
16306,-0.5484021095098637,-0.8863616841608835,0.0,0.3379595746510198
16355,-4.745149334818793,-5.133080292239298,1.0,0.38793095742050543
16360,-1.8754936062081515,-2.9999202620151957,0.0,1.1244266558070442
16387,-8.563457427570135,-8.775466025940224,1.0,0.21200859837008856
16483,-5.901509795210928,-6.978902668331797,1.0,1.0773928731208686
16492,-14.814116236107132,-10.11552719617462,2.0,-4.6985890399325125
16612,-11.583272645033182,-11.579178197462957,3.0,-0.004094447570224702
16907,-12.788488899786868,-10.16899842201474,2.0,-2.6194904777721284
16982,-5.310026695578199,-5.372125809819854,1.0,0.06209911424165515
17104,-12.468986991540572,-12.709337410008105,3.0,0.2403504184675338
17189,-21.194192504507757,-23.650230479961596,4.0,2.456037975453839
17225,-4.568544455021531,-5.0042138182440565,1.0,0.4356693632225257
17237,-109.9653239412556,-99.7374829355563,39.0,-10.227841005699304
17415,-13.061456735922938,-12.844174445926582,3.0,-0.21728228999635668
17601,-11.989133123429314,-12.53740789796954,3.0,0.5482747745402268
17775,-11.395371226422931,-12.393591135488546,3.0,0.9982199090656145
17838,-1.5625103667316054,-2.3924885456149223,0.0,0.8299781788833169
17863,-9.05735187253655,-8.740436560727746,2.0,-0.3169153118088044
17920,-23.763287269760646,-23.40393327332484,2.0,-0.35935399643580723
17932,-8.151490803793985,-7.9875274753965595,1.0,-0.16396332839742556
17991,-21.81358145780363,-21.71605077828469,7.0,-0.09753067951893968
18119,-43.669807089657866,-42.350096079065075,13.0,-1.3197110105927905
18187,-15.928502426664435,-15.309123321932631,4.0,-0.619379104731804
18267,-11.34146903187966,-10.541363552401569,2.0,-0.8001054794780913
18268,-25.010118029681824,-25.601173281427954,8.0,0.5910552517461305
18345,-19.292153321257622,-18.833985930531576,5.0,-0.4581673907260466
18402,-13.262123904838408,-12.337376985854991,3.0,-0.9247469189834163
18519,-13.841228313954916,-12.232208060013074,3.0,-1.6090202539418428
18566,-12.023450383037472,-11.681267254360417,3.0,-0.34218312867705514
18853,-50.89243349358039,-52.562176581930046,18.0,1.6697430883496551
18929,-3.845655169434146,-4.2147836948157416,0.0,0.36912852538159546
18945,-42.38612289329432,-41.20483326338436,12.0,-1.181289629909962
19029,-28.356528308131256,-29.047306673680204,7.0,0.6907783655489474
19200,-32.56990761712039,-31.874611055807897,11.0,-0.695296561312496
19260,-4.899500632653455,-5.010196454677137,1.0,0.11069582202368267
19277,-15.799877343892671,-14.994362296504672,4.0,-0.8055150473879991
19293,-30.610444856431304,-30.641397287664116,12.0,0.030952431232812216
19325,-252.23041565560405,-335.1331673509709,108.0,82.90275169536685
19532,-45.8144369618768,-46.27692502574474,16.0,0.46248806386793717
19687,-16.080090296742192,-17.806581982551872,5.0,1.7264916858096804
19734,-10.52032515499546,-10.874869831347851,2.0,0.3545446763523916
19792,-5.361606783473036,-4.929054647377197,1.0,-0.43255213609583887
19814,-20.78655182688729,-20.080868829221398,6.0,-0.7056829976658925
19905,-7.073736582569589,-8.510386927810512,2.0,1.4366503452409223
20014,-9.788723364079875,-14.575432238263348,3.0,4.786708874183473
20026,-31.445094596170396,-28.396676535755905,7.0,-3.048418060414491
20107,-21.729701917571905,-23.894151080050406,6.0,2.164449162478501
20293,-31.267359731893244,-33.99682963594414,9.0,2.7294699040508945
20416,-13.641503614327203,-14.528400621468371,4.0,0.8868970071411688
20426,-25.30519816565957,-24.307795181591,7.0,-0.9974029840685681
20473,-5.40178700996116,-5.4296471276162865,0.0,0.02786011765512697
20569,-1.1770766522120004,-1.177625112814377,0.0,0.0005484606023766769
20598,-128.33135310348538,-119.35471205888616,58.0,-8.97664104459922
20768,-18.896802200037065,-14.23740701542024,0.0,-4.659395184616825
20776,-21.367916969776832,-20.336440831319642,6.0,-1.0314761384571902
20888,-11.092270934883336,-10.2002725185414,2.0,-0.8919984163419361
20971,-45.85279523666118,-44.51333041144796,16.0,-1.33946482521322
20981,-8.86712915064061,-9.031574941394886,2.0,0.1644457907542769
21033,-24.536391341508075,-25.011252369478825,8.0,0.4748610279707499
21056,-0.006689023043745335,-0.2788113642509729,0.0,0.27212234120722756
21277,-12.447227888215886,-12.36906266177575,3.0,-0.07816522644013624
21339,-75.12724870469172,-70.29391900085683,15.0,-4.833329703834892
21403,-7.559815766151624,-5.083147690892124,1.0,-2.4766680752595
21455,-18.398267958597536,-18.762153206722832,5.0,0.3638852481252961
21600,-32.98708822071312,-31.844268389919037,12.0,-1.1428198307940818
21659,-19.18319843449516,-19.065572322286076,6.0,-0.11762611220908425
21720,-25.661360656557466,-27.747425665060803,8.0,2.0860650085033363
21817,-10.64078100110631,-11.866117156610507,1.0,1.2253361555041966
21867,-9.061518779561343,-8.967099111149569,2.0,-0.09441966841177418
22023,-42.143513839181814,-42.79495228380413,17.0,0.6514384446223147
22033,-11.979810698086162,-11.550677573774461,3.0,-0.4291331243117007
22044,-0.9988727998649819,-1.177625112814377,0.0,0.1787523129493952
22072,-27.840738982649754,-28.14481149120515,9.0,0.3040725085553966
22188,-62.79167846143851,-67.30964390976341,27.0,4.517965448324901
22226,-61.43556776326425,-68.40878773211944,23.0,6.973219968855183
22235,-14.837240577580173,-15.151983915214347,3.0,0.31474333763417306
22348,-0.7040857404763361,-0.8739092546142408,0.0,0.16982351413790475
22349,-9.89794926386234,-9.250781286910403,2.0,-0.6471679769519376
22385,-12.943276142970474,-12.742395908073235,3.0,-0.20088023489723916
22399,-14.354614913151082,-13.12871510908697,3.0,-1.2258998040641114
22697,-10.105267884607551,-9.874721977067855,2.0,-0.23054590753969606
23053,-6.1239040904662865,-4.034846149808562,0.0,-2.0890579406577245
23067,-5.3523511366029,-5.819708320088983,1.0,0.467357183486083
23134,-4.71829025257192,-4.518499553015877,0.0,-0.19979069955604345
23250,-8.037348820184274,-8.174543201224175,1.0,0.137194381039901
23558,-22.90574393876823,-22.878146465581814,7.0,-0.02759747318641459
23666,-5.062565654219653,-5.00590081011509,1.0,-0.05666484410456274
23704,-30.077175883891076,-29.78571747064507,10.0,-0.29145841324600497
23867,-39.80579350544379,-41.704358920806854,17.0,1.8985654153630662
23932,-8.519931527335753,-8.554771887628878,2.0,0.034840360293124206
24045,-10.030019251467127,-8.68906572637555,2.0,-1.340953525091578
24092,-37.662508040084774,-32.90185211739077,11.0,-4.760655922694006
24289,-1.4307264578587895,-1.4813409710145136,0.0,0.05061451315572407
24426,-0.7052575348859722,-1.177625112814377,0.0,0.4723675779284049
24606,-71.48369320128403,-90.5656407256333,21.0,19.081947524349275
24644,-27.4868790427842,-27.134577025170657,9.0,-0.3523020176135425
24828,-7.246778523851443,-8.46680570961765,0.0,1.2200271857662077
24912,-17.948481073348436,-17.06295656254096,4.0,-0.8855245108074747
25090,-15.72731945069412,-15.048029177641169,4.0,-0.6792902730529509
25122,-39.45815491146497,-40.14667050566923,17.0,0.6885155942042545
25194,-18.393311741570173,-17.696946703162265,4.0,-0.6963650384079081
25332,-23.282006644182218,-23.53133050854907,8.0,0.2493238643668505
25346,-4.3243898720593545,-5.065435220786979,1.0,0.7410453487276243
25404,-5.585305140836084,-5.829153032930517,1.0,0.2438478920944327
25562,-9.866200063244877,-9.931221668363511,2.0,0.06502160511863408
25637,-49.76668854269498,-49.289265900716806,22.0,-0.47742264197817263
25672,-26.51654817124774,-30.872639534500458,8.0,4.356091363252716
25724,-12.959804736654446,-13.99939979889455,3.0,1.039595062240105
25772,-39.77511885004006,-41.75603213105647,18.0,1.980913281016413
25964,-37.624040105173236,-38.81612258281329,15.0,1.1920824776400565
26063,-17.969143308627945,-21.440548418309287,4.0,3.471405109681342
26084,-7.465166887815488,-7.996343321799372,1.0,0.5311764339838838
26101,-15.61775738891092,-15.505869636174761,4.0,-0.11188775273615903
26104,-19.33145596129213,-20.53920848989662,6.0,1.207752528604491
26107,-7.405001238222649,-10.793864197338898,1.0,3.388862959116249
26211,-16.199086039048204,-16.58102736849069,5.0,0.38194132944248693
26367,-9.593043646448578,-9.760621311909375,1.0,0.16757766546079722
26522,-29.990336159650663,-35.92932069937966,10.0,5.938984539728995
26692,-5.488995198778731,-4.943277105418085,1.0,-0.5457180933606463
26704,-16.100393187667997,-15.15483569233692,4.0,-0.9455574953310766
26871,-38.69989967862856,-40.38452233209238,11.0,1.6846226534638191
26961,-32.114289976190804,-38.72286883063323,12.0,6.6085788544424275
27213,-1.8599572415864458,-1.7850568292146498,0.0,-0.07490041237179601
27256,-37.616219280970114,-38.232990702123026,12.0,0.6167714211529116
27326,-6.40632721900283,-6.907870484444855,1.0,0.5015432654420247
27377,-41.82223850361381,-42.38259702303528,16.0,0.5603585194214702
27379,-21.908190502850253,-23.995883646080575,8.0,2.0876931432303216
27597,-22.97816312896231,-22.967297388370852,8.0,-0.010865740591459172
27699,-31.777318772386273,-36.71616102647282,12.0,4.938842254086545
27749,-26.22230008770323,-26.32933338067087,9.0,0.10703329296764252
27780,-49.55729369902452,-45.320528192722875,20.0,-4.236765506301644
27859,-14.247848140680807,-17.71828274852616,2.0,3.4704346078453536
28113,-15.618169179018029,-15.223772693703994,4.0,-0.3943964853140347
28150,-11.854633729051251,-12.08029719528087,3.0,0.2256634662296193
28171,-8.20977743869861,-5.976579852559027,1.0,-2.2331975861395836
28196,-4.957832576938043,-4.948185986688612,1.0,-0.009646590249430709
28272,-19.113170385009532,-21.7172277180905,6.0,2.6040573330809664
28335,-13.887205011865731,-15.301783710490652,4.0,1.4145786986249202
28375,-2.386201807374959,-2.9172432214727197,0.0,0.5310414140977606
28432,-9.170770363550739,-8.733998597143316,2.0,-0.4367717664074231
28436,-2.6730240451567977,-3.607351978415468,0.0,0.9343279332586705
28489,-14.821936758438227,-15.316894143489584,4.0,0.49495738505135733
28523,-19.947712776478593,-21.9483096765468,5.0,2.0005969000682065
28525,-13.571875393818914,-15.322988180151642,3.0,1.7511127863327278
28572,-57.37813324319657,-58.655878291598135,25.0,1.277745048401563
28582,-9.794787395360482,-9.590306930023576,2.0,-0.20448046533690523
28653,-58.96719743170222,-61.43134129904262,22.0,2.464143867340404
28700,-20.08667300613742,-23.889534706604802,6.0,3.802861700467382
28830,-13.754697663387855,-13.33998766322955,3.0,-0.41471000015830484
28876,-23.957035993864054,-23.927962047106693,8.0,-0.029073946757360858
28991,-85.62313078125372,-95.43467859616541,18.0,9.811547814911691
29136,-21.23509022893848,-21.090388114334015,6.0,-0.14470211460446336
29244,-30.48375750873534,-30.17391411234244,11.0,-0.3098433963928997
29253,-11.33913326947594,-10.02692794325416,2.0,-1.3122053262217808
29410,-18.447522567500236,-17.524193513330566,4.0,-0.9233290541696704
29468,-17.60006145607864,-17.55821834532251,5.0,-0.04184311075613323
29642,-1.7944827996931372,-2.6962044038150594,0.0,0.9017216041219223
29769,-11.578443023285677,-16.902418780574155,3.0,5.323975757288478
29896,-1.0097772224227715,-1.7850568292146498,0.0,0.7752796067918784
29989,-32.923520588694124,-33.94687249865725,9.0,1.0233519099631252
30072,-9.861253592218388,-10.740347548619846,1.0,0.8790939564014586
30128,-32.74112976193834,-32.41087352329377,12.0,-0.33025623864456577
30244,-14.425235873052,-14.606779569185735,4.0,0.1815436961337351
30370,-4.996807268082761,-4.950047410509845,1.0,-0.046759857572915564
30375,-8.960577227404032,-8.490769005737926,2.0,-0.46980822166610636
30399,-0.4775472534106396,-0.8739092546142408,0.0,0.39636200120360127
30427,-0.9137858394298679,-1.502448762216766,0.0,0.588662922786898
30586,-29.18036125129465,-36.05137939319188,12.0,6.871018141897231
30612,-17.95839570971501,-20.309905040484995,6.0,2.3515093307699857
30945,-65.24868488733242,-67.84132140389018,23.0,2.5926365165577607
30954,-0.3695671987315821,-0.8739092546142408,0.0,0.5043420558826588
31047,-13.951965549643505,-14.306135085969627,3.0,0.3541695363261219
31090,-50.714300886006946,-51.760730200376756,21.0,1.04642931436981
31207,-24.537479584899817,-24.48392847555534,7.0,-0.05355110934447538
31683,-16.410048429730047,-17.872997611272826,3.0,1.462949181542779
31877,-3.0240684751259006,-2.2899627757125125,0.0,-0.7341056994133881
31890,-56.249062560251694,-53.62036846809394,16.0,-2.628694092157751
31904,-35.180098061348126,-40.66034936773553,10.0,5.480251306387402
31909,-23.214012128571863,-22.68741072301116,6.0,-0.5266014055607044
32022,-63.671476934800026,-77.4927670637429,21.0,13.821290128942877
32091,-47.20058134534881,-48.84549466280303,21.0,1.6449133174542183
32113,-6.671828284164174,-7.951513385099649,1.0,1.2796851009354757
32224,-9.014325444979281,-8.693065721674193,2.0,-0.32125972330508823
32226,-22.880261749334025,-22.82609542442976,7.0,-0.05416632490426565
32235,-23.976768387544976,-23.482862197139465,7.0,-0.49390619040551087
32275,-5.112136988804281,-5.077156046426035,1.0,-0.03498094237824567
32319,-4.900548547207148,-4.93068181403096,1.0,0.03013326682381212
32378,-33.207534807237344,-33.10854305666204,9.0,-0.0989917505753013
32517,-5.8442237062336355,-6.1549022829986,1.0,0.3106785767649649
32559,-25.6076241059682,-30.61057387891353,6.0,5.002949772945332
32644,-0.8961683350315489,-1.19970354560459,0.0,0.303535210573041
32765,-28.958134655073483,-28.458753518851207,8.0,-0.49938113622227576
32923,-30.088929898771458,-29.685945211123894,12.0,-0.4029846876475638
32957,-3.0281094550662337,-3.607351978415468,0.0,0.5792425233492344
33030,-10.010382224261688,-9.004598091661554,2.0,-1.0057841326001338
33266,-3.7225263222201437,-4.2147836948157416,0.0,0.4922573725955979
33285,-18.862186099053385,-18.732751433155464,5.0,-0.12943466589792152
33680,-33.974303993537404,-33.82752174264399,11.0,-0.14678225089341623
33688,-33.16674552631792,-36.64313484760492,11.0,3.4763893212870016
33695,-14.874808682410514,-14.334439011154922,4.0,-0.5403696712555917
33787,-1.1580566425156167,-2.088772687414786,0.0,0.9307160448991694
33973,-27.037321002539244,-26.313552243027996,8.0,-0.7237687595112483
34067,-14.723891623983636,-14.791965574473835,4.0,0.0680739504901986
34148,-12.728642004866698,-12.52992256926658,3.0,-0.1987194356001183
34231,-1.0972150023774794,-1.7850568292146498,0.0,0.6878418268371704
34238,-12.891675873121292,-12.543027452905225,3.0,-0.3486484202160671
34322,-5.131322530965643,-5.393603718159168,1.0,0.26228118719352533
34440,-0.8369205936382835,-0.9171795736926038,0.0,0.0802589800543203
34481,-2.066301529925571,-1.4813409710145136,0.0,-0.5849605589110576
34585,-12.123964367464062,-11.786988582650721,3.0,-0.33697578481334034
34689,-17.927173494528546,-17.860600733866523,5.0,-0.066572760662023
34905,-29.381507817336328,-28.163879133106022,9.0,-1.2176286842303057
34911,-1.311178435388164,-1.7850568292146498,0.0,0.4738783938264859
34962,-21.68272204965927,-25.598045549156122,6.0,3.9153234994968535
34976,-26.97590803764457,-32.22902202304542,9.0,5.253113985400848
34979,-14.70088950592496,-15.25304561940855,4.0,0.5521561134835888
35050,-46.812346714911584,-45.2136924974845,14.0,-1.5986542174270824
35066,-13.600288896139551,-12.646877188483868,3.0,-0.9534117076556825
35120,-19.213387821728006,-18.127297688396578,5.0,-1.0860901333314281
35135,-45.06750778046634,-49.91896276929239,17.0,4.851454988826049
35142,-49.05220643830584,-54.998681669450626,16.0,5.946475231144788
35153,-11.866713441644434,-11.965232107903978,3.0,0.09851866625954386
35162,-17.18445242791439,-17.699867960763523,4.0,0.5154155328491328
35342,-7.686170612259687,-6.314544397807014,1.0,-1.3716262144526734
35356,-8.511647866989378,-8.546653247096,2.0,0.035005380106621686
35374,-27.686430444435057,-29.56473274752278,10.0,1.8783023030877217
35419,-11.996486317085104,-12.137366271909087,3.0,0.1408799548239834
35425,-0.4662290014931198,-0.8739092546142408,0.0,0.40768025312112105
35441,-6.727717316313648,-5.059791560061501,1.0,-1.6679257562521475
35660,-0.895413776872243,-1.19970354560459,0.0,0.3042897687323469
35733,-19.52579497369552,-19.440381155894475,5.0,-0.08541381780104373
35804,-12.991020606615919,-15.314886297681761,4.0,2.3238656910658424
36019,-0.4717495215010089,-0.894572665053861,0.0,0.4228231435528521
36199,-12.22343528521235,-11.495840460971307,3.0,-0.7275948242410433
36229,-18.369535086717846,-18.660173554619824,5.0,0.290638467901978
36534,-13.342380612896985,-12.3784661009258,2.0,-0.9639145119711845
36554,-17.849871867856923,-17.428787262100208,5.0,-0.4210846057567146
36588,-36.62159456422854,-36.08039136072756,15.0,-0.5412032035009773
36687,-5.220537566815268,-5.359055045662255,1.0,0.13851747884698717
36770,-32.23539592777744,-31.543455159184244,12.0,-0.6919407685931951
36785,-24.97796624990372,-25.051187241176148,8.0,0.07322099127242865
36805,-16.315758613854616,-16.2191713090941,4.0,-0.09658730476051502
36834,-20.422003399587684,-19.984116316710665,6.0,-0.43788708287701894
37131,-19.554956962608166,-20.123381006649165,5.0,0.5684240440409987
37136,-26.860072556147056,-26.684679084825866,10.0,-0.17539347132118976
37289,-7.773224791866163,-7.416685167543845,1.0,-0.356539624322318
37336,-21.06628077061569,-16.782081030138645,3.0,-4.284199740477046
37697,-8.382880465988569,-8.539242538657922,2.0,0.15636207266935287
37708,-22.397362702132,-23.769438045045185,7.0,1.3720753429131847
37746,-5.29835797388591,-5.166806559531404,1.0,-0.13155141435450624
37784,-5.253146050607828,-5.059830501190934,1.0,-0.19331554941689433
37801,-13.347205963814762,-13.004065254186907,3.0,-0.34314070962785514
37819,-14.832755798642093,-15.071589152707759,4.0,0.2388333540656653
37996,-1.308809914618302,-2.088772687414786,0.0,0.779962772796484
38009,-34.017965687060176,-36.32681487271951,11.0,2.3088491856593336
38028,-13.14753046800434,-11.914242575748082,3.0,-1.233287892256259
38072,-25.813624146408827,-27.694782285550936,6.0,1.8811581391421086
38106,-16.16316269054557,-16.78740001136485,5.0,0.6242373208192795
38175,-41.47437527047759,-39.449160305827284,8.0,-2.025214964650303
38206,-64.00479435307513,-61.0602337384003,25.0,-2.9445606146748275
38469,-52.44411884440929,-52.33375002920681,25.0,-0.11036881520247732
38582,-92.17664429951738,-84.84318735980827,28.0,-7.333456939709109
38594,-31.173832738193106,-31.166071093568416,11.0,-0.007761644624689978
38871,-34.277571707553065,-34.40945240001955,12.0,0.13188069246648837
38918,-73.3760178606493,-76.02610211441976,41.0,2.6500842537704585
38919,-12.371170032621533,-12.35863198528398,3.0,-0.012538047337553593
39110,-15.67199791085804,-14.696527844001963,4.0,-0.9754700668560776
39139,-5.724907857511351,-6.679235215518727,1.0,0.9543273580073759
39285,-6.986823389579757,-7.555658135017241,0.0,0.568834745437484
39329,-52.40840396386857,-57.615730118787724,20.0,5.207326154919151
39385,-4.6392935611625985,-5.315150302160157,1.0,0.6758567409975589
39449,-17.6767604989196,-16.95384687361908,5.0,-0.7229136253005173
39458,-12.329383436791506,-11.531746004668934,2.0,-0.7976374321225723
39488,-3.123522745019122,-3.911067836615605,0.0,0.787545091596483
39521,-13.481140049018876,-11.859148385177186,3.0,-1.6219916638416905
39590,-11.579258894700521,-12.737701220650733,3.0,1.1584423259502117
39605,-5.908782802086476,-6.33916508780498,1.0,0.4303822857185038
39621,-4.476951783361931,-4.936119141656627,1.0,0.459167358294696
39678,-2.109137896019158,-3.303636120215332,0.0,1.194498224196174
39809,-16.93783048535918,-20.037295031010565,3.0,3.0994645456513865
39826,-16.94490094541164,-17.851844898856836,5.0,0.9069439534451966
39889,-5.0918005986718375,-5.458133486708735,1.0,0.36633288803689723
39935,-23.060480385567146,-22.294440985637976,7.0,-0.7660393999291699
39963,-21.921196555553284,-20.56819124594994,6.0,-1.3530053096033434
39965,-9.701460027457086,-9.498241327685568,2.0,-0.20321869977151863
40057,-50.73420365438588,-50.27985716741417,20.0,-0.45434648697170843
40104,-37.012671362680436,-37.572911195962014,17.0,0.5602398332815781
40131,-20.38626948590912,-20.668942621632443,5.0,0.2826731357233214
40167,-5.907198025442329,-5.047793666435492,1.0,-0.8594043590068372
40402,-4.808709899452971,-5.054977870273966,1.0,0.24626797082099472
40742,-5.392148366982152,-5.192687955297101,1.0,-0.1994604116850507
40746,-11.414341032682287,-11.604497200361871,3.0,0.190156167679584
40777,-15.327294261907952,-15.043449592785612,4.0,-0.28384466912233997
40805,-24.792691666529038,-23.490070726697585,6.0,-1.3026209398314528
40807,-12.165382172356264,-13.979057936426,3.0,1.8136757640697372
40884,-15.067531781543758,-14.565870463911443,4.0,-0.5016613176323155
40938,-30.34627915414764,-31.594512357514557,11.0,1.2482332033669152
41016,-19.422709981265804,-18.21109313813075,5.0,-1.2116168431350545
41048,-152.9814838732423,-150.96458246384518,77.0,-2.0169014093971214
41098,-46.800687778035865,-46.03163986816981,20.0,-0.7690479098660532
41226,-17.254282213848853,-18.670501914658036,4.0,1.416219700809183
41300,-43.45479554103518,-39.37938950732929,12.0,-4.075406033705889
41415,-17.961023808006356,-18.06603983296729,5.0,0.10501602496093554
41474,-6.218599525220043,-6.33916508780498,1.0,0.12056556258493689
41488,-17.03879703762968,-16.141477378941953,4.0,-0.8973196586877279
41492,-8.62233997096195,-9.069868225138999,2.0,0.44752825417704933
41543,-38.95156177272968,-42.202636166622185,14.0,3.2510743938925017
41550,-1.1645584976176728,-2.088772687414786,0.0,0.9242141897971132
41830,-14.971649456964334,-14.466496674784622,4.0,-0.5051527821797119
41838,-5.293726652594508,-4.952706857822955,1.0,-0.34101979477155275
41860,-66.14485808724395,-73.01860355008715,30.0,6.873745462843203
41910,-1.0774827733198176,-1.56939108788397,0.0,0.4919083145641525
42108,-9.534698808197602,-8.594859117195762,2.0,-0.9398396910018398
42141,-9.974026175345976,-8.969604799727136,2.0,-1.0044213756188398
42190,-12.720037401733327,-12.663956644534931,3.0,-0.056080757198396114
42318,-24.7579155909051,-29.64337131314256,6.0,4.8854557222374595
42341,-1.1455775285081702,-1.177625112814377,0.0,0.03204758430620691
42456,-9.029122455443595,-8.766473284893761,2.0,-0.2626491705498335
42530,-18.061625024891217,-17.724875622729517,5.0,-0.3367494021617006
42606,-3.2657725683001764,-4.518499553015877,0.0,1.2527269847157005
42766,-30.434381524189497,-29.69633319827415,11.0,-0.7380483259153472
42979,-12.784836823339631,-11.862824595199841,3.0,-0.9220122281397902
43107,-4.963761030928673,-5.0270082903850035,1.0,0.0632472594563307
43159,-4.923070952450063,-5.1200989767156875,1.0,0.1970280242656246
43234,-18.304825082064692,-19.104371097526023,6.0,0.7995460154613312
43463,-15.26601387340931,-15.837315743012855,4.0,0.5713018696035448
43498,-8.627352303565665,-8.573615475513144,2.0,-0.053736828052521446
43614,-1.7181654606522692,-2.6962044038150594,0.0,0.9780389431627903
43615,-3.8464289684634414,-4.822215411216014,0.0,0.9757864427525726
43787,-33.33606914770389,-41.34807849250385,9.0,8.012009344799964
43937,-47.15801160293654,-50.24952249609716,19.0,3.091510893160617
43966,-13.429582226887339,-14.841297986617013,4.0,1.411715759729674
43969,-5.836697980643906,-6.037078844016559,0.0,0.20038086337265337
44016,-64.3959608837562,-65.18568553903954,27.0,0.7897246552833366
44074,-5.333829365822978,-4.935928541338466,1.0,-0.3979008244845117
44075,-6.842284494998871,-8.400960036722378,1.0,1.558675541723507
44121,-12.270963907294874,-11.542688024120888,3.0,-0.7282758831739855
44179,-21.174348738996137,-21.88554936778649,7.0,0.7112006287903512
44264,-2.584237184704811,-3.607351978415468,0.0,1.0231147937106573
44284,-31.848919331999426,-34.890335098236775,10.0,3.0414157662373498
44377,-31.26423329834569,-30.75149896117098,9.0,-0.5127343371747095
44400,-16.54986663769398,-18.201052588457856,3.0,1.6511859507638746
44403,-5.323188866690499,-4.94294944482254,1.0,-0.3802394218679588
44578,-20.800768492163368,-21.688517449355786,5.0,0.887748957192418
44731,-9.143614683085358,-9.17304450015013,2.0,0.02942981706477177
44825,-31.540032773739515,-35.78918785162278,9.0,4.2491550778832625
44840,-2.158318584321431,-3.303636120215332,0.0,1.1453175358939007
45002,-5.234281369648047,-4.883537524255688,1.0,-0.35074384539235837
45074,-9.307981631146124,-5.635232740787853,1.0,-3.672748890358271
45078,-9.006917530558813,-8.632391341079126,2.0,-0.3745261894796865
45242,-35.88821925101562,-36.159275985132304,13.0,0.27105673411668363
45394,-6.556320270078532,-6.309400539000885,1.0,-0.24691973107764742
45396,-17.899216475039687,-18.888100844738187,5.0,0.9888843696984999
45397,-11.66929077928665,-9.646171257219123,2.0,-2.0231195220675264
45414,-5.961252990109189,-5.156719579818233,1.0,-0.804533410290956
45543,-0.9894947878223637,-1.549904355232325,0.0,0.5604095674099614
45558,-16.35380280345389,-15.241507568640428,4.0,-1.1122952348134607
45591,-57.8378769808276,-63.41317964137205,24.0,5.575302660544445
45853,-5.5099856873481645,-5.534448474927775,1.0,0.02446278757961018
46043,-8.845152633385966,-11.052697457240725,1.0,2.207544823854759
46100,-1.1438398309974833,-1.7850568292146498,0.0,0.6412169982171665
46174,-1.1406690627327676,-1.4813409710145136,0.0,0.340671908281746
46179,-8.590954948670932,-7.682823225910115,2.0,-0.9081317227608174
46331,-2.4367618548695473,-3.303636120215332,0.0,0.8668742653457846
46446,-8.56374755289464,-9.468761251016861,2.0,0.9050136981222217
46449,-78.82170769685337,-78.62206318921486,34.0,-0.19964450763851005
46622,-13.937421789840934,-13.40120780416948,3.0,-0.5362139856714538
46672,-9.397832327208487,-9.460050838033649,2.0,0.06221851082516139
46765,-22.4838109977005,-25.661968408955193,6.0,3.178157411254695
46810,-0.34097273149211305,-0.5701933964141045,0.0,0.22922066492199145
46926,-11.77964730111402,-11.840071405004203,3.0,0.060424103890182934
46931,-27.99084800395301,-29.6574899440402,10.0,1.6666419400871924
47008,-0.50123506418003,-0.8739092546142408,0.0,0.3726741904342108
47043,-2.160184276827277,-2.6225933056837856,0.0,0.46240902885650836
47083,-10.077915922916011,-8.68286108464714,2.0,-1.3950548382688712
47281,-19.17385533623006,-19.0572547516248,6.0,-0.11660058460525846
47408,-5.0408241780537795,-5.118830765014903,1.0,0.0780065869611235
47451,-72.83796176533852,-75.16212696682872,27.0,2.324165201490203
47490,-18.187070582536048,-18.589516223560018,5.0,0.40244564102397007
47543,-5.189768473861533,-6.249444116965957,1.0,1.0596756431044243
47642,-8.607321690720541,-8.478619451984148,2.0,-0.12870223873639297
47689,-21.083815499922792,-24.53616037625678,5.0,3.4523448763339886
47699,-10.463495070991355,-9.590940916220065,2.0,-0.8725541547712901
47790,-9.884640625857694,-9.712211060275793,2.0,-0.1724295655819006
47946,-542.4717722387123,-402.6144251033018,359.0,-139.85734713541052
47954,-8.924452294960071,-8.692349354836466,2.0,-0.232102940123605
48102,-8.452043031107456,-9.698229382998905,2.0,1.246186351891449
48108,-12.431850481288437,-11.81069150948935,3.0,-0.6211589717990869
48109,-0.9326876952672477,-1.4813409710145136,0.0,0.5486532757472659
48179,-4.749924945146644,-5.667313673532655,1.0,0.9173887283860109
48184,-99.6798569602463,-96.79829683916881,47.0,-2.8815601210774844
48193,-11.397944642539844,-9.707383142090446,2.0,-1.6905615004493981
48320,-23.788021364213904,-20.65935142376001,4.0,-3.128669940453893
48348,-15.065735529741891,-14.385102592506492,4.0,-0.6806329372353996
48370,-5.120405592006475,-4.929945904905384,1.0,-0.1904596871010904
48379,-8.875843350898123,-9.014418920903156,2.0,0.13857557000503284
48453,-0.677641468723597,-1.177625112814377,0.0,0.4999836440907801
48580,-29.753533614349422,-28.535993604052326,8.0,-1.2175400102970961
48627,-34.39260680672012,-22.094351960378564,4.0,-12.298254846341553
48769,-11.346296459564417,-9.929193666493639,2.0,-1.4171027930707787
48962,-5.642305997132578,-5.154813552584846,1.0,-0.48749244454773155
48979,-17.683452752636214,-18.79137098788283,5.0,1.1079182352466148
49083,-1.6508483778356113,-1.4813409710145136,0.0,-0.16950740682109777
49104,-27.929690349643792,-28.556669225546845,9.0,0.6269788759030526
49260,-12.507058382517984,-12.378304256603602,3.0,-0.12875412591438185
49325,-16.18029474361526,-16.25334443609459,4.0,0.07304969247933002
49329,-7.883658078267303,-7.61756153636587,1.0,-0.26609654190143317
49369,-15.712966824761642,-15.82933245517341,4.0,0.11636563041176728
49383,-34.37298725931706,-36.67913437742967,14.0,2.3061471181126123
49440,-14.188838843035466,-14.08347664967581,3.0,-0.10536219335965669
49443,-2.150681767234216,-2.9999202620151957,0.0,0.8492384947809799
49452,-35.33131247663408,-36.389304366251835,14.0,1.0579918896177531
49532,-42.85803776093325,-47.932960235021895,13.0,5.074922474088645
49574,-88.1028208550773,-82.75657545144628,38.0,-5.346245403631016
49833,-5.027168231045362,-5.733362985816423,0.0,0.7061947547710608
49910,-8.843012382321758,-8.667526967149593,2.0,-0.1754854151721652
49927,-15.8306086165673,-21.980735623919017,5.0,6.150127007351717
49985,-6.035464018148329,-4.9791700905721905,1.0,-1.0562939275761387
49986,-8.60686039956421,-9.37445687619925,2.0,0.76759647663504
50169,-11.29864197773951,-11.973910865402937,3.0,0.6752688876634263
50205,-9.205415690328266,-8.67476506973601,2.0,-0.5306506205922563
50223,-1.2782084540648022,-1.177625112814377,0.0,-0.10058334125042512
50543,-5.488197870990198,-5.059830501190934,1.0,-0.4283673697992638
50631,-43.55357861112105,-43.415011345478455,17.0,-0.13856726564259247
50638,-7.4349704308807265,-7.411985706166946,1.0,-0.022984724713780658
50694,-17.1507757150777,-17.66958423799837,4.0,0.518808522920672
50882,-25.55013458991837,-24.65855357376058,8.0,-0.8915810161577866
51103,-25.641070174530174,-23.96941696358901,7.0,-1.671653210941166
51116,-12.629791418554792,-12.499691004762912,3.0,-0.13010041379187953
51367,-1.6182160905568708,-2.6962044038150594,0.0,1.0779883132581887
51443,-13.398317720272217,-13.568634323612363,3.0,0.17031660334014553
51509,-23.46870267671045,-27.487973931818825,5.0,4.019271255108375
51614,-22.05329675323965,-21.773954572561415,7.0,-0.2793421806782348
51622,-1.6809941559432808,-2.9999202620151957,0.0,1.3189261060719148
51673,-5.405034538674054,-5.774783782284581,1.0,0.36974924361052697
51995,-0.20157963662653183,-0.8739092546142408,0.0,0.672329617987709
52227,-9.589939360312629,-8.711089832940544,2.0,-0.8788495273720844
52268,-32.4587486723741,-34.16464546018183,8.0,1.7058967878077311
52417,-5.679184043703158,-5.067357697228144,1.0,-0.6118263464750138
52466,-1.5170776279305052,-2.6962044038150594,0.0,1.1791267758845543
52481,-8.935672963729415,-8.577252777294541,2.0,-0.3584201864348735
52482,-19.957695788452636,-20.646831370390412,6.0,0.6891355819377765
52589,-24.19627580269741,-24.05985051099267,7.0,-0.1364252917047395
52602,-26.97648596083328,-27.72424231594982,8.0,0.7477563551165396
52639,-73.88845720483374,-74.864785634392,36.0,0.976328429558265
52671,-23.242603375844862,-23.666493742245517,7.0,0.4238903664006557
52828,-15.520061626874167,-16.50070401878316,3.0,0.9806423919089937
52910,-0.4724692619256399,-0.8739092546142408,0.0,0.4014399926886009
53034,-24.331121102266547,-27.07085738438673,8.0,2.739736282120184
53091,-3.336521004142175,-2.2803896766827134,0.0,-1.0561313274594615
53133,-2.4343285194191755,-2.3924885456149223,0.0,-0.041839973804253194
53262,-36.22710215300434,-37.03063643157407,13.0,0.8035342785697281
53307,-23.360321812957707,-25.0542445264353,8.0,1.693922713477594
53349,-18.632530355771983,-18.576760364629045,5.0,-0.055769991142938125
53461,-40.002522315461306,-49.426670332843464,13.0,9.424148017382159
53466,-5.2062636196410566,-5.447972968805105,1.0,0.24170934916404807
53523,-9.081895906080392,-8.471128698639474,2.0,-0.6107672074409187
53531,-29.1846815372693,-29.4606364612383,10.0,0.27595492396899957
53742,-14.401249431434865,-14.290267997568407,4.0,-0.11098143386645809
53766,-5.53746667060693,-5.483108766235657,1.0,-0.05435790437127341
53861,-23.71209191483808,-24.866516488909333,8.0,1.1544245740712533
53965,-0.7733915931019458,-1.177625112814377,0.0,0.40423351971243127
54175,-5.401950634203343,-5.622733163260569,1.0,0.2207825290572254
54281,-0.8633003906046619,-1.4885543858120807,0.0,0.6252539952074188
54379,-42.87771097929661,-41.049251562893254,12.0,-1.828459416403355
54431,-26.500483779064233,-26.792457789828187,8.0,0.2919740107639548
54607,-5.802742360952018,-5.102455179727965,1.0,-0.700287181224053
54701,-5.216718238382147,-5.109180763608511,1.0,-0.10753747477363618
54903,-21.740628942692574,-21.228099806372935,7.0,-0.5125291363196389
55175,-27.80117013248879,-27.15162136645703,9.0,-0.64954876603176
55184,-15.038359437263296,-15.253494757746994,4.0,0.21513532048369832
55186,-1.9815417114127436,-3.303636120215332,0.0,1.3220944088025883
55352,-5.173534323154297,-5.274189847854837,1.0,0.10065552470053962
55590,-4.928799510484936,-4.942347261563224,1.0,0.013547751078288428
55741,-14.193980579719842,-14.358916843588181,4.0,0.1649362638683396
55891,-0.44545109546452966,-0.8739092546142408,0.0,0.4284581591497112
55938,-6.562538604156251,-5.656023551288171,1.0,-0.9065150528680803
55963,-39.69849375614956,-40.17724971326657,14.0,0.47875595711700925
56033,-0.9927862753807913,-2.3924885456149223,0.0,1.399702270234131
56048,-1.222709727999905,-1.7850568292146498,0.0,0.5623471012147447
56145,-3.435919648535546,-4.945679021077664,0.0,1.5097593725421183
56264,-9.562060590671415,-9.15091599675578,2.0,-0.41114459391563507
56368,-68.22524526124138,-65.81707551126706,13.0,-2.40816974997432
56565,-14.95535777954953,-15.09874773165663,4.0,0.14338995210709982
56622,-74.95065245931659,-82.43171945611866,27.0,7.48106699680207
56837,-8.530464086962985,-8.564549922394008,2.0,0.03408583543102317
56838,-8.40605727378845,-8.552589516898683,2.0,0.14653224311023294
56962,-12.146747189728272,-11.579160105109395,3.0,-0.5675870846188769
56963,-7.83088187157696,-8.780850249877414,2.0,0.9499683783004542
57082,-1.2563165632950621,-1.6592209734569363,0.0,0.40290441016187417
57186,-9.536926894251465,-8.64454143430805,2.0,-0.8923854599434158
57228,-10.545563247138457,-8.774779783913647,2.0,-1.7707834632248094
57298,-14.124412796318785,-14.62369090123632,3.0,0.49927810491753455
57604,-50.04723825422746,-51.230937152627696,19.0,1.1836988984002375
57641,-36.97447116237427,-51.843355289056106,12.0,14.868884126681834
57644,-42.01192912175763,-40.64565995619724,16.0,-1.3662691655603894
57699,-5.822797521228614,-6.035581819786859,1.0,0.21278429855824577
57768,-16.733547582980066,-17.48334336842817,4.0,0.7497957854481037
57832,-18.330909910561925,-17.93507546862975,5.0,-0.3958344419321733
58040,-16.629377728459392,-17.396990861542093,5.0,0.7676131330827012
58104,-19.600023678296036,-19.934318539563584,6.0,0.3342948612675478
58249,-21.221665345347933,-20.203079505487302,6.0,-1.0185858398606307
58270,-1.4522278089905913,-2.3924885456149223,0.0,0.940260736624331
58293,-27.542220140509105,-28.282299414841535,8.0,0.7400792743324303
58332,-37.04413243867794,-36.999953542734985,15.0,-0.044178895942955876
58374,-86.40995233776323,-80.31410754393491,37.0,-6.09584479382832
58554,-13.02012947245663,-11.609229180865249,3.0,-1.4109002915913802
58576,-25.163669932215697,-25.364728353649067,8.0,0.20105842143336972
58656,-10.021700555055904,-9.303349814759986,2.0,-0.7183507402959179
58696,-4.736376709084957,-4.970463438294473,1.0,0.23408672920951634
58884,-54.609121409845905,-50.12551639691023,11.0,-4.483605012935676
58949,-7.925885987423234,-8.505688901418328,2.0,0.5798029139950938
59015,-52.26448379894412,-53.19016261957792,25.0,0.9256788206337987
59018,-12.255424887822658,-9.033818496318588,2.0,-3.2216063915040696
59292,-11.265688881127348,-10.653569649269214,1.0,-0.6121192318581343
59410,-10.055952302563426,-9.684208411504864,2.0,-0.3717438910585624
59615,-0.723995859451905,-1.177625112814377,0.0,0.45362925336247206
59625,-1.2010436466286818,-1.7850568292146498,0.0,0.584013182585968
59626,-20.886491039188666,-20.5333607838717,6.0,-0.35313025531696596
59629,-8.070994706827028,-8.896333024847873,2.0,0.8253383180208456
59651,-1.4924510706716483,-2.673299931714397,0.0,1.1808488610427486
59668,-6.445137729571585,-7.0741441163998715,1.0,0.6290063868282862
59771,-5.270512110927527,-4.987904931177552,1.0,-0.2826071797499745
60182,-5.12443299255996,-5.056976328720807,1.0,-0.06745666383915339
60257,-63.71820423929298,-62.15314388410642,32.0,-1.56506035518656
60325,-21.083754482166597,-21.738438584464166,6.0,0.6546841022975691
60375,-16.72933069343914,-16.375375877218612,4.0,-0.35395481622052927
60719,-39.630942418358494,-40.219353645485995,15.0,0.5884112271275015
60746,-16.969512475390633,-17.532690160681437,5.0,0.5631776852908033
60785,-5.171044023340554,-4.889669173612671,1.0,-0.2813748497278823
60787,-30.080650158368393,-29.631724063474262,11.0,-0.44892609489413005
60805,-14.55878123867071,-12.885917854496295,3.0,-1.6728633841744145
60952,-42.69018541464804,-41.733140613680646,12.0,-0.9570448009673953
60976,-5.307721901922485,-5.265420212447787,1.0,-0.04230168947469792
61181,-23.475579530433166,-22.61658772560041,7.0,-0.8589918048327547
61259,-5.259394341243241,-4.901205981178988,1.0,-0.35818836006425325
61310,-11.890477882926614,-12.84950344722588,2.0,0.9590255642992656
61358,-9.666552124816981,-9.320945394625445,2.0,-0.34560673019153576
61473,-0.18549050846056134,-0.8739092546142408,0.0,0.6884187461536795
61500,-35.12155726107797,-35.27064245238485,12.0,0.14908519130688092
61641,-17.221007194761583,-17.389699787854177,5.0,0.16869259309259377
61682,-8.198103312271385,-8.617799350297608,2.0,0.41969603802622224
61743,-12.435068718223187,-11.92048279817775,3.0,-0.5145859200454375
61763,-16.511279030432373,-16.591185860628315,4.0,0.07990683019594158
61766,-5.493735285595889,-8.770521567817786,0.0,3.276786282221897
61885,-6.324565153668402,-6.53724628684771,1.0,0.21268113317930748
61906,-14.519233654314572,-22.970894774022252,5.0,8.45166111970768
61912,-2.0851524326990627,-2.6962044038150594,0.0,0.6110519711159967
61918,-17.931718966598154,-17.407016588218838,5.0,-0.5247023783793168
61949,-262.5003883988524,-250.08966041905737,99.0,-12.410727979795041
61980,-5.152441211466903,-5.711579940838039,1.0,0.5591387293711358
62118,-3.6848549849325294,-3.4121298950664296,0.0,-0.2727250898660998
62144,-1.6606903498738361,-2.3924885456149223,0.0,0.7317981957410862
62159,-50.56221519740647,-55.1401068825756,18.0,4.577891685169128
62166,-42.199081172390215,-42.1056458302905,15.0,-0.09343534209971693
62171,-83.71139630497836,-88.64637637647384,45.0,4.934980071495474
62477,-1.2059259183012168,-1.7850568292146498,0.0,0.579130910913433
62505,-14.689787451863186,-15.266240845338963,4.0,0.5764533934757772
62593,-10.846631734551076,-14.41683609721441,3.0,3.5702043626633344
62625,-0.9438601002370482,-1.4813409710145136,0.0,0.5374808707774653
63004,-21.885183818066302,-23.597669828715347,6.0,1.7124860106490445
63073,-0.03906976736611259,-0.5701933964141045,0.0,0.5311236290479919
63101,-47.00599359281298,-46.831473711542756,20.0,-0.17451988127022133
63143,-12.888459816545398,-12.175512448604136,3.0,-0.7129473679412612
63169,-2.91341420834451,-3.443121254594947,0.0,0.529707046250437
63182,-8.37991043422506,-8.890815995621224,2.0,0.5109055613961644
63223,-8.277552138140097,-10.247385788877308,2.0,1.9698336507372112
63442,-30.04736954791994,-31.706793010737602,12.0,1.6594234628176636
63509,-9.312566703687311,-8.58430135955055,2.0,-0.7282653441367621
63510,-8.253468976585305,-8.661344690949871,2.0,0.4078757143645664
63659,-17.57890564694579,-17.356122468805236,5.0,-0.2227831781405527
63910,-6.159970391941234,-8.30925159699737,0.0,2.1492812050561367
63946,-31.583094984774505,-36.29872635006176,11.0,4.715631365287258
63968,-10.068121086161373,-9.8081061345423,2.0,-0.2600149516190733
64007,-15.682311873167938,-16.950779872332678,3.0,1.2684679991647396
64015,-20.83535605761635,-20.751353242962544,6.0,-0.08400281465380743
64401,-17.492155994832913,-17.082112910909412,5.0,-0.410043083923501
64432,-18.663702761561705,-19.417436461504376,6.0,0.7537336999426714
64501,-72.35256743004119,-86.80155791346847,25.0,14.44899048342728
64597,-18.005413543980445,-18.150130258808083,5.0,0.14471671482763782
64603,-7.646565658980534,-8.700529239794111,2.0,1.0539635808135772
64604,-8.035869222065147,-8.534760039966221,2.0,0.49889081790107426
64896,-5.875136002119218,-6.476409182699294,1.0,0.6012731805800762
64986,-11.316656539080157,-8.575089019678368,2.0,-2.741567519401789
65017,-5.291583674731877,-4.994137141896233,1.0,-0.29744653283564393
65072,-1.6415054821369088,-2.5346967881277576,0.0,0.8931913059908487
65161,-13.127334159173792,-12.542017826332259,3.0,-0.5853163328415327
65186,-47.3050714311146,-48.574577494494136,21.0,1.2695060633795379
65222,-10.189880278511549,-8.35965784198435,2.0,-1.8302224365271993
65400,-183.86087915768562,-240.743783819592,63.0,56.882904661906394
65423,-9.666954365439095,-8.96386449447145,2.0,-0.703089870967645
65529,-5.6989626886897025,-5.761773945044669,1.0,0.06281125635496654
65612,-0.8403356045960205,-0.33704417665150244,0.0,-0.5032914279445181
65671,-18.812295376300096,-18.77017844524099,5.0,-0.04211693105910541
65744,-12.145879536092865,-15.570958649220382,3.0,3.4250791131275165
65795,-4.59121466489467,-5.244714015002865,1.0,0.6534993501081949
66030,-16.044095822170863,-15.322482916539467,4.0,-0.721612905631396
66414,-19.60651698165798,-18.660589229651283,5.0,-0.9459277520066962
66461,-5.419270738805024,-5.733362985816423,0.0,0.3140922470113985
66469,-15.878338963122367,-15.938883561583287,4.0,0.060544598460920085
66556,-1.1742722443860059,-1.7850568292146498,0.0,0.610784584828644
66557,-47.64062527660277,-47.08283345734234,19.0,-0.5577918192604301
66721,-32.90089394722828,-35.061176762225315,13.0,2.160282814997032
66749,-17.56093902096989,-16.130129075639083,4.0,-1.4308099453308074
66773,-17.73101616187114,-17.613420638669766,4.0,-0.11759552320137345
66842,-18.386036458879072,-18.37218964776305,4.0,-0.013846811116021485
66935,-1.4021347045105916,-0.5701933964141045,0.0,-0.8319413080964871
66983,-14.311785796093947,-15.441574308725027,2.0,1.1297885126310803
67077,-8.637147007500275,-8.859213772813046,2.0,0.22206676531277125
67101,-13.847287022174628,-14.71100942482677,4.0,0.863722402652142
67117,-9.654064245360082,-9.335505324026391,2.0,-0.31855892133369146
67277,-74.07351895079948,-72.27324138647042,38.0,-1.8002775643290647
67298,-15.807702574265333,-15.145548161214634,4.0,-0.6621544130506987
67546,-1.9031927137267934,-2.3924885456149223,0.0,0.48929583188812886
67588,-4.182722649159456,-4.822215411216014,0.0,0.639492762056558
67614,-0.3655029620780486,-0.6704698557814698,0.0,0.30496689370342117
67785,-19.754244510462566,-21.76685627231111,7.0,2.012611761848543
67922,-28.39051767324197,-27.977172284329914,10.0,-0.41334538891205597
68051,-13.37383527063933,-12.733597629708315,3.0,-0.640237640931014
68110,-3.0427031801561224,-4.518499553015877,0.0,1.4757963728597545
68241,-11.624310771159264,-11.497011207930143,2.0,-0.12729956322912095
68328,-30.52257203004049,-30.745958479737748,11.0,0.22338644969725863
68502,-5.064399202945268,-5.20607333405758,1.0,0.1416741311123122
68514,-1.3608777947523725,-1.7850568292146498,0.0,0.42417903446227734
68553,-0.16041337333579128,-0.266477538213968,0.0,0.10606416487817674
68715,-8.935558376449658,-8.488707136217643,2.0,-0.4468512402320144
68826,-14.597240068068793,-14.518295611288194,4.0,-0.07894445678059903
68857,-6.8898744307451905,-5.056258660077542,1.0,-1.8336157706676488
68896,-16.74816017308209,-18.27432423318965,5.0,1.5261640601075577
68965,-5.59703469098747,-6.083806733016295,1.0,0.48677204202882507
69166,-7.898313367409553,-7.922445335802343,1.0,0.024131968392789638
69182,-10.175777751432795,-9.260723166517508,2.0,-0.9150545849152874
69279,-70.23161975258071,-67.95289237023678,15.0,-2.2787273823439307
69353,-9.800475593772795,-9.19660457255523,2.0,-0.6038710212175644
69462,-12.113073570011014,-12.03280339737364,3.0,-0.08027017263737513
69560,-24.63592316628194,-26.32386128251868,7.0,1.6879381162367402
69587,-4.910468491613883,-4.976090659835815,1.0,0.06562216822193268
69662,-17.27290747130274,-17.786171638533773,4.0,0.5132641672310321
69685,-3.033382817685293,-3.303636120215332,0.0,0.2702533025300391
69726,-41.57368008809326,-39.84278132170253,13.0,-1.7308987663907303
69750,-15.693026288949923,-16.68058103511175,4.0,0.9875547461618268
69878,-49.36241845998134,-49.14422326995887,15.0,-0.21819519002247034
69885,-25.736234903646807,-23.22422412944727,5.0,-2.5120107741995383
69989,-20.527526043451203,-20.644678194480132,6.0,0.11715215102892884
70047,-6.711339931548566,-7.174048077617807,1.0,0.46270814606924127
70222,-5.255470050846846,-5.980161872759677,1.0,0.7246918219128311
70225,-2.7790656079677576,-3.607351978415468,0.0,0.8282863704477106
70237,-8.144354438604008,-8.544089051465615,2.0,0.3997346128616073
70296,-0.6015246490260893,-1.177625112814377,0.0,0.5761004637882878
70324,-26.150841939274542,-26.03596491120812,7.0,-0.11487702806642375
70413,-8.706187008794435,-10.108154156123653,1.0,1.4019671473292181
70518,-36.9139051766053,-36.84767702592589,15.0,-0.06622815067940735
70523,-29.730234245221908,-32.21807306320924,7.0,2.487838817987331
70536,-3.8903831116847876,-4.2147836948157416,0.0,0.324400583130954
70583,-33.6445667791565,-27.702062012877942,5.0,-5.942504766278557
70668,-37.48774414760545,-36.61852476075178,10.0,-0.8692193868536648
70692,-21.052119752336296,-25.590330693807136,6.0,4.53821094147084
70755,-20.03918951647913,-22.322248257662327,4.0,2.283058741183197
70832,-16.183338002494708,-17.370726588281993,4.0,1.1873885857872857
70840,-18.231568377038343,-17.966064681213574,5.0,-0.2655036958247692
70900,-14.288445258462426,-18.199796447463036,3.0,3.9113511890006105
71020,-12.514492954189862,-11.970229381671713,3.0,-0.5442635725181493
71103,-0.9938209095583276,-1.4885543858120807,0.0,0.4947334762537531
71139,-40.07123665680775,-39.07153298501876,9.0,-0.9997036717889856
71170,-42.568606127017034,-41.75115476907765,15.0,-0.8174513579393832
71172,-17.353220621700352,-17.218186048335802,4.0,-0.13503457336454971
71285,-43.40798460041797,-45.468740449323604,19.0,2.060755848905636
71335,-9.187261735287292,-9.096554190542484,2.0,-0.09070754474480758
71336,-6.372786634375519,-6.883768800835121,1.0,0.5109821664596019
71517,-67.12536766140649,-70.0003359443144,29.0,2.874968282907915
71577,-25.303353791173485,-26.915420689384774,8.0,1.612066898211289
71700,-45.1491769912768,-47.58381015856623,21.0,2.4346331672894266
71712,-15.403126104972799,-14.466142811778996,4.0,-0.9369832931938031
71823,-1.6824547852788043,-2.088772687414786,0.0,0.40631790213598173
71878,-58.87213169572378,-59.36186347059608,26.0,0.4897317748722969
71990,-18.497656457837923,-19.113696138194882,5.0,0.616039680356959
72139,-40.539115921364385,-51.262274018753835,15.0,10.723158097389451
72308,-12.396682529898921,-11.953097654919565,3.0,-0.44358487497935606
72376,-1.1198999623100891,-1.7850568292146498,0.0,0.6651568669045607
72448,-1.146528480100461,-1.7937491934969505,0.0,0.6472207133964896
72646,-9.43750547098809,-8.601992839008053,2.0,-0.8355126319800359
72875,-30.09006019556858,-28.954728867478682,10.0,-1.1353313280898973
72889,-21.32131073530856,-21.312932599151054,7.0,-0.008378136157507043
72927,-1.3510841622728265,-2.6962044038150594,0.0,1.345120241542233
72972,-42.20374395179462,-43.95044801249321,16.0,1.7467040606985904
73022,-55.2335512637991,-57.849569172834784,23.0,2.6160179090356834
73039,-44.431882251890954,-51.62093948078082,20.0,7.189057228889865
73068,-5.305652983074217,-5.070527455777451,1.0,-0.23512552729676628
73183,-11.54620364102241,-12.055579628418194,3.0,0.5093759873957833
73194,-16.900636625638327,-17.696316992945643,5.0,0.7956803673073161
73262,-9.014870589036056,-9.50051073484121,2.0,0.4856401458051547
73264,-10.090163447910038,-10.222834521195805,2.0,0.132671073285767
73342,-23.87398725321714,-23.98383804644558,7.0,0.10985079322843916
73427,-17.235692571568702,-16.493866049650702,4.0,-0.741826521918
73452,-5.332174172255131,-4.908143861049024,1.0,-0.42403031120610724
73536,-34.65885753067327,-33.943876470367414,12.0,-0.7149810603058526
73560,-24.48961035588622,-24.276119091987724,8.0,-0.21349126389849715
73597,-21.18207618055586,-23.425754145533585,7.0,2.2436779649777243
73598,-40.57968744067267,-47.047951972762945,11.0,6.468264532090274
73630,-3.9143387905522147,-4.931161438612522,1.0,1.016822648060307
73731,-5.37625823138656,-4.943277105418085,1.0,-0.4329811259684746
73752,-35.44297692433831,-35.73618783408839,14.0,0.2932109097500799
73785,-18.551988354128273,-18.32753138022646,5.0,-0.22445697390181252
73842,-24.254674731743492,-23.873308857286702,8.0,-0.38136587445679027
73844,-15.048106585602895,-14.753710316166336,3.0,-0.29439626943655917
73978,-5.1465164666175465,-5.86632552570359,1.0,0.7198090590860433
73979,-26.42795325053283,-29.025169978091718,9.0,2.5972167275588873
74076,-51.522619181504965,-50.07903836759892,23.0,-1.4435808139060455
74128,-2.6097230968280902,-3.911067836615605,0.0,1.3013447397875146
74287,-15.054737207262658,-15.364048564963445,4.0,0.3093113577007873
74360,-13.091914356929196,-13.940720752123285,3.0,0.8488063951940887
74450,-38.37202315834793,-38.98315754824479,14.0,0.6111343898968613
74463,-5.568847148110372,-4.963542117670368,1.0,-0.6053050304400038
74472,-29.013527293371776,-33.191688819233526,10.0,4.17816152586175
74548,-36.22252554631934,-39.028602770818274,13.0,2.806077224498935
74609,-5.657820599655762,-4.909482138346875,1.0,-0.7483384613088866
74627,-11.879231240288215,-11.931360185762763,3.0,0.05212894547454816
74651,-18.219412950482727,-17.690868487584858,5.0,-0.5285444628978695
74734,-5.12314284324837,-5.485145461578177,1.0,0.3620026183298064
74749,-9.938593155876696,-9.851709758209951,2.0,-0.08688339766674424
74867,-41.6666584846463,-43.46179436820919,16.0,1.7951358835628923
74930,-1.542202325768679,-1.7165085243410745,0.0,0.1743061985723955
74991,-14.131973951016864,-14.347327103411166,4.0,0.21535315239430197
75026,-12.349049809149072,-11.847698499835193,3.0,-0.5013513093138791
75098,-34.92762656610367,-36.2453590804626,9.0,1.31773251435893
75117,-21.43979783363012,-21.324387539971656,6.0,-0.11541029365846356
75254,-17.871199180210983,-17.53927659600736,5.0,-0.3319225842036211
75268,-7.646264923505916,-9.055665001312498,2.0,1.4094000778065823
75279,-11.066863173968876,-12.533685433495922,2.0,1.4668222595270457
75284,-12.807288365048043,-12.067506667095246,3.0,-0.7397816979527967
75292,-9.394351941323356,-9.220233846033544,2.0,-0.1741180952898116
75377,-8.76041881519369,-8.54666564371927,2.0,-0.2137531714744192
75410,-5.949123130100057,-6.316153490701285,1.0,0.36703036060122773
75512,-9.487519892257003,-8.696058298568248,2.0,-0.791461593688755
75586,-0.8587832967314721,-2.109107146484394,0.0,1.2503238497529217
75588,-3.166632808166785,-2.1637769369812836,0.0,-1.0028558711855013
75592,-35.18958117091267,-36.00449300050171,12.0,0.8149118295890432
75706,-1.87497505073023,-1.4813409710145136,0.0,-0.3936340797157165
75774,-34.673286417457675,-33.917410478104095,11.0,-0.7558759393535794
75792,-5.357797693071177,-5.827111771071988,1.0,0.46931407800081093
75824,-76.39232204095632,-84.92317497848218,24.0,8.530852937525864
75866,-5.221999209514912,-5.0621728445162235,1.0,-0.15982636499868885
75896,-7.733901053724119,-9.124527571142895,2.0,1.3906265174187764
75959,-6.121298377531163,-4.973678963678801,1.0,-1.1476194138523619
76038,-1.827852969145071,-3.911067836615605,0.0,2.083214867470534
76084,-11.036241670019333,-11.225993921638711,2.0,0.18975225161937814
76273,-5.280189117091214,-5.222210932885856,1.0,-0.05797818420535794
76344,-8.077429737761925,-8.647922189252654,2.0,0.570492451490729
76361,-1.3980376233983798,-2.088772687414786,0.0,0.6907350640164063
76451,-19.88694151890174,-18.435105955617093,5.0,-1.4518355632846465
76619,-22.135258881164706,-21.033395333359664,6.0,-1.101863547805042
76785,-23.166391465972165,-21.315754634171682,5.0,-1.8506368318004824
76822,-39.52708703905857,-39.04515190747848,16.0,-0.4819351315800944
76848,-20.473754410389454,-21.261133109013247,6.0,0.7873786986237938
76934,-38.4809821144975,-37.12553487822562,15.0,-1.3554472362718784
77009,-1.3867671890824569,-2.3924885456149223,0.0,1.0057213565324654
77066,-36.017316219611175,-35.428753118785025,14.0,-0.5885631008261498
77287,-21.950174687528268,-22.47863512814791,6.0,0.5284604406196429
77318,-24.684862777360365,-23.927282038777072,7.0,-0.7575807385832931
77424,-14.869177944815286,-14.205967931295238,4.0,-0.6632100135200485
77440,-68.67846344135006,-80.20435432010147,28.0,11.525890878751412
77512,-53.898617685283384,-53.025259414461054,25.0,-0.8733582708223295
77520,-5.251695851112031,-5.784416673887191,1.0,0.5327208227751594
77559,-0.5388935988744616,-1.177625112814377,0.0,0.6387315139399155
77572,-0.2656850672796602,-0.27147353087202014,0.0,0.00578846359235996
77637,-47.90041583770288,-52.07149590414155,21.0,4.17108006643867
77640,-7.136978203930963,-7.980837955965876,0.0,0.8438597520349136
77663,-12.96380268194015,-12.648411311541123,3.0,-0.315391370399027
77710,-9.222402831627225,-9.012398007288885,2.0,-0.21000482433833945
77728,-51.13836830310232,-58.103579737354735,19.0,6.965211434252417
77734,-15.444297042938528,-15.406582877334817,4.0,-0.037714165603711436
77828,-31.746653367872003,-32.4390438235065,12.0,0.6923904556344986
77879,-9.663970435686657,-9.953134295286757,2.0,0.2891638596000998
78166,-14.404097239384825,-15.893162881306148,3.0,1.4890656419213233
78515,-52.02598853086255,-61.10184784617511,14.0,9.075859315312563
78532,-20.432667313405908,-19.19270037823237,6.0,-1.2399669351735376
78824,-9.143330885717862,-8.7449220301587,2.0,-0.39840885555916294
78950,-7.28654023542255,-8.143937258788515,1.0,0.8573970233659649
79136,-42.659514275744925,-41.4695542259955,19.0,-1.1899600497494234
79179,-5.177740359298986,-5.023777849036708,1.0,-0.1539625102622777
79203,-2.9400726483978783,-3.607351978415468,0.0,0.6672793300175899
79220,-1.3590664599495519,-0.6929322588943292,0.0,-0.6661342010552227
79253,-17.250851358518478,-17.736482110289167,5.0,0.4856307517706888
79295,-1.9720448086053557,-2.9999202620151957,0.0,1.02787545340984
79297,-18.19567787640068,-17.238820849698747,5.0,-0.9568570267019325
79326,-1.0059515136346977,-1.4813409710145136,0.0,0.47538945737981586
79430,-5.989548606913344,-6.948226418616968,0.0,0.9586778117036241
79457,-4.697117767579637,-4.927231030884438,1.0,0.2301132633048013
79511,-33.97065942210168,-33.068837094733865,13.0,-0.9018223273678174
79612,-5.512140160564038,-5.681401385019014,1.0,0.16926122445497604
79641,-1.1253180262549773,-1.177625112814377,0.0,0.05230708655939975
79693,-9.072101311917793,-9.682110425671972,2.0,0.6100091137541792
79808,-8.967645842936925,-8.816601496431327,2.0,-0.15104434650559817
79849,-21.166487460616406,-21.09286235392638,6.0,-0.07362510669002376
79890,-1.0825824220381954,-1.4813409710145136,0.0,0.39875854897631813
79922,-1.1663682005135605,-1.177625112814377,0.0,0.011256912300816602
80006,-30.16829634498937,-30.034239441193012,11.0,-0.13405690379635615
80071,-59.399633034581996,-67.74119122294321,22.0,8.341558188361219
80101,-7.97520243720243,-8.682721847962753,2.0,0.7075194107603231
80374,-16.993038805586178,-16.071027601637102,4.0,-0.9220112039490758
80427,-0.46949951266430145,-0.8739092546142408,0.0,0.4044097419499394
80647,-52.91704761680908,-49.21465928676272,18.0,-3.702388330046361
80907,-16.710757503574044,-15.78052088714178,4.0,-0.9302366164322642
80930,-17.939421525031158,-19.172259750243747,4.0,1.2328382252125891
80949,-53.787769414140215,-56.302324436102225,17.0,2.5145550219620105
80959,-9.751916762608863,-9.409204590508375,2.0,-0.3427121721004873
80973,-8.033391585500873,-8.711111502039412,2.0,0.677719916538539
81069,-14.446820848105384,-14.381096474245059,4.0,-0.06572437386032526
81174,-13.38926631639698,-12.441120989702107,3.0,-0.9481453266948741
81253,-13.772422586717594,-13.756895381356026,3.0,-0.015527205361568264
81374,-7.456995469975781,-8.740708417218599,1.0,1.283712947242818
81383,-33.21337201652171,-31.87995913880849,9.0,-1.3334128777132186
81403,-9.36381179605807,-9.355969170349042,2.0,-0.007842625709027828
81451,-64.9089972685833,-70.09974374428106,25.0,5.19074647569775
81581,-10.003472955256383,-11.423780255487793,2.0,1.4203073002314106
81754,-49.252752985251234,-49.25870529033424,11.0,0.005952305083006593
81872,-3.352894774148438,-1.7937491934969505,0.0,-1.5591455806514873
81945,-19.12095585256169,-18.99952777439,5.0,-0.12142807817168944
82142,-41.44922820769833,-43.360207361453504,18.0,1.9109791537551715
82175,-27.162484659895593,-21.98948984253805,4.0,-5.172994817357544
82190,-20.367298428868615,-20.21035196117802,6.0,-0.15694646769059517
82303,-5.457501161332033,-5.013459349718433,1.0,-0.4440418116135998
82330,-37.49538113629018,-37.65370356357756,15.0,0.15832242728738066
82407,-17.380873923274393,-16.71115137723055,4.0,-0.6697225460438432
82519,-5.580212050224085,-4.913466665636709,1.0,-0.6667453845873759
82593,-2.1446801226131402,-2.6962044038150594,0.0,0.5515242812019192
82627,-25.272737011300983,-24.838770698821214,8.0,-0.43396631247976813
82716,-28.050495623411233,-28.175644698632347,9.0,0.1251490752211133
82745,-19.106379108706324,-18.633462199562587,5.0,-0.47291690914373774
82761,-20.45268906355718,-19.53896667750994,6.0,-0.9137223860472403
82887,-18.882765657305594,-18.478078474868397,5.0,-0.4046871824371969
83246,-20.072213986550913,-20.312743770014745,6.0,0.24052978346383114
83427,-52.67659687045597,-58.71612027591105,19.0,6.0395234054550855
83506,-24.73822846186229,-25.58837643464081,9.0,0.8501479727785224
83547,-77.30699616874269,-78.21358251128618,41.0,0.9065863425434912
83559,-10.1588471277732,-12.010702294845087,1.0,1.8518551670718875
83616,-8.74305834531993,-9.125203459853488,2.0,0.38214511453355726
83905,-42.37721465463051,-44.151903918697634,18.0,1.7746892640671277
83911,-1.6794634235094354,-2.3924885456149223,0.0,0.7130251221054869
83989,-58.52870927460211,-60.10954055187254,16.0,1.580831277270434
84129,-8.22500090295767,-8.458781566945092,1.0,0.2337806639874227
84163,-28.668408444913734,-33.57610381089691,9.0,4.907695365983177
84215,-11.806404029078175,-12.406217516304926,3.0,0.5998134872267507
84378,-16.669196378184214,-16.65857204045741,5.0,-0.010624337726802935
84408,-0.5760564597233051,-0.8739092546142408,0.0,0.29785279489093575
84424,-7.249125279258687,-6.953721086992254,1.0,-0.29540419226643255
84563,-8.980268428636784,-8.57935780627658,2.0,-0.4009106223602039
84610,-5.31279766762352,-5.1896953510204025,1.0,-0.12310231660311732
84630,-36.968693414731526,-43.305419654330315,8.0,6.336726239598789
84717,-9.115790137486535,-8.770521567817786,0.0,-0.3452685696687485
84782,-21.87160853258701,-21.49118579139417,5.0,-0.3804227411928416
84816,-66.85655590159085,-73.40110458601303,23.0,6.544548684422182
84892,-26.632321772216056,-26.65602279390481,8.0,0.023701021688754764
84905,-15.651846967022413,-14.757163414565044,4.0,-0.8946835524573693
84980,-2.1236520245816792,-2.6962044038150594,0.0,0.5725523792333802
84997,-38.57835915496673,-39.3092235182644,14.0,0.7308643632976697
85183,-116.32687657673114,-111.87946255642392,70.0,-4.447414020307221
85338,-40.18624432896914,-40.96420702225333,16.0,0.777962693284195
85421,-28.576131825956676,-31.00058173737079,10.0,2.424449911414115
85486,-5.354622904011239,-5.102687217992736,1.0,-0.2519356860185029
85542,-8.37693534639025,-8.492599959744172,2.0,0.11566461335392297
85551,-0.35691983020241935,-0.5701933964141045,0.0,0.21327356621168514
85562,-26.189872646456323,-24.7177559979747,8.0,-1.4721166484816237
85730,-51.47297036553504,-56.74660053306448,24.0,5.27363016752944
85748,-5.067303293723226,-5.398485904097844,1.0,0.3311826103746176
86018,-5.665425092811586,-6.17634932013234,1.0,0.5109242273207544
86077,-40.35719390591391,-40.256269844792385,19.0,-0.10092406112152474
86122,-12.936459541686029,-13.087849604385399,3.0,0.15139006269937028
86394,-4.0317772598934605,-4.2147836948157416,0.0,0.18300643492228108
86516,-7.213080377209989,-7.466813379081411,1.0,0.25373300187142167
86696,-28.995702102035434,-28.50419499874671,10.0,-0.4915071032887255
86826,-46.841848550146196,-40.06041420865182,11.0,-6.781434341494375
86881,-38.49875427770982,-37.37820816707629,15.0,-1.1205461106335335
86897,-18.528804662309483,-20.065514418131105,5.0,1.5367097558216223
86903,-0.7444139065296288,-0.5701933964141045,0.0,-0.1742205101155243
86932,-32.133564095345896,-31.310980316264416,10.0,-0.8225837790814801
87060,-13.92799995230123,-14.521787667840114,4.0,0.593787715538884
87244,-9.213512007595446,-9.127548422311342,2.0,-0.08596358528410342
87270,-0.815239970491468,-1.177625112814377,0.0,0.3623851423229091
87279,-0.7525984837989887,-1.177625112814377,0.0,0.42502662901538835
87319,-1.5155574955507158,-2.1814255894377763,0.0,0.6658680938870605
87373,-16.685153163302893,-15.805166003925393,4.0,-0.8799871593774995
87485,-2.7478234351558646,-3.303636120215332,0.0,0.5558126850594673
87766,-3.7542922307430846,-2.492828038294917,0.0,-1.2614641924481678
87936,-9.33715542804606,-9.013291747588951,2.0,-0.32386368045710867
87969,-9.290930255522415,-8.875455588440682,2.0,-0.41547466708173353
88180,-28.80971489099904,-28.31892978694381,10.0,-0.4907851040552309
88305,-4.9025623563819805,-5.445931706946575,1.0,0.5433693505645945
88347,-14.821705774662501,-14.397695698810649,3.0,-0.4240100758518519
88366,-14.439776486805028,-11.751768257991564,3.0,-2.688008228813464
88370,-23.386603015362873,-23.994663473332952,8.0,0.6080604579700797
88552,-20.036783864618105,-20.17681283226131,6.0,0.14002896764320383
88633,-5.334495978700769,-4.999871431923965,1.0,-0.3346245467768041
88930,-5.393349740922493,-5.268016611103595,1.0,-0.12533312981889821
89236,-33.73467088354472,-34.33897515957905,13.0,0.6043042760343269
89239,-20.27063249583982,-18.72947396133201,5.0,-1.5411585345078116
89711,-4.288017646959117,-5.004114209566501,1.0,0.7160965626073841
89747,-26.38634084015316,-28.80834432540405,9.0,2.4220034852508903
89894,-9.092453501364242,-9.123803760513068,2.0,0.03135025914882661
90065,-57.537309052467855,-63.2553324091021,25.0,5.718023356634248
90087,-1.0393892359144425,-1.4813409710145136,0.0,0.441951735100071
90181,-1.2084441802553236,-2.088772687414786,0.0,0.8803285071594624
90296,-0.9298014246385506,-1.4813409710145136,0.0,0.5515395463759629
90360,-1.1117744168557795,-1.4813409710145136,0.0,0.3695665541587341
90372,-9.311005925446134,-9.689726945367418,2.0,0.3787210199212847
90446,-5.545601742659678,-4.985729979822641,1.0,-0.5598717628370373
90450,-37.90281589829104,-34.24283896714915,8.0,-3.659976931141891
90611,-14.155935400520226,-13.683494245114574,3.0,-0.4724411554056527
90659,-23.09486133675183,-23.687966664652265,5.0,0.5931053279004352
91079,-5.6713989469099655,-4.974093515690629,1.0,-0.6973054312193367
91169,-25.26187191767619,-24.98870182122076,8.0,-0.2731700964554271
91223,-8.82163296890318,-9.138640392409343,1.0,0.31700742350616373
91241,-26.402507019707784,-27.89833382348896,8.0,1.4958268037811777
91253,-30.9381069335181,-31.72278116744632,11.0,0.7846742339282216
91350,-1.644497522880185,-2.3924885456149223,0.0,0.7479910227347373
91358,-5.289369382286696,-5.493934101451262,1.0,0.20456471916456564
91393,-15.12143763562876,-14.799105578828124,4.0,-0.3223320568006365
91532,-1.2750727075894273,-1.177625112814377,0.0,-0.09744759477505016
91843,-38.01257861611318,-34.09989908432251,9.0,-3.9126795317906726
91849,-10.028066342974855,-9.762658007251895,1.0,-0.2654083357229595
91914,-57.806742823121716,-98.93233679161803,22.0,41.12559396849631
92072,-2.191741652578054,-3.303636120215332,0.0,1.1118944676372777
92084,-17.266301177630808,-16.480558217308587,4.0,-0.7857429603222208
92098,-0.6445766557327172,-0.8986608433753865,0.0,0.2540841876426694
92373,-20.460434328941812,-19.320727528840436,6.0,-1.1397068001013757
92398,-19.384354588416603,-17.97082224073068,5.0,-1.4135323476859227
92479,-18.74589083092251,-18.13601043735453,5.0,-0.6098803935679804
92515,-14.196726532508771,-14.957138484670933,4.0,0.760411952162162
92593,-28.42262844234316,-27.8268242504506,10.0,-0.5958041918925616
92665,-26.627571658770695,-25.917779564682277,6.0,-0.7097920940884173
92827,-5.371455542358588,-5.864288830361069,1.0,0.4928332880024806
92836,-9.07707434137169,-8.60258396659036,2.0,-0.47449037478132894
92838,-37.18246816692611,-37.80696209750132,17.0,0.6244939305752126
92912,-13.529189121683457,-16.137242122979366,2.0,2.608053001295909
92930,-6.592339319050751,-6.704003902536593,1.0,0.11166458348584207
92988,-15.640195553881846,-17.195392001639654,4.0,1.5551964477578082
93009,-40.801491577471545,-41.077673000720154,17.0,0.27618142324860884
93082,-0.8775205222702651,-1.4813409710145136,0.0,0.6038204487442485
93111,-12.301022641228869,-12.409649452784386,3.0,0.10862681155551712
93236,-26.26895564089392,-26.745539263300532,8.0,0.47658362240661134
93283,-55.36792447008787,-55.053774034608196,29.0,-0.31415043547967514
93306,-16.21849252019955,-17.4370011972139,5.0,1.2185086770143485
93311,-22.594656770085038,-30.48162950048275,6.0,7.886972730397712
93361,-1.2095652281796385,-0.8739092546142408,0.0,-0.33565597356539767
93362,-0.8959449837008867,-1.177625112814377,0.0,0.2816801291134904
93367,-98.3554812467964,-93.44717104305579,55.0,-4.908310203740612
93464,-1.067681819469282,-1.2807539410630089,0.0,0.2130721215937268
93656,-23.926043721059607,-24.95317035585514,7.0,1.0271266347955326
93662,-22.038720665391413,-20.41788563289706,5.0,-1.6208350324943517
94091,-6.3884132731465195,-4.93934191878303,1.0,-1.4490713543634897
94163,-9.881965088068847,-9.969284505023944,2.0,0.08731941695509704
94288,-12.846967857807574,-12.316871462909516,3.0,-0.5300963948980577
94316,-5.696954037287032,-5.3362847984532875,1.0,-0.36066923883374447
94341,-0.8801856700821243,-1.3907438826014051,0.0,0.5105582125192808
94345,-32.696096490976714,-32.38660015163388,11.0,-0.3094963393428358
94414,-103.3008898876544,-124.73330325705311,52.0,21.432413369398702
94486,-1.5442782383267812,-2.088772687414786,0.0,0.5444944490880048
94755,-9.31670041509711,-9.024415782393731,2.0,-0.2922846327033781
95083,-19.603783807647336,-22.46193929438005,4.0,2.858155486732713
95184,-24.525677448565766,-23.713909336618162,7.0,-0.8117681119476039
95245,-4.379537263781661,-5.12593126941615,0.0,0.7463940056344889
95253,-19.339383283763524,-21.40825627147563,6.0,2.068872987712105
95460,-6.349093207681031,-5.380593880919256,1.0,-0.9684993267617754
95474,-0.9804451427734443,-1.4813409710145136,0.0,0.5008958282410693
95521,-8.961142077116037,-9.406818596925078,2.0,0.4456765198090409
95632,-25.20436902225253,-27.834816268696905,9.0,2.630447246444376
95704,-14.009623645859161,-15.557911473428316,3.0,1.5482878275691547
95806,-21.424181000425616,-22.147246939929776,6.0,0.7230659395041599
96042,-10.514585979851311,-11.075887694793249,2.0,0.561301714941937
96157,-5.006553476258296,-5.3844796752885555,0.0,0.37792619903025937
96172,-98.18980061101011,-96.55400359858368,37.0,-1.635797012426437
96188,-17.043308764749877,-17.78656393403729,5.0,0.7432551692874121
96273,-58.616934888697656,-66.02193448947209,28.0,7.404999600774431
96281,-8.620662437304656,-8.175223830673504,1.0,-0.44543860663115176
96291,-1.0955282948436245,-1.2054698242894017,0.0,0.10994152944577729
96323,-11.248751509575307,-12.125335367320359,3.0,0.876583857745052
96327,-57.671139311806726,-55.49106545701725,24.0,-2.1800738547894767
96361,-28.72724782056677,-28.881367867184156,10.0,0.1541200466173862
96388,-17.907667574049473,-18.3094859634872,5.0,0.40181838943772874
96393,-13.471366784724914,-17.05151634675079,4.0,3.580149562025877
96636,-5.9566656080796285,-9.377953284218059,0.0,3.42128767613843
97093,-174.2801928365814,-168.83581000559354,60.0,-5.444382830987848
97191,-28.08424806978984,-27.292284252807665,8.0,-0.7919638169821752
97219,-26.37418680765674,-27.258908428200698,8.0,0.8847216205439565
97319,-13.106833195005073,-10.215132578317665,2.0,-2.891700616687409
97359,-8.405713807271376,-8.557857571704108,2.0,0.1521437644327328
97406,-57.20677114169645,-57.72083569634773,30.0,0.5140645546512772
97578,-23.460321040064844,-24.16503976618259,7.0,0.704718726117747
97603,-14.615434644893247,-15.550836076895024,4.0,0.9354014320017772
97667,-24.91119183199206,-28.10842700176349,7.0,3.1972351697714316
97734,-63.65629252285006,-78.4224090855256,26.0,14.766116562675542
98334,-1.6105328222437711,-1.4813409710145136,0.0,-0.12919185122925758
98448,-5.806235103560327,-5.359416569465543,1.0,-0.4468185340947839
98577,-13.588150397624613,-12.397823326882328,3.0,-1.1903270707422848
98649,-8.946213963713936,-9.583900464978854,2.0,0.637686501264918
98711,-56.38815782710306,-56.46485578931858,28.0,0.07669796221551906
98756,-24.144000748948976,-27.09712487447094,6.0,2.9531241255219634
98979,-10.95323804670834,-12.941061149519838,1.0,1.9878231028114985
99053,-34.50015113099241,-51.777099268341004,10.0,17.276948137348597
99093,-25.06769280103842,-26.49724652678711,5.0,1.4295537257486899
99115,-19.1037005706512,-17.467070986519463,5.0,-1.636629584131736
99336,-14.901871888947595,-16.156784750125134,4.0,1.254912861177539
99358,-51.62415941382891,-51.88092694424634,18.0,0.2567675304174273
99493,-8.905208008828074,-8.46039888979331,2.0,-0.4448091190347636
99494,-5.00803371268325,-4.999940528990168,1.0,-0.00809318369308265
99514,-27.971053622000216,-27.927557816447226,10.0,-0.04349580555298971
99576,-11.94523436269652,-12.785633888782037,2.0,0.8403995260855179
99581,-5.258122449857259,-5.12597323376819,1.0,-0.13214921608906938
99721,-12.432547510773514,-12.149995012685634,3.0,-0.2825524980878793
99981,-21.21382997470839,-20.516128018386834,6.0,-0.6977019563215556
99982,-67.92955381990942,-62.842715327992046,13.0,-5.086838491917369
100055,-17.177399449906883,-21.895754565349932,3.0,4.71835511544305
100085,-5.623088952840805,-5.9018013096913755,1.0,0.27871235685057094
100333,-10.049909694407518,-9.891035225041422,2.0,-0.15887446936609528
100473,-10.063299929614628,-9.105506752813783,2.0,-0.9577931768008447
100493,-12.88755946189838,-13.158410387096033,3.0,0.27085092519765297
100712,-28.25713525824635,-38.585715771399094,7.0,10.328580513152744
100782,-33.932599453161544,-33.63500606428247,13.0,-0.29759338887907205
100786,-15.695686125361402,-13.74421483324114,3.0,-1.951471292120262
100882,-11.316512367209043,-10.90368512807925,2.0,-0.41282723912979336
100897,-0.5452824678285867,-0.5701933964141045,0.0,0.0249109285855178
100942,-14.007651056938704,-14.195521169190886,4.0,0.18787011225218286
100990,-1.2056811115252508,-1.7850568292146498,0.0,0.579375717689399
101030,-13.879560557234786,-14.425767879287854,4.0,0.5462073220530677
101032,-9.774333726034627,-10.609885874337564,2.0,0.8355521483029378
101068,-17.50281548696651,-17.515540903528606,5.0,0.012725416562094694
101241,-177.45375590951883,-149.5213607133894,126.0,-27.93239519612942
101519,-19.131784370559412,-22.003861150751014,5.0,2.872076780191602
101827,-1.0353108251894825,-1.177625112814377,0.0,0.14231428762489462
101875,-26.833520677607364,-26.87385904172551,9.0,0.04033836411814562
101913,-10.377459828545113,-9.652661420768842,2.0,-0.7247984077762712
101926,-0.7953347624432464,-1.4813409710145136,0.0,0.6860062085712672
101931,-19.27962220028593,-20.63604233232344,4.0,1.3564201320375098
101942,-8.408637140087572,-8.645093646854939,2.0,0.2364565067673663
101986,-0.5734829835859261,-1.177625112814377,0.0,0.604142129228451
102043,-113.40667998423669,-105.22264472373239,60.0,-8.184035260504302
102107,-6.86988391278967,-6.711570039703235,1.0,-0.15831387308643485
102145,-12.17187227650519,-11.77130091282685,3.0,-0.4005713636783401
102188,-15.442506843699418,-19.375606704492114,4.0,3.933099860792696
102473,-11.33132599864049,-11.744796513976283,0.0,0.41347051533579204
102576,-31.956059140443315,-32.3708462944332,8.0,0.4147871539898844
102617,-42.38829093946336,-46.054334755344605,19.0,3.6660438158812454
102684,-19.92341007156601,-20.04965193951173,4.0,0.12624186794571912
102696,-1.2505622658740247,-1.9014984344226504,0.0,0.6509361685486257
102721,-0.16344566619262446,-0.2124014655402543,0.0,0.048955799347629836
102734,-231.63554712639407,-182.0004257117402,190.0,-49.63512141465387
102854,-9.908177316022561,-9.050336139580418,2.0,-0.8578411764421432
102862,-20.66895267871448,-21.94181875808737,5.0,1.2728660793728892
102900,-13.893311244679765,-13.470479586909141,3.0,-0.42283165777062415
102997,-81.89015812464764,-86.83501454651397,39.0,4.944856421866334
103012,-44.509797895114716,-46.8099229905088,13.0,2.300125095394087
103105,-20.059072089923713,-19.508707277860765,4.0,-0.5503648120629485
103157,-23.069952395777705,-23.63716983748869,7.0,0.5672174417109836
103184,-12.412300062214808,-12.631097910511787,3.0,0.21879784829697968
103315,-13.42724710943003,-13.201986346377751,3.0,-0.2252607630522796
103355,-14.008039028659283,-15.289727215732906,4.0,1.2816881870736232
103384,-11.307194485986187,-12.360721732835295,3.0,1.0535272468491073
103410,-5.816957914637847,-6.515840492663344,1.0,0.698882578025497
103785,-1.2079181211212109,-1.7850568292146498,0.0,0.5771387080934389
103799,-35.22473525771561,-39.58565551649735,15.0,4.360920258781739
103815,-47.55945536911634,-47.61996739916202,22.0,0.060512030045678955
103837,-50.88525761836723,-50.320695668446,21.0,-0.5645619499212273
104002,-5.710246431714867,-4.937839777792419,1.0,-0.7724066539224479
104011,-23.15550050354607,-22.95335774502406,7.0,-0.20214275852200814
104039,-11.65880729652351,-12.252003247367162,3.0,0.5931959508436524
104058,-0.48616545898066654,-1.177625112814377,0.0,0.6914596538337106
104116,-1.1077238291764435,-1.9401128768616465,0.0,0.8323890476852029
104168,-23.773743070185564,-21.945469073101876,5.0,-1.8282739970836879
104191,-14.468286438320769,-14.406041968056831,4.0,-0.06224447026393776
104334,-16.944504494122672,-16.73596154313221,5.0,-0.20854295099046283
104415,-11.479075317659568,-11.744689129945519,3.0,0.2656138122859506
104508,-39.72591754056672,-45.70463090322509,14.0,5.978713362658368
104647,-16.104549965917233,-16.904924848462745,4.0,0.8003748825455119
104716,-34.36002216734924,-40.4535989361382,12.0,6.093576768788957
104754,-17.470430959839184,-16.798386221735797,5.0,-0.6720447381033878
104777,-26.66968711082544,-26.254752235868935,8.0,-0.4149348749565043
104958,-15.267048903721623,-14.799827591137067,4.0,-0.4672213125845559
104974,-5.221282320047891,-5.05233973653297,1.0,-0.1689425835149212
105059,-15.233401874920574,-14.295634971031795,4.0,-0.9377669038887788
105077,-21.43044874191619,-20.699903814745102,6.0,-0.7305449271710884
105161,-53.04331119983234,-67.38193034864425,20.0,14.338619148811908
105175,-22.41695534044281,-25.766035604125086,5.0,3.349080263682275
105330,-35.69248048448992,-35.67081173521347,13.0,-0.021668749276450683
105359,-18.896223639063848,-23.526107480013756,6.0,4.629883840949908
105408,-54.61530899502548,-52.94771754721947,27.0,-1.6675914478060108
105459,-9.192285654316068,-8.602800295803466,2.0,-0.5894853585126025
105911,-0.8273482252569575,-0.8739092546142408,0.0,0.046561029357283346
105966,-23.29147594205001,-23.372440880038397,8.0,0.08096493798838722
106186,-26.102789618385025,-31.108245022435693,8.0,5.005455404050668
106205,-3.736942745091151,-4.494647100242669,0.0,0.7577043551515179
106336,-20.256136310359203,-19.59471994001809,6.0,-0.6614163703411116
106488,-5.468103582977748,-5.107167409447435,1.0,-0.3609361735303134
106582,-1.603849240443439,-1.7850568292146498,0.0,0.1812075887712108
106611,-16.626487717048896,-17.128518861005045,4.0,0.5020311439561489
106639,-1.1277691146038695,-1.4813409710145136,0.0,0.35357185641064404
106809,-20.112916515980032,-18.837766565998518,5.0,-1.2751499499815147
106982,-7.707581867306552,-5.553933834192686,1.0,-2.153648033113866
107161,-37.81015985271092,-36.14271188746784,12.0,-1.6674479652430776
107246,-5.497921539800609,-6.561551381935273,1.0,1.063629842134664
107307,-28.30068109641732,-27.74725008345503,8.0,-0.5534310129622924
107681,-8.550052450155572,-8.769060954749204,2.0,0.21900850459363141
107695,-22.39102691558596,-22.2528520194904,7.0,-0.13817489609555977
107708,-0.7134907654048687,-1.3417518802079216,0.0,0.6282611148030529
107732,-1.2075793599674154,-1.7850568292146498,0.0,0.5774774692472344
107764,-1.2328535602947834,-1.7850568292146498,0.0,0.5522032689198664
108056,-13.0572503173761,-12.373412459235501,3.0,-0.683837858140599
108082,-60.77397643976004,-58.17589480177099,28.0,-2.598081637989054
108089,-8.078305508591821,-9.263451396217786,2.0,1.1851458876259642
108109,-5.212143778392272,-4.878438944484284,1.0,-0.333704833907988
108228,-16.842208644756216,-19.107790220989205,4.0,2.2655815762329894
108357,-5.951374988451853,-5.677046864698303,1.0,-0.2743281237535502
108531,-74.37831732891526,-70.39902284689545,32.0,-3.97929448201981
108623,-8.502967253957166,-8.940348953953764,2.0,0.4373816999965978
108878,-5.06946773267828,-5.017545018756757,1.0,-0.051922713921523034
108900,-39.025848800675725,-38.71130456018331,17.0,-0.3145442404924168
108979,-18.511199781842613,-20.264592411454267,6.0,1.7533926296116533
108982,-16.41831184673008,-16.120835094065328,4.0,-0.29747675266475326
109154,-17.65381970044354,-17.902443646741457,4.0,0.24862394629791496
109158,-24.58153813875592,-22.938805189827697,4.0,-1.6427329489282236
109402,-11.7390743693506,-13.269476510192643,2.0,1.5304021408420425
109565,-59.9233638218786,-61.07127664601552,27.0,1.1479128241369168
109566,-38.46279962967976,-41.20639100785648,13.0,2.743591378176724
109593,-40.37912552203723,-51.1483078371848,18.0,10.769182315147575
109630,-41.57469699974625,-41.88571507035151,16.0,0.31101807060525744
109646,-5.537463867619042,-5.915628539053188,1.0,0.37816467143414556
109748,-30.37261963947344,-32.10562572029883,10.0,1.7330060808253904
109775,-41.302324517874034,-40.723970651028814,15.0,-0.5783538668452195
109777,-72.28973008257343,-68.57702146269175,45.0,-3.712708619881681
109819,-102.96900077250956,-128.50472072254894,20.0,25.53571995003938
109933,-30.924494195035535,-31.091629944871812,10.0,0.16713574983627666
109944,-14.761836540004683,-15.095881121073031,4.0,0.33404458106834767
109947,-6.119824609882,-6.701962640678064,1.0,0.582138030796064
110015,-18.151302965132167,-17.305413795546713,5.0,-0.8458891695854547
110030,-0.28016574742323,-0.5837554240150674,0.0,0.3035896765918374
110059,-1.5382516958984558,-2.6962044038150594,0.0,1.1579527079166037
110083,-32.07285837899244,-32.82884466522312,13.0,0.7559862862306801
110142,-7.229749852629549,-7.055959663249374,1.0,-0.173790189380175
110174,-0.6338548591223245,-1.177625112814377,0.0,0.5437702536920526
110187,-21.913870397938066,-21.07698308688799,6.0,-0.8368873110500772
110333,-25.838548123648838,-25.181666286176444,8.0,-0.6568818374723939
110513,-27.96219914664088,-28.066134470181247,10.0,0.10393532354036594
110583,-0.5149896191802837,-0.8739092546142408,0.0,0.3589196354339571
110687,-15.292289150091,-15.121423286764912,4.0,-0.1708658633260871
110713,-26.164445951318488,-26.747518706745133,6.0,0.5830727554266453
110798,-5.3099273114356444,-5.0416872355907385,1.0,-0.26824007584490595
110843,-18.10360925581813,-17.418785554981163,5.0,-0.6848237008369686
110882,-26.228409104079702,-24.297889471253242,7.0,-1.93051963282646
110962,-66.88771063541853,-72.80121197699702,29.0,5.913501341578495
111039,-23.424630540884177,-22.361776447350767,6.0,-1.06285409353341
111175,-19.86459258254729,-21.15093696582847,5.0,1.2863443832811825
111256,-190.41537441063116,-287.07319731273236,49.0,96.6578229021012
111382,-14.33728466621384,-15.375029289855773,4.0,1.0377446236419328
111389,-7.647099400240759,-9.677455589454636,1.0,2.0303561892138777
111426,-12.269400069888777,-10.85652134085346,2.0,-1.4128787290353166
111437,-7.626298852388233,-6.308466772841271,1.0,-1.317832079546962
111488,-14.812175373456938,-14.528479259505689,4.0,-0.2836961139512493
111501,-5.691283502086687,-6.071566681060915,1.0,0.3802831789742278
111535,-6.83089091268728,-6.761931535929164,1.0,-0.06895937675811581
111624,-28.99908707995119,-30.164750905839888,9.0,1.1656638258886964
111658,-4.6321227373393725,-8.770521567817786,0.0,4.138398830478414
111731,-26.70360896640197,-26.33139646410273,9.0,-0.37221250229923797
111887,-31.499414936441227,-31.352191153435015,10.0,-0.1472237830062113
111902,-1.924388406545355,-2.6962044038150594,0.0,0.7718159972697045
111913,-12.559458030668432,-12.61236681615145,3.0,0.052908785483017695
111989,-6.084723041235143,-5.4953488181910375,1.0,-0.5893742230441052
112141,-6.983521576142974,-6.499160469783324,1.0,-0.4843611063596498
112264,-15.307805430987335,-17.297027745692183,3.0,1.9892223147048487
112423,-5.375012115776895,-5.037612061386183,0.0,-0.3374000543907121
112639,-1.8699243599828446,-3.303636120215332,0.0,1.4337117602324874
112716,-216.79595050690008,-219.45400936342782,124.0,2.658058856527731
112718,-0.18621585929647902,-0.8739092546142408,0.0,0.6876933953177619
113023,-17.82119251796605,-19.938573728662547,5.0,2.1173812106964967
113128,-5.261724722634089,-5.6386208500189126,1.0,0.3768961273848239
113138,-11.832304955600247,-12.632364279678734,3.0,0.8000593240784877
113186,-6.828012754620139,-2.9999202620151957,0.0,-3.8280924926049433
113387,-26.506172412427354,-28.545819700660786,8.0,2.039647288233432
113423,-11.865672328914325,-11.52128692601802,3.0,-0.3443854028963056
113470,-14.386075877866523,-15.058208376896609,4.0,0.6721324990300861
113552,-7.215021490544969,-7.555658135017241,0.0,0.34063664447227193
113668,-21.863509274132117,-20.33373713553173,6.0,-1.5297721386003857
113792,-5.467666131632474,-5.022654685786877,1.0,-0.44501144584559693
113934,-5.6325478776204925,-5.574598846785347,1.0,-0.0579490308351458
113968,-30.5296009602822,-30.808612512369727,9.0,0.27901155208752826
114087,-19.381640590515783,-19.726859633079567,5.0,0.3452190425637838
114177,-27.344056058902698,-28.138034412870486,8.0,0.7939783539677876
114218,-5.2720472084117915,-5.191352690689291,1.0,-0.08069451772250069
114499,-19.025901524229706,-20.005257909809437,6.0,0.9793563855797309
114519,-72.07555108284693,-91.21366193261225,26.0,19.138110849765326
114535,-9.11212852104583,-8.752789269790842,2.0,-0.35933925125498867
114573,-22.82026111223262,-22.222685090768557,7.0,-0.5975760214640644
114621,-33.280619655255684,-33.58048639559667,11.0,0.29986674034098826
114656,-4.614057924448576,-4.948386772448205,1.0,0.3343288479996289
114703,-21.919527639410084,-21.357091603299832,6.0,-0.5624360361102525
114834,-8.875630715415006,-8.678009618243284,2.0,-0.19762109717172294
114913,-19.63441393470316,-19.409373789670344,5.0,-0.22504014503281766
114984,-92.08296016782322,-88.44466382263373,42.0,-3.638296345189488
115064,-7.605976957249141,-8.705554529276574,2.0,1.0995775720274326
115198,-13.423944260885719,-12.552429540045425,3.0,-0.8715147208402936
115217,-24.05728411478439,-21.418206240643286,5.0,-2.6390778741411047
115314,-9.761174781246362,-9.763139172624998,2.0,0.001964391378635355
115598,-66.81226627605004,-81.8684486479577,22.0,15.056182371907667
115889,-1.5312944899030574,-2.6962044038150594,0.0,1.164909913912002
115898,-46.59006376248728,-48.108202046214934,23.0,1.5181382837276516
115919,-26.14338584727821,-26.297026949359218,8.0,0.15364110208100712
115994,-69.77257424395043,-68.81258646917296,28.0,-0.9599877747774741
116025,-8.632037269832981,-8.597908033607768,2.0,-0.03412923622521369
116226,-1.887029631207256,-2.6962044038150594,0.0,0.8091747726078033
116270,-54.73690908622472,-55.5483257077489,26.0,0.8114166215241809
116288,-5.390242998677463,-5.0243574939059386,1.0,-0.3658855047715246
116291,-5.661169734910028,-6.3101241125101595,1.0,0.6489543776001314
116395,-0.5495492862635482,-0.88012617628071,0.0,0.33057689001716184
116429,-5.199742267936283,-5.102455179727965,1.0,-0.09728708820831766
116681,-3.9157593430842854,-2.9999202620151957,0.0,-0.9158390810690897
116844,-19.486018228479644,-17.457683890214888,5.0,-2.028334338264756
116877,-67.11567108480669,-65.998266247497,28.0,-1.1174048373096923
116885,-16.413996760471626,-15.892129824322433,4.0,-0.521866936149193
116923,-48.877991014386204,-50.111385130730376,19.0,1.2333941163441722
117035,-12.340428792200447,-11.66915609859316,3.0,-0.6712726936072873
117052,-5.370618698754108,-5.077156046426035,1.0,-0.2934626523280732
117106,-8.894311580504686,-8.704193691870383,2.0,-0.1901178886343029
117208,-17.756379364028017,-21.427433961150527,5.0,3.6710545971225095
117213,-30.380305452413623,-43.13843543848422,10.0,12.7581299860706
117244,-5.027625487657113,-5.138953130250507,1.0,0.11132764259339378
117246,-12.492421072842651,-12.330630580816086,3.0,-0.16179049202656515
117411,-32.60067860420962,-32.69179142872052,11.0,0.09111282451090119
117519,-17.033261829210627,-17.759340772002204,5.0,0.7260789427915775
117597,-12.756466643019687,-12.138863275847251,3.0,-0.6176033671724355
117784,-1.093753823570455,-1.4813409710145136,0.0,0.38758714744405864
117785,-1.4154078474004308,-2.942730042877013,0.0,1.5273221954765823
117943,-74.36858628862137,-94.46026660939417,26.0,20.091680320772795
117967,-16.96984396247809,-16.70250635967007,5.0,-0.2673376028080199
118041,-11.513199390552334,-11.856980486829466,2.0,0.34378109627713194
118042,-18.053135895812733,-17.915311043057493,5.0,-0.1378248527552408
118140,-35.85898996332704,-36.66022169726014,14.0,0.8012317339331005
118233,-23.25651269015371,-23.250681941726878,7.0,-0.005830748426831178
118397,-1.8880644902885353,-1.7850568292146498,0.0,-0.10300766107388548
118461,-51.74474385655624,-60.313481175582346,24.0,8.568737319026106
118491,-18.80633044311866,-18.012799487296718,4.0,-0.793530955821943
118660,-12.257072504843427,-16.86464394285618,3.0,4.607571438012753
118678,-14.626337476841506,-14.986119736035956,4.0,0.35978225919444995
118723,-5.344292026557215,-4.939191436379763,1.0,-0.4051005901774527
118798,-33.44679882012041,-32.64199984030693,10.0,-0.8047989798134765
118801,-9.297894458338723,-9.25253052555277,2.0,-0.04536393278595341
118941,-25.13880328280076,-26.275040550416275,7.0,1.1362372676155132
119013,-5.693116408238651,-4.980125260226596,1.0,-0.7129911480120548
119214,-13.629914626155138,-12.848950189321801,3.0,-0.7809644368333366
119297,-23.11898616118331,-22.70987161150121,6.0,-0.40911454968210137
119503,-34.38871356827613,-39.4395301547109,12.0,5.05081658643477
119510,-33.04360033129429,-33.329312191752365,9.0,0.28571186045807195
119531,-30.90828197640869,-50.056203399856344,10.0,19.147921423447652
119666,-13.38627186961211,-14.195297125571594,4.0,0.8090252559594848
119748,-1.5928139104173595,-2.088772687414786,0.0,0.4959587769974265
120158,-60.1822786424264,-58.31535142371555,30.0,-1.866927218710849
120238,-23.66342630053243,-22.81924551680781,6.0,-0.8441807837246174
120255,-12.63779865511029,-12.231870034473452,3.0,-0.4059286206368373
120413,-17.404367174486456,-18.19553858929563,5.0,0.791171414809174
120491,-5.752534373841981,-6.415224844741269,1.0,0.662690470899288
120751,-36.273173764813535,-34.25433017256541,11.0,-2.0188435922481247
120757,-17.614698003422077,-17.496039058669666,5.0,-0.11865894475241134
120797,-17.490834100573956,-17.194789920889676,5.0,-0.2960441796842801
120850,-6.356664575475506,-6.6209680714009425,1.0,0.26430349592543667
121059,-12.051872910534366,-9.816591689827373,2.0,-2.2352812207069928
121132,-22.376006207493926,-22.66657988321259,7.0,0.2905736757186652
121169,-0.43572187031886817,-1.177625112814377,0.0,0.741903242495509
121381,-21.179959368099794,-19.571380088519163,5.0,-1.6085792795806313
121448,-12.751534786949343,-13.121068965676695,3.0,0.3695341787273527
121633,-22.583938238830655,-22.314179709358733,7.0,-0.2697585294719218
121784,-17.610122112349153,-17.20880707632908,5.0,-0.40131503602007257
121828,-15.031454725833878,-15.263226819976603,3.0,0.23177209414272504
121916,-36.800846475160284,-38.07586131840337,14.0,1.2750148432430848
122089,-10.182711012840944,-10.06030850819217,2.0,-0.12240250464877356
122109,-16.30292852589793,-19.067436536258615,5.0,2.764508010360686
122131,-15.07744710818825,-15.16557003296571,4.0,0.0881229247774602
122217,-149.60612999425834,-146.5874918097913,109.0,-3.0186381844670507
122258,-3.3937385750431774,-4.746409525851019,0.0,1.3526709508078412
122399,-17.89898963804695,-17.56773410550985,5.0,-0.3312555325370994
122595,-0.0875300551675876,-0.266477538213968,0.0,0.17894748304638042
122671,-18.766873751565498,-22.1182005904061,4.0,3.3513268388406026
122704,-24.037498585286205,-27.083515424955696,6.0,3.046016839669491
122726,-0.9517104847957145,-1.4813409710145136,0.0,0.529630486218799
122786,-18.915618444106915,-18.72675582816924,5.0,-0.18886261593767628
122813,-23.03266990331875,-22.859558576918797,7.0,-0.17311132639995463
122829,-11.720079141754894,-14.782812837369855,1.0,3.062733695614961
122849,-11.89772699615334,-12.248990467409495,2.0,0.3512634712561553
122904,-35.64515243116903,-34.16297993548253,10.0,-1.4821724956864983
122906,-74.85124081027564,-83.71953548689861,38.0,8.868294676622966
122928,-30.64481736341894,-28.941521242812218,9.0,-1.7032961206067228
122954,-8.446256587342251,-8.589121152386085,2.0,0.14286456504383338
122975,-30.314767588012604,-30.580322457633063,12.0,0.26555486962045904
123052,-12.551205905939545,-13.989767042480757,2.0,1.438561136541212
123131,-15.47472748404551,-13.760432565553591,3.0,-1.7142949184919178
123147,-43.37964567817749,-42.90376115900579,18.0,-0.47588451917170005
123283,-44.0970451132917,-43.501019916070994,17.0,-0.5960251972207047
123456,-16.771161668379868,-16.078952594727753,4.0,-0.6922090736521156
123461,-6.843616158955697,-7.752066967512727,1.0,0.9084508085570295
123582,-2.2196969301546625,-2.9999202620151957,0.0,0.7802233318605332
123600,-8.082597355104262,-8.501011138907957,1.0,0.418413783803695
123602,-15.110916237299241,-13.772410465683947,3.0,-1.338505771615294
123716,-1.8317285044506024,-2.8321990775384047,0.0,1.0004705730878023
123754,-5.922677214463609,-5.481354471039787,1.0,-0.4413227434238216
123761,-0.8089159199484113,-1.177625112814377,0.0,0.3687091928659658
123780,-9.420357440203796,-9.277607516429054,2.0,-0.14274992377474227
124009,-15.534961550774328,-14.969563017128836,4.0,-0.5653985336454923
124038,-30.931336791655315,-43.00451000833828,11.0,12.073173216682964
124335,-32.70249761852935,-37.851952701392726,11.0,5.149455082863376
124436,-5.082154039304649,-4.9586264455987346,1.0,-0.12352759370591482
124585,-22.03096563611396,-22.305481919739584,6.0,0.27451628362562275
124622,-19.414956844822605,-18.76216613423282,5.0,-0.6527907105897839
124710,-17.32429340594257,-17.145419519664802,5.0,-0.178873886277767
124887,-15.609073466089423,-14.356600941035689,4.0,-1.2524725250537347
125095,-16.194734020819105,-22.08594323597101,2.0,5.891209215151903
125133,-6.911971705454703,-7.251942276817105,0.0,0.33997057136240194
125228,-0.9051346204835975,-1.3056838252134788,0.0,0.4005492047298813
125305,-3.8564036170555407,-3.607351978415468,0.0,-0.24905163864007251
125357,-0.5117506998668842,-0.8739092546142408,0.0,0.3621585547473567
125470,-15.369929089087002,-14.232644449688653,3.0,-1.1372846393983487
125730,-8.25946785304,-8.212938196703691,1.0,-0.046529656336309344
125860,-1.9142561020290436,-2.9999202620151957,0.0,1.085664159986152
125906,-6.346714517395804,-6.476409182699294,1.0,0.12969466530349028
125923,-37.47293922243409,-38.25912663803307,14.0,0.7861874155989739
126106,-55.35430669135565,-52.66522743041863,23.0,-2.689079260937021
126208,-115.03180111084359,-100.61959244521464,81.0,-14.412208665628953
126224,-9.560408014829973,-9.557076552911886,2.0,-0.0033314619180870864
126247,-5.148513951600273,-5.947624432298755,1.0,0.7991104806984826
126251,-17.643639592046803,-18.617291450621508,5.0,0.9736518585747049
126281,-5.475222948861154,-6.340794702216695,0.0,0.8655717533555416
126318,-5.743773526343491,-6.035581819786859,1.0,0.2918082934433688
126327,-42.852574232325246,-42.18332246597832,14.0,-0.6692517663469246
126398,-38.91408295865085,-46.96103621983274,10.0,8.04695326118189
126505,-4.798092193079203,-4.915857433456087,1.0,0.11776524037688407
126688,-22.18026675042739,-27.298020993179755,6.0,5.1177542427523655
126971,-29.58675971150752,-37.512295135316116,8.0,7.925535423808597
127121,-18.32848821576969,-17.38617447178936,4.0,-0.9423137439803284
127131,-11.835121089429093,-12.148824808605836,3.0,0.31370371917674333
127231,-10.95362359347102,-12.207605437727455,5.0,1.253981844256435
127262,-4.751131872206926,-5.022654685786877,1.0,0.271522813579951
127275,-40.61334715495273,-41.305043943468654,18.0,0.6916967885159266
127350,-4.101373210291626,-5.005422309415565,1.0,0.9040490991239398
127630,-10.315968270211027,-8.733510863677552,2.0,-1.582457406533475
127666,-7.167703119639152,-7.714814970306969,1.0,0.5471118506678163
127708,-1.54921079184719,-2.4265793793005894,0.0,0.8773685874533994
127782,-25.903981242147108,-26.536241687943903,7.0,0.6322604457967955
127786,-6.045581432531203,-4.8691273830198805,1.0,-1.1764540495113227
127962,-158.2923941899206,-165.19033020194914,79.0,6.897936012028538
128071,-15.998378174510338,-16.762293091084192,5.0,0.7639149165738548
128121,-39.139579866834346,-38.13252132924354,14.0,-1.007058537590808
128717,-11.034692135567155,-11.026529908736439,3.0,-0.008162226830716435
128854,-11.074190726406032,-11.744999763521829,3.0,0.6708090371157969
128880,-28.716614641952177,-25.549826715417176,5.0,-3.166787926535001
128956,-30.9916155836398,-35.544618626989376,12.0,4.553003043349577
129242,-14.350044271821046,-14.29241693458766,4.0,-0.0576273372333862
129392,-46.340704212392076,-48.79485011312991,17.0,2.454145900737835
129449,-5.740731841976947,-7.251942276817105,0.0,1.5112104348401578
129565,-19.45452805513424,-23.07161124167657,5.0,3.617083186542331
129592,-12.873758642904985,-12.377084279604967,3.0,-0.49667436330001813
130032,-11.986948844243763,-12.380978903035235,3.0,0.394030058791472
130047,-26.972806715421683,-26.245506330864533,8.0,-0.7273003845571502
130053,-28.80145992648432,-29.657565972351314,8.0,0.8561060458669942
130112,-9.991258036757545,-9.71334166988648,2.0,-0.27791636687106447
130193,-8.263294857020453,-8.50476303725002,2.0,0.2414681802295675
130280,-0.6009151543814331,-1.177625112814377,0.0,0.576709958432944
130299,-46.29939146692434,-45.81381757747786,19.0,-0.48557388944647784
130340,-21.749399543692498,-20.416182541593898,6.0,-1.3332170020985998
130451,-2.0480524609539024,-2.9999202620151957,0.0,0.9518678010612933
130452,-76.62915620343392,-62.90424926459449,11.0,-13.724906938839432
130486,-31.781851156138917,-34.99877415764448,6.0,3.2169230015055668
130506,-20.672538099732787,-19.80228987422551,5.0,-0.8702482255072752
130725,-17.367455130218445,-17.983654891401766,5.0,0.6161997611833208
130813,-5.116609287534155,-5.014170450011537,1.0,-0.10243883752261773
130830,-74.72009194575703,-74.39877820905663,23.0,-0.32131373670040375
130845,-38.54962938902978,-38.8713357966308,14.0,0.3217064076010203
130895,-12.598297204540883,-12.171703219399163,3.0,-0.42659398514171976
130922,-5.080105923709484,-5.03343449066246,1.0,-0.046671433047023925
130954,-5.3974748819889165,-6.17634932013234,1.0,0.7788744381434238
131019,-46.14329181664496,-42.950542824611624,13.0,-3.192748992033337
131045,-16.27694955723279,-15.237134095047615,4.0,-1.0398154621851745
131137,-5.543679544532389,-4.935928541338466,1.0,-0.6077510031939228
131146,-43.32663992498085,-43.78925629294523,16.0,0.46261636796437955
131455,-14.740426645024877,-15.54895041951622,4.0,0.8085237744913432
131497,-7.716355301655597,-8.770521567817786,0.0,1.0541662661621896
131535,-95.50033054665485,-90.52275163113913,35.0,-4.977578915515721
131618,-11.570909485412166,-12.055766342781615,2.0,0.48485685736944895
131660,-5.13993009736068,-2.6962044038150594,0.0,-2.4437256935456206
131767,-24.090735653090352,-25.832769921964793,6.0,1.7420342688744412
131877,-16.668816074276847,-16.626746334128413,5.0,-0.042069740148434676
131896,-19.35781774782687,-19.35887436953348,6.0,0.001056621706609917
132027,-8.369186178952956,-9.321218259928072,0.0,0.9520320809751155
132060,-9.981782550479942,-9.263367577024596,2.0,-0.7184149734553458
132096,-40.503438809983464,-39.49187316475405,16.0,-1.0115656452294175
132159,-5.345785867959478,-4.980892574626054,1.0,-0.3648932933334237
132183,-3.708640182075424,-4.822215411216014,0.0,1.11357522914059
132221,-50.578380182412275,-52.30725397787569,19.0,1.7288737954634144
132255,-1.4695186260016821,-1.4813409710145136,0.0,0.011822345012831414
132257,-17.151110576897768,-16.642633218984,5.0,-0.5084773579137689
132343,-45.81613297611552,-50.69166871745219,20.0,4.87553574133667
132416,-6.455622405391528,-4.936506470905728,1.0,-1.5191159344858
132489,-62.87817826208891,-74.2061961382421,29.0,11.328017876153197
132634,-40.29161660077629,-39.58002386710832,16.0,-0.7115927336679633
132657,-0.5113012152347153,-0.5701933964141045,0.0,0.058892181179389214
132732,-23.59644881569007,-22.68921116977997,7.0,-0.9072376459101008
132762,-0.4989839560252898,-0.8739092546142408,0.0,0.3749252985889511
132976,-35.922728720253474,-38.02581215053316,15.0,2.103083430279689
133017,-21.231730581560548,-30.048442945141918,6.0,8.81671236358137
133027,-8.557621155645858,-8.654839490430483,2.0,0.09721833478462472
133099,-38.24280243014424,-39.26145636270476,12.0,1.0186539325605253
133171,-56.7595873644388,-56.80012990317742,22.0,0.04054253873862024
133211,-4.709961159174693,-5.005369732719546,1.0,0.2954085735448535
133235,-1.7172216601338515,-2.6962044038150594,0.0,0.978982743681208
133238,-17.311537627956923,-16.76995498523561,4.0,-0.5415826427213126
133244,-14.751102485594846,-14.417329451524607,4.0,-0.33377303407023895
133370,-9.331462009692228,-9.064559438730274,2.0,-0.26690257096195324
133608,-7.1045421349147775,-5.591386518489107,1.0,-1.5131556164256708
133745,-13.051178536557348,-13.938386542127972,3.0,0.8872080055706242
133766,-29.99096764836631,-34.082527201157966,9.0,4.091559552791654
133773,-8.968310795775336,-8.684644658946299,2.0,-0.2836661368290372
133896,-9.379159076762171,-9.32532440047531,2.0,-0.05383467628686134
133930,-37.94650517017959,-38.96561513564522,12.0,1.0191099654656313
134256,-0.8738603315513601,-1.177625112814377,0.0,0.303764781263017
134303,-52.93789060646795,-53.421597642267606,19.0,0.4837070357996538
134377,-53.02875206533908,-49.78953874100557,13.0,-3.2392133243335053
134385,-1.6012195992371783,-2.9999202620151957,0.0,1.3987006627780174
134391,-0.8846011363158958,-1.177625112814377,0.0,0.29302397649848133
134511,-19.2991941457422,-18.380379269469614,5.0,-0.9188148762725845
134646,-16.325821666744897,-17.22386211948518,4.0,0.8980404527402825
134826,-11.692361499371012,-12.228360860177734,3.0,0.5359993608067217
134944,-20.00767433311703,-19.75896499545379,6.0,-0.24870933766323944
134957,-25.411357615845784,-28.42487042779746,7.0,3.013512811951678
134990,-18.481198771858356,-20.000221824967404,5.0,1.5190230531090485
134995,-20.26165921747354,-18.188072230750926,5.0,-2.0735869867226135
135178,-249.88880493751768,-247.5073751004657,180.0,-2.381429837051968
135308,-11.710413844814449,-11.5847880011501,3.0,-0.12562584366434848
135370,-30.395065112028657,-34.3949360544173,9.0,3.999870942388643
135466,-78.65554766928709,-88.12985741620064,31.0,9.474309746913548
135484,-18.097598526144758,-23.115052779115647,3.0,5.017454252970889
135490,-10.004687593943522,-9.857196621509592,2.0,-0.14749097243393017
135532,-1.0996222000435758,-1.7850568292146498,0.0,0.685434629171074
135545,-5.282191306559954,-5.321622030824074,1.0,0.0394307242641192
135725,-49.952576500011304,-54.428896933958846,15.0,4.476320433947542
135851,-18.528400534060705,-18.489202616595936,4.0,-0.03919791746476875
135853,-12.18663091955137,-13.408510954061997,3.0,1.2218800345106278
135862,-5.120885596651451,-5.322678124396068,1.0,0.2017925277446171
135908,-12.339721517459292,-14.376063815498929,2.0,2.036342298039637
135962,-5.281110176362834,-5.030729674120529,1.0,-0.25038050224230446
136100,-40.49444140665273,-46.61519750865026,19.0,6.120756101997529
136784,-9.716858317795156,-10.139172308193489,2.0,0.42231399039833306
136832,-5.479929833161856,-5.4160205696484205,1.0,-0.06390926351343573
136849,-15.0718502235561,-14.226938249418698,4.0,-0.8449119741374016
137137,-11.31841585112119,-11.49933900810312,3.0,0.1809231569819314
137145,-20.824843690263727,-21.617415447186023,6.0,0.7925717569222961
137155,-24.931138209106845,-23.52133013517831,7.0,-1.4098080739285344
137163,-18.007471801012844,-18.240794034918565,5.0,0.23332223390572082
137179,-95.94779769947436,-98.45067506249829,42.0,2.502877363023927
137257,-6.144690802196575,-5.609491238851958,1.0,-0.5351995633446167
137330,-23.755661634872226,-24.55308035690919,7.0,0.7974187220369657
137352,-14.694404546944618,-14.297704157403523,4.0,-0.39670038954109543
137366,-42.503012689913376,-42.43526218578147,16.0,-0.06775050413190797
137547,-5.080096816310618,-6.026986170788829,1.0,0.9468893544782109
137589,-20.234405706251984,-19.48102245478112,5.0,-0.7533832514708649
137741,-50.466638393935376,-85.55983972311013,15.0,35.093201329174754
137755,-17.605102124070825,-21.16293402454125,5.0,3.5578319004704255
137961,-24.35330698777017,-24.502290536743978,8.0,0.14898354897380628
138035,-2.2925462057816763,-3.911067836615605,0.0,1.6185216308339285
138157,-13.048963052691942,-12.733834988993745,3.0,-0.31512806369819657
138189,-26.253360954804933,-25.93774160242547,8.0,-0.31561935237946415
138237,-32.0833103786864,-26.006601948437776,5.0,-6.0767084302486225
138391,-11.154931477005691,-12.718827724419558,0.0,1.563896247413867
138522,-33.207766225916785,-39.66421496115804,10.0,6.456448735241253
138680,-12.296256327303027,-11.68764635112313,3.0,-0.6086099761798973
138703,-13.724208770948088,-13.835257994653338,3.0,0.11104922370524939
138772,-45.56670044710071,-47.26115466334049,19.0,1.6944542162397838
138795,-47.45619388691404,-55.571348942767976,23.0,8.115155055853933
138843,-21.741703060779304,-20.86759056827174,6.0,-0.8741124925075638
138989,-0.9764344621018037,-1.7850568292146498,0.0,0.8086223671128461
139091,-17.245092648385118,-17.322730880019883,4.0,0.07763823163476502
139181,-1.7224191615134623,-2.3924885456149223,0.0,0.67006938410146
139204,-30.63330930933887,-34.73916080961463,4.0,4.105851500275762
139289,-28.838506711843156,-28.624077548973663,8.0,-0.21442916286949298
139327,-21.310822099403904,-21.37780017297358,7.0,0.06697807356967544
139340,-5.342130980772595,-5.274189847854837,1.0,-0.06794113291775794
139410,-29.518011453614207,-26.48702192223232,6.0,-3.0309895313818878
139442,-4.70397498003927,-4.987904931177552,1.0,0.28392995113828245
139495,-0.7163178081166901,-1.177625112814377,0.0,0.461307304697687
139573,-7.987086182713814,-12.111396008019288,0.0,4.124309825305473
139672,-12.696017187809273,-11.533805593235506,3.0,-1.1622115945737672
139681,-0.24502853617671957,-0.5701933964141045,0.0,0.3251648602373849
139704,-6.4251575218328245,-5.90493987742922,1.0,-0.5202176444036049
139902,-16.285023141867885,-15.21498490798413,4.0,-1.0700382338837553
140098,-0.06219732945969847,-0.28231682089225363,0.0,0.22011949143255516
140112,-26.79862203518921,-26.07559957521766,9.0,-0.7230224599715527
140320,-48.443907953768154,-48.88119153348176,23.0,0.43728357971360765
140416,-5.044929099017324,-5.014170450011537,1.0,-0.03075864900578651
140501,-10.594839584777734,-11.874601021222373,2.0,1.2797614364446392
140630,-2.1495946262453787,-6.948226418616968,0.0,4.798631792371589
140831,-41.4827819461118,-41.194769412926064,18.0,-0.2880125331857357
140866,-39.79661833147773,-40.330144386522996,15.0,0.5335260550452645
140941,-20.298258809109743,-28.42335808355267,5.0,8.125099274442928
140957,-9.117638827991987,-9.361304248740494,2.0,0.24366542074850628
141086,-1.9194269624620945,-2.3924885456149223,0.0,0.47306158315282776
141316,-60.31795668448561,-61.423620763168124,22.0,1.1056640786825156
141397,-19.10533330644459,-19.140758496975213,5.0,0.03542519053062421
141453,-19.734530573742244,-18.865747264347142,5.0,-0.8687833093951021
141507,-38.48081005229979,-38.94077849987441,11.0,0.4599684475746244
141602,-36.358029831046856,-39.75394278984336,12.0,3.395912958796501
141606,-37.30791724775937,-38.0048803867975,15.0,0.6969631390381323
141637,-4.888435503466777,-5.057039197909869,1.0,0.16860369444309242
141978,-2.814566819999668,-4.518499553015877,0.0,1.703932733016209
142011,-7.168024310126926,-7.6647423975465525,1.0,0.49671808741962664
142184,-8.488531158237313,-9.017377416627275,2.0,0.5288462583899616
142202,-0.6719564810533645,-1.177625112814377,0.0,0.5056686317610126
142220,-12.601291798275238,-14.126191112481402,3.0,1.5248993142061646
142237,-14.82027488221841,-14.57943722164941,4.0,-0.24083766056899947
142318,-5.361655123825776,-4.882137220259793,1.0,-0.47951790356598334
142394,-9.305131206091145,-8.63551669698976,2.0,-0.6696145091013861
142409,-10.238558741791111,-9.918351417118094,2.0,-0.32020732467301727
142435,-25.99890612418134,-24.88334935037854,8.0,-1.1155567738027976
142500,-6.487384894336337,-7.4185884658519745,1.0,0.9312035715156375
142515,-22.085091049594542,-21.82698514761722,7.0,-0.2581059019773235
142561,-60.94744511793331,-57.2583969989204,10.0,-3.6890481190129165
142654,-4.9574929811207955,-5.104997587459201,1.0,0.14750460633840579
142667,-40.8529533477854,-45.24986200783675,20.0,4.396908660051345
142879,-14.734346598634856,-14.455495130336944,4.0,-0.27885146829791196
142887,-13.316712786588472,-12.805057896443557,3.0,-0.5116548901449143
142891,-5.485808883817649,-5.115002849215627,1.0,-0.37080603460202166
142932,-2.7153347847971556,-2.7551154038191235,0.0,0.039780619021967834
142970,-15.312239728942268,-16.10270361338867,4.0,0.7904638844464014
142971,-25.01258837700042,-24.94710830980077,8.0,-0.0654800671996476
142997,-2.240478019867648,-3.084886512514975,0.0,0.844408492647327
143109,-10.468884218820161,-10.440447486183963,2.0,-0.02843673263619806
143227,-6.482927574753027,-6.425751993620252,1.0,-0.057175581132774767
143339,-53.01463020774783,-51.83463409088485,23.0,-1.1799961168629807
143396,-38.58138051249863,-38.480364439797555,14.0,-0.10101607270107849
143698,-22.40745065132669,-20.7549562069942,5.0,-1.6524944443324898
143715,-24.810895167680812,-25.067288547243646,8.0,0.2563933795628337
143890,-15.549649018659474,-15.460436109623954,4.0,-0.08921290903552048
143902,-60.20145310826824,-61.22089849616353,23.0,1.0194453878952885
144025,-15.452928134277137,-15.51733719680702,4.0,0.06440906252988299
144035,-57.96660775676281,-57.20444252466316,29.0,-0.7621652320996546
144108,-15.742063401448588,-15.505134364407757,4.0,-0.2369290370408308
144152,-48.376448285043885,-47.59121273219251,18.0,-0.7852355528513755
144254,-1.0137103718044664,-1.4813409710145136,0.0,0.4676305992100471
144399,-6.23982097567224,-4.99993240509388,1.0,-1.2398885705783602
144412,-2.5833765015737287,-3.607351978415468,0.0,1.0239754768417395
144454,-5.679988728003174,-5.761773945044669,1.0,0.081785217041495
144458,-19.692333072440253,-18.902861759832515,6.0,-0.7894713126077377
144572,-87.23531086547575,-109.03377764713048,28.0,21.798466781654724
144721,-9.74124625826358,-10.760579143594274,2.0,1.0193328853306944
145139,-0.12116140114412927,-0.5701933964141045,0.0,0.4490319952699752
145148,-1.4817834909466734,-1.177625112814377,0.0,-0.3041583781322963
145195,-6.001806927218285,-5.105752692707659,1.0,-0.8960542345106255
145256,-22.11272090703235,-23.34578225140406,7.0,1.2330613443717091
145396,-48.58693952222401,-46.622389476003136,23.0,-1.9645500462208716
145537,-9.686165648802085,-9.470120967759915,2.0,-0.21604468104217034
145588,-57.11733104262988,-56.88231562245704,16.0,-0.23501542017283583
145653,-2.453677415955367,-2.3924885456149223,0.0,-0.06118887034044462
145698,-22.467477201079735,-22.86673900466634,7.0,0.39926180358660446
145745,-122.61038746344143,-144.4075063161892,30.0,21.797118852747772
145802,-39.53290483922582,-40.012066267579215,15.0,0.47916142835339315
145931,-3.7748477086934322,-1.4813409710145136,0.0,-2.2935067376789187
146045,-2.903810839622795,-3.1416022316040753,0.0,0.2377913919812804
146141,-12.675829783375763,-11.777516455866806,3.0,-0.8983133275089568
146216,-20.53106332919714,-19.208456751160337,4.0,-1.322606578036801
146274,-1.185388186376138,-2.3924885456149223,0.0,1.2071003592387843
146325,-1.2637725857991473,-2.088772687414786,0.0,0.8250001016156387
146380,-8.873507358210338,-8.480951002688139,2.0,-0.39255635552219914
146394,-13.988182664584306,-13.409528282957329,3.0,-0.5786543816269774
146438,-7.897307688307726,-7.980288089310345,2.0,0.08298040100261872
146441,-14.710324986939764,-14.126379160802134,3.0,-0.5839458261376294
146450,-12.715588192720167,-12.597414097347661,3.0,-0.11817409537250612
146510,-16.17906976955046,-17.372746112189773,5.0,1.1936763426393142
146664,-35.44747221408356,-34.89974107381918,13.0,-0.5477311402643821
146716,-15.748218982565797,-14.714281704663227,4.0,-1.0339372779025702
146831,-22.37321658716976,-23.9013880943895,8.0,1.5281715072197386
146855,-27.20001039132155,-26.93719065719415,9.0,-0.26281973412739745
147089,-171.5685895682821,-209.92583939028833,118.0,38.357249822006224
147225,-76.86156861267007,-81.91587949532675,44.0,5.054310882656679
147230,-12.636621003274348,-12.36006720747947,3.0,-0.27655379579487693
147413,-19.020329165386286,-11.44854301143567,2.0,-7.571786153950617
147436,-11.910198921444064,-11.502961233438299,3.0,-0.40723768800576465
147480,-7.599754936840949,-8.253452570180203,1.0,0.6536976333392541
147704,-39.8564916267464,-44.465758331661235,16.0,4.6092667049148375
147729,-4.9315736235142085,-5.630136614243573,1.0,0.6985629907293642
147751,-2.0504248188535588,-2.3924885456149223,0.0,0.34206372676136354
148123,-61.78571754216397,-60.3753959775988,14.0,-1.410321564565173
148192,-84.56328059312057,-81.61966376545081,41.0,-2.943616827669757
148324,-28.76342735935047,-27.991049562638825,10.0,-0.7723777967116447
148434,-16.526172404929987,-16.660956681326606,4.0,0.13478427639661916
148571,-5.173850907944846,-5.1252404826159035,0.0,-0.048610425328942775
148674,-15.171965950948199,-13.5851139765499,3.0,-1.5868519743982983
148717,-92.20484874874768,-96.45007475058958,31.0,4.2452260018419
148778,-23.6690455229256,-25.025096224902658,7.0,1.3560507019770576
148780,-9.145603861353653,-8.646816468314919,2.0,-0.4987873930387341
148824,-0.9880958988161781,-1.177625112814377,0.0,0.189529213998199
148888,-11.250644746343381,-12.360666779737178,3.0,1.110022033393797
149034,-21.404521449924637,-22.111835423270094,4.0,0.7073139733454568
149380,-11.615636774126104,-11.749801330574014,3.0,0.13416455644791014
149435,-25.74246756697284,-26.066533036886828,8.0,0.324065469913986
149446,-82.42127959263186,-85.60193154404317,18.0,3.1806519514113063
149481,-35.97113933726122,-36.78139476967313,14.0,0.8102554324119069
149640,-8.26374884920338,-8.43066468103507,2.0,0.166915831831691
149644,-39.921109660401235,-41.5167181454565,9.0,1.5956084850552656
149695,-11.64021362581225,-11.664613407260543,3.0,0.024399781448293467
149771,-168.3983991043114,-149.97646414292186,124.0,-18.421934961389553
149801,-11.25252781347209,-10.621920724088847,2.0,-0.6306070893832434
149894,-1.5280925281585411,-1.7850568292146498,0.0,0.2569643010561087
149976,-5.668573801596022,-4.99993240509388,1.0,-0.6686413965021423
150017,-2.1897834088267465,-2.9999202620151957,0.0,0.8101368531884492
150117,-38.921991739828535,-40.600639796390965,14.0,1.6786480565624302
150284,-0.8584875684912092,-1.8104923012447072,0.0,0.952004732753498
150291,-15.111756809117288,-16.79226782786546,3.0,1.6805110187481702
150314,-68.94099425919919,-64.95946144686698,26.0,-3.9815328123322047
150482,-46.292705032263825,-46.528017303686624,14.0,0.2353122714227993
150493,-10.045277678500819,-9.145514076921303,2.0,-0.8997636015795152
150575,-13.614209450852396,-14.993175955130932,4.0,1.3789665042785355
150606,-13.391358705476968,-13.190055390828627,3.0,-0.2013033146483405
150640,-4.436737536281988,-5.733362985816423,0.0,1.2966254495344351
150830,-21.114940104330273,-19.968189600946125,6.0,-1.1467505033841476
150931,-3.58461174601975,-6.644510560416832,0.0,3.0598988143970822
150946,-20.666195804977026,-20.851706173062254,5.0,0.1855103680852288
150981,-8.688489952753724,-8.628461132743055,2.0,-0.06002882001066823
151032,-28.597267623198203,-28.587611165650962,10.0,-0.009656457547240649
151362,-52.498005089798504,-52.98291954319664,21.0,0.4849144533981331
151378,-15.488219095251305,-17.1776217546464,4.0,1.6894026593950944
151435,-1.2978662832094547,-1.7850568292146498,0.0,0.48719054600519507
151518,-5.380159323918963,-4.860659311920478,1.0,-0.5195000119984847
151562,-21.549633610071105,-41.77979599375889,1.0,20.230162383687784
151572,-18.27914480912738,-21.3212082240323,4.0,3.04206341490492
151597,-2.4939162855767827,-4.518499553015877,0.0,2.0245832674390942
151831,-1.2718164691872234,-2.098944001181821,0.0,0.8271275319945974
152041,-1.0109449471006333,-1.4813409710145136,0.0,0.47039602391388025
152183,-62.5524079747961,-60.57755054979557,29.0,-1.974857425000529
152275,-19.920798410121225,-18.42205136195775,5.0,-1.4987470481634766
152443,-6.519516544115408,-6.563861751401737,1.0,0.04434520728632929
152613,-9.447725936617697,-9.59359004733949,2.0,0.14586411072179217
152614,-5.574982552905579,-5.196850991484872,1.0,-0.37813156142070703
152761,-48.55370860225654,-50.54434104876945,21.0,1.9906324465129117
152782,-53.382626312230755,-60.76737143920733,23.0,7.384745126976576
152856,-13.157794604024565,-12.367573955952503,3.0,-0.7902206480720615
152876,-8.201719971099813,-9.424591205026,2.0,1.2228712339261865
152926,-26.765131479438082,-27.131997119105648,9.0,0.3668656396675658
152927,-28.716516416320047,-27.39104081854985,8.0,-1.3254755977701969
153120,-0.08761108385024627,-0.266477538213968,0.0,0.17886645436372176
153352,-43.2227909233599,-46.92086230130909,15.0,3.6980713779491907
153427,-11.764677470472265,-11.867448319872048,3.0,0.10277084939978387
153448,-14.060792435321364,-14.812956082401115,4.0,0.752163647079751
153533,-23.35804236896435,-22.7995566740473,7.0,-0.5584856949170529
153539,-1.1492265763307703,-1.7850568292146498,0.0,0.6358302528838795
153745,-73.28610593186565,-68.7353188271783,33.0,-4.550787104687345
153777,-19.244759735204692,-18.507714763791903,5.0,-0.7370449714127894
153790,-18.04387049938154,-18.408563451076233,5.0,0.3646929516946926
153956,-44.196039028171235,-62.268268654690075,7.0,18.07222962651884
153995,-1.3729814273696506,-1.4715037827166582,0.0,0.0985223553470076
154032,-38.71509178138104,-41.378484304539924,17.0,2.6633925231588833
154081,-26.428291737219265,-23.16496904410195,5.0,-3.2633226931173134
154091,-43.03931708367288,-43.15351363423887,18.0,0.11419655056599254
154096,-35.080446569153075,-35.24986078769937,12.0,0.16941421854629368
154112,-49.77613137691625,-52.24390959067301,17.0,2.467778213756766
154174,-18.047927219928876,-17.33115864097415,5.0,-0.7167685789547278
154177,-11.595590418396807,-11.527057856833213,3.0,-0.06853256156359322
154188,-19.664641494584046,-20.306287744097457,6.0,0.6416462495134105
154208,-49.849269580501044,-57.39032370463732,25.0,7.541054124136274
154218,-22.904073533441306,-22.045451013883625,6.0,-0.8586225195576809
154259,-108.91028205307038,-104.80557147311869,70.0,-4.104710579951686
154329,-0.9974390834535849,-1.4813409710145136,0.0,0.48390188756092867
154403,-19.073089624670295,-17.971344536335533,5.0,-1.1017450883347628
154540,-53.802507947930245,-58.89782457747081,16.0,5.095316629540562
154696,-9.237306997009343,-9.200907314141281,2.0,-0.036399682868061944
154697,-28.797198027514277,-17.76495011411809,3.0,-11.032247913396187
154705,-21.340655517867418,-21.03594441984231,7.0,-0.3047110980251091
154775,-6.558526352418765,-7.054988984136219,1.0,0.49646263171745453
154823,-0.22052207433234497,-0.266477538213968,0.0,0.045955463881623054
154914,-11.732794154072579,-12.064116040998185,3.0,0.3313218869256058
154937,-19.88299438907959,-19.478754186511566,5.0,-0.40424020256802606
155048,-24.530980599314088,-23.638856404196645,7.0,-0.892124195117443
155055,-9.732658152345808,-8.75457722425589,2.0,-0.9780809280899181
155179,-29.088759008082764,-29.713553926228254,5.0,0.6247949181454899
155218,-21.836804631332846,-21.441099389327135,7.0,-0.395705242005711
155232,-1.3628444863088285,-2.1279335603371594,0.0,0.7650890740283309
155245,-45.90472756976663,-46.588851896138934,19.0,0.6841243263723058
155262,-72.31586460739877,-69.04932189392927,34.0,-3.266542713469491
155331,-28.82019927753913,-29.952013537554542,10.0,1.131814260015414
155364,-24.453398512236546,-31.133403213882126,8.0,6.680004701645579
155435,-5.305216018987726,-4.932499085689861,1.0,-0.3727169332978644
155570,-8.31004779252219,-8.457635804890304,2.0,0.14758801236811436
155708,-5.53970101121869,-5.010387054995299,1.0,-0.5293139562233913
155779,-0.8577483816250705,-1.4885543858120807,0.0,0.6308060041870102
155841,-11.425489913922876,-11.58659076175835,3.0,0.16110084783547407
155932,-80.67063373925149,-78.06604823240035,35.0,-2.604585506851137
155936,-13.462554503315763,-13.563101125152683,3.0,0.10054662183691931
156007,-20.43179462245132,-20.666202778340818,6.0,0.23440815588949704
156021,-19.97429675139817,-20.19578725588473,4.0,0.22149050448656027
156094,-9.058910368478546,-9.358111589909075,2.0,0.2992012214305291
156337,-9.426398866800625,-8.469109072557952,2.0,-0.9572897942426728
156376,-1.2527674697898628,-0.8739092546142408,0.0,-0.3788582151756219
156381,-1.0125562988495662,-1.7850568292146498,0.0,0.7725005303650836
156398,-29.581926458143663,-30.71563294599314,11.0,1.1337064878494765
156531,-33.370044221598704,-33.360562658455905,13.0,-0.009481563142799132
156604,-21.4639727322289,-21.715395678608758,6.0,0.25142294637985785
156616,-17.5274902781053,-14.84520328626186,3.0,-2.6822869918434407
156625,-1.4924740933970255,-1.7850568292146498,0.0,0.2925827358176243
156640,-79.30190423439913,-78.1220544840198,16.0,-1.1798497503793328
156736,-6.311880211862448,-6.388202544036404,1.0,0.07632233217395612
156983,-8.441957568161685,-9.019449090602864,2.0,0.5774915224411785
157048,-0.9553174586854958,-1.177625112814377,0.0,0.22230765412888132
157211,-34.46034703080517,-37.09852805947152,14.0,2.6381810286663523
157242,-47.23122008204341,-50.66464408409898,22.0,3.433424002055574
157333,-33.75718500578366,-32.40538393951183,13.0,-1.3518010662718325
157381,-66.7443339089418,-60.23400567815058,25.0,-6.510328230791217
157427,-29.412808277929024,-30.687527512502953,9.0,1.2747192345739293
157459,-17.527644778242355,-16.701131739406897,4.0,-0.8265130388354578
157489,-11.999808776853126,-11.578182034791801,3.0,-0.4216267420613242
157526,-33.61949430569729,-33.697242467049485,13.0,0.07774816135219709
157587,-12.267757669305213,-11.657024997559189,3.0,-0.6107326717460246
157617,-3.4690512828725972,-2.4473765507577196,0.0,-1.0216747321148776
157618,-23.17070371146502,-22.70896291248968,7.0,-0.46174079897533815
157682,-9.257216682532173,-9.943307480552207,2.0,0.6860907980200341
157766,-21.150413408842084,-21.209077408703706,6.0,0.058663999861622074
157794,-4.411853166242552,-4.504148902794921,0.0,0.09229573655236933
157864,-0.8007074002819755,-0.7251705942276048,0.0,-0.07553680605437074
157938,-23.089018411149187,-22.244447587298048,7.0,-0.8445708238511394
158027,-5.170887058208501,-5.274189847854837,1.0,0.1033027896463361
158068,-28.41774688239387,-26.313916162846212,7.0,-2.103830719547659
158388,-24.659523816986034,-26.50218308688495,7.0,1.8426592698989168
158407,-28.07811717170086,-29.719069708076542,8.0,1.640952536375682
158484,-34.11651979625086,-31.112176369800892,10.0,-3.004343426449971
158544,-29.78341445777679,-32.38269337265937,12.0,2.5992789148825786
158558,-23.084626234278517,-22.521255777991726,6.0,-0.5633704562867905
158648,-15.663221452228248,-14.842917030460027,4.0,-0.8203044217682205
158905,-1.100848874345119,-0.6250334561147853,0.0,-0.4758154182303337
159004,-14.105876162752143,-14.130482546066021,3.0,0.024606383313878766
159024,-17.379857168798402,-16.89090847934312,3.0,-0.488948689455281
159041,-31.624359876486274,-31.68791403451948,11.0,0.06355415803320597
159079,-8.737094857478983,-9.138640392409343,1.0,0.40154553493036005
159092,-25.85390528162062,-25.77693865370602,7.0,-0.07696662791460085
159206,-10.188087453606235,-9.358111589909075,2.0,-0.8299758636971593
159245,-41.24215695730952,-40.91934380176236,17.0,-0.32281315554715917
159334,-28.72353202034474,-28.99462493311203,10.0,0.271092912767287
159367,-1.529334079993675,-1.177625112814377,0.0,-0.3517089671792979
159705,-53.167914913890364,-78.83432911799964,19.0,25.66641420410928
159728,-20.423660171999565,-21.793376585414393,7.0,1.369716413414828
159730,-5.282240626649502,-5.5206212455659625,1.0,0.23838061891646056
159731,-17.86216724188912,-17.477140200988874,5.0,-0.38502704090024764
159758,-17.0943912094166,-18.687876862435573,3.0,1.5934856530189734
159780,-1.3434717891380084,-2.3924885456149223,0.0,1.049016756476914
159797,-2.952227666451348,-3.607351978415468,0.0,0.6551243119641201
159816,-19.831664399064305,-20.15333100358856,5.0,0.32166660452425333
159823,-11.552630992785952,-11.624621916810481,3.0,0.07199092402452933
159872,-1.3853239531811246,-1.5438857056296929,0.0,0.1585617524485683
159884,-12.201436594482624,-11.813893727606454,2.0,-0.3875428668761707
159928,-0.7814265643581179,-1.177625112814377,0.0,0.39619854845625924
159962,-9.771097956431,-11.032109735160942,1.0,1.2610117787299426
160056,-14.19118496348509,-17.991501656929653,4.0,3.8003166934445627
160063,-20.751740037733622,-20.863966925668677,6.0,0.11222688793505498
160091,-16.79588027422712,-18.413004672594443,2.0,1.6171243983673236
160110,-26.57650979739905,-25.45014264768585,8.0,-1.1263671497132002
160348,-13.642311151568137,-12.523604931310269,3.0,-1.1187062202578684
160548,-19.25966783177997,-18.88956463592411,5.0,-0.3701031958558616
160728,-35.895160948819836,-35.47705102622372,13.0,-0.41810992259611623
160735,-22.713289189347403,-24.037299406356905,7.0,1.3240102170095014
160764,-17.208715627382645,-16.712838288028447,5.0,-0.4958773393541982
160813,-1.6105971438132434,-2.3924885456149223,0.0,0.7818914018016789
161275,-74.23974243055609,-77.10209739457439,31.0,2.8623549640182944
161363,-15.57107330665324,-15.057905769600813,4.0,-0.5131675370524267
161443,-13.87035006986565,-13.830560273050164,3.0,-0.039789796815485445
161563,-2.24578136547164,-1.4813409710145136,0.0,-0.7644403944571265
161673,-12.424540840431188,-12.00962657386302,3.0,-0.414914266568168
161708,-9.718965964270243,-9.658776790543207,2.0,-0.060189173727035694
161799,-5.372822399583884,-5.665559378336784,1.0,0.2927369787528997
161827,-14.02638493320578,-13.870634057291099,3.0,-0.15575087591468062
161869,-16.148233822739133,-13.745763929532764,3.0,-2.4024698932063693
161897,-23.96178379465714,-23.31808337654037,7.0,-0.6437004181167723
162145,-24.591428610724034,-24.97115069348482,7.0,0.3797220827607859
162192,-9.094888652394413,-8.785604912935566,2.0,-0.3092837394588468
162243,-12.241254136596183,-9.01270918463387,2.0,-3.228544951962313
162329,-20.063398090000543,-18.121546774132327,4.0,-1.9418513158682167
162468,-2.35653053508153,-1.177625112814377,0.0,-1.178905422267153
162666,-15.422401388016274,-13.04844956881153,3.0,-2.373951819204745
162693,-10.077093501728143,-9.568586191139818,2.0,-0.5085073105883247
162831,-0.3950944199923491,-0.7193434114444289,0.0,0.3242489914520798
162885,-5.220082410429782,-5.072498752081576,1.0,-0.1475836583482062
162915,-12.192657253129127,-12.321170395553168,3.0,0.12851314242404044
163004,-0.27162116402690667,-0.266477538213968,0.0,-0.005143625812938646
163024,-18.35935733373298,-18.268928609059294,4.0,-0.09042872467368568
163092,-4.783777491025599,-4.948832623984218,1.0,0.16505513295861984
163175,-5.3011591936977345,-5.445931706946575,1.0,0.14477251324884044
163187,-86.1551347269195,-101.51147444291672,41.0,15.356339715997223
163201,-51.49859282867583,-51.10202007723021,24.0,-0.39657275144562476
163279,-5.262310767395691,-5.427323931355463,1.0,0.16501316395977206
163331,-39.003803322912546,-37.585890830105086,11.0,-1.41791249280746
163343,-0.7444767010074984,-1.177625112814377,0.0,0.4331484118068787
163452,-12.195840433937601,-11.533508855195349,3.0,-0.6623315787422523
163505,-21.606184882117137,-20.31636511157878,6.0,-1.289819770538358
163593,-23.59096509301809,-23.523750202897933,6.0,-0.0672148901201588
163626,-20.021664136062164,-19.887364232137564,6.0,-0.13429990392459956
163763,-5.440794728917218,-6.030606226755594,1.0,0.5898114978383768
163818,-8.694696773747896,-8.431982944144032,2.0,-0.26271382960386447
163861,-30.285779894330805,-30.487406310454293,10.0,0.20162641612348864
163942,-106.58954030424047,-121.91084359502652,40.0,15.321303290786048
164069,-22.36311699810377,-21.687094876535543,6.0,-0.6760221215682272
164127,-34.0766762308572,-34.232025065914826,11.0,0.1553488350576231
164217,-2.3038589461141026,-2.9999202620151957,0.0,0.6960613159010931
164315,-0.8076132466190316,-1.177625112814377,0.0,0.37001186619534554
164364,-19.905404125551122,-19.41557412007303,6.0,-0.48983000547809397
164417,-13.701698433018398,-12.36345285181138,3.0,-1.338245581207019
164503,-35.77039256288299,-35.84299281604975,14.0,0.07260025316676177
164694,-34.81500284906985,-37.76658580358837,13.0,2.9515829545185213
164914,-1.8915270390342636,-2.6962044038150594,0.0,0.8046773647807959
165018,-13.183574999859548,-13.30839433995463,3.0,0.12481934009508144
165051,-5.353221189290709,-5.001617419588248,1.0,-0.35160376970246077
165122,-60.35128904273664,-73.07533427811336,29.0,12.724045235376721
165145,-25.222321545793836,-24.025474285551947,6.0,-1.1968472602418885
165209,-1.313125015439835,-1.4813409710145136,0.0,0.1682159555746785
165238,-8.19248982925718,-7.536306110064709,1.0,-0.6561837191924713
165259,-9.05101636041915,-9.438870280127357,2.0,0.38785391970820804
165329,-9.32485840562342,-8.691111005539904,2.0,-0.6337474000835162
165341,-15.702107491725465,-18.474331113995866,4.0,2.772223622270401
165344,-32.064471277246746,-26.923977935598842,4.0,-5.140493341647904
165366,-18.395028828464213,-19.845160508908112,6.0,1.4501316804438993
165529,-2.7127593306580238,-4.518499553015877,0.0,1.8057402223578531
165598,-19.93591617907833,-19.100259820872417,6.0,-0.8356563582059131
165609,-9.981527056976004,-9.273387483772563,2.0,-0.7081395732034412
165621,-24.40005492428145,-23.5949738133625,8.0,-0.8050811109189482
165633,-6.2866249914658825,-6.51869466513347,1.0,0.23206967366758757
165667,-8.894847839621345,-8.734522021812472,2.0,-0.16032581780887334
165716,-9.06938746496772,-10.093844114843392,2.0,1.0244566498756722
165755,-51.48295114894747,-66.58057822845282,17.0,15.09762707950535
166049,-34.71907427404625,-34.35409060958994,11.0,-0.3649836644563109
166196,-0.4765986991156237,-0.8739092546142408,0.0,0.39731055549861716
166401,-6.88289944992025,-6.878287020409722,1.0,-0.004612429510527427
166466,-19.76046544558281,-20.632730854206216,5.0,0.8722654086234058
166477,-20.12917180314614,-21.059175013571185,6.0,0.9300032104250455
166676,-21.538615251889627,-25.11113528335245,6.0,3.5725200314628225
166713,-3.3046003452994053,-4.2147836948157416,0.0,0.9101833495163363
166771,-9.80925543103166,-9.21865619528925,2.0,-0.5905992357424097
166858,-22.120785709712777,-22.55478374353312,6.0,0.43399803382034463
166868,-35.79576779164802,-39.62148343358857,12.0,3.8257156419405547
166981,-18.760166386228683,-18.5929390948992,5.0,-0.1672272913294819
167018,-52.28661812603012,-51.57587950220201,27.0,-0.7107386238281137
167137,-2.577778576640953,-0.5640867128317534,0.0,-2.0136918638092
167173,-38.03290017814279,-37.838992438169846,16.0,-0.19390773997294275
167340,-7.24862146245164,-8.725789974955767,2.0,1.477168512504127
167437,-32.12747269591786,-31.784858598666208,8.0,-0.3426140972516514
167479,-9.634078859675439,-9.285262807099873,2.0,-0.34881605257556636
167484,-5.408062394101011,-5.384468114757993,1.0,-0.023594279343017277
167488,-23.82232780371182,-22.643696677179296,7.0,-1.1786311265325224
167659,-11.787818761927355,-12.46784893168842,3.0,0.680030169761066
167689,-12.02736392391576,-12.179375450629168,3.0,0.15201152671340878
167779,-9.183861053833663,-8.934117968505108,2.0,-0.24974308532855538
167785,-27.348695703367405,-27.042159810957237,9.0,-0.3065358924101673
167871,-23.381388987340543,-22.921745698033206,6.0,-0.459643289307337
167988,-5.25963756072839,-5.320779121580346,1.0,0.0611415608519561
168166,-7.891176593739375,-9.04166245630801,2.0,1.1504858625686358
168242,-5.115996065328668,-5.483108766235657,1.0,0.367112700906989
168310,-21.453928479448592,-21.979921898581313,7.0,0.5259934191327211
168461,-29.939830444869212,-29.347953826207263,10.0,-0.5918766186619493
168474,-36.28586201062687,-37.39148091717594,12.0,1.1056189065490685
168489,-8.715079648606151,-5.603236847542285,1.0,-3.111842801063866
168667,-36.13514933267967,-36.83303922372195,15.0,0.6978898910422799
168697,-5.061256712698031,-6.037078844016559,0.0,0.9758221313185285
168825,-18.814091859276854,-19.574360982078986,6.0,0.7602691228021321
168869,-26.123020517068067,-26.688494145663597,9.0,0.5654736285955302
168906,-31.005875391419917,-30.906022767932456,12.0,-0.09985262348746105
168958,-0.7618919999161209,-1.4813409710145136,0.0,0.7194489710983927
168995,-17.960804303238422,-17.45436413394032,5.0,-0.5064401692981022
169005,-8.007090974451431,-7.555658135017241,0.0,-0.4514328394341902
169055,-43.98773947836839,-46.637120524426905,19.0,2.649381046058515
169086,-5.2370601468033495,-5.486989563550703,1.0,0.2499294167473538
169254,-4.629148513700659,-4.936506470905728,1.0,0.30735795720506953
169255,-40.204627643340444,-36.62192348895031,13.0,-3.582704154390136
169301,-15.68109898985326,-14.775833369132615,4.0,-0.9052656207206446
169309,-55.23944068405483,-55.713091712641145,23.0,0.4736510285863176
169378,-1.0647999528663024,-1.7850568292146498,0.0,0.7202568763483475
169389,-0.9989824664354937,-1.4813409710145136,0.0,0.48235850457901985
169439,-16.366115855527045,-17.507096513448417,4.0,1.1409806579213715
169445,-8.078373096331912,-8.603808150919193,2.0,0.5254350545872803
169556,-27.04390779889968,-26.549306799021192,10.0,-0.4946009998784895
169559,-8.530797759855867,-9.339502470019927,2.0,0.8087047101640596
169714,-19.258385216963532,-19.502275287451997,6.0,0.24389007048846523
169764,-10.521332357425282,-9.891035225041422,2.0,-0.6302971323838591
170041,-23.924054857066615,-24.93437316075581,7.0,1.0103183036891963
170098,-5.865825763519177,-5.823099659793738,2.0,-0.042726103725438946
170136,-29.66926067253503,-27.842534125772303,8.0,-1.8267265467627283
170251,-28.29922632463121,-52.74956772518232,11.0,24.450341400551107
170287,-17.24263050731602,-15.652916093250303,4.0,-1.5897144140657158
170305,-5.0948040229342215,-4.8884765458815425,1.0,-0.20632747705267906
170385,-23.91081858322156,-23.55357475025611,7.0,-0.35724383296544815
170536,-50.81498772968272,-49.16266094898755,19.0,-1.6523267806951694
170645,-36.621615848703385,-36.617466393779175,12.0,-0.004149454924210261
170699,-71.62396802389989,-85.46315456536581,33.0,13.83918654146592
170877,-30.309842351257714,-29.837288536167662,10.0,-0.4725538150900519
170954,-2.319668488373184,-3.911067836615605,0.0,1.5913993482424207
171003,-40.95154595018012,-40.42397299768401,13.0,-0.5275729524961079
171103,-20.143589262598905,-19.83032102070058,6.0,-0.31326824189832436
171323,-1.1245602716541603,-1.2218829098681354,0.0,0.09732263821397513
171333,-9.622380807098558,-9.458049510757775,2.0,-0.1643312963407837
171431,-46.26635413773864,-45.54183772723335,16.0,-0.7245164105052879
171610,-13.631883029861122,-15.919383627201292,3.0,2.28750059734017
171754,-13.190132526502095,-12.678479131392532,3.0,-0.5116533951095636
171774,-48.34933211094839,-47.85382923008871,24.0,-0.4955028808596822
171823,-1.6797967684642117,-2.6962044038150594,0.0,1.0164076353508478
171918,-1.191347136206408,-1.7850568292146498,0.0,0.5937096930082417
171945,-10.965725060463612,-10.701232220174479,2.0,-0.2644928402891331
171951,-22.401659927285124,-21.914360619079563,7.0,-0.4872993082055608
172025,-7.573189598686121,-8.514564296178479,2.0,0.9413746974923578
172082,-5.262790424302296,-5.088859988630924,1.0,-0.17393043567137223
172179,-50.30348704839912,-62.52855948086685,18.0,12.225072432467734
172182,-9.246866105424488,-8.60917623115064,2.0,-0.6376898742738479
172187,-35.77817112543365,-35.005319191393866,13.0,-0.7728519340397852
172195,-22.72494042227661,-19.71249714873365,4.0,-3.01244327354296
172242,-2.0762099480310905,-0.9498199554977714,0.0,-1.1263899925333192
172245,-15.557733810507663,-16.113019605344334,4.0,0.5552857948366707
172249,-13.15722512547543,-11.580263280788365,3.0,-1.5769618446870641
172275,-1.1216982164582172,-0.9417298138362461,0.0,-0.1799684026219711
172335,-16.32031542962355,-17.119211895522326,4.0,0.7988964658987747
172431,-6.412654247181958,-7.417396267836949,1.0,1.0047420206549909
172511,-5.9331666706973465,-6.388202544036404,1.0,0.4550358733390576
172586,-29.505052045237207,-30.014483568882852,11.0,0.5094315236456453
172674,-55.127538647606336,-54.277883444947925,21.0,-0.8496552026584112
172759,-10.779086375032753,-10.487154076411041,2.0,-0.29193229862171144
172942,-5.591852560167721,-5.260050935276964,1.0,-0.3318016248907574
173046,-5.459351909822154,-4.956360680798732,1.0,-0.5029912290234222
173073,-18.49080484046768,-19.038848622521886,6.0,0.5480437820542079
173109,-7.315877895525448,-6.496532155635943,1.0,-0.8193457398895045
173113,-16.560818753221586,-17.89567946372568,5.0,1.3348607105040955
173204,-8.989778310222297,-8.955661348116614,2.0,-0.03411696210568316
173228,-1.4510215109269469,-2.088772687414786,0.0,0.6377511764878392
173292,-50.78747004342138,-47.80552550065404,16.0,-2.9819445427673372
173382,-0.9867770185924356,-0.8739092546142408,0.0,-0.11286776397819476
173408,-16.904827621631295,-16.190510528390874,4.0,-0.714317093240421
173414,-50.53227412180446,-50.41233501764099,23.0,-0.1199391041634712
173441,-16.663762260216664,-17.497253812647816,4.0,0.8334915524311519
173465,-6.036093787366933,-6.761931535929164,1.0,0.7258377485622312
173541,-15.585055215045495,-14.952916285106301,4.0,-0.6321389299391935
173555,-50.27967033159779,-54.32133297257922,22.0,4.0416626409814285
173571,-20.48347823135508,-19.78635959798863,6.0,-0.6971186333664505
173643,-1.005300691836862,-1.7850568292146498,0.0,0.7797561373777877
173674,-50.59318755220052,-50.27273088689736,18.0,-0.32045666530316197
173705,-4.501866544746397,-5.023475079593118,1.0,0.5216085348467212
173814,-18.888745804131,-18.7509636165904,4.0,-0.1377821875405978
173829,-9.348987307565938,-9.760621311909375,1.0,0.411634004343437
173830,-25.609588661429996,-24.962581823687962,8.0,-0.6470068377420333
173886,-24.731272356893275,-25.019548350685973,8.0,0.2882759937926984
174100,-32.93678121783414,-49.147764470813314,14.0,16.210983252979176
174108,-9.170062782373806,-8.504079419336865,2.0,-0.6659833630369416
174109,-20.600598082003657,-23.462173725133447,6.0,2.8615756431297896
174139,-18.523023232178314,-17.491214827766697,5.0,-1.031808404411617
174154,-16.14813045221179,-15.793275605720762,4.0,-0.3548548464910297
174208,-1.333371920572989,-2.9999202620151957,0.0,1.6665483414422066
174241,-29.1705585226604,-28.917392374469298,9.0,-0.2531661481911023
174290,-28.13865716393467,-27.866410149193925,10.0,-0.27224701474074564
174504,-28.26925440650336,-28.712113820756738,9.0,0.4428594142533768
174510,-5.249998323806772,-5.0796376460582175,1.0,-0.17036067774855468
174644,-24.267731102282976,-22.0668923490577,5.0,-2.200838753225277
174647,-97.91732252011882,-98.03685898411214,55.0,0.1195364639933274
174762,-22.43674024953482,-30.315110388680996,5.0,7.878370139146174
174928,-27.14690310134994,-19.227160992890006,5.0,-7.919742108459932
174985,-17.2122476682344,-17.235011668185084,4.0,0.022763999950683456
175012,-5.397887256337936,-6.021718115983406,1.0,0.6238308596454702
175044,-5.625487960252288,-4.997165442171019,1.0,-0.6283225180812693
175047,-1.310017544051544,-1.4813409710145136,0.0,0.17132342696296954
175165,-91.93524910053846,-84.73162399823602,51.0,-7.203625102302439
175286,-8.450344732949814,-9.623581307016215,2.0,1.1732365740664008
175439,-45.565429843908326,-63.10478301415211,19.0,17.539353170243785
175493,-16.615160053532655,-17.102372037080443,4.0,0.4872119835477875
175663,-27.805540065755153,-27.085209307721787,8.0,-0.7203307580333664
175672,-5.2239490743058505,-4.989319647917328,1.0,-0.2346294263885227
175687,-11.435196628136321,-12.500083563953261,3.0,1.06488693581694
175790,-2.39629011895052,-3.531738668191766,0.0,1.135448549241246
175867,-1.058938086191047,-1.2741685581897129,0.0,0.21523047199866596
175887,-5.373639777137403,-6.115832948366299,1.0,0.7421931712288963
175984,-14.137401724495158,-14.307996110849395,3.0,0.17059438635423696
176014,-5.3416188998115315,-4.915188849829001,1.0,-0.42643004998253087
176266,-25.89306873180453,-26.01871801463153,8.0,0.12564928282700194
176335,-12.672016553305124,-12.672883857989536,3.0,0.0008673046844123178
176448,-21.06836458914729,-20.93977701771242,5.0,-0.12858757143487054
176454,-24.17347229152707,-31.32934259462878,8.0,7.155870303101711
176474,-35.07859244980538,-34.652735111375165,11.0,-0.42585733843021245
176522,-24.311257404558823,-24.30976505126615,7.0,-0.0014923532926722771
176532,-3.935645231422453,-4.985127796563328,1.0,1.0494825651408748
176578,-1.3514122635836938,-2.4490584612315653,0.0,1.0976461976478715
176628,-27.41595273957755,-29.065219833674284,9.0,1.6492670940967358
176804,-2.45563173526453,-1.7850568292146498,0.0,-0.6705749060498802
176805,-15.248237320605071,-15.497155943093501,4.0,0.24891862248843033
176848,-22.411838388720614,-22.64461666010907,5.0,0.23277827138845453
176999,-10.20080353375221,-9.561476949983664,2.0,-0.6393265837685451
177013,-45.32100465957494,-43.55071158516032,16.0,-1.7702930744146173
177034,-3.4606695444916515,-4.214589977425929,0.0,0.7539204329342772
177099,-9.71575920858498,-9.339502470019927,2.0,-0.37625673856505415
177234,-17.281609619176788,-27.222483227951933,2.0,9.940873608775146
177276,-9.03841694258226,-9.43808567279903,2.0,0.39966873021677074
177345,-12.215400038983967,-12.536194641854433,3.0,0.3207946028704658
177383,-8.949067989983938,-8.651712083127567,2.0,-0.2973559068563709
177469,-3.257646723576058,-2.324755020838351,0.0,-0.9328917027377068
177483,-31.420309371305816,-32.37079649601245,11.0,0.9504871247066369
177570,-17.679682745289142,-18.988035336549274,4.0,1.3083525912601317
177637,-14.956131310472047,-15.795243576677095,4.0,0.8391122662050474
177814,-29.80550623054389,-31.01761439002772,8.0,1.2121081594838294
177842,-1.2977045690488391,-1.8104923012447072,0.0,0.512787732195868
178034,-10.767825975823689,-11.25782413711487,2.0,0.48999816129118123
178112,-13.06109186403383,-12.287084971709431,1.0,-0.7740068923243992
178174,-6.873452004107366,-5.139193624797438,1.0,-1.734258379309928
178253,-21.153761963529,-23.751691032863896,6.0,2.5979290693348958
178299,-3.260856005330913,-4.2353076549759106,0.0,0.9744516496449975
178503,-9.701386105824499,-8.576680043276996,2.0,-1.124706062547503
178517,-30.197203882578275,-25.658664504193784,6.0,-4.538539378384492
178522,-37.21493192137031,-38.50408379053371,13.0,1.2891518691634047
178562,-76.05128857299438,-79.57476830317037,40.0,3.5234797301759926
178583,-28.738097956309858,-28.183781251745295,10.0,-0.5543167045645632
178606,-19.419390870025474,-20.089705943380157,5.0,0.6703150733546828
178607,-9.739692803331849,-10.016892822633,2.0,0.27720001930115146
178630,-50.78460301315609,-53.54671461358872,20.0,2.7621116004326325
178655,-1.0613561105950648,-2.088772687414786,0.0,1.0274165768197212
178666,-5.485907760950671,-5.9018013096913755,1.0,0.41589354874070494
178686,-7.154264282272486,-12.94407496061485,0.0,5.789810678342365
178787,-1.991310090833205,-0.8739092546142408,0.0,-1.1174008362189642
178844,-27.007897454015687,-26.577428579685492,8.0,-0.4304688743301952
178921,-8.048230790304721,-6.711570039703235,1.0,-1.336660750601486
179009,-5.446609047563639,-5.893110044514212,1.0,0.4465009969505731
179092,-5.150840659557771,-5.018095821323652,1.0,-0.1327448382341183
179124,-31.97847923275271,-32.85740091342855,10.0,0.8789216806758375
179224,-18.031771662290442,-17.18153170692179,5.0,-0.8502399553686537
179284,-19.795519966989445,-18.95499459553324,6.0,-0.8405253714562058
179542,-41.124594285910476,-40.74209554069788,14.0,-0.38249874521259386
179621,-10.103341803454173,-9.88820517168661,2.0,-0.21513663176756204
179800,-19.004595507368197,-17.6045927664265,5.0,-1.400002740941698
179819,-51.61981678248351,-60.38735883387462,20.0,8.76754205139111
179826,-5.44342537537671,-5.0604151978996335,1.0,-0.3830101774770762
179882,-0.9064461388952181,-1.4813409710145136,0.0,0.5748948321192955
180042,-1.1659070939772103,-1.4813409710145136,0.0,0.3154338770373033
180078,-18.18081620694899,-17.428517042498008,5.0,-0.7522991644509816
180301,-6.161624724216184,-6.800931922293325,1.0,0.639307198077141
180349,-38.408996567071505,-39.6201823322707,12.0,1.2111857651991969
180365,-2.738445007679792,-3.911067836615605,0.0,1.172622828935813
180466,-21.461863993926876,-22.25202030163969,7.0,0.7901563077128131
180480,-4.361348119870088,-4.822215411216014,0.0,0.4608672913459264
180775,-5.599541020864637,-5.052845898334015,1.0,-0.5466951225306218
180801,-1.5233355180297685,-2.6962044038150594,0.0,1.172868885785291
180898,-14.99828429042458,-15.15148756571738,4.0,0.15320327529279965
181060,-0.7532783762501498,-0.9339073355424331,0.0,0.1806289592922833
181071,-0.9501157290944131,-1.4813409710145136,0.0,0.5312252419201005
181131,-27.82559638579198,-22.819317994767164,5.0,-5.006278391024814
181281,-5.32008355455083,-5.068569676511637,1.0,-0.25151387803919256
181298,-12.309619526767495,-11.617949794122813,3.0,-0.6916697326446819
181543,-1.213101938878969,-1.4813409710145136,0.0,0.26823903213554456
181635,-9.429120084772839,-9.14144779128712,2.0,-0.2876722934857181
181636,-14.73629925541018,-14.484324106602708,4.0,-0.25197514880747285
181646,-22.743581900681804,-25.055830681003695,7.0,2.312248780321891
181686,-20.71731841756353,-21.217528170727658,5.0,0.5002097531641283
181719,-14.714763171984899,-14.187594466266196,4.0,-0.5271687057187027
181731,-49.835278736058534,-49.89910706912976,20.0,0.06382833307122837
181877,-29.033824544395017,-32.916724935964744,9.0,3.882900391569727
181940,-52.2337180772069,-51.29949965407216,21.0,-0.9342184231347446
182012,-24.332782253913383,-27.265315230928927,5.0,2.932532977015544
182035,-26.499949876360315,-26.213509845687124,8.0,-0.2864400306731909
182061,-5.3243887483781664,-5.690105509494671,1.0,0.36571676111650486
182100,-30.01792430109182,-29.533023972414792,7.0,-0.48490032867702837
182263,-71.89712182017149,-69.37696645561535,18.0,-2.520155364556146
182568,-8.893682787535383,-9.106254829506696,2.0,0.2125720419713133
182583,-4.1795736416981715,-6.037078844016559,0.0,1.8575052023183876
182603,-19.12730470720402,-17.783974357623656,5.0,-1.3433303495803628
182838,-67.13302258376793,-77.53541475792201,20.0,10.402392174154087
182989,-7.938832126005294,-8.468984923557953,1.0,0.5301527975526588
183023,-12.337836024533905,-12.281946919495216,2.0,-0.05588910503868938
183155,-9.257154009563804,-9.348536107590824,2.0,0.09138209802702058
183273,-54.172329052942516,-54.38624590124007,23.0,0.21391684829755775
183436,-5.94923671551785,-6.030415626437434,1.0,0.08117891091958374
183455,-145.9581209558281,-136.87589247370647,72.0,-9.082228482121621
183481,-34.649804667613786,-36.95952670320938,9.0,2.309722035595591
183562,-43.067324805705724,-43.83945042376007,17.0,0.7721256180543463
183623,-8.934252683382143,-8.832591073377834,2.0,-0.1016616100043084
183677,-14.198027751262803,-13.966752935914693,3.0,-0.2312748153481099
183766,-14.097178937570087,-13.185693695919513,3.0,-0.9114852416505741
183915,-5.511298394003255,-5.819708320088983,1.0,0.30840992608572826
184104,-3.8995472705670284,-6.037078844016559,0.0,2.1375315734495306
184112,-24.144403904596206,-26.8271098064821,8.0,2.6827059018858925
184174,-78.09162906512135,-78.55628123921367,28.0,0.46465217409232196
184228,-31.23786490755437,-31.796641832126397,10.0,0.558776924572026
184247,-5.507064007299363,-5.753305873945267,1.0,0.24624186664590475
184251,-2.483577628558527,-4.2147836948157416,0.0,1.7312060662572146
184284,-0.38401813872509505,-0.5701933964141045,0.0,0.18617525768900944
184321,-3.3250093311400786,-5.12593126941615,0.0,1.8009219382760717
184386,-23.14511404830958,-22.210048253092122,6.0,-0.9350657952174579
184517,-15.53012879539542,-14.670627378905872,4.0,-0.8595014164895485
184553,-5.351749756789711,-5.64048922657583,1.0,0.288739469786119
184598,-15.332593709490823,-14.991396283545486,4.0,-0.341197425945337
184669,-32.87204127528677,-34.479645808408286,13.0,1.607604533121517
184791,-0.27082858129598236,-0.5757442992725161,0.0,0.3049157179765338
184800,-9.847083045980005,-19.704292463022693,0.0,9.857209417042688
184868,-9.500503277171987,-8.989610601810156,2.0,-0.5108926753618306
184929,-14.455441328175292,-14.43685879552039,4.0,-0.01858253265490184
185154,-38.44016988023885,-38.00165579878329,12.0,-0.43851408145555837
185232,-44.20763096344714,-43.161803621475435,14.0,-1.0458273419717017
185441,-11.235342969256848,-9.663062283193524,2.0,-1.5722806860633245
185456,-39.47489920115576,-34.37031740775793,7.0,-5.104581793397827
185496,-7.419336738858059,-7.122431189123504,1.0,-0.2969055497345545
185668,-5.038914907094804,-5.273999247536676,1.0,0.23508434044187254
185913,-1.3142676281987022,-2.9999202620151957,0.0,1.6856526338164934
186056,-0.05847964461042052,-0.5701933964141045,0.0,0.511713751803684
186059,-12.716163481410748,-13.086343475411706,3.0,0.37017999400095825
186080,-7.314474057975979,-4.9440726080723705,1.0,-2.370401449903609
186366,-5.1267500475491685,-4.911400683184787,1.0,-0.21534936436438112
186457,-9.8617138918704,-10.031667844339108,2.0,0.16995395246870793
186631,-0.0699657996615032,-0.8739092546142408,0.0,0.8039434549527377
186640,-20.75966883844602,-20.189761568181506,6.0,-0.5699072702645154
186653,-0.412516762600313,-1.177625112814377,0.0,0.7651083502140641
186742,-23.657427535620567,-23.33384142363841,8.0,-0.3235861119821557
186772,-7.605715729644719,-9.789906083864118,2.0,2.1841903542193988
186773,-24.120418082886232,-23.848062011836877,8.0,-0.2723560710493551
186941,-1.4259133628373508,-2.088772687414786,0.0,0.6628593245774352
186947,-9.116499780850942,-8.520735413204234,2.0,-0.5957643676467086
186987,-39.53177556838483,-42.927481963794335,12.0,3.395706395409505
186998,-2.9638915003977653,-3.911067836615605,0.0,0.9471763362178396
187008,-11.472640386287603,-11.685009312009598,3.0,0.21236892572199473
187018,-12.345744040591118,-12.677207735825768,3.0,0.3314636952346497
187111,-17.0925546823036,-17.2605742109336,4.0,0.16801952863000125
187253,-85.79983280978584,-84.50464695226457,42.0,-1.2951858575212754
187306,-12.029189206504032,-12.151230428774896,3.0,0.12204122227086422
187463,-46.812769631300824,-47.96547195641852,21.0,1.1527023251176942
187664,-5.8804395665684135,-5.798874745125776,1.0,-0.08156482144263766
187673,-22.991251992528117,-21.686130837628635,6.0,-1.3051211548994814
187683,-22.131126710482047,-21.314146880523136,5.0,-0.8169798299589104
187834,-0.6643769176504797,-1.4813409710145136,0.0,0.8169640533640339
187919,-6.247241080777702,-5.08701411304905,0.0,-1.1602269677286516
187989,-29.36700908238636,-33.11218917890964,10.0,3.7451800965232778
188077,-15.261974410767884,-13.354701205073594,3.0,-1.90727320569429
188147,-14.868066900595117,-14.017571177012563,3.0,-0.8504957235825543
188174,-5.14985839740363,-5.3434404389177566,1.0,0.1935820415141265
188228,-0.3670868573114908,-0.5916225450839887,0.0,0.22453568777249788
188398,-7.2460534633499,-8.154979170431522,1.0,0.9089257070816226
188524,-43.29593072187821,-47.07863644725158,15.0,3.7827057253733756
188544,-3.5542924029839478,-4.2147836948157416,0.0,0.6604912918317938
188554,-31.47581673311589,-31.639896183130045,11.0,0.16407945001415314
188566,-39.40922503202514,-44.39249927261498,14.0,4.983274240589836
188594,-88.3966697547518,-101.13500087031775,26.0,12.738331115565956
188690,-1.1811338644184244,-1.5898976741397828,0.0,0.4087638097213584
188750,-52.14975890061544,-45.37555793679682,9.0,-6.774200963818622
188753,-91.50045069185609,-101.11012553336721,40.0,9.609674841511122
188876,-0.7107236272053743,-1.083492252668324,0.0,0.37276862546294964
188897,-191.28848172873606,-175.73691028413268,117.0,-15.551571444603383
188990,-7.146444655104163,-7.240757451353136,1.0,0.09431279624897293
189060,-22.47276760552344,-23.67939225040617,7.0,1.20662464488273
189243,-20.12566655655391,-19.655887015199205,6.0,-0.4697795413547041
189312,-11.129705255161046,-11.284609830405923,2.0,0.15490457524487766
189369,-82.75859493041932,-94.75480625305491,35.0,11.996211322635588
189370,-8.988492184358,-9.115129036910748,2.0,0.12663685255274792
189485,-9.436038638554518,-9.620731892826894,2.0,0.1846932542723767
189519,-15.344206962957955,-15.047991116555574,4.0,-0.2962158464023812
189563,-50.60021475692074,-52.57666484254268,24.0,1.9764500856219342
189679,-1.6724370751682416,-2.3924885456149223,0.0,0.7200514704466807
189681,-1.2612703642018008,-1.7850568292146498,0.0,0.523786465012849
189729,-25.245747344540813,-24.93671255337965,6.0,-0.3090347911611637
189739,-8.184034808171553,-8.776219836142817,2.0,0.5921850279712633
189818,-0.5718760168330588,-0.8739092546142408,0.0,0.3020332377811821
190116,-14.853652406792612,-13.141313808632257,3.0,-1.7123385981603558
190296,-27.658579151243348,-25.183720607861197,5.0,-2.474858543382151
190433,-4.931850995961355,-7.587596062393748,0.0,2.6557450664323934
190465,-15.830706306908855,-16.021180953568784,4.0,0.1904746466599292
190620,-27.385468382618257,-25.845575941117726,6.0,-1.5398924415005304
190676,-23.79699865594937,-23.066839537618247,7.0,-0.7301591183311231
190688,-5.855170193860185,-5.835596006847328,1.0,-0.01957418701285718
190800,-12.659097921642031,-12.898706492501864,3.0,0.23960857085983278
190864,-1.7505873134451517,-1.7850568292146498,0.0,0.03446951576949808
190885,-17.328288586236436,-17.210254134070823,5.0,-0.11803445216561315
190933,-16.502682932548176,-18.816144394004,3.0,2.313461461455823
191006,-19.18738427517877,-17.11945066811534,4.0,-2.067933607063427
191122,-51.41588015709988,-51.9852970815349,20.0,0.5694169244350249
191132,-41.118431657214096,-40.49419666354967,18.0,-0.6242349936644231
191171,-12.261231025784982,-13.043020462227322,3.0,0.7817894364423399
191217,-18.149009859878955,-20.74602537149958,6.0,2.5970155116206257
191232,-22.58623442032696,-22.801824671505045,6.0,0.21559025117808517
191262,-0.4307385009895223,-0.8739092546142408,0.0,0.4431707536247185
191455,-37.735006167474744,-36.67566945786258,13.0,-1.059336709612161
191509,-7.398609135205872,-8.624168755537557,1.0,1.2255596203316852
191519,-25.920284435020186,-25.576113781835506,8.0,-0.34417065318467976
191649,-10.865206477597534,-15.893493770203948,4.0,5.028287292606414
191681,-0.7691427283121496,-1.177625112814377,0.0,0.4084823845022275
191758,-17.554564197210507,-19.359796844485384,4.0,1.8052326472748774
191831,-65.46877012718569,-71.17876070429023,22.0,5.709990577104534
191833,-10.38113370144917,-10.063809678339803,2.0,-0.31732402310936614
191844,-16.241863923327994,-17.534304970421122,4.0,1.2924410470931278
192032,-8.69857819971223,-8.499472385915317,2.0,-0.19910581379691372
192074,-16.954102099968956,-16.803860448762922,4.0,-0.15024165120603428
192158,-14.908407623670909,-15.039522199788305,4.0,0.13111457611739574
192386,-8.511279947684251,-8.782164363649278,2.0,0.27088441596502655
192457,-21.380734360060206,-21.866058865800905,7.0,0.4853245057406994
192514,-5.235813107326978,-5.270569791888072,1.0,0.03475668456109382
192532,-8.872571137327474,-8.700556013299146,2.0,-0.17201512402832897
192603,-20.753565262833092,-21.481370228214608,7.0,0.727804965381516
192675,-5.267589830572157,-5.219900563419391,1.0,-0.04768926715276578
192702,-13.417597722942729,-12.78602418997869,3.0,-0.6315735329640386
192732,-13.970395056718475,-14.904374899915311,4.0,0.9339798431968358
192829,-0.2100592919040206,-0.5701933964141045,0.0,0.3601341045100839
192858,-1.3563650235673372,-2.088772687414786,0.0,0.7324076638474488
192926,-5.089013404813568,-5.104232853374375,1.0,0.015219448560807258
193039,-71.14675908053766,-79.71090746532705,32.0,8.564148384789391
193149,-134.94392285845967,-222.9164329830812,73.0,87.97251012462152
193519,-62.46378140929346,-60.55147542554949,23.0,-1.9123059837439698
193620,-14.679196343868842,-16.4180867312131,4.0,1.7388903873442594
193646,-35.65176156056989,-35.1197688833842,14.0,-0.5319926771856913
193680,-27.549326449691545,-27.275660057363822,9.0,-0.2736663923277227
193747,-0.7600995973030283,-1.177625112814377,0.0,0.41752551551134875
193872,-30.689158855825198,-34.35953935475021,10.0,3.670380498925013
193933,-21.841544759239643,-22.389528989911405,7.0,0.5479842306717622
193975,-25.582151567435815,-27.083631915644755,7.0,1.5014803482089398
194059,-16.1376560955341,-15.16512106375556,4.0,-0.9725350317785413
194187,-10.599627400561179,-11.23630234238201,2.0,0.6366749418208304
194229,-48.437669827871815,-50.516155501240824,19.0,2.078485673369009
194329,-10.089819953881033,-9.315360003849909,1.0,-0.7744599500311242
194399,-17.292585144751985,-16.886195423622038,5.0,-0.40638972112994765
194411,-58.145121023535694,-63.2690537383038,28.0,5.1239327147681095
194692,-59.105999072438216,-63.078317950027575,26.0,3.972318877589359
194728,-5.656893869772749,-6.237602186835772,1.0,0.5807083170630225
194791,-32.37202918354965,-28.696394050470047,6.0,-3.675635133079602
194801,-13.858642406816944,-12.842447388470308,3.0,-1.016195018346636
194880,-5.5085268435156785,-5.892578967118668,1.0,0.3840521236029897
194916,-18.756582693353874,-18.79841360942461,5.0,0.041830916070736635
195072,-25.22735474637438,-24.03107842135886,8.0,-1.1962763250155213
195261,-22.531993570675628,-23.200282388731523,6.0,0.6682888180558955
195303,-40.613362179218306,-40.76624492307171,16.0,0.15288274385340372
195402,-26.059667443232833,-27.406418364554973,4.0,1.3467509213221405
195403,-0.6253995220138295,-0.8739092546142408,0.0,0.24850973260041131
195509,-21.886162525832507,-24.49166313450279,6.0,2.605500608670283
195516,-46.33915900644684,-52.09582163211702,19.0,5.756662625670181
195584,-33.011464311923845,-32.88772989220367,12.0,-0.12373441972017218
195649,-0.8187230648967485,-1.177625112814377,0.0,0.3589020479176286
195677,-2.616518376284328,-3.607351978415468,0.0,0.9908336021311404
195701,-8.777448669887338,-8.557615139090835,1.0,-0.21983353079650314
195775,-16.241575676205017,-15.724713345166615,4.0,-0.5168623310384017
195864,-34.35581426171675,-38.52545707089489,10.0,4.169642809178136
195950,-49.345591268691024,-45.08873768803271,18.0,-4.256853580658316
195970,-1.3746033375816464,-1.7850568292146498,0.0,0.4104534916330034
196023,-1.428579759243304,-2.3924885456149223,0.0,0.9639087863716183
196044,-0.48893012192568264,-1.177625112814377,0.0,0.6886949908886945
196127,-17.708335468016706,-17.326494820168662,5.0,-0.38184064784804406
196207,-15.443609175823363,-15.154468066458026,4.0,-0.2891411093653371
196294,-0.9492421488044112,-1.4813409710145136,0.0,0.5320988222101024
196526,-8.482910924033833,-9.625141055785443,2.0,1.1422301317516101
196556,-14.395704034135184,-15.286489331713716,5.0,0.8907852975785318
196590,-12.109130160227778,-11.545648584584823,3.0,-0.563481575642955
196616,-56.168668636814566,-56.49648505145299,24.0,0.32781641463842703
196681,-6.6642173029714975,-6.928693338639523,1.0,0.26447603566802513
196857,-0.7053862842738244,-0.8739092546142408,0.0,0.1685229703404164
196879,-20.34159641936749,-20.925388904521167,6.0,0.5837924851536762
197263,-9.124395146948382,-8.407682058912538,2.0,-0.7167130880358439
197350,-8.740864659949773,-9.51414639397744,2.0,0.7732817340276661
197364,-18.860127679107247,-17.92060589537818,3.0,-0.9395217837290666
197439,-39.24833300277332,-37.8531797850976,15.0,-1.3951532176757198
197511,-63.564883738332036,-65.18269540112387,32.0,1.61781166279183
197835,-18.121354734581253,-17.896844295603035,5.0,-0.22451043897821776
197918,-26.9790042568303,-29.108699846722548,8.0,2.129695589892247
197921,-5.851635388115909,-5.507014769580002,0.0,-0.34462061853590686
198017,-2.1933483145847688,-3.303636120215332,0.0,1.1102878056305632
198127,-59.79078863416938,-61.89624726561036,25.0,2.1054586314409818
198165,-13.690537533302397,-12.782583987590701,3.0,-0.9079535457116954
198375,-19.746045343756062,-19.05860150849468,6.0,-0.6874438352613836
198425,-35.02449343348822,-37.32626819824641,12.0,2.3017747647581928
198506,-12.396576398974052,-11.575776967704387,3.0,-0.8207994312696645
198684,-4.810793628991383,-5.0244584784860375,1.0,0.2136648494946547
198794,-1.495204498166603,-2.222526226604254,0.0,0.7273217284376507
199039,-36.46981902329975,-38.172136090368305,13.0,1.702317067068556
199073,-13.269221330696015,-14.355814769494748,4.0,1.086593438798733
199075,-22.321999121172137,-22.816765105254433,8.0,0.4947659840822958
199078,-13.312086018484587,-12.155368937149234,3.0,-1.1567170813353531
199152,-76.2697855245291,-80.32912130375658,32.0,4.059335779227482
199250,-15.448379330147784,-14.846594847140686,4.0,-0.6017844830070977
199387,-60.309943088833606,-60.04050824137358,23.0,-0.2694348474600261
199444,-10.276206211443768,-11.242075480718672,2.0,0.9658692692749042
199570,-30.011869973727226,-29.05667532802751,10.0,-0.9551946456997165
199576,-32.02034774469522,-32.45370022272637,12.0,0.4333524780311464
199601,-27.60200072294089,-31.86381558534395,7.0,4.26181486240306
199701,-19.524496042107124,-18.426873356076996,5.0,-1.0976226860301281
199802,-0.9722239154076504,-1.3021716519301454,0.0,0.329947736522495
199882,-42.653197981086564,-42.66482102405667,18.0,0.011623042970107633
200170,-4.531612455476765,-4.999871431923965,1.0,0.46825897644720005
200210,-17.54314975041469,-17.693332651621017,5.0,0.15018290120632827
200217,-90.02366218810997,-86.95877555954605,50.0,-3.0648866285639116
200219,-5.436183271758635,-5.0931730622961835,1.0,-0.3430102094624514
200316,-24.171384595623042,-24.51567818840809,5.0,0.34429359278504634
200502,-3.311487051820467,-2.0093666820848077,0.0,-1.3021203697356594
200546,-6.382347996864447,-5.129504371121004,1.0,-1.2528436257434432
200590,-26.03603051789092,-25.734314482168717,8.0,-0.3017160357222046
200599,-17.06358414541385,-18.106530189359546,4.0,1.0429460439456975
200715,-25.30738115627788,-23.564815994481883,6.0,-1.7425651617959979
200752,-11.227552314442354,-9.686746143453895,2.0,-1.5408061709884588
200807,-1.7739604582700441,-1.177625112814377,0.0,-0.596335345455667
200897,-12.397101750167849,-11.982996741164923,3.0,-0.4141050090029257
200969,-20.17704598582067,-19.392224332897943,6.0,-0.7848216529227265
200974,-1.2145977194548179,-1.8272641427604837,0.0,0.6126664233056658
201567,-5.2808975294171505,-5.196850991484872,1.0,-0.08404653793227812
201608,-6.821080337991225,-8.611158918297646,1.0,1.790078580306421
201667,-0.5352586172305448,-1.177625112814377,0.0,0.6423664955838323
201797,-33.13465571115579,-33.12958261939183,11.0,-0.005073091763954096
201918,-18.429094021148575,-21.26797321104053,3.0,2.838879189891955
202011,-8.52644242124477,-8.690030242497944,2.0,0.16358782125317362
202125,-28.88981243514575,-27.763886162048852,10.0,-1.1259262730968977
202163,-40.159258424520445,-38.996031524131915,15.0,-1.1632269003885298
202287,-102.286924630235,-98.71632176573233,50.0,-3.570602864502675
202369,-16.88732711624609,-17.619018558128072,4.0,0.7316914418819813
202427,-2.7210779211986806,-3.607351978415468,0.0,0.8862740572167875
202525,-43.228284344292604,-42.35378984288186,14.0,-0.8744945014107444
202542,-4.9931172890933695,-5.058812378900626,1.0,0.06569508980725658
202760,-17.293754656721845,-17.641394343167043,5.0,0.3476396864451985
202898,-21.16159976328188,-20.410465922773696,6.0,-0.7511338405081851
203025,-9.541872578454143,-9.203959459729038,2.0,-0.33791311872510477
203062,-0.9786427822856514,-1.4813409710145136,0.0,0.5026981887288622
203298,-45.744315601995034,-46.61694933674787,18.0,0.8726337347528386
203583,-5.292485148239004,-5.028419304654065,1.0,-0.26406584358493923
203664,-8.004593488241506,-10.84320017847274,2.0,2.8386066902312344
203692,-5.1521316600970435,-4.9619819946264005,1.0,-0.19014966547064294
203720,-5.480569618341962,-4.980704748225821,1.0,-0.49986487011614056
203744,-5.892639277198318,-6.544417727814561,1.0,0.6517784506162432
204092,-93.90539633893741,-91.81446623588067,31.0,-2.090930103056735
204284,-1.403375600669269,-2.3924885456149223,0.0,0.9891129449456533
204292,-59.69790173023548,-61.22820747847282,18.0,1.530305748237339
204322,-22.184021912892405,-22.228772501849917,7.0,0.044750588957512605
204361,-9.41753003877445,-9.978293556109707,2.0,0.560763517335257
204439,-2.14774040476486,-1.4813409710145136,0.0,-0.6663994337503465
204493,-48.95663145419745,-41.704726204842714,11.0,-7.251905249354735
204541,-10.92401985373776,-11.676072402967856,3.0,0.7520525492300951
204561,-1.9851533166327715,-3.607351978415468,0.0,1.6221986617826967
204719,-13.513943068380408,-14.563738425661978,3.0,1.0497953572815693
204789,-36.81461093049285,-36.09244242678992,13.0,-0.7221685037029246
204859,-15.951327124579258,-18.926932026965435,4.0,2.975604902386177
204867,-39.23598958531313,-38.28169521742368,14.0,-0.954294367889446
204894,-16.900038021240466,-16.564689795823007,4.0,-0.3353482254174587
204966,-64.54669438623874,-65.82124532550566,24.0,1.2745509392669163
205121,-5.865477817773105,-4.992412472175654,1.0,-0.8730653455974506
205140,-6.720666581207352,-5.854628556651189,1.0,-0.866038024556163
205319,-2.0450897177447684,-2.9999202620151957,0.0,0.9548305442704272
205377,-9.044101957042578,-8.619902239202201,2.0,-0.42419971784037713
205398,-22.947242327722385,-24.045032611238902,5.0,1.0977902835165168
205435,-0.7219584139835533,-0.8739092546142408,0.0,0.15195084063068753
205445,-11.678254590168606,-11.737838962441892,3.0,0.05958437227328517
205491,-7.088805975757239,-5.175428453047401,1.0,-1.9133775227098386
205573,-0.9967900905223017,-1.7850568292146498,0.0,0.7882667386923481
205577,-0.9471765571987959,-1.4813409710145136,0.0,0.5341644138157177
205620,-10.322765508661869,-9.677347220700097,2.0,-0.6454182879617711
205662,-9.096318393417071,-8.824147157381162,2.0,-0.2721712360359092
205787,-20.455037493735592,-23.320232311478655,5.0,2.8651948177430633
205971,-0.4731356418938841,-0.8739092546142408,0.0,0.4007736127203568
206010,-32.297820186019365,-30.246022587370373,8.0,-2.0517975986489922
206024,-0.57023000412428,-0.8739092546142408,0.0,0.3036792504899608
206098,-1.7419132494709744,-2.4490584612315653,0.0,0.707145211760591
206142,-1.7283444798999081,-3.303636120215332,0.0,1.5752916403154238
206160,-13.31586685032871,-12.243107298177817,3.0,-1.0727595521508935
206303,-44.83735804841111,-43.247011893632965,15.0,-1.5903461547781461
206318,-14.479637547044128,-14.3611267875187,4.0,-0.118510759525428
206320,-4.9584130220643035,-5.022654685786877,1.0,0.06424166372257378
206378,-14.091322990833081,-14.28552897179055,3.0,0.19420598095746833
206388,-0.39437760060202026,-0.8739092546142408,0.0,0.4795316540122206
206391,-3.6683229226733975,-4.2147836948157416,0.0,0.546460772142344
206662,-10.50734375661332,-10.12847279883444,2.0,-0.37887095777887936
206666,-2.642166727513605,-3.303636120215332,0.0,0.661469392701727
206810,-14.296463578658727,-14.729800285602673,4.0,0.43333670694394577
206935,-0.016820965968167362,-0.266477538213968,0.0,0.24965657224580065
206992,-16.208429217997406,-15.953041207136572,3.0,-0.25538801086083396
207046,-15.472354482236863,-16.335903101094946,4.0,0.8635486188580828
207075,-10.47853055438247,-10.440139178063728,2.0,-0.03839137631874223
207176,-1.421471483846386,-1.6012573614048624,0.0,0.17978587755847641
207190,-18.30679230880377,-16.684295749001492,4.0,-1.6224965598022791
207408,-0.6969030729482131,-0.9407714963570474,0.0,0.2438684234088343
207410,-36.77243982859061,-41.14327011348951,11.0,4.370830284898894
207503,-3.956572822694302,-5.733362985816423,0.0,1.7767901631221208
207534,-12.657141526009259,-12.788312333522637,3.0,0.13117080751337795
207718,-9.8287226929923,-11.177703651883226,2.0,1.348980958890925
207771,-6.110847833019109,-5.144374824384961,1.0,-0.9664730086341482
207841,-1.367949576714877,-1.4813409710145136,0.0,0.11339139429963652
207847,-1.1800581030972102,-2.088772687414786,0.0,0.9087145843175759
207946,-41.20219892833354,-41.519478411937605,12.0,0.317279483604068
208070,-2.9587753141110302,-3.493037026839434,0.0,0.5342617127284037
208084,-11.036236382495987,-11.637195528009304,3.0,0.6009591455133165
208293,-5.797932417802598,-6.135222020975923,1.0,0.3372896031733248
208352,-9.374564027784425,-8.52653435353801,2.0,-0.8480296742464155
208371,-21.30307431064336,-21.11025702019485,6.0,-0.19281729044850948
208630,-6.287365866878304,-6.644152871465259,1.0,0.35678700458695545
208777,-20.29696031110532,-21.461715483247506,6.0,1.1647551721421863
208840,-0.6716606532150694,-0.266477538213968,0.0,-0.4051831150011014
209028,-73.1271727103915,-71.1950772719487,35.0,-1.9320954384428006
209039,-14.258000120340435,-9.708921923744594,2.0,-4.549078196595842
209047,-41.092992194114586,-39.837125069655535,15.0,-1.2558671244590514
209142,-28.742836635812765,-29.416650849997115,9.0,0.6738142141843504
209222,-19.9996096881274,-18.844102228353798,5.0,-1.1555074597736024
209242,-77.13053578084198,-74.91137168387749,38.0,-2.219164096964491
209254,-11.566637463565502,-13.056044819383962,3.0,1.489407355818459
209379,-19.2238802737976,-19.013414800182403,5.0,-0.21046547361519785
209386,-2.4355920654074112,-3.303636120215332,0.0,0.8680440548079207
209513,-33.841783761926834,-47.32335409273754,11.0,13.481570330810705
209539,-6.128516567963176,-5.045197267779683,1.0,-1.0833193001834935
209574,-5.26779568861998,-5.277973242871076,1.0,0.010177554251096232
209714,-3.360510027219172,-2.8524334019352273,1.0,-0.5080766252839446
209753,-1.2934627824440807,-1.7850568292146498,0.0,0.49159404677056906
209791,-5.672825661360466,-5.191352690689291,1.0,-0.48147297067117556
209877,-9.884825343466215,-9.034724943471256,2.0,-0.8501003999949592
209920,-62.748430810077004,-61.19198080921895,18.0,-1.5564500008580566
209936,-32.017952925836724,-32.582137116381304,10.0,0.5641841905445801
210053,-30.83679438170473,-35.453002936145964,10.0,4.616208554441233
210095,-15.964234454616005,-14.796813269799527,3.0,-1.1674211848164777
210263,-43.07069037609242,-42.03751012716556,17.0,-1.0331802489268611
210287,-2.916503543484215,-1.956740022494119,0.0,-0.9597635209900961
210681,-12.795315211754597,-12.99279099331935,3.0,0.1974757815647532
210757,-2.937114850781939,-3.911067836615605,0.0,0.973952985833666
210811,-34.43523939642468,-34.5697096771708,12.0,0.13447028074612177
210984,-26.441376363145114,-25.915837904133518,8.0,-0.5255384590115959
211200,-51.08584329374568,-50.39624515096057,15.0,-0.6895981427851154
211212,-49.23500320711998,-56.46753959457525,22.0,7.232536387455269
211296,-5.338774720741279,-5.556330717116852,1.0,0.2175559963755731
211332,-19.676803642251443,-24.308556071817076,6.0,4.631752429565633
211430,-6.370452080531051,-6.467624052284071,1.0,0.09717197175301973
211452,-11.922427000430265,-11.450811180130508,3.0,-0.4716158202997569
211528,-5.707156185599198,-5.1441859334401245,1.0,-0.5629702521590731
211685,-7.064957570462684,-7.275591577115001,1.0,0.21063400665231669
211781,-6.15362005272607,-5.473448492525776,1.0,-0.6801715602002938
211795,-0.6802924215241943,-1.2638418396762314,0.0,0.5835494181520371
212181,-7.586117870490726,-9.07337064859665,2.0,1.4872527781059244
212190,-1.1610707184007996,-1.7850568292146498,0.0,0.6239861108138502
212321,-12.310119099321543,-12.27361125136078,3.0,-0.03650784796076323
212605,-2.3613856573506853,-2.9999202620151957,0.0,0.6385346046645104
212749,-15.424357869310832,-14.882666127539895,4.0,-0.5416917417709364
212791,-30.331767940564855,-32.04432536961332,9.0,1.7125574290484629
212807,-8.912524008672426,-9.447252746174435,2.0,0.5347287375020091
212832,-9.997722971045988,-9.092022167236697,2.0,-0.9057008038092906
212888,-1.4554763681231158,-2.088772687414786,0.0,0.6332963192916703
212958,-18.832261879519624,-19.500897020787434,5.0,0.66863514126781
212990,-34.3630397398055,-36.62237553815033,11.0,2.2593357983448286
213022,-37.11410214517184,-35.49317668509876,10.0,-1.6209254600730816
213060,-9.468649140011022,-8.557049233793359,2.0,-0.9115999062176634
213074,-5.1038943793946485,-5.015362648026563,1.0,-0.08853173136808579
213110,-22.26123515588283,-23.92764725383196,6.0,1.6664120979491308
213148,-19.486832595879225,-21.00857920845239,5.0,1.521746612573164
213153,-12.704110903549289,-12.774916525751932,3.0,0.07080562220264319
213164,-44.92154742816768,-52.77893087754832,18.0,7.857383449380642
213325,-19.357335144478117,-21.819664264386144,6.0,2.462329119908027
213385,-9.272970319766122,-9.151846574370046,2.0,-0.12112374539607629
213399,-22.293539456331697,-22.446211218677572,6.0,0.1526717623458751
213429,-9.174025281013218,-8.904081325758508,2.0,-0.2699439552547105
213511,-19.517339024727292,-20.244950992873576,5.0,0.7276119681462845
213538,-2.6508336847783087,-3.6249180396061704,0.0,0.9740843548278617
213582,-32.69136749954741,-36.13992763085786,9.0,3.448560131310451
213693,-9.659817825826654,-8.617070056926169,2.0,-1.042747768900485
213748,-13.533588216409303,-12.426760949773234,3.0,-1.1068272666360688
213798,-24.991443460226453,-24.587298835542654,9.0,-0.4041446246837985
213805,-3.353020252496196,-2.3924885456149223,0.0,-0.9605317068812735
213878,-3.9583349899556834,-4.822215411216014,0.0,0.8638804212603306
213896,-22.853062851938226,-22.2519750793976,5.0,-0.6010877725406267
214011,-10.080168273701101,-9.037393794510148,2.0,-1.0427744791909532
214379,-8.383994438530898,-8.498046508966373,2.0,0.11405207043547527
214479,-1.6528167131676539,-2.6962044038150594,0.0,1.0433876906474056
214552,-38.19827530171873,-37.892641009261425,16.0,-0.3056342924573059
214853,-0.7731689368231295,-1.373210926940809,0.0,0.6000419901176796
214915,-20.665121825966445,-20.643844191235544,6.0,-0.021277634730900274
214919,-10.424619089505162,-9.511950252255719,2.0,-0.9126688372494431
214951,-1.21316341372032,-2.4490584612315653,0.0,1.2358950475112453
214989,-0.4490965496444486,-0.5757442992725161,0.0,0.12664774962806752
214996,-8.901026514657113,-8.466345932278909,2.0,-0.4346805823782045
215010,-9.961406649533915,-9.01270918463387,2.0,-0.9486974649000448
215023,-64.5766371164414,-61.45370486913098,22.0,-3.1229322473104233
215151,-34.54741916757076,-39.213856824355126,15.0,4.6664376567843675
215276,-14.910294893584839,-14.577200674542073,4.0,-0.33309421904276526
215402,-13.258088847447068,-12.610049017838888,3.0,-0.6480398296081802
215490,-21.548635844440486,-22.408284323539092,6.0,0.8596484790986061
215596,-11.573382482238198,-12.054664070353008,3.0,0.48128158811480937
215890,-13.51797428056885,-13.09873683330768,3.0,-0.41923744726117107
215901,-14.900431022870045,-14.696842679903817,4.0,-0.20358834296622774
215920,-5.5110197864091175,-5.61152883865246,1.0,0.10050905224334272
215930,-8.261195968171373,-8.484024794801835,2.0,0.22282882663046166
215975,-40.13252629330676,-40.12736808616646,12.0,-0.005158207140297577
215996,-24.668190361190025,-23.534564940084095,7.0,-1.1336254211059291
216073,-39.0245870954414,-34.45241430099529,8.0,-4.572172794446111
216082,-0.9625275331191189,-0.9108071893079416,0.0,-0.051720343811177294
216122,-20.852977308898986,-19.628158093971187,5.0,-1.2248192149277983
216180,-8.948179678718203,-8.952927351353752,2.0,0.004747672635549094
216187,-5.101794036449591,-5.104811669348124,1.0,0.0030176328985334067
216204,-12.47582546878811,-13.27854602181393,3.0,0.8027205530258215
216275,-25.74008362173253,-26.146608284146104,9.0,0.4065246624135739
216349,-26.291697203422288,-26.201072278266857,8.0,-0.09062492515543141
216424,-55.215877440471566,-55.39534908205852,26.0,0.17947164158695728
216476,-1.1396060565581443,-1.4813409710145136,0.0,0.3417349144563693
216570,-31.846275582768644,-31.200122788928507,11.0,-0.6461527938401375
216611,-1.0295636932905938,-1.4813409710145136,0.0,0.45177727772391973
216976,-16.231029703557546,-15.89283078774349,4.0,-0.3381989158140559
217109,-16.78060440812613,-17.525149728292906,4.0,0.7445453201667753
217364,-8.97214744698455,-8.661488330421234,2.0,-0.3106591165633166
217407,-20.5357205701656,-24.855533695592896,7.0,4.319813125427295
217408,-8.261483438901003,-9.219651836960288,2.0,0.9581683980592857
217471,-53.585538810005104,-53.956754763457916,19.0,0.3712159534528112
217504,-12.831256745642067,-13.204110798651305,3.0,0.37285405300923813
217540,-20.2032536966496,-20.067989035926082,5.0,-0.13526466072351795
217548,-23.889337378257938,-23.720185855793773,7.0,-0.16915152246416554
217569,-34.59811794585082,-36.935030303849096,9.0,2.33691235799828
217647,-18.475945563409383,-17.803127558543583,5.0,-0.6728180048657997
217800,-13.575280982137503,-14.570715878119202,4.0,0.995434895981699
218136,-157.7504819621516,-155.3240449764104,92.0,-2.426436985741219
218148,-9.447081286132995,-9.755041713712236,2.0,0.3079604275792409
218175,-4.151002514066048,-8.770521567817786,0.0,4.6195190537517385
218193,-38.414381316352106,-38.82585499362212,15.0,0.41147367727001694
218202,-25.254908402389972,-24.47145930475609,8.0,-0.7834490976338806
218409,-1.4538610420904214,-2.088772687414786,0.0,0.6349116453243646
218415,-5.171643070639723,-5.220393665984111,1.0,0.04875059534438808
218463,-18.407862198940457,-17.713317130199016,5.0,-0.6945450687414407
218472,-12.235928223039966,-11.630255648934321,3.0,-0.605672574105645
218559,-18.085470424104862,-19.04503292945975,6.0,0.9595625053548886
218727,-1.8421388124248212,-2.9999202620151957,0.0,1.1577814495903744
218777,-10.281554567687055,-15.544997514089902,3.0,5.263442946402847
218797,-2.591760912386444,-2.0444604279695326,0.0,-0.5473004844169114
218816,-2.0789766579710256,-1.7850568292146498,0.0,-0.2939198287563758
218880,-12.273821934214723,-12.795372965217071,2.0,0.5215510310023479
218910,-35.32674476533114,-34.129079949645174,12.0,-1.1976648156859682
218945,-29.196139729986935,-29.41083260730505,10.0,0.21469287731811448
218962,-18.78949648938988,-18.00513632415805,5.0,-0.7843601652318277
219132,-35.53014464112969,-35.76100612318344,14.0,0.23086148205375423
219185,-3.519411495876128,-3.343245450347477,0.0,-0.1761660455286509
219187,-7.951333122537793,-7.240226373957592,1.0,-0.7111067485802014
219195,-5.439869166621955,-5.088859988630924,1.0,-0.35100917799103115
219198,-24.451603380280837,-25.061923935637495,8.0,0.6103205553566582
219234,-16.784773782269795,-18.658975647514715,4.0,1.8742018652449204
219257,-31.993060575650123,-32.07976519890901,12.0,0.0867046232588855
219410,-12.419587660904357,-11.508735135135991,3.0,-0.910852525768366
219449,-5.369132830352476,-5.0213458632673325,1.0,-0.3477869670851437
219458,-9.639811982183748,-9.192522048838173,2.0,-0.44728993334557465
219643,-7.252483959374602,-8.357916201369358,2.0,1.1054322419947562
219667,-0.6398676886793359,-1.177625112814377,0.0,0.5377574241350412
219806,-8.815843088216438,-8.815067599652046,2.0,-0.0007754885643915799
219824,-18.753607528018243,-17.79948477030113,5.0,-0.9541227577171121
219835,-23.914628906732467,-23.930915694611667,8.0,0.016286787879199238
219884,-7.809748657061296,-8.60126772913165,2.0,0.7915190720703533
219906,-46.42384566273355,-49.29293760776098,19.0,2.869091945027435
219999,-16.883671156554822,-17.85256764969507,5.0,0.9688964931402495
220002,-3.0042113646134756,-3.911067836615605,0.0,0.9068564720021293
220264,-5.320409863634533,-5.040734935876955,1.0,-0.2796749277575783
220270,-6.430764292678182,-6.636624814650745,1.0,0.20586052197256333
220609,-4.850884916627931,-5.057039197909869,1.0,0.2061542812819388
220653,-12.462948760492468,-13.37363846138506,3.0,0.9106897008925916
220669,-14.376291471929212,-13.476956020087226,3.0,-0.8993354518419867
220725,-18.22103389173826,-17.475216660125085,4.0,-0.7458172316131737
220848,-11.666196141181876,-11.528959876949155,3.0,-0.13723626423272073
221182,-66.32858743795876,-66.47167407996871,38.0,0.1430866420099477
221268,-19.91950225487493,-20.47844489743836,6.0,0.5589426425634301
221524,-77.79975763322224,-76.93719651023623,34.0,-0.8625611229860084
221583,-2.4459446641094598,-4.2147836948157416,0.0,1.7688390307062818
221840,-3.414026315106162,-4.2147836948157416,0.0,0.8007573797095797
221897,-6.421859478529892,-7.185047206385411,1.0,0.7631877278555192
222201,-52.734548006294865,-53.76269573173586,18.0,1.028147725440995
222465,-20.410275543761422,-19.559257423197227,6.0,-0.8510181205641949
222493,-29.006888379413102,-32.27729770452101,8.0,3.2704093251079094
222607,-190.16697066427363,-197.88031944628335,48.0,7.713348782009717
222720,-20.53073086684024,-21.746546401504627,6.0,1.2158155346643866
222726,-40.972553388493,-42.169289795794576,16.0,1.1967364073015787
222750,-1.3183425556049995,-1.682849448291262,0.0,0.36450689268626246
222788,-0.8484920514694013,-0.8739092546142408,0.0,0.02541720314483953
222789,-2.1739880494671553,-2.4041388088666906,0.0,0.23015075939953533
222838,-0.9767777919521592,-1.177625112814377,0.0,0.2008473208622179
222946,-25.498287495554052,-25.330401171272978,7.0,-0.1678863242810742
223037,-6.031884261588605,-4.982467603551886,1.0,-1.0494166580367192
223089,-38.29885196784433,-40.52231389174435,13.0,2.2234619239000253
223266,-11.793017090890938,-9.545788297713765,2.0,-2.2472287931771735
223316,-20.11155983032987,-20.97857046299453,5.0,0.8670106326646589
223370,-27.020881845639344,-26.8881722367227,9.0,-0.1327096089166453
223424,-15.465281748219336,-15.209706714929172,4.0,-0.25557503329016384
223467,-8.943289937622362,-8.502803316357033,2.0,-0.4404866212653289
223560,-38.15908334850973,-38.7779395531266,16.0,0.6188562046168684
223867,-1.1501324223039486,-1.4813409710145136,0.0,0.33120854871056493
223868,-12.436482390237714,-12.69881189159764,3.0,0.2623295013599254
223958,-23.863476260846394,-26.51148550642456,6.0,2.648009245578166
224304,-5.373022264062741,-5.096579834821059,1.0,-0.2764424292416825
224369,-8.45385038215072,-9.578228094390477,2.0,1.1243777122397578
224373,-3.462473301160012,-4.944753237521699,1.0,1.4822799363616865
224430,-0.7694000280417734,-1.177625112814377,0.0,0.40822508477260366
224470,-26.165623477615885,-32.705644929424615,6.0,6.54002145180873
224482,-60.22052717717487,-61.487785496872945,17.0,1.2672583196980725
224486,-6.715006522879594,-5.494954723367527,1.0,-1.220051799512067
224592,-5.6196330722556205,-6.539032887396298,1.0,0.9193998151406779
224609,-6.481378929137936,-6.996065684873626,1.0,0.5146867557356902
224668,-1.524981070352275,-1.8002119135247407,0.0,0.2752308431724657
224742,-41.53694949597057,-50.20423622436997,13.0,8.667286728399404
224880,-12.353207559917305,-12.437030855143988,3.0,0.08382329522668286
225038,-23.36804702313607,-24.85687087359338,8.0,1.4888238504573081
225081,-1.1207673792411688,-1.177625112814377,0.0,0.056857733573208336
225268,-20.99982679756142,-20.924148736758198,6.0,-0.07567806080322015
225283,-37.52906234829288,-38.63860522029091,17.0,1.1095428719980305
225290,-26.986517650763016,-26.691875964190242,9.0,-0.2946416865727741
225298,-12.880884291586073,-13.961996775636063,2.0,1.0811124840499904
225456,-8.982350077492514,-9.63951701200413,2.0,0.6571669345116167
225567,-17.288759230461004,-17.76680709953128,4.0,0.4780478690702772
225585,-1.1921143565655374,-1.4813409710145136,0.0,0.2892266144489761
225616,-16.779411966764904,-15.558953758010151,4.0,-1.2204582087547529
225626,-8.78156295397134,-8.672967097701884,2.0,-0.10859585626945645
225633,-32.899091044985155,-35.32760477734601,12.0,2.428513732360855
225668,-33.32625508713669,-32.99849852978146,11.0,-0.32775655735522946
225842,-26.989523241402193,-25.799810520338106,6.0,-1.1897127210640868
225847,-15.052659602350218,-14.374947108003216,4.0,-0.6777124943470021
225905,-43.95586029269761,-45.001305064607884,18.0,1.045444771910276
226057,-1.0898279068425116,-0.8739092546142408,0.0,-0.21591865222827078
226080,-37.38089087144899,-40.90432995736659,17.0,3.5234390859176017
226090,-20.825501647369112,-24.646112478979926,5.0,3.8206108316108143
226129,-18.31247121765248,-17.943435463990653,5.0,-0.3690357536618265
226155,-49.69209159309283,-47.60011206805342,20.0,-2.091979525039413
226168,-12.537350651885635,-12.264937356208053,3.0,-0.2724132956775822
226343,-7.1047602447812785,-7.175951375925937,1.0,0.07119113114465847
226374,-23.54581462759912,-23.302051137794493,8.0,-0.24376348980462836
226395,-5.4522978668098805,-5.016211711870066,1.0,-0.4360861549398143
226413,-14.019943404379012,-14.716135601954738,4.0,0.6961921975757264
226448,-20.766118894529892,-20.312472447611615,6.0,-0.4536464469182775
226674,-34.16091330310689,-35.74908931520226,12.0,1.5881760120953743
226858,-5.329959618379613,-5.544900988561836,1.0,0.21494137018222315
226962,-18.11163668835494,-19.032718306490086,5.0,0.9210816181351476
227186,-32.8436458866826,-32.91548954805027,10.0,0.07184366136766585
227258,-1.1807988396518834,-1.7129900022382611,0.0,0.5321911625863778
227321,-19.24094777173796,-18.93359521411385,5.0,-0.3073525576241103
227358,-29.115164617946682,-36.87248448404372,10.0,7.757319866097035
227599,-0.9775777049822568,-1.4813409710145136,0.0,0.5037632660322567
227605,-5.437895359639356,-5.014592075292253,1.0,-0.42330328434710296
227829,-33.76348818379438,-34.79275961654441,12.0,1.0292714327500292
227938,-27.379565308475847,-27.5018159708285,10.0,0.12225066235265203
227940,-5.804361897624136,-5.058812378900626,1.0,-0.7455495187235099
228002,-17.19878695038323,-17.149152757754482,5.0,-0.0496341926287478
228241,-94.04048029983626,-89.72966760002853,34.0,-4.310812699807727
228312,-30.5282713163781,-32.96646521099142,11.0,2.438193894613324
228352,-13.158838820376054,-12.80080686537075,3.0,-0.3580319550053037
228380,-2.4150229257390685,-3.303636120215332,0.0,0.8886131944762634
228410,-20.012794253102463,-19.514456319819626,5.0,-0.49833793328283704
228590,-15.976627280466172,-23.535534449365084,5.0,7.558907168898912
228695,-5.463245048594154,-4.93068181403096,1.0,-0.5325632345631943
228927,-25.832862690854835,-25.60123921223514,8.0,-0.2316234786196958
228995,-5.296477371160812,-6.0698123858650455,1.0,0.7733350147042337
229245,-4.733964233469532,-5.102455179727965,1.0,0.3684909462584329
229257,-15.957689031184884,-17.802386622089255,4.0,1.8446975909043708
229339,-8.424002313256155,-11.006839319589341,2.0,2.582837006333186
229357,-9.299056177788627,-9.043731577203971,2.0,-0.25532460058465567
229408,-20.53840678318936,-21.92148956363965,6.0,1.383082780450291
229550,-2.9997488098345033,-3.303636120215332,0.0,0.3038873103808286
229610,-32.70608121532646,-33.7586029439689,12.0,1.0525217286424393
229647,-6.66425765131724,-8.46680570961765,0.0,1.8025480583004105
229668,-0.18117565148517742,-0.6119787223246699,0.0,0.43080307083949243
229832,-66.91381996843631,-66.07737864877141,37.0,-0.8364413196648997
230053,-21.21049570732019,-20.122782981195357,6.0,-1.0877127261248347
230383,-12.13149478507421,-12.212452359124187,3.0,0.08095757404997705
230515,-22.5132121785079,-22.719960965598535,7.0,0.2067487870906355
230576,-3.287573052770544,-3.7095224179834285,0.0,0.4219493652128845
230768,-55.22871598021723,-52.43577793266181,15.0,-2.792938047555424
230776,-10.03648776678099,-9.433184243041703,2.0,-0.603303523739287
230824,-4.239679751507385,-5.12593126941615,0.0,0.8862515179087653
230885,-12.107835622684627,-11.753305504863896,3.0,-0.3545301178207314
231153,-2.444117841145584,-3.911067836615605,0.0,1.4669499954700207
231154,-25.152905511973067,-24.470488117353234,6.0,-0.6824173946198329
231239,-19.694291764872112,-20.583517566620838,6.0,0.8892258017487258
231252,-5.290520139652661,-5.504243262528786,1.0,0.21372312287612516
231260,-35.91304476922365,-35.81444832077813,15.0,-0.09859644844551951
231412,-4.840896619497046,-4.929054647377197,1.0,0.08815802788015059
231463,-5.1521573425161415,-5.622733163260569,1.0,0.4705758207444273
231466,-54.965415767084494,-58.62240310643702,25.0,3.6569873393525256
231645,-6.591789837331553,-4.937839777792419,1.0,-1.6539500595391337
231696,-0.9081574437571027,-1.177625112814377,0.0,0.2694676690572744
231702,-17.175844590799066,-17.023563300229533,4.0,-0.1522812905695332
231929,-14.951060990958664,-14.783929338373639,4.0,-0.1671316525850255
232104,-9.136509349333698,-8.70506453802285,2.0,-0.43144481131084866
232137,-17.820328014282257,-18.70104525793474,4.0,0.8807172436524837
232187,-21.337208841907536,-21.501985066236458,7.0,0.16477622432892147
232526,-10.637883814639258,-10.637242133923307,2.0,-0.000641680715951054
232667,-14.67314295237957,-13.419783719031374,3.0,-1.2533592333481955
232713,-13.496900216690454,-14.487504071927173,4.0,0.9906038552367189
232762,-1.2937770804618403,-2.088772687414786,0.0,0.7949956069529458
232831,-1.416675722999555,-2.3924885456149223,0.0,0.9758128226153673
233064,-6.328973405987923,-6.340794702216695,0.0,0.011821296228772482
233146,-24.682957515972202,-27.71289514400101,6.0,3.029937628028808
233250,-6.36082864935289,-6.739139699967145,1.0,0.3783110506142551
233376,-2.642406870187701,-1.4813409710145136,0.0,-1.1610658991731873
233405,-18.153415660282782,-17.774807435697866,5.0,-0.37860822458491583
233507,-59.20224288062901,-64.82286101175866,14.0,5.620618131129653
233517,-5.271611483465019,-5.313604618000335,1.0,0.041993134535315946
233607,-14.635678889596813,-14.403882935407257,4.0,-0.2317959541895558
233649,-20.700073312639816,-23.884905344387057,5.0,3.1848320317472414
233675,-2.9814583226750226,-4.518499553015877,0.0,1.5370412303408543
233766,-0.7911102521523344,-1.177625112814377,0.0,0.38651486066204266
233881,-14.719809748910587,-17.222655888426715,4.0,2.5028461395161283
233888,-3.5611245149352238,-3.2340305779820566,1.0,-0.32709393695316713
234022,-14.67090026099799,-21.666148471898985,4.0,6.995248210900995
234024,-26.7765000516913,-26.513825995809622,8.0,-0.26267405588167847
234120,-38.909660473475874,-39.26346380591363,14.0,0.3538033324377565
234126,-30.07331583871643,-29.84770884838333,9.0,-0.22560699033309817
234133,-2.511961038032932,-2.9999202620151957,0.0,0.4879592239822639
234139,-18.404534778408244,-17.738892558959325,5.0,-0.6656422194489195
234358,-13.944309626941966,-13.802525233245795,2.0,-0.14178439369617024
234377,-40.16202834433547,-39.39852212312379,16.0,-0.7635062212116779
234456,-20.626896305341006,-20.997736829312043,6.0,0.3708405239710366
234472,-17.25443999010606,-16.701069785015513,5.0,-0.5533702050905482
234473,-36.33017570312432,-54.50586862307594,12.0,18.175692919951622
234611,-1.0759349244140002,-1.4813409710145136,0.0,0.4054060466005134
234643,-13.393739592478116,-14.730241415565544,3.0,1.3365018230874277
234693,-1.153663365175513,-1.4813409710145136,0.0,0.3276776058390005
235100,-2.0299992670258216,-2.6962044038150594,0.0,0.6662051367892379
235324,-82.50914181191547,-81.54944960398701,42.0,-0.9596922079284553
235393,-27.140360738515053,-25.30849017632996,8.0,-1.8318705621850917
235405,-18.406803381440167,-19.306934167776053,4.0,0.9001307863358861
235426,-12.018633826170078,-12.556808002698105,3.0,0.5381741765280275
235657,-11.415865715029831,-11.610561189957224,3.0,0.1946954749273928
235720,-14.93594966223039,-13.233937177555317,3.0,-1.7020124846750733
235978,-18.350336454367696,-18.10064445736269,5.0,-0.2496919970050051
236014,-1.6374778142947553,-2.3924885456149223,0.0,0.755010731320167
236100,-10.453581127865938,-10.55178616542922,2.0,0.09820503756328236
236249,-26.478672910845532,-26.037828109733073,9.0,-0.4408448011124584
236373,-1.567452231794514,-2.6962044038150594,0.0,1.1287521720205453
236439,-1.4340201038613205,-2.6962044038150594,0.0,1.262184299953739
236499,-10.31467074640505,-11.203416289806498,1.0,0.8887455434014484
236535,-9.548231013344157,-9.108267609224285,2.0,-0.43996340411987234
236584,-10.416234697873477,-16.651033207815743,3.0,6.234798509942266
236658,-23.37179446013584,-24.32288151550245,6.0,0.9510870553666102
236716,-30.292441037021312,-30.021816496671338,11.0,-0.2706245403499743
236858,-8.887800645652316,-8.751001114188128,2.0,-0.1367995314641881
236934,-14.959470555024803,-14.664109244585674,4.0,-0.2953613104391284
237053,-3.300457224091452,-6.037078844016559,0.0,2.736621619925107
237181,-5.8707547076474915,-6.460481583530785,1.0,0.5897268758832936
237185,-31.56742543228823,-29.749058017748457,8.0,-1.8183674145397717
237302,-57.43208936407559,-55.048398122265084,27.0,-2.383691241810503
237350,-24.422311529029678,-24.065575982723487,8.0,-0.3567355463061901
237352,-4.692036462524313,-4.126568629339395,1.0,-0.5654678331849183
237454,-46.86264100102675,-40.34289798056792,12.0,-6.519743020458833
237581,-4.933650960236511,-4.998676881940835,1.0,0.06502592170432386
237624,-0.6376048697685105,-0.9382811689615902,0.0,0.3006762991930797
237731,-15.332460415122922,-15.49843998756396,4.0,0.16597957244103867
237741,-39.257507067482955,-39.252132304020506,17.0,-0.005374763462448584
237794,-5.26262612027087,-5.028912407218785,1.0,-0.23371371305208477
238289,-15.27774082457286,-14.65521868666296,4.0,-0.6225221379098986
238657,-45.70465479796193,-41.86258044275696,14.0,-3.8420743552049714
238694,-22.977401524231446,-23.97170913914477,6.0,0.9943076149133248
238733,-27.690167815386488,-26.350203892863302,9.0,-1.3399639225231859
238811,-11.226536025150885,-12.278200256200144,3.0,1.0516642310492585
238812,-8.514546416870006,-8.46314491608958,2.0,-0.05140150078042538
239175,-0.9216339638844808,-1.4813409710145136,0.0,0.5597070071300327
239182,-1.0124397534331253,-1.19970354560459,0.0,0.1872637921714646
239421,-27.2371119250931,-23.11369696901648,4.0,-4.123414956076619
239423,-34.04106291335876,-32.26528487102059,7.0,-1.7757780423381675
239504,-26.16943979465789,-33.644114825497915,6.0,7.474675030840025
239529,-13.91701623990773,-15.127680621338177,4.0,1.2106643814304476
239574,-43.64462396825144,-45.09919671673394,18.0,1.454572748482505
239581,-28.33509537753208,-27.168467730369848,8.0,-1.1666276471622332
239685,-1.7206658947727216,-3.911067836615605,0.0,2.1904019418428833
239862,-15.783865812419293,-16.340385563682254,4.0,0.5565197512629609
240074,-2.0381573720875044,-4.518499553015877,0.0,2.4803421809283726
240113,-12.855271890371865,-12.739435187140375,3.0,-0.11583670323149065
240261,-0.47528449640278697,-0.5701933964141045,0.0,0.09490890001131752
240372,-17.7920508069828,-17.616729956021608,5.0,-0.17532085096119232
240407,-5.9512088417485485,-5.514182849777911,1.0,-0.4370259919706374
240421,-15.821261962781904,-15.163329670434834,4.0,-0.6579322923470698
240578,-8.389611430611009,-8.851820966155499,2.0,0.4622095355444902
240699,-45.073416783912656,-58.00882694427431,15.0,12.935410160361656
240706,-6.9489690553887025,-7.727761872425162,1.0,0.77879281703646
240707,-8.626052150287638,-8.679648013213306,2.0,0.053595862925668314
240717,-16.176789449200513,-21.896783318398953,4.0,5.71999386919844
240781,-2.830095541496728,-4.255815132581022,0.0,1.425719591084294
240858,-11.116881464874604,-12.222629504764296,1.0,1.1057480398896917
240915,-0.6277957475839742,-1.4813409710145136,0.0,0.8535452234305394
240930,-23.226417432292024,-21.83149359650517,6.0,-1.3949238357868552
241002,-6.524890529337995,-5.281347811616295,1.0,-1.2435427177216996
241115,-20.058745486605208,-21.516200630941878,6.0,1.4574551443366701
241506,-16.51460650951237,-21.461914090603916,5.0,4.947307581091547
241535,-24.558372168817307,-25.452281129917658,8.0,0.893908961100351
241655,-5.329138894379892,-5.052845898334015,1.0,-0.27629299604587754
241695,-7.918904542597088,-8.50337193265157,2.0,0.5844673900544821
241985,-1.2329124371432083,-1.7850568292146498,0.0,0.5521443920714415
241986,-0.006906284179242151,-0.266477538213968,0.0,0.25957125403472586
242024,-30.017019401627692,-29.723878131226655,10.0,-0.293141270401037
242029,-8.807183662794571,-9.763139172624998,2.0,0.9559555098304262
242078,-9.391282062165756,-10.182240450107727,2.0,0.7909583879419717
242110,-20.77414098461122,-19.20635684422296,5.0,-1.5677841403882589
242254,-1.6674451589070527,-2.6962044038150594,0.0,1.0287592449080067
242258,-13.416738367563516,-12.212014588980358,3.0,-1.2047237785831584
242401,-13.581558706560353,-14.05101279132439,3.0,0.4694540847640365
242470,-84.63440191508701,-79.27611660051105,38.0,-5.358285314575966
242681,-8.013801901243802,-9.923906487868575,1.0,1.9101045866247723
242733,-11.07432640054702,-12.10246704150337,3.0,1.0281406409563498
242841,-4.823968508080852,-5.733362985816423,0.0,0.9093944777355709
243026,-0.6134167214468784,-1.177625112814377,0.0,0.5642083913674987
243174,-94.08755723522827,-89.71679612310413,38.0,-4.370761112124143
243227,-23.513492601695333,-23.773678090624458,8.0,0.26018548892912463
243235,-81.41131062671194,-101.42325347639853,25.0,20.01194284968659
243289,-31.498284845551666,-31.33747465279983,12.0,-0.1608101927518355
243392,-17.059384935291224,-15.696112159132184,2.0,-1.3632727761590395
243517,-0.6200515433993062,-1.177625112814377,0.0,0.5575735694150709
243658,-70.43245083805591,-77.50880251749314,28.0,7.076351679437224
243783,-35.79263461773995,-34.91721911181419,11.0,-0.8754155059257585
243911,-9.515331136041983,-9.335363119511117,2.0,-0.17996801653086614
243952,-6.178562706034908,-5.100556176912241,1.0,-1.0780065291226668
244325,-2.5876213034955797,-3.427794186612649,0.0,0.8401728831170692
244335,-5.349687687750343,-5.002521919509315,1.0,-0.3471657682410285
244430,-43.106296411773585,-42.90380835744586,12.0,-0.20248805432772343
244807,-23.107638907921714,-24.216802042362282,8.0,1.1091631344405677
244980,-1.274821498668348,-1.7850568292146498,0.0,0.5102353305463019
245063,-16.753012291855807,-20.58095490260738,6.0,3.827942610751574
245155,-22.978135927431133,-23.952393687617313,7.0,0.9742577601861804
245156,-34.864032224899,-37.505625638116605,11.0,2.641593413217606
245266,-0.11505061546972031,-1.4813409710145136,0.0,1.3662903555447932
245384,-17.31663784975075,-16.859166896827308,5.0,-0.457470952923444
245705,-5.15382427748513,-5.195595468331828,1.0,0.041771190846698225
245755,-47.82188777399367,-47.66558594102847,23.0,-0.15630183296520528
245788,-1.0708992947102185,-1.4813409710145136,0.0,0.41044167630429507
245805,-0.9581775087012961,-2.088772687414786,0.0,1.1305951787134898
245926,-67.08015567201588,-81.09831069914111,25.0,14.018155027125232
246188,-20.27627239638451,-25.10731336408038,4.0,4.83104096769587
246282,-1.2841670695867988,-1.549904355232325,0.0,0.26573728564552623
246442,-16.87474493286287,-17.239636460095937,5.0,0.36489152723306617
246547,-14.892940922959207,-15.404135382251795,4.0,0.5111944592925877
246679,-9.705821253354937,-9.711253134505077,3.0,0.005431881150139262
246691,-3.5744344257507463,-4.822215411216014,0.0,1.2477809854652677
246865,-41.52128987201567,-42.76307612523543,15.0,1.2417862532197574
247105,-89.49896487921413,-88.46028360324146,42.0,-1.0386812759726638
247228,-0.5340651475938571,-0.9034829822254479,0.0,0.3694178346315907
247453,-5.503981429505452,-5.116713834995077,1.0,-0.38726759451037474
247521,-9.600392691004275,-9.425877969951928,2.0,-0.174514721052347
247530,-25.47573932118892,-25.201585531069334,8.0,-0.2741537901195876
247648,-7.84165148755095,-8.54666616248981,2.0,0.7050146749388597
247662,-8.321841037569884,-8.595708193749058,2.0,0.2738671561791737
247899,-14.381236464695418,-14.46158252476112,4.0,0.08034606006570222
247935,-17.188130266623695,-18.429753108791026,5.0,1.241622842167331
248104,-13.492068745310899,-27.098804783943994,2.0,13.606736038633095
248109,-10.043674141031978,-8.629344435928086,2.0,-1.414329705103892
248294,-2.8371432458930803,-3.607351978415468,0.0,0.7702087325223879
248331,-0.27895492915231274,-1.177625112814377,0.0,0.8986701836620643
248499,-5.569108413574813,-5.946021613299749,1.0,0.3769131997249362
248538,-2.9525771174822406,-5.733362985816423,0.0,2.780785868334182
248569,-4.607376415482225,-5.148577435650637,1.0,0.5412010201684119
248624,-13.914704964011397,-13.852675903849054,3.0,-0.06202906016234344
248649,-15.040062010866688,-15.001619327112405,4.0,-0.03844268375428328
248652,-36.19225500464921,-35.18586558202116,13.0,-1.0063894226280539
248773,-17.14448625324034,-19.108321187678364,5.0,1.9638349344380224
249284,-8.645798818778335,-8.97644304455565,2.0,0.33064422577731456
249300,-13.831527458845656,-13.45084579111757,3.0,-0.3806816677280853
249311,-118.61140801428512,-119.43409177953367,54.0,0.8226837652485557
249316,-10.960737388347757,-8.468188651583597,2.0,-2.49254873676416
249391,-67.8456828463744,-65.53450927783274,37.0,-2.311173568541662
249493,-1.9518397207278315,-2.6962044038150594,0.0,0.7443646830872279
249494,-7.889742221358472,-8.610711855863332,2.0,0.7209696345048604
249507,-22.878487098433485,-25.32039228922457,7.0,2.4419051907910863
249658,-31.240530946177913,-37.24599626425194,10.0,6.00546531807403
249672,-0.8086598630785575,-0.8739092546142408,0.0,0.06524939153568332
249729,-19.482108171753364,-21.034801570374793,6.0,1.5526933986214289
249859,-23.64577341898887,-25.724165958552852,8.0,2.078392539563982
250005,-18.6042908542667,-19.165729869277786,5.0,0.5614390150110857
250146,-42.32844015686285,-42.241568661227916,17.0,-0.0868714956349308
250382,-1.896699768145817,-2.6962044038150594,0.0,0.7995046356692423
250399,-14.267642711967861,-14.22561301020233,3.0,-0.04202970176553045
250413,-7.218518561247023,-9.347064124599376,1.0,2.128545563352353
250432,-25.127433521879627,-25.03595331730186,8.0,-0.09148020457776695
250473,-29.86930838253418,-31.54295807531584,11.0,1.6736496927816624
250507,-13.470928840357654,-12.716422026327427,3.0,-0.7545068140302273
250892,-6.669860015187143,-5.822713455963844,1.0,-0.8471465592232992
250898,-63.11956945065713,-64.46521281371848,32.0,1.345643363061349
250911,-19.927563780718852,-20.16405415172518,5.0,0.23649037100632597
250995,-8.859502051689992,-8.525497286177416,2.0,-0.3340047655125762
251156,-8.550809513018576,-8.828366890366354,2.0,0.27755737734777775
251191,-4.904076469937161,-5.222210932885856,1.0,0.3181344629486951
251305,-8.790516984090196,-8.78049020996378,2.0,-0.010026774126416171
251638,-36.820895605480544,-48.63992066454309,12.0,11.819025059062547
251640,-57.235116225488525,-59.52033615493791,20.0,2.285219929449383
251725,-5.119097998071907,-4.977956362187367,1.0,-0.14114163588453987
251824,-14.823600827339474,-14.158237124997644,4.0,-0.6653637023418302
251841,-8.817453496198594,-8.63608222329047,2.0,-0.18137127290812316
251936,-30.256884123025912,-31.994049045740805,12.0,1.7371649227148929
251940,-9.144288593273656,-8.570095200952874,2.0,-0.5741933923207814
251946,-0.873106099758893,-1.177625112814377,0.0,0.3045190130554841
251950,-42.99969791329233,-63.081252567556774,13.0,20.081554654264444
252217,-13.605964376368993,-15.52427189871945,4.0,1.9183075223504567
252309,-0.5307139319128957,-1.177625112814377,0.0,0.6469111809014814
252526,-5.404892551491234,-4.985493835142808,1.0,-0.41939871634842607
252615,-16.93642872042807,-18.175721185219313,5.0,1.2392924647912444
252625,-2.579515688454464,-3.607351978415468,0.0,1.0278362899610043
252728,-0.8119967622775722,-1.177625112814377,0.0,0.36562835053680487
252741,-22.505388488470096,-27.0216634236389,6.0,4.516274935168802
252743,-13.450141096295296,-14.233818366622804,4.0,0.7836772703275088
252767,-8.796733113317224,-9.062940118087539,2.0,0.26620700477031534
252849,-47.25684680395985,-60.054782052195485,20.0,12.797935248235632
253013,-83.03480589522555,-87.39373703566814,50.0,4.358931140442593
253041,-9.140654585324585,-8.564107775130134,2.0,-0.5765468101944506
253069,-5.864123191853931,-5.281502345536466,0.0,-0.5826208463174654
253227,-32.970175819817484,-31.91973628247305,9.0,-1.0504395373444346
253292,-131.0423955924926,-189.19697111705926,54.0,58.15457552456667
253353,-28.64585798213193,-29.870577897883155,11.0,1.2247199157512263
253363,-24.873207893262805,-24.385929730918104,7.0,-0.4872781623447011
253559,-17.599397259394546,-17.260533138297664,4.0,-0.3388641210968828
253582,-5.474990691642149,-5.103180320557456,1.0,-0.3718103710846927
253675,-1.1976539637263723,-1.177625112814377,0.0,-0.020028850911995244
253741,-5.533790404244339,-4.8726500369893255,1.0,-0.6611403672550136
253767,-99.36696749958077,-95.36800105280675,44.0,-3.99896644677402
253854,-2.0383286416065327,-1.6755115784316472,0.0,-0.3628170631748855
253988,-6.755380003676586,-7.45457332712603,1.0,0.6991933234494443
254124,-24.460833966451116,-22.562385284966425,7.0,-1.898448681484691
254177,-10.127614031582713,-10.036447883682914,2.0,-0.09116614789979849
254198,-15.72167509058814,-16.076180239687865,4.0,0.3545051490997242
254241,-9.250289670932794,-9.13192621324738,2.0,-0.11836345768541356
254275,-21.377319670056455,-20.25954047954945,5.0,-1.1177791905070045
254314,-17.802943837908767,-17.396235208676966,5.0,-0.40670862923180096
254327,-2.4181390047365894,-1.7856656483422033,0.0,-0.6324733563943861
254398,-0.48539881406564805,-1.177625112814377,0.0,0.6922262987487291
254427,-24.371050386263075,-24.70740593903168,9.0,0.3363555527686053
254475,-94.61877481474029,-138.17236017495736,47.0,43.55358536021707
254538,-39.817952023363176,-40.26138542262786,17.0,0.44343339926468417
254592,-12.138067612690804,-12.125270992968382,3.0,-0.01279661972242252
254700,-30.331970460767085,-30.17416792659087,10.0,-0.15780253417621637
254761,-173.69875966355926,-192.15128817124977,68.0,18.452528507690516
254930,-23.570218341191556,-23.58809586148985,7.0,0.01787752029829548
255081,-11.525935944456641,-10.238454380551786,2.0,-1.287481563904855
255261,-19.243987028795967,-21.436425865573398,4.0,2.1924388367774306
255445,-3.558034238355637,-4.518499553015877,0.0,0.9604653146602398
255536,-22.235561951292546,-24.544211189872478,7.0,2.3086492385799318
255596,-11.242973667558001,-11.068344347315497,2.0,-0.174629320242504
255622,-5.195826274823771,-5.869917649781257,1.0,0.6740913749574862
255861,-33.96011946521805,-34.015819068796205,13.0,0.05569960357815518
255869,-5.0776140704329205,-5.177043846617589,1.0,0.0994297761846683
255905,-42.08374245286128,-41.40459984810814,17.0,-0.6791426047531388
256035,-14.139854753011244,-12.651436079810825,3.0,-1.4884186732004192
256053,-1.682815898281902,-2.5456903814941145,0.0,0.8628744832122126
256113,-50.4779483236823,-51.58176817786405,23.0,1.1038198541817508
256201,-2.046466710611957,-2.9999202620151957,0.0,0.9534535514032387
256227,-10.701769341226093,-9.687979313550969,2.0,-1.0137900276751246
256234,-4.362444589918186,-5.274189847854837,1.0,0.9117452579366505
256377,-35.371907952831485,-34.61783254970089,12.0,-0.7540754031305923
256409,-28.857040932161677,-31.06360346909167,7.0,2.2065625369299937
256410,-9.988887022880093,-8.779853994182814,2.0,-1.209033028697279
256452,-11.344409004801399,-12.485532816121607,3.0,1.1411238113202078
256490,-9.156292923961916,-8.683082246234967,2.0,-0.47321067772694825
256502,-15.211216715922651,-14.836335563914815,4.0,-0.3748811520078359
256510,-33.073741480861486,-35.17880551364039,11.0,2.1050640327789054
256551,-13.362102289537777,-12.375503810675076,3.0,-0.9865984788627014
256673,-46.24204040592131,-47.97472633564913,16.0,1.7326859297278219
256976,-6.030076692062599,-8.73758238825762,2.0,2.70750569619502
257013,-29.23920494265737,-29.56103669881812,7.0,0.3218317561607513
257014,-4.895951698281114,-5.305490028450277,1.0,0.40953833016916263
257029,-14.538256791392437,-15.724806320144639,3.0,1.1865495287522023
257077,-20.033312643790676,-19.934766750145023,5.0,-0.09854589364565314
257320,-6.881824075114205,-5.059830501190934,1.0,-1.8219935739232707
257333,-9.95229425519394,-9.574865247429571,2.0,-0.37742900776436983
257449,-17.87825922271566,-16.295345315486315,4.0,-1.5829139072293437
257568,-60.18975366005329,-70.26186870599906,19.0,10.072115045945772
257574,-0.6866779031741884,-1.4813409710145136,0.0,0.7946630678403251
257713,-6.390274308956295,-6.249444116965957,1.0,-0.14083019199033764
257764,-2.7467825465789772,-3.911067836615605,0.0,1.1642852900366276
257850,-1.2245648373904947,-1.7850568292146498,0.0,0.5604919918241551
257909,-5.507687721289112,-5.316749891650903,0.0,-0.1909378296382087
257939,-21.8785697859027,-23.709174775634285,7.0,1.830604989731583
257976,-27.45313367114585,-28.591027944899608,9.0,1.1378942737537585
258138,-2.5382191898529958,-2.3924885456149223,0.0,-0.14573064423807347
258170,-12.067827710430079,-11.711147962928825,3.0,-0.35667974750125353
258302,-23.3668342916997,-17.327730345154627,4.0,-6.039103946545072
258388,-8.847337527044763,-8.649197307618694,2.0,-0.19814021942606885
258427,-11.33116299680713,-9.115533824706924,2.0,-2.215629172100206
258452,-26.216812468727852,-28.29968811787854,9.0,2.0828756491506866
258456,-47.16251340830265,-46.15924447399697,12.0,-1.0032689343056802
258464,-15.688161814962942,-17.068241571407608,1.0,1.3800797564446654
258865,-16.717956571306736,-17.67025000493674,4.0,0.952293433630004
258884,-5.255881540258586,-5.359416569465543,1.0,0.10353502920695679
258905,-30.53606376650447,-33.1997919167897,8.0,2.6637281502852304
258908,-90.70439561770979,-92.26998486750011,29.0,1.565589249790321
258979,-8.576877102233134,-12.316371721929976,0.0,3.739494619696842
259068,-13.24419382965021,-16.934041266818138,2.0,3.689847437167927
259171,-83.16895202662816,-80.49247969214372,23.0,-2.676472334484444
259195,-81.56618838101049,-83.8232306802696,27.0,2.257042299259112
259308,-8.8926418582717,-8.602571479010583,2.0,-0.2900703792611168
259363,-46.33938804080332,-45.086433493016486,15.0,-1.2529545477868353
259583,-14.101866802628411,-14.043297924012412,3.0,-0.0585688786159988
259700,-8.382913039595238,-11.576780466770394,1.0,3.1938674271751566
259819,-40.59521881576424,-41.342805850192995,16.0,0.7475870344287543
260242,-41.52449660276621,-41.71681482466103,17.0,0.19231822189481562
260567,-49.59668895654992,-64.93474007470184,21.0,15.338051118151917
260675,-14.387756815823659,-13.737434250598916,3.0,-0.6503225652247426
260747,-12.888822720274298,-12.071914038096633,3.0,-0.8169086821776652
260780,-29.398483564128163,-28.691586324898687,9.0,-0.7068972392294768
260942,-19.142036332615426,-18.36055174385624,5.0,-0.7814845887591844
261149,-20.121925933834003,-19.697046038718263,6.0,-0.4248798951157404
261183,-1.1415410692478676,-1.4813409710145136,0.0,0.339799901766646
261260,-96.80382889105796,-107.29659776272668,49.0,10.492768871668716
261514,-16.64585028887994,-16.10328183758823,4.0,-0.5425684512917108
261519,-1.647018522497501,-2.088772687414786,0.0,0.44175416491728514
261548,-40.25414524505206,-40.0365861895105,14.0,-0.21755905554155675
261725,-9.655941863727064,-10.299235498752996,1.0,0.6432936350259322
261776,-52.58653260853885,-51.91383147289802,22.0,-0.6727011356408354
261867,-29.480264515405675,-29.21814148117846,9.0,-0.2621230342272156
262005,-23.97427352515082,-16.775376401095464,3.0,-7.198897124055357
262350,-1.3612859630793657,-2.088772687414786,0.0,0.7274867243354204
262432,-5.300676316719194,-5.051347509300618,1.0,-0.24932880741857577
262504,-16.79034393880479,-16.369275386860537,4.0,-0.4210685519442521
262525,-43.95122051616258,-44.19471827386674,20.0,0.24349775770416215
262530,-24.48677623218299,-22.36368331064153,5.0,-2.12309292154146
262544,-19.840677479248154,-19.292784033151555,6.0,-0.5478934460965981
262638,-13.680537177491322,-14.984603925132822,4.0,1.3040667476414995
262757,-36.396601254669406,-42.85413962465296,15.0,6.457538369983553
262838,-79.03442967349652,-98.53895499297332,25.0,19.504525319476798
262849,-17.94831800962711,-17.40721825956805,5.0,-0.5410997500590575
263008,-22.08815019572842,-20.652958909356894,6.0,-1.435191286371527
263111,-44.66110014851258,-93.0259458053481,15.0,48.36484565683552
263288,-6.805722938635448,-6.936096789622527,1.0,0.13037385098707954
263308,-27.434615926595864,-27.088640805238803,9.0,-0.34597512135706054
263314,-46.736516251074434,-46.98884067294485,20.0,0.25232442187041926
263327,-24.497693131143777,-24.588493933653826,8.0,0.0908008025100493
263386,-75.53313331640024,-75.19292062640116,38.0,-0.3402126899990776
263462,-0.4011565918919924,-0.5701933964141045,0.0,0.16903680452211212
263469,-6.562882185480574,-5.456910310348279,1.0,-1.105971875132295
263600,-1.4498238095226377,-2.4373435652480158,0.0,0.9875197557253781
263719,-35.66015730179667,-35.17066919930999,12.0,-0.48948810248668195
263721,-31.879415524688806,-32.217087838873816,10.0,0.33767231418501
263983,-19.45857940871688,-18.535183102492535,5.0,-0.923396306224344
264034,-18.76298245592651,-18.048088582653175,5.0,-0.7148938732733363
264069,-27.595550644459344,-27.482556943707337,10.0,-0.11299370075200699
264362,-7.80093432248951,-8.499069330096251,2.0,0.6981350076067416
264388,-5.9836536388214965,-6.042873857547174,1.0,0.0592202187256774
264540,-16.613810977971703,-16.246294843532983,4.0,-0.3675161344387199
264719,-31.73519826954539,-33.69944211991626,11.0,1.964243850370874
264846,-5.230192652725242,-4.967419322252067,1.0,-0.2627733304731743
264866,-0.9142227347120079,-1.177625112814377,0.0,0.2634023781023692
265011,-37.710989731505215,-37.40945919493679,14.0,-0.30153053656842843
265015,-5.66444610312781,-5.915628539053188,1.0,0.2511824359253776
265033,-4.755807321516966,-4.5540552687933475,1.0,-0.2017520527236183
265084,-17.9391689314631,-18.332104746861976,5.0,0.3929358153988751
265086,-19.630664368692816,-20.203997101351764,5.0,0.5733327326589475
265155,-27.064978093382663,-27.60076592907579,9.0,0.535787835693128
265183,-0.3564439315863275,-0.8739092546142408,0.0,0.5174653230279134
265264,-11.38970001478572,-11.82538270025575,2.0,0.4356826854700291
265383,-31.283528492241018,-29.847724165250582,7.0,-1.4358043269904357
265494,-5.2209589709852695,-5.204167345744356,1.0,-0.01679162524091371
265583,-22.70359175297773,-23.03390991943501,7.0,0.33031816645728185
265622,-48.69980332052661,-49.74400324216285,17.0,1.0441999216362348
265666,-12.724131873945883,-13.063279489341403,3.0,0.33914761539551996
265669,-17.985334756760384,-13.116799676143836,3.0,-4.868535080616548
265749,-5.9195349646900395,-5.807646198770226,0.0,-0.11188876591981334
265794,-32.58024537694481,-32.176825402064665,11.0,-0.40341997488014414
265926,-14.10046594019343,-14.153463222298875,4.0,0.0529972821054443
265980,-9.78948906667271,-9.702804845822323,2.0,-0.08668422085038685
266080,-2.285427963322048,-2.9999202620151957,0.0,0.7144922986931479
266217,-1.2709010908437584,-2.641218200968796,0.0,1.3703171101250378
266235,-53.62490632437455,-52.641597941501054,17.0,-0.9833083828734956
266251,-1.2804180245903043,-2.088772687414786,0.0,0.8083546628244818
266294,-11.474228387717192,-13.218569624173607,3.0,1.7443412364564157
266433,-8.709878296281405,-8.702004593166706,2.0,-0.007873703114698927
266548,-21.000066164432116,-23.234122440935312,5.0,2.234056276503196
266586,-16.36901713518544,-16.471664181584323,4.0,0.10264704639888222
266685,-54.59117676988988,-53.774870663881515,24.0,-0.8163061060083621
266751,-19.02722085883869,-18.80855978823334,6.0,-0.21866107060535
266755,-9.086971593437763,-9.515766413104997,2.0,0.42879481966723354
266782,-22.159089411680384,-22.60507866648615,6.0,0.4459892548057667
266817,-31.433673131676404,-31.19739005672293,11.0,-0.236283074953473
266832,-8.799939960178257,-8.89224735580955,2.0,0.09230739563129298
266907,-11.391408857367237,-11.58199561788781,3.0,0.19058676052057244
266917,-27.660040273289773,-28.526772141516776,9.0,0.8667318682270029
267028,-0.3369793267475145,-0.8739092546142408,0.0,0.5369299278667263
267055,-0.9990615573980788,-1.4813409710145136,0.0,0.4822794136164348
267290,-45.66020108202055,-48.61521375312015,19.0,2.9550126710996025
267468,-5.434252411543214,-4.924508577279718,1.0,-0.5097438342634959
267526,-6.948281550327793,-8.223247357781215,1.0,1.2749658074534223
267584,-11.827455511538464,-12.116953592609956,3.0,0.28949808107149266
267642,-0.36959530663093126,-0.5701933964141045,0.0,0.20059808978317323
267761,-1.3826441154098772,-2.3924885456149223,0.0,1.009844430205045
267793,-9.02736364652732,-8.403877234158577,2.0,-0.6234864123687434
267824,-9.984155325956127,-9.535076080088045,2.0,-0.44907924586808257
267923,-16.775165506759006,-17.657005875549604,4.0,0.8818403687905985
267935,-9.900468836133461,-8.972771325923176,2.0,-0.9276975102102849
268066,-8.893324845853442,-8.444641851009317,2.0,-0.4486829948441251
268106,-13.666953625334857,-15.914665261797209,4.0,2.247711636462352
268114,-33.52046602877662,-32.224295709204966,11.0,-1.296170319571651
268123,-33.722037391144895,-32.62512867925846,11.0,-1.0969087118864351
268165,-9.04633477675697,-10.758873920459935,2.0,1.7125391437029656
268173,-121.21803100157976,-133.23368414213934,50.0,12.015653140559579
268250,-14.238196624881374,-14.188361395712683,4.0,-0.049835229168690987
268374,-7.741988662785152,-8.41956781231349,1.0,0.6775791495283379
268381,-72.03532653270706,-81.14816020368325,31.0,9.112833670976187
268404,-7.17340588851367,-7.962255048021634,1.0,0.7888491595079641
268431,-51.904585334303505,-53.51467416575134,22.0,1.6100888314478325
268588,-12.053626168497814,-11.738793504717068,3.0,-0.3148326637807468
268624,-42.20827803326471,-39.14965153213274,10.0,-3.0586265011319753
268698,-11.234635866478133,-11.768367717509824,2.0,0.5337318510316909
268768,-36.6468584413981,-37.72648246673032,12.0,1.0796240253322154
268799,-0.5088495175703706,-1.177625112814377,0.0,0.6687755952440065
268820,-1.0610840411304252,-1.0179158679695741,0.0,-0.04316817316085109
268826,-47.06457615296118,-44.18470405409273,17.0,-2.8798720988684536
268845,-41.70364814548133,-42.38930823294785,17.0,0.6856600874665162
269317,-6.137514323419942,-6.475075875812603,1.0,0.3375615523926614
269392,-8.910961183453981,-8.547279600470233,2.0,-0.3636815829837481
269428,-5.266658979771984,-5.534448474927775,1.0,0.26778949515579065
269480,-45.71172880335418,-44.34098217652415,18.0,-1.3707466268300266
269497,-11.210703283996532,-11.801588901586895,3.0,0.590885617590363
269558,-2.759036180191741,-2.3547337634217453,0.0,-0.4043024167699958
269637,-10.774257247188322,-12.81916519754292,3.0,2.044907950354599
269658,-41.04066720451941,-42.65933031547555,12.0,1.6186631109561418
269682,-9.868552383185497,-9.462372827605337,2.0,-0.4061795555801595
269749,-51.34840502196304,-51.54123662602368,27.0,0.19283160406064326
269870,-23.138087914198294,-22.252616648521187,6.0,-0.8854712656771078
269911,-13.25828343411528,-15.212487137802029,1.0,1.9542037036867494
270024,-3.123998767414732,-5.4296471276162865,0.0,2.3056483602015545
270080,-14.141048737011968,-14.284414103999584,4.0,0.14336536698761648
270105,-10.218643442525606,-8.888465425680595,2.0,-1.3301780168450108
270179,-33.34645472961079,-43.520987614413656,12.0,10.174532884802865
270265,-1.173777931397027,-2.3924885456149223,0.0,1.2187106142178954
270431,-1.0510726128625256,-1.4813409710145136,0.0,0.43026835815198794
270554,-5.400397817413588,-5.272562681201074,1.0,-0.1278351362125143
270559,-22.690887256764967,-23.42666927737995,5.0,0.7357820206149839
270622,-8.814554211341118,-8.62111774619001,2.0,-0.1934364651511089
270633,-22.994829949758493,-23.45863079842965,6.0,0.46380084867115556
270717,-42.25602958596569,-42.77667391725761,18.0,0.5206443312919191
270744,-21.919705148708015,-21.78071650622766,6.0,-0.13898864248035636
270779,-27.88598739207543,-28.815748658323713,9.0,0.9297612662482813
270793,-4.738930912871364,-5.531443614356582,0.0,0.7925127014852178
270955,-9.109775064456588,-8.90820748221511,2.0,-0.20156758224147886
270991,-20.242152424219718,-22.375768904608567,6.0,2.1336164803888487
271085,-5.955927383495678,-4.994434104298297,1.0,-0.9614932791973807
271090,-2.2623364647670883,-2.6962044038150594,0.0,0.43386793904797116
271107,-40.60526825099475,-43.109456332658034,15.0,2.504188081663287
271231,-9.43049187315684,-8.649252500422186,2.0,-0.7812393727346532
271248,-27.26128534164075,-26.63650056368073,9.0,-0.62478477796002
271351,-192.179602791704,-197.72365367177514,93.0,5.544050880071126
271659,-29.522513119856793,-33.25639293083129,9.0,3.7338798109744964
271743,-9.06908359638798,-8.63742219505557,2.0,-0.43166140133240916
271865,-4.735132500721651,-5.085395132272535,1.0,0.35026263155088433
271868,-8.528895240698056,-8.696179936291937,2.0,0.1672846955938816
271956,-0.8279369375465696,-1.177625112814377,0.0,0.3496881752678075
272002,-7.901811156612822,-8.688775089333092,2.0,0.78696393272027
272015,-30.13184018941988,-30.522616681474567,10.0,0.39077649205468745
272052,-0.3008953569810377,-0.5088267664709826,0.0,0.20793140948994487
272070,-19.193168808809986,-17.928396183816627,5.0,-1.264772624993359
272134,-1.9148241146053058,-2.6339222468188246,0.0,0.7190981322135188
272341,-16.565269204352425,-16.292756117765197,4.0,-0.27251308658722806
272388,-16.2052910329865,-14.70931027711972,4.0,-1.495980755866782
272393,-20.670638708991458,-20.249028120668893,5.0,-0.42161058832256515
272617,-6.0721345974033625,-9.31519101408342,2.0,3.243056416680057
272702,-1.5057024804030759,-2.459065116700847,0.0,0.9533626362977712
272774,-12.71869609424016,-11.588106348352596,2.0,-1.1305897458875638
273074,-38.36549457828268,-39.041005338875124,17.0,0.6755107605924451
273206,-33.8663647858563,-34.732709091714085,14.0,0.8663443058577869
273402,-15.336376988021765,-15.455253923666518,4.0,0.11887693564475299
273424,-13.250921760745333,-13.150561245618537,3.0,-0.10036051512679656
273572,-1.2183349596678426,-1.177625112814377,0.0,-0.04070984685346546
273682,-20.17400595271671,-19.72484236324519,6.0,-0.44916358947151735
273684,-28.493978861573865,-28.63744092278382,8.0,0.14346206120995575
273700,-5.343117599219314,-5.095613776606004,1.0,-0.24750382261330994
273716,-0.22211523549950926,-0.8739092546142408,0.0,0.6517940191147316
274002,-9.216651109121814,-9.783413147871393,1.0,0.5667620387495784
274161,-40.16807182183176,-45.07726530610489,16.0,4.909193484273132
274177,-7.141962676455442,-7.87957870890896,1.0,0.7376160324535181
274459,-8.956793019791592,-8.714038765051914,2.0,-0.24275425473967793
274563,-11.418804311532876,-12.443970646602798,2.0,1.0251663350699225
274897,-9.156276637931208,-9.180573888707627,2.0,0.024297250776418977
274949,-12.452041419404763,-11.582367007510351,3.0,-0.8696744118944117
275043,-33.19982113196623,-33.70907782277747,10.0,0.5092566908112417
275111,-9.035568137571667,-8.720115612023816,2.0,-0.3154525255478511
275230,-63.686476476334555,-75.57331787087163,26.0,11.886841394537079
275276,-26.28936907348867,-25.143892436639522,8.0,-1.1454766368491462
275428,-48.49937465407281,-49.02027629994581,18.0,0.5209016458730034
275476,-13.037348514470494,-12.21395677908961,3.0,-0.8233917353808842
275592,-21.79961114497347,-30.46320668838796,7.0,8.663595543414491
275601,-26.89240304355178,-27.19074042219669,10.0,0.2983373786449093
275660,-13.307784866442551,-13.441105623043939,3.0,0.1333207566013872
275749,-5.464135530467725,-5.325622527483909,1.0,-0.13851300298381553
275798,-19.175602062420666,-19.321335269213016,5.0,0.14573320679235024
275813,-16.917772335306164,-16.8385651845592,4.0,-0.0792071507469636
275825,-0.9940074921575395,-1.7937491934969505,0.0,0.799741701339411
275920,-59.9654337593804,-61.817660001888946,30.0,1.852226242508543
275935,-14.911967912950216,-17.244224386726906,3.0,2.33225647377669
275940,-20.82334096021549,-21.021402694189778,6.0,0.1980617339742885
276004,-12.080536404290436,-11.43100374062157,2.0,-0.6495326636688663
276120,-1.9658262376667142,-2.9999202620151957,0.0,1.0340940243484815
276179,-11.437253989796083,-11.639591909989782,3.0,0.202337920193699
276235,-9.106305832431653,-8.703420468497796,2.0,-0.40288536393385677
276332,-9.291874245848973,-9.446585618196167,1.0,0.1547113723471938
276355,-4.712777577258296,-4.99986129923011,1.0,0.28708372197181387
276546,-9.269586543916082,-9.34805064143004,2.0,0.07846409751395811
276569,-10.879005835953501,-8.979787956634265,2.0,-1.8992178793192362
276688,-13.422918848880302,-12.456271668396221,3.0,-0.966647180484081
276724,-1.0630261075514318,-1.7850568292146498,0.0,0.722030721663218
276806,-15.490477936776138,-15.319213146927735,4.0,-0.17126478984840254
276902,-1.2620403424189788,-2.088772687414786,0.0,0.8267323449958073
276941,-13.185642563949994,-13.635044739831548,3.0,0.44940217588155384
276948,-15.559422043514676,-16.0203596104494,4.0,0.46093756693472443
276964,-29.89445693080845,-30.280279527435752,10.0,0.3858225966273032
277004,-28.47452465407505,-28.781236191078982,9.0,0.30671153700393106
277076,-1.319728021429116,-1.177625112814377,0.0,-0.14210290861473895
277126,-6.879105572642576,-7.055006631850288,1.0,0.17590105920771215
277172,-33.663847962922425,-35.24863356889274,13.0,1.5847856059703176
277219,-83.67090375157005,-80.80284447005651,32.0,-2.8680592815135384
277251,-31.584775883034858,-31.56387284639329,11.0,-0.020903036641566786
277389,-31.829267361600113,-30.07066883531802,7.0,-1.7585985262820927
277396,-31.78639986565875,-29.33455205141304,9.0,-2.45184781424571
277479,-0.9635840312832279,-1.2164730891727396,0.0,0.25288905788951166
277564,-34.79601993622773,-35.503236166860695,12.0,0.7072162306329659
277608,-11.155192293201921,-10.744005339356244,2.0,-0.41118695384567694
277641,-40.554861585355205,-40.43815176468768,16.0,-0.11670982066752345
277703,-5.091804321844217,-5.265301737082648,1.0,0.17349741523843143
277771,-8.68729537303784,-8.709164522840831,2.0,0.021869149802991927
277811,-18.211376356295958,-18.125212166376706,5.0,-0.08616418991925201
277887,-55.57500873843098,-54.3991798450831,18.0,-1.1758288933478838
277907,-2.5066476927007777,-3.607351978415468,0.0,1.1007042857146905
277929,-5.432005835061452,-5.277973242871076,1.0,-0.1540325921903758
278051,-0.9802579543414799,-2.3924885456149223,0.0,1.4122305912734423
278184,-16.7168154808619,-16.64866891689706,5.0,-0.06814656396484153
278199,-2.0153352396697697,-1.177625112814377,0.0,-0.8377101268553926
278200,-11.169193869531949,-11.790174240162555,2.0,0.6209803706306065
278225,-17.775827443028675,-18.480315508802132,5.0,0.7044880657734574
278374,-11.708841411562323,-11.735017643493205,3.0,0.026176231930881144
278433,-16.802628385042517,-18.749731406677384,3.0,1.9471030216348666
278494,-5.319654909092703,-5.4589366191122854,1.0,0.13928171001958223
278585,-18.646146168500962,-20.064782382983033,5.0,1.4186362144820706
278606,-5.470742885017604,-5.279165440886102,1.0,-0.1915774441315019
278643,-9.30411639938167,-9.007245582091278,2.0,-0.296870817290392
278735,-10.90885827084605,-10.406696053632437,2.0,-0.5021622172136126
278943,-30.432579418251116,-30.676395139598885,10.0,0.24381572134776874
278947,-0.9906976009776205,-0.9663345705989898,0.0,-0.024363030378630746
279019,-20.125082410737893,-19.266896428399818,6.0,-0.8581859823380746
279023,-17.047393039236088,-17.46232375244892,5.0,0.4149307132128328
279197,-11.67115004042823,-13.600401403926515,3.0,1.9292513634982846
279262,-1.3566152639550433,-1.4813409710145136,0.0,0.12472570705947028
279461,-1.1439739367137072,-0.3556488316682364,0.0,-0.7883251050454707
279574,-23.19596791553975,-25.174101960411367,6.0,1.9781340448716165
279634,-22.07160383206692,-22.84382531755984,6.0,0.7722214854929206
279654,-1.4529073394344936,-1.7850568292146498,0.0,0.33214948978015624
279973,-6.897926953846109,-7.5379089290637165,1.0,0.6399819752176077
280019,-23.266160307224265,-24.925237303872873,7.0,1.6590769966486079
280073,-1.2199375788060833,-1.7620187810356216,0.0,0.5420812022295383
280313,-1.2861328179689127,-1.5302080496751536,0.0,0.2440752317062409
280435,-24.42592403125003,-22.247672200655412,5.0,-2.1782518305946184
280446,-8.629097183206254,-9.15314476033952,2.0,0.5240475771332669
280550,-79.59178775709704,-88.716767768228,36.0,9.124980011130958
280605,-95.35158529442428,-95.14614240208354,54.0,-0.20544289234074142
280730,-13.001517457027132,-12.251606840007794,3.0,-0.7499106170193386
280949,-12.734709854321764,-12.44038549185496,3.0,-0.2943243624668046
281033,-35.265177116856734,-37.8306160300872,13.0,2.565438913230466
281126,-107.36902626565403,-165.5885876173151,40.0,58.219561351661085
281173,-2.4642556622487035,-1.5784078111342668,0.0,-0.8858478511144368
281279,-5.177438567187758,-5.8145587406487,1.0,0.637120173460942
281295,-5.57859867715995,-5.315150302160157,1.0,-0.26344837499979246
281335,-3.2858025110038134,-5.12593126941615,0.0,1.840128758412337
281358,-12.633335576804061,-11.914934341787768,3.0,-0.7184012350162927
281395,-31.51044466743408,-31.184772683986843,10.0,-0.32567198344723636
281402,-5.099185196963749,-5.225645254083669,1.0,0.12646005711992014
281428,-30.634406152384855,-30.856745467079453,11.0,0.22233931469459733
281489,-89.76360541617659,-91.45267389464634,42.0,1.6890684784697498
281587,-25.23638277954652,-26.567973384556584,9.0,1.3315906050100637
281611,-29.91323620388452,-31.69143830777457,12.0,1.7782021038900488
281667,-0.7141703748031952,-0.8739092546142408,0.0,0.15973887981104562
281777,-5.592262373550356,-5.077949863450209,1.0,-0.5143125101001464
281789,-22.484309414700896,-23.13747418946781,7.0,0.653164774766914
281799,-5.584842865643666,-4.929054647377197,1.0,-0.6557882182664692
281845,-20.433562594530507,-20.42805616410244,4.0,-0.005506430428066977
281881,-28.067457740255733,-27.902571317514756,7.0,-0.16488642274097742
281969,-6.48413316913289,-6.935385689329424,1.0,0.45125252019653406
282194,-1.54178316281521,-1.4813409710145136,0.0,-0.06044219180069654
282201,-1.7685863618244766,-1.7850568292146498,0.0,0.016470467390173216
282256,-12.754686142299827,-12.512885523467684,3.0,-0.24180061883214243
282392,-4.7759034708318335,-4.979116291304467,1.0,0.20321282047263356
282402,-1.8065209611979,-1.177625112814377,0.0,-0.628895848383523
282563,-1.8700625309801533,-2.3924885456149223,0.0,0.522426014634769
282613,-5.63911091847241,-6.314366890152696,1.0,0.6752559716802864
282641,-12.242741783944942,-11.978746729768156,3.0,-0.26399505417678526
282689,-52.656889897274056,-68.27027730554163,23.0,15.61338740826757
282827,-68.77974715045426,-71.88768978422075,29.0,3.1079426337664984
282875,-16.346649883299897,-14.825724140512198,4.0,-1.520925742787698
282879,-15.597645855940117,-16.5745781970435,4.0,0.9769323411033835
282931,-27.05520409047384,-25.947833147146437,8.0,-1.1073709433274033
282967,-89.21258979416623,-105.14805187840533,27.0,15.935462084239091
283047,-29.221787979321846,-29.73563321807396,11.0,0.5138452387521149
283119,-56.6571662157205,-54.857174889410175,12.0,-1.7999913263103267
283544,-13.095066149223927,-13.12704946656996,3.0,0.03198331734603421
283622,-38.29659098754229,-37.472610422749035,15.0,-0.8239805647932528
283679,-19.359658181627516,-18.365404569957,5.0,-0.9942536116705156
283726,-3.4279013105835974,-2.9777026913693,0.0,-0.4501986192142975
283785,-15.968046896943124,-21.90603299384763,4.0,5.937986096904508
283800,-8.60487061042772,-8.470058375818862,2.0,-0.13481223460885872
283883,-15.725100837730636,-15.416614051310647,4.0,-0.30848678641998895
283952,-5.347920350858433,-5.014320117396768,1.0,-0.3336002334616648
283954,-8.056963832247062,-8.494389375909675,2.0,0.4374255436626129
283977,-42.7957498483866,-43.438450449649274,18.0,0.6427006012626748
284067,-9.715504708935546,-10.797949866377223,1.0,1.0824451574416774
284163,-17.624802162546317,-18.238237387527207,5.0,0.6134352249808899
284222,-0.4147207205983532,-1.177625112814377,0.0,0.7629043922160239
284395,-18.03954130611621,-16.042859956135747,4.0,-1.996681349980463
284418,-9.468668799347899,-9.781557174926723,2.0,0.3128883755788241
284420,-1.5646926744521021,-2.6962044038150594,0.0,1.1315117293629573
284717,-34.31616079397456,-33.0776280382799,13.0,-1.2385327556946635
284741,-11.146920626928008,-11.647657586489778,3.0,0.5007369595617703
284771,-19.840906919794417,-20.628677668152374,6.0,0.787770748357957
284794,-20.112345657091023,-19.88852840101309,5.0,-0.22381725607793257
284868,-0.39052772633697375,-0.8739092546142408,0.0,0.4833815282772671
284927,-55.191649992643676,-64.50352332154038,21.0,9.31187332889671
285103,-9.48807520819396,-10.080205479749104,2.0,0.5921302715551438
285147,-10.178125784733211,-9.43424954119443,2.0,-0.7438762435387822
285158,-1.4119544878315258,-2.088772687414786,0.0,0.6768181995832603
285231,-12.727765031574469,-11.766814152012918,3.0,-0.9609508795615511
285302,-9.212384826400731,-8.478822459211067,2.0,-0.7335623671896645
285322,-5.366891574894238,-5.134758364183412,1.0,-0.23213321071082582
285404,-0.4908385659033602,-1.177625112814377,0.0,0.6867865469110168
285479,-14.66198322748969,-14.739545044006842,4.0,0.07756181651715188
285523,-19.30925282170567,-19.754808514061356,5.0,0.44555569235568626
285585,-9.432175957915613,-8.675996826010667,2.0,-0.7561791319049451
285728,-38.987135987302224,-50.278286255154576,11.0,11.291150267852352
285824,-10.503927166890184,-8.872717109863807,2.0,-1.6312100570263777
285923,-1.1534674103137954,-1.7850568292146498,0.0,0.6315894189008544
286005,-8.806736872099226,-8.286228204462407,2.0,-0.5205086676368182
286023,-22.143369464580417,-22.145797050549216,6.0,0.0024275859687996615
286042,-21.13532967993891,-19.36018459930616,5.0,-1.7751450806327504
286058,-16.11859493194467,-16.686030407044747,4.0,0.5674354751000763
286083,-5.298336665668204,-5.023777849036708,1.0,-0.2745588166314956
286098,-5.509045541800766,-5.067357697228144,1.0,-0.44168784457262245
286111,-27.6736619553201,-27.149665516060207,9.0,-0.5239964392598928
286226,-32.758324299273895,-32.91768742062921,13.0,0.1593631213553124
286257,-21.264120611595565,-20.395257351142913,5.0,-0.8688632604526525
286292,-19.25105284926703,-20.077055640453075,5.0,0.8260027911860455
286302,-0.5702003776892342,-0.8739092546142408,0.0,0.3037088769250067
286324,-63.26304474188036,-62.82439552692762,23.0,-0.4386492149527399
286461,-8.56546222386251,-8.608948958651897,2.0,0.04348673478938636
286911,-5.111893741365651,-5.366983113416995,1.0,0.2550893720513443
286962,-9.952771360566006,-9.225891513380082,2.0,-0.7268798471859235
287004,-46.84420901481167,-54.254506913408335,16.0,7.410297898596667
287049,-8.422584853064926,-8.608491021837281,2.0,0.18590616877235533
287193,-34.24060279748986,-47.823118243313324,13.0,13.58251544582346
287274,-44.21709174328983,-43.34764793734756,18.0,-0.869443805942268
287300,-1.3400963301941016,-1.7850568292146498,0.0,0.44496049902054824
287381,-41.71081858896644,-43.5072810655341,14.0,1.7964624765676618
287573,-15.41060431066247,-15.109008054539329,4.0,-0.30159625612314045
287768,-11.166876470535637,-11.654559843817553,3.0,0.48768337328191613
287812,-13.100430716019384,-13.025131345192035,3.0,-0.07529937082734861
287839,-5.864213900263948,-6.324844755878448,1.0,0.46063085561450023
287856,-9.824094879823539,-9.521926101512799,2.0,-0.3021687783107403
288009,-17.468094673444686,-17.935366838421984,4.0,0.46727216497729884
288032,-31.016404326276415,-31.195799571314165,12.0,0.17939524503774962
288064,-15.7960321132085,-14.786725314796138,4.0,-1.0093067984123625
288108,-63.466866158924134,-62.1733066953815,33.0,-1.2935594635426355
288140,-5.47054406817959,-4.998676881940835,1.0,-0.47186718623875556
288186,-46.467839480667216,-47.00098138935062,16.0,0.5331419086834046
288338,-1.2574438854245025,-1.7850568292146498,0.0,0.5276129437901473
288386,-8.812239629161864,-8.587249418517954,2.0,-0.22499021064390945
288494,-5.5105204907452086,-5.674841495768565,1.0,0.16432100502335611
288515,-5.206143073359308,-4.948386772448205,1.0,-0.2577563009111028
288567,-24.461786084448846,-26.264898422680545,7.0,1.8031123382316991
288614,-11.895048285402972,-12.125241431941536,3.0,0.23019314653856426
288854,-22.063471479754387,-23.048096650525572,7.0,0.984625170771185
288879,-5.321631237518933,-5.317186997502678,1.0,-0.004444240016255208
289046,-35.068946697703055,-35.785013836391734,14.0,0.716067138688679
289156,-30.39859183792462,-26.070865767138116,8.0,-4.327726070786504
289245,-12.314779042545116,-11.794321682950356,3.0,-0.5204573595947597
289248,-46.75681632704829,-49.25604016909372,16.0,2.4992238420454314
289503,-29.744171624296524,-29.984015578016102,10.0,0.23984395371957845
289513,-9.323766915501496,-9.391771848151858,2.0,0.06800493265036245
289561,-1.3557967001966735,-1.177625112814377,0.0,-0.17817158738229644
289577,-1.3235503388760204,-1.7850568292146498,0.0,0.46150649033862945
289674,-31.972940496755015,-31.66632141019388,12.0,-0.3066190865611347
289686,-3.1176777545821097,-4.465240278621784,0.0,1.3475625240396742
289791,-15.50551989212137,-14.395326351649206,3.0,-1.1101935404721637
289810,-3.1565786354970786,-4.822215411216014,0.0,1.6656367757189354
289964,-6.140825652677199,-5.085267083782174,1.0,-1.0555585688950249
290032,-1.9886841717019135,-3.126581996434071,0.0,1.1378978247321576
290228,-13.539611837901118,-13.443389440379288,3.0,-0.0962223975218297
290261,-25.214968321328687,-25.148817172188757,7.0,-0.06615114913993025
290265,-5.232104639896031,-5.004300306825111,1.0,-0.22780433307092007
290312,-16.716762941976544,-15.00724747851112,4.0,-1.709515463465424
290355,-42.203968687041545,-41.354754466899294,16.0,-0.849214220142251
290359,-6.635204343201054,-6.420706625166667,1.0,-0.21449771803438722
290369,-8.80140143423929,-8.457513086872522,2.0,-0.343888347366768
290584,-9.846159315006561,-9.156051040255672,2.0,-0.6901082747508891
290809,-6.86466885020017,-8.361758043100684,1.0,1.4970891929005141
290826,-17.48813261236415,-17.451197091500323,5.0,-0.03693552086382823
290974,-11.941816446696244,-11.878430697000564,3.0,-0.06338574969568
291085,-54.535422668511835,-56.93035643094183,27.0,2.394933762429993
291205,-35.90156059845809,-38.11968696108314,12.0,2.21812636262505
291310,-34.21892554767329,-34.18019582067817,6.0,-0.03872972699511479
291417,-21.62581162029665,-20.876476889051542,6.0,-0.7493347312451064
291418,-9.781129172853495,-9.247555619996575,2.0,-0.5335735528569199
291639,-30.842294496568496,-31.24459340899041,10.0,0.40229891242191584
291648,-36.35183944691729,-36.447932118179374,12.0,0.09609267126208465
291665,-0.8463249377686612,-1.177625112814377,0.0,0.33130017504571585
291733,-2.443175524383808,-3.607351978415468,0.0,1.1641764540316601
291829,-1.51714000008759,-1.7850568292146498,0.0,0.2679168291270597
291862,-5.2827204720523575,-5.052845898334015,1.0,-0.22987457371834275
291937,-18.534506159151224,-18.552129698876723,5.0,0.01762353972549846
291938,-7.0555249061974274,-5.273999247536676,1.0,-1.781525658660751
291945,-29.188657872823235,-35.43601019400833,9.0,6.247352321185097
291974,-4.80724230474847,-5.168560854727274,1.0,0.3613185499788045
292073,-16.79106130608906,-18.17835973876563,5.0,1.3872984326765696
292180,-11.841361020240988,-11.880937226099197,3.0,0.03957620585820898
292293,-41.65156263396942,-44.03026978480143,17.0,2.378707150832014
292336,-45.82200308146072,-46.44257923287006,17.0,0.6205761514093382
292452,-15.498800411548363,-14.812576641564858,4.0,-0.6862237699835045
292586,-15.576393462237833,-14.549978484002196,4.0,-1.0264149782356373
292587,-2.0523607117430265,-2.9999202620151957,0.0,0.9475595502721692
292757,-51.355419383416574,-49.48619745322994,19.0,-1.869221930186633
292813,-1.1713460023614868,-0.7211878536351698,0.0,-0.450158148726317
292824,-2.1675452792281678,-3.303636120215332,0.0,1.1360908409871642
292854,-1.199511988776537,-2.088772687414786,0.0,0.889260698638249
292869,-1.39721188843024,-1.7850568292146498,0.0,0.3878449407844098
292972,-0.8015059506458535,-1.177625112814377,0.0,0.3761191621685236
293171,-0.3606743611571793,-0.8739092546142408,0.0,0.5132348934570615
293279,-14.998882503039335,-13.698159569595223,3.0,-1.3007229334441117
293564,-57.16354786856828,-61.31936418600993,22.0,4.155816317441648
293681,-22.371945661353816,-19.560520208310177,4.0,-2.8114254530436398
293828,-19.463368132755903,-18.739837651248855,5.0,-0.7235304815070478
293861,-22.32373530871597,-21.513162796089546,6.0,-0.8105725126264254
294011,-1.8142948009722835,-2.4265793793005894,0.0,0.612284578328306
294023,-5.0394536522373805,-6.461145827315946,0.0,1.4216921750785652
294084,-122.13312620158491,-112.4699422414257,77.0,-9.663183960159216
294109,-1.1987245546256537,-2.088772687414786,0.0,0.8900481327891323
294115,-70.06052329124665,-71.59983385719006,24.0,1.5393105659434099
294208,-72.40527759217532,-73.13994606126249,20.0,0.7346684690871683
294252,-18.820163091071105,-21.56205617380909,5.0,2.7418930827379846
294290,-6.394235195629765,-6.418806864941917,1.0,0.024571669312152267
294303,-14.848912040397451,-22.372811378558627,5.0,7.523899338161176
294339,-6.119648259082737,-6.249444116965957,1.0,0.12979585788322012
294392,-8.978807799490905,-9.154747579338526,2.0,0.17593977984762077
294403,-17.108324329291676,-17.16863533691837,5.0,0.06031100762669439
294467,-8.626178648918103,-9.003130533674327,2.0,0.3769518847562239
294585,-4.811463625003624,-5.014170450011537,1.0,0.2027068250079136
294649,-79.21658055500048,-85.77059183436533,45.0,6.5540112793648575
294819,-25.829383610763,-22.120280485101414,5.0,-3.709103125661585
294822,-1.7655078588151867,-2.088772687414786,0.0,0.3232648285995994
294830,-18.097354794431727,-18.8024465668993,5.0,0.705091772467572
295037,-5.552236332456028,-6.03367852147873,1.0,0.48144218902270186
295103,-20.861635131482913,-21.554852200373563,6.0,0.6932170688906503
295233,-9.155715761065679,-8.665137337646904,2.0,-0.4905784234187749
295236,-13.187685843703722,-13.132845032916228,3.0,-0.054840810787494476
295263,-20.554161034062975,-20.39607305098577,6.0,-0.1580879830772055
295270,-38.67140358514565,-39.350777134480644,16.0,0.679373549334997
295282,-0.7436651625275941,-1.177625112814377,0.0,0.433959950286783
295405,-4.860218999243547,-5.098124567569981,1.0,0.2379055683264335
295510,-5.709331244829474,-5.323633294050473,1.0,-0.3856979507790008
295601,-19.598382053850134,-20.62085916124408,6.0,1.0224771073939465
295625,-5.485819265299284,-5.342605257845575,1.0,-0.14321400745370916
295676,-9.537087917407796,-9.09026884149711,2.0,-0.44681907591068537
295683,-5.585899258091925,-5.057039197909869,1.0,-0.5288600601820557
296060,-64.8422200674841,-64.59947454802676,26.0,-0.24274551945734402
296084,-19.24637842161869,-17.91883596800066,5.0,-1.3275424536180296
296141,-9.23924796359957,-9.417180645530905,2.0,0.1779326819313347
296673,-100.90358471255014,-126.563591392347,38.0,25.660006679796865
296674,-15.477302894717095,-15.337313537869232,4.0,-0.13998935684786318
296757,-0.3138370074549105,-0.5701933964141045,0.0,0.256356388959194
296803,-24.269925646360235,-24.355176679380023,8.0,0.08525103301978731
297000,-12.888057502047198,-12.973800847146908,3.0,0.0857433450997096
297154,-0.9778438413274215,-1.4813409710145136,0.0,0.503497129687092
297186,-26.62843232674304,-23.547350078189705,6.0,-3.0810822485533365
297242,-84.47705588653453,-111.29231626730541,34.0,26.81526038077088
297510,-17.504676476260183,-15.938389473507574,4.0,-1.5662870027526097
297827,-5.276694198988378,-5.87181665259698,1.0,0.5951224536086022
297856,-9.229387866223597,-9.243453867090551,2.0,0.014066000866954198
297985,-19.81630823809634,-18.285692357086067,5.0,-1.5306158810102737
297998,-11.766189540687115,-12.144936309160522,3.0,0.37874676847340716
298142,-14.533221546091996,-15.424724708509267,4.0,0.8915031624172709
298216,-5.181135069450545,-4.96818178684588,1.0,-0.21295328260466473
298688,-39.78111065234843,-42.40262868657442,14.0,2.6215180342259856
298691,-10.566724142745025,-11.10215188924485,2.0,0.535427746499824
298727,-22.711300875459077,-22.75006512230878,6.0,0.03876424684970203
298826,-23.184335711963026,-21.29788952543395,6.0,-1.8864461865290778
299038,-18.203731686601778,-18.523429604842963,4.0,0.3196979182411859
299043,-15.723246954136352,-14.58492352741615,4.0,-1.138323426720202
299077,-19.564041900465455,-18.90041183439605,6.0,-0.6636300660694054
299090,-3.732494615111901,-4.2147836948157416,0.0,0.4822890797038406
299216,-7.198828355744088,-7.483159428543301,1.0,0.28433107279921277
299388,-8.615916992394562,-9.371785661029689,2.0,0.7558686686351272
299445,-2.0201238755100936,-2.722452285369145,0.0,0.7023284098590512
299487,-24.210881802314518,-23.83315572768769,8.0,-0.3777260746268283
299507,-5.202832289854316,-5.353409376252783,1.0,0.15057708639846723
299510,-14.048784741142148,-14.835262999282214,4.0,0.7864782581400664
299590,-9.812461193697374,-9.346610189153397,2.0,-0.46585100454397654
299615,-36.39299221326405,-37.69987794263452,14.0,1.306885729370471
299620,-22.718431579660233,-21.553040314242654,6.0,-1.165391265417579
299661,-13.195221206019088,-12.95509849644723,3.0,-0.24012270957185855
299807,-0.773722921963187,-1.177625112814377,0.0,0.40390219085119006
299818,-27.921049121626144,-29.15873122243489,10.0,1.2376821008087475
299883,-9.023597222133716,-8.471177402185464,2.0,-0.552419819948252
299925,-17.712672179611694,-16.47419309930408,4.0,-1.238479080307613
299980,-26.68918043648855,-27.180745981707926,9.0,0.4915655452193768
299982,-16.302703864623673,-16.321893366736873,4.0,0.019189502113199808
299997,-20.948125112162902,-20.833114158360576,6.0,-0.11501095380232584
300095,-0.5807177671217263,-1.19970354560459,0.0,0.6189857784828636
300228,-11.481076133660816,-12.225534161616803,3.0,0.7444580279559876
300235,-18.053355529648417,-18.646870767674354,4.0,0.5935152380259368
300308,-59.23958321556465,-56.49576835575889,19.0,-2.7438148598057595
300351,-16.254718721902716,-17.167004828452825,5.0,0.9122861065501091
300456,-9.653248976651396,-5.514720079561086,1.0,-4.13852889709031
300492,-15.53134109720467,-16.151423668200348,4.0,0.6200825709956774
300651,-97.45171056251941,-109.30954276673293,50.0,11.857832204213523
300664,-0.5970440595976706,-0.5701933964141045,0.0,-0.026850663183566104
300689,-31.587942326477695,-33.16893843733533,10.0,1.5809961108576331
300753,-4.549033498043401,-5.03343449066246,1.0,0.4844009926190589
300757,-8.618736844026238,-9.46106258589282,2.0,0.842325741866583
300777,-18.323293763625003,-22.98967371326166,5.0,4.6663799496366565
300792,-64.66253961169141,-77.66884862269292,19.0,13.006309011001505
300819,-5.937425927383976,-4.908890396806968,0.0,-1.0285355305770079
301032,-32.162309483745574,-36.58563708212298,11.0,4.423327598377405
301256,-1.1598908344836139,-0.8739092546142408,0.0,-0.285981579869373
301525,-12.018765050977207,-11.630619048099952,3.0,-0.38814600287725476
301652,-5.3460013806345055,-5.028912407218785,1.0,-0.3170889734157205
301747,-8.063462427864888,-8.649321006616232,3.0,0.5858585787513437
301912,-1.2314638955814379,-1.7850568292146498,0.0,0.5535929336332119
301994,-2.083231813885034,-4.373184733788869,0.0,2.289952919903835
302122,-4.7033666571344295,-4.984607418197858,1.0,0.28124076106342866
302137,-148.5556927903225,-151.52272563106567,80.0,2.9670328407431725
302207,-17.34756633961198,-17.426840487838767,5.0,0.07927414822678713
302243,-31.386326024477434,-32.05550558336556,11.0,0.6691795588881249
302397,-14.850987921619568,-20.08190113193732,4.0,5.230913210317754
302443,-17.795738362972376,-17.26219037503588,5.0,-0.5335479879364975
302529,-5.3021338769377895,-5.447123904961601,1.0,0.14499002802381167
302542,-17.524760575743063,-17.952465181031837,5.0,0.4277046052887741
302619,-14.327753095482544,-15.672092027065904,4.0,1.3443389315833603
302647,-8.903684439586264,-9.990160547476446,2.0,1.0864761078901815
302648,-21.78358469889797,-19.029031118466545,4.0,-2.7545535804314234
302681,-3.128450945613356,-0.6975689032996931,0.0,-2.430882042313663
302708,-12.30493537036499,-13.026019828173904,2.0,0.7210844578089137
302768,-36.251704889615425,-38.41013114261808,16.0,2.158426253002652
302769,-12.595462979888639,-12.276361287153112,3.0,-0.31910169273552746
302795,-7.563038735489996,-7.064763929461298,1.0,-0.49827480602869745
302837,-21.44496443903546,-21.777912001268447,6.0,0.33294756223298805
302858,-0.7020264070038633,-1.177625112814377,0.0,0.4755987058105138
302916,-10.367020190109319,-9.264651489036662,2.0,-1.1023687010726562
302993,-42.06177031646515,-44.083702007976214,17.0,2.021931691511064
302994,-6.551420376385184,-7.055006631850288,1.0,0.5035862554651045
303035,-9.149817254839004,-8.565815450793384,2.0,-0.5840018040456201
303173,-13.472303297587553,-17.12389537221113,2.0,3.6515920746235775
303230,-38.29510659364047,-38.769568248731325,11.0,0.474461655090856
303331,-43.461760810071674,-42.89350487674754,17.0,-0.5682559333241315
303368,-5.484253636486538,-5.720963751691236,1.0,0.23671011520469776
303553,-5.95962147058419,-6.948226418616968,0.0,0.9886049480327781
303593,-6.634241604151261,-5.744966293766805,1.0,-0.8892753103844555
303605,-5.303960442512169,-5.040570734406246,1.0,-0.2633897081059233
303629,-29.92544855553147,-33.6639880846675,8.0,3.7385395291360304
303746,-5.477858692412079,-5.497151178628982,1.0,0.01929248621690327
303751,-11.094930723856343,-11.700779681281828,3.0,0.6058489574254846
303790,-11.792211881750735,-11.430120745623514,3.0,-0.362091136127221
303836,-15.952669525430514,-19.411298367580432,4.0,3.4586288421499187
303930,-11.656615307356958,-11.599551657039274,3.0,-0.05706365031768357
304137,-27.24351265456766,-28.51238724823263,10.0,1.2688745936649717
304289,-16.819932419590902,-18.136666238566924,3.0,1.3167338189760223
304535,-18.19897322927835,-18.149975600948263,5.0,-0.04899762833008836
304670,-16.872522172660062,-17.257572658531846,5.0,0.38505048587178337
304693,-1.137775028331038,-1.7850568292146498,0.0,0.6472818008836119
304815,-25.561294151104118,-24.902544216626303,8.0,-0.6587499344778145
304941,-11.859670895830387,-11.542052489699067,1.0,-0.3176184061313201
304951,-12.977698969331986,-12.682809462056811,3.0,-0.29488950727517427
304993,-15.74320646395559,-15.0144668819034,4.0,-0.7287395820521887
305019,-0.5477813063611519,-0.9298696070448129,0.0,0.38208830068366106
305041,-17.414145430480556,-17.077744882884698,4.0,-0.3364005475958578
305069,-22.87177285116123,-22.982064605324776,7.0,0.11029175416354775
305181,-15.706469889693148,-16.433615661410975,3.0,0.7271457717178276
305191,-55.76714652491083,-57.29161013697128,26.0,1.5244636120604511
305220,-0.25776440526898836,-0.5701933964141045,0.0,0.31242899114511613
305242,-0.30787546332319893,-0.8739092546142408,0.0,0.5660337912910419
305341,-13.21783079912691,-12.878461828097409,3.0,-0.3393689710295007
305488,-1.3172630685598299,-1.177625112814377,0.0,-0.1396379557454528
305554,-33.95687232366838,-33.10687753053698,11.0,-0.8499947931314011
305592,-57.51987555776145,-52.44915885180916,12.0,-5.070716705952293
305674,-14.719400752568466,-15.15524271940515,4.0,0.4358419668366835
305758,-4.774550957199221,-8.46680570961765,0.0,3.69225475241843
305767,-12.405547075399571,-12.30309612806782,3.0,-0.10245094733175186
305919,-18.553140493854738,-21.94307813880829,3.0,3.3899376449535517
305986,-5.618412418678643,-6.024432990004352,1.0,0.40602057132570923
306003,-36.42953481620461,-36.13386132859137,16.0,-0.29567348761323586
306084,-15.537801299638648,-15.365941026025297,4.0,-0.1718602736133512
306153,-9.845345378396742,-10.915909538442055,2.0,1.070564160045313
306185,-12.340925117372569,-11.763127707349007,3.0,-0.5777974100235621
306294,-4.628425304832788,-4.33974919929888,1.0,-0.28867610553390843
306347,-20.688928819827314,-21.178735021250375,6.0,0.4898062014230611
306440,-28.965812006616375,-27.85948368557231,10.0,-1.1063283210440638
306521,-13.466857280013144,-12.641066711937983,3.0,-0.8257905680751616
306667,-9.001886786856417,-8.64816395880212,2.0,-0.35372282805429656
306679,-1.1146660985765902,-1.4813409710145136,0.0,0.3666748724379234
306699,-47.30457038924994,-53.831025421032344,18.0,6.526455031782405
306847,-18.91281648945814,-19.147424886264528,6.0,0.23460839680638657
306977,-18.541539712062416,-19.384254284606087,5.0,0.8427145725436702
307113,-11.300032108181579,-9.743201915198505,2.0,-1.5568301929830746
307174,-82.17539594242088,-79.21767834362676,37.0,-2.957717598794119
307198,-53.19681198309325,-53.864616284145654,17.0,0.6678043010524064
307232,-8.32852992338203,-6.9165750489595865,1.0,-1.4119548744224435
307344,-2.0866131176585734,-3.607351978415468,0.0,1.5207388607568948
307415,-85.72008919021543,-83.9821902480089,35.0,-1.7378989422065274
307582,-0.9598100640728445,-1.4813409710145136,0.0,0.521530906941669
307930,-5.095528655557415,-5.596877386375361,1.0,0.5013487308179458
308021,-5.237836333519498,-5.259365467279964,1.0,0.021529133760465946
308088,-21.67327812879268,-23.305471389522978,6.0,1.632193260730297
308341,-10.016876855910375,-9.295051590389056,2.0,-0.7218252655213195
308415,-11.917972749041642,-12.392063048668007,3.0,0.47409029962636495
308435,-24.55055612015727,-25.855655699440728,7.0,1.305099579283457
308498,-4.389141914302206,-5.481460851692875,1.0,1.0923189373906688
308565,-6.287881283757515,-5.780438410609424,1.0,-0.5074428731480909
308689,-8.204371517902684,-8.867040145525511,2.0,0.6626686276228266
308892,-17.697953836504126,-18.522741197283658,5.0,0.8247873607795313
308899,-1.2453428941810458,-0.5701933964141045,0.0,-0.6751494977669413
308901,-0.7385104686745758,-1.136496108669426,0.0,0.39798563999485026
308956,-19.841929823498376,-20.056976638341517,6.0,0.21504681484314148
309189,-34.92427827114593,-38.38197761799308,16.0,3.45769934684715
309252,-5.286401265319068,-5.259365467279964,1.0,-0.02703579803910383
309479,-5.251775873670244,-5.374010198906211,1.0,0.12223432523596678
309565,-24.58327811883827,-23.492312767048695,7.0,-1.090965351789574
309689,-15.746009277106575,-16.010571428236652,4.0,0.2645621511300771
309760,-46.98244068449051,-56.634644966559016,14.0,9.652204282068503
309818,-6.1557806137638424,-4.94294944482254,1.0,-1.2128311689413023
309910,-23.57984338979581,-22.924270101961653,8.0,-0.6555732878341551
310139,-0.303007307979151,-0.21978370651696574,0.0,-0.08322360146218524
310191,-15.912268441498274,-18.013599792311343,3.0,2.1013313508130693
310223,-5.7032047485753345,-5.772884022059831,1.0,0.06967927348449621
310299,-23.56561868748022,-23.498907169469362,8.0,-0.06671151801085884
310328,-67.04853874256536,-66.90790045172119,27.0,-0.14063829084416568
310395,-0.5191017447595708,-0.660433970392381,0.0,0.14133222563281023
310399,-0.2950900962209147,-0.266477538213968,0.0,-0.028612558006946676
310574,-6.427897132125514,-5.609138070833083,1.0,-0.8187590612924307
310808,-19.567564911016163,-19.068720145789527,5.0,-0.4988447652266359
310836,-25.825341181075082,-26.620255046014893,6.0,0.7949138649398115
310867,-29.23727721286665,-27.724367108675512,7.0,-1.512910104191139
310874,-15.760676367736618,-17.01287685078231,4.0,1.2522004830456908
310936,-95.15615870698672,-93.17259373110129,41.0,-1.9835649758854288
310974,-5.45392420757982,-5.409192217277509,1.0,-0.0447319903023109
311209,-11.788573988067967,-11.569862883009918,3.0,-0.21871110505804836
311358,-20.181019632864217,-19.89601117372846,6.0,-0.28500845913575645
311543,-2.2352765115983466,-3.303636120215332,0.0,1.0683596086169853
311730,-21.66362295826068,-22.40055202944377,6.0,0.7369290711830878
311795,-14.755617291703391,-17.189501649276675,3.0,2.433884357573284
311811,-19.259714027734653,-18.644626273873197,5.0,-0.6150877538614559
311839,-10.189523251909861,-9.592091658306092,2.0,-0.5974315936037691
311890,-1.2799277017295243,-1.7850568292146498,0.0,0.5051291274851255
311902,-4.350152393428284,-5.12593126941615,0.0,0.7757788759878661
311969,-1.6873280749018282,-1.5511282597839307,0.0,-0.13619981511789758
312008,-20.73391152379113,-21.317891435422894,6.0,0.583979911631765
312078,-25.089389264072594,-27.336313210094847,5.0,2.246923946022253
312099,-5.146853642630245,-5.281347811616295,1.0,0.13449416898605016
312181,-63.270411849356805,-62.93107337204404,25.0,-0.339338477312765
312186,-16.475771090409197,-16.53963577921805,4.0,0.06386468880885232
312257,-9.492227698572217,-9.455683111671293,2.0,-0.03654458690092355
312322,-45.695870480128356,-46.60310622176103,20.0,0.9072357416326753
312509,-24.274974001074195,-28.37307464197403,6.0,4.098100640899833
312570,-3.278689813393042,-2.182864863652456,0.0,-1.095824949740586
312681,-26.056117702944988,-25.904141339879793,9.0,-0.15197636306519513
312704,-9.729205089075286,-10.141347507662537,2.0,0.4121424185872513
312935,-1.795824100160858,-2.6962044038150594,0.0,0.9003803036542015
312940,-4.888929971229851,-5.156719579818233,1.0,0.26778960858838197
312950,-43.980816148302004,-45.83115735454365,20.0,1.8503412062416444
312955,-0.4785341487878869,-0.8739092546142408,0.0,0.39537510582635393
312978,-39.85206219623191,-39.477169467608505,11.0,-0.37489272862340783
313076,-1.4989951912505788,-2.018147613491232,0.0,0.5191524222406532
313213,-40.98939011803877,-44.15765407338804,16.0,3.1682639553492677
313287,-24.744840244156002,-26.329270099370085,7.0,1.5844298552140827
313311,-12.824799688004964,-12.680177296241595,3.0,-0.14462239176336844
313502,-4.540555850910516,-4.303223320769555,0.0,-0.23733253014096078
313515,-24.4857562260612,-23.492055399992314,7.0,-0.9937008260688849
313540,-34.6829617692061,-32.16418311380785,10.0,-2.5187786553982505
313756,-10.506116515264926,-10.136250969839107,2.0,-0.36986554542581906
313932,-9.993009109711132,-9.57459372004685,2.0,-0.4184153896642808
313981,-58.17342071050949,-58.06940092414722,28.0,-0.10401978636227227
314052,-21.837795002991,-23.158247786612407,6.0,1.3204527836214055
314059,-1.0579716066085914,-1.7850568292146498,0.0,0.7270852226060585
314158,-16.134506176568074,-15.061783861920269,4.0,-1.0727223146478053
314239,-89.19928973518356,-84.63051147280186,44.0,-4.568778262381699
314353,-3.5819783420481857,-5.12593126941615,0.0,1.5439529273679646
314531,-73.17294874705112,-92.04646712405943,32.0,18.87351837700831
314543,-14.348399625100697,-13.372801365330707,3.0,-0.9755982597699902
314561,-5.997900013798904,-6.037078844016559,0.0,0.039178830217655225
314614,-9.168605760741704,-10.165991342165547,2.0,0.9973855814238437
314650,-28.382007740261354,-36.57244738446467,9.0,8.190439644203312
314662,-8.700293630021,-8.820653687607534,2.0,0.12036005758653445
314729,-6.615748954555789,-6.862290892495806,1.0,0.2465419379400169
314753,-58.892737092185435,-64.01445631474392,25.0,5.1217192225584895
314786,-4.56132915743187,-5.206020840956019,1.0,0.6446916835241492
314979,-9.42923102768588,-10.288605490368361,2.0,0.8593744626824815
314995,-9.397437793218462,-8.55060762698819,2.0,-0.8468301662302711
315012,-19.73389477814492,-18.212379109650875,4.0,-1.5215156684940432
315057,-15.381416988070862,-15.32053811954661,3.0,-0.06087886852425228
315060,-9.231756217784426,-5.049593214104749,1.0,-4.182163003679677
315073,-44.96683500156811,-44.182645484171346,19.0,-0.7841895173967615
315247,-0.2406278207561359,-0.8739092546142408,0.0,0.633281433858105
315311,-48.247380454152335,-46.45557647218638,12.0,-1.7918039819659555
315335,-1.9818638117951308,-3.303636120215332,0.0,1.321772308420201
315452,-17.52506100122094,-24.652174867961225,4.0,7.1271138667402845
315688,-43.725947959745135,-45.57685788296801,16.0,1.850909923222872
315740,-13.271894950333001,-12.567713365376969,3.0,-0.7041815849560322
315843,-1.6332526229519833,-2.088772687414786,0.0,0.4555200644628028
315869,-40.064846753175175,-40.75746236173338,16.0,0.6926156085582065
316008,-0.2805235379525905,-0.8739092546142408,0.0,0.5933857166616503
316061,-52.14850999003875,-52.06866249104185,20.0,-0.07984749899689803
316082,-26.013510286162393,-25.231418152701988,8.0,-0.7820921334604058
316102,-11.583677445409997,-11.727526429805636,1.0,0.14384898439563898
316254,-5.792823493829462,-4.9785779849953435,1.0,-0.8142455088341185
316277,-44.17098563961563,-38.64831679173396,12.0,-5.522668847881668
316293,-32.09248322871815,-37.95282671889341,10.0,5.860343490175261
316295,-4.075133446879094,-5.607619699487221,1.0,1.5324862526081269
316415,-5.628977349745975,-6.324844755878448,1.0,0.6958674061324732
316444,-72.67007490524438,-82.39224599078396,28.0,9.722171085539586
316532,-13.432238798035215,-15.382069985068695,4.0,1.94983118703348
316585,-5.170847728192314,-5.488737585655845,1.0,0.3178898574635314
316596,-17.798906144163478,-17.213803575713595,5.0,-0.5851025684498836
316739,-10.730604683189199,-11.20845657452091,2.0,0.4778518913317118
316792,-39.81241082508406,-40.06415499841727,15.0,0.25174417333321486
316802,-24.802234644856355,-24.611193252079165,6.0,-0.19104139277719057
316810,-5.36976238731894,-5.435975075179094,1.0,0.06621268786015388
316938,-14.006109536729703,-14.290182936041685,4.0,0.28407339931198194
316944,-0.3777250615354252,-0.5701933964141045,0.0,0.19246833487867931
317015,-18.418971513504342,-20.116610229984385,5.0,1.6976387164800428
317062,-25.154800222973446,-25.62782368400981,8.0,0.47302346103636594
317118,-42.08567281522481,-41.94294986979211,16.0,-0.14272294543270192
317294,-10.6003427834567,-10.573030461029672,2.0,-0.027312322427027524
317344,-1.5031431509833257,-2.123281351043718,0.0,0.6201382000603923
317359,-18.94440000469667,-20.73105634161703,5.0,1.786656336920359
317399,-5.365310233361103,-7.26376904845683,1.0,1.8984588150957267
317413,-18.506876242341026,-30.478306619948576,6.0,11.97143037760755
317684,-6.1344761013004785,-7.251942276817105,0.0,1.1174661755166264
317701,-4.425310940673681,-4.608472878852592,1.0,0.18316193817891158
317861,-19.841657065957452,-18.92069675118304,5.0,-0.9209603147744119
317938,-5.02770542164967,-5.191352690689291,1.0,0.1636472690396209
317992,-1.531251097173843,-1.9901586431403693,0.0,0.4589075459665264
318002,-1.3324678017575962,-2.3924885456149223,0.0,1.0600207438573261
318120,-18.06582942655921,-16.98660986998554,4.0,-1.079219556573669
318217,-36.21941947427264,-36.30003622526364,14.0,0.0806167509909983
318267,-34.17297783517788,-35.9438335687738,11.0,1.7708557335959156
318295,-52.00950669888766,-54.884130909605474,14.0,2.874624210717812
318375,-32.57539605455448,-32.809842191334404,10.0,0.23444613677992265
318538,-9.05015831553322,-9.256727828179242,2.0,0.20656951264602164
318551,-28.45870500652621,-28.19001669385445,10.0,-0.26868831267175963
318587,-27.150525735184598,-27.246648028636873,9.0,0.09612229345227519
318636,-5.218316907869122,-3.303636120215332,0.0,-1.91468078765379
318704,-1.0223183786611054,-0.8824168687148914,0.0,-0.13990150994621398
318894,-22.637004766212716,-23.34182723014059,6.0,0.7048224639278757
318927,-25.397348705577453,-24.29397627191121,7.0,-1.1033724336662445
319060,-12.880995668951426,-13.122293757779005,3.0,0.24129808882757864
319205,-21.61662341800634,-22.8299538799179,6.0,1.213330461911557
319468,-27.922136940746704,-26.660211517844516,6.0,-1.2619254229021877
319507,-13.252625666488111,-13.344048721572417,3.0,0.09142305508430582
319511,-14.15883623853481,-11.319414268309012,2.0,-2.839421970225798
319545,-30.453583786206245,-32.85000276604118,12.0,2.396418979834934
319605,-5.70774052947303,-4.9270617580641956,1.0,-0.7806787714088346
319964,-14.175392204396314,-14.311011620456886,4.0,0.13561941606057282
320092,-18.616237111314746,-19.159630848467735,4.0,0.5433937371529893
320159,-0.7567393687780414,-1.177625112814377,0.0,0.4208857440363357
320373,-2.251165539566126,-2.9999202620151957,0.0,0.7487547224490698
320836,-2.5915382329860406,-3.911067836615605,0.0,1.3195296036295643
321006,-18.653065943265812,-19.75201563677985,5.0,1.0989496935140366
321033,-13.536557307448692,-13.173476574808994,3.0,-0.3630807326396983
321038,-25.47448987732381,-24.739993917607926,7.0,-0.7344959597158827
321144,-2.9631192371629194,-3.93089720104197,0.0,0.9677779638790507
321157,-12.962291890929839,-11.494059371458048,3.0,-1.4682325194717905
321160,-5.590863535635303,-5.9820616329844265,1.0,0.3911980973491236
321269,-23.970172133088752,-23.889749965598696,5.0,-0.08042216749005604
321302,-9.325554385899276,-8.620978367334844,2.0,-0.7045760185644312
321325,-13.84326545500376,-12.846118492340239,3.0,-0.9971469626635212
321492,-11.994872679594016,-12.660273479998565,3.0,0.6654008004045497
321545,-20.14977400241373,-22.373118467398015,7.0,2.2233444649842866
321568,-38.23002269451414,-38.01345465120656,16.0,-0.21656804330758206
321588,-11.281608074732079,-9.636352463544833,2.0,-1.6452556111872454
321653,-20.86007562443005,-21.21637792307962,5.0,0.3563022986495703
321690,-1.66953082103697,-3.4617149283133846,0.0,1.7921841072764146
321717,-55.02177438676015,-60.96050492147981,20.0,5.93873053471966
321810,-2.783538249863085,-3.303636120215332,0.0,0.520097870352247
321815,-6.089465628003407,-5.1090150689784135,1.0,-0.9804505590249937
321838,-15.241162135499405,-14.149814712936339,3.0,-1.0913474225630662
321867,-43.01381935553527,-70.02889853681528,12.0,27.015079181280008
321912,-6.338812693253635,-6.538501810000755,1.0,0.19968911674711975
321967,-26.76926953924991,-28.44330836317078,10.0,1.6740388239208706
322079,-39.329704802400414,-38.8635845733349,13.0,-0.46612022906551687
322113,-8.116262426890028,-9.557124526377205,2.0,1.4408620994871768
322252,-18.079349663010003,-17.467816140406992,5.0,-0.6115335226030112
322385,-19.592428997257223,-19.614939254359626,6.0,0.02251025710240384
322644,-12.428398647598508,-12.37404527432951,3.0,-0.05435337326899692
322745,-15.17485998084129,-15.75615746977731,4.0,0.5812974889360198
322781,-9.140100311316619,-9.733732281094793,1.0,0.5936319697781745
322850,-5.269268545831379,-5.141671823912692,1.0,-0.1275967219186862
322872,-9.031230429968891,-9.334497488399492,1.0,0.30326705843060076
322914,-9.355819435485614,-9.02980328501392,2.0,-0.32601615047169474
322975,-5.3293210072057295,-5.424504926235088,1.0,0.09518391902935885
323039,-4.7323773797851105,-4.901205981178988,1.0,0.16882860139387734
323046,-19.978238172181364,-23.64029354573341,6.0,3.6620553735520467
323229,-5.081035653603729,-4.866926274853825,1.0,-0.214109378749904
323243,-49.459371677068724,-48.82037519452962,16.0,-0.6389964825391061
323517,-22.571973164146318,-22.82301618311337,8.0,0.25104301896705294
323614,-2.444441187587836,-2.9999202620151957,0.0,0.5554790744273599
323619,-61.12237395106223,-60.26225132555384,27.0,-0.8601226255083887
323712,-8.787388924535835,-9.003840585278143,2.0,0.21645166074230815
323750,-10.28821257155482,-9.202931558386283,2.0,-1.0852810131685366
323951,-12.632637612320677,-16.68621159717443,4.0,4.053573984853754
324178,-47.39305893194055,-44.67520800922171,17.0,-2.7178509227188385
324311,-18.457817721588953,-18.4783916999042,5.0,0.020573978315248098
324377,-1.5674299593167216,-2.3924885456149223,0.0,0.8250585862982007
324384,-7.141821977456234,-7.002095063064751,1.0,-0.139726914391483
324461,-34.41714726186592,-34.085041007259576,10.0,-0.33210625460634446
324529,-34.08052531921736,-33.59577451297143,13.0,-0.4847508062459269
324594,-17.678910062016744,-19.475121730223222,5.0,1.7962116682064782
324628,-1.6543864741855496,-2.9999202620151957,0.0,1.345533787829646
324645,-2.1770177622110998,-3.303636120215332,0.0,1.1266183580042322
324658,-30.077962289727893,-31.390973442003535,8.0,1.3130111522756422
324662,-36.110373067532485,-37.21750379906642,13.0,1.1071307315339354
324722,-5.209444071246871,-4.975325300766078,1.0,-0.23411877048079344
324728,-5.891108043507733,-5.140991194463363,1.0,-0.7501168490443701
324738,-1.2926338047560002,-2.3924885456149223,0.0,1.099854740858922
324806,-1.1599257286283302,-1.7850568292146498,0.0,0.6251311005863196
324843,-27.88219163722203,-27.463783183282807,10.0,-0.41840845393922166
324920,-14.271227569227854,-15.992247880703362,3.0,1.7210203114755078
325495,-77.4409742012285,-75.05296184992915,41.0,-2.388012351299352
325507,-27.037529216836123,-26.89615554040138,7.0,-0.14137367643474263
325584,-1.8866707182268208,-3.911067836615605,0.0,2.024397118388784
325614,-9.901612179160217,-13.472857567522293,1.0,3.571245388362076
325683,-1.1701530313336874,-1.3074173178236304,0.0,0.13726428648994293
325704,-14.955674848865355,-15.999186635777681,4.0,1.043511786912326
325740,-13.595858681291919,-12.340659881273838,3.0,-1.2551988000180803
325908,-9.076059278116118,-9.284966929603348,1.0,0.20890765148723034
325928,-14.829664545807265,-14.709490876453515,3.0,-0.12017366935375051
325998,-2.453517172589002,-2.9999202620151957,0.0,0.5464030894261938
326070,-28.60940849565193,-28.136202110250604,10.0,-0.4732063854013262
326178,-8.414821409466061,-8.690942699331124,2.0,0.27612128986506335
326316,-19.399928977989155,-18.805767111863275,5.0,-0.5941618661258801
326414,-15.383163381898928,-14.963259309851995,4.0,-0.4199040720469327
326431,-1.9127512511143732,-0.5206297925694618,0.0,-1.3921214585449113
326726,-8.36617664693158,-8.725913855569425,1.0,0.35973720863784564
326795,-60.14478334948758,-73.57097082653256,21.0,13.426187477044977
326815,-5.42282831785662,-5.040734935876955,1.0,-0.382093381979665
327002,-1.2150444539439569,-1.5761979168245335,0.0,0.3611534628805766
327455,-15.878937364692693,-15.632828265306866,4.0,-0.24610909938582637
327513,-5.641731868277839,-5.0391425226118605,1.0,-0.6025893456659785
327706,-33.85117782137027,-32.66597856662885,13.0,-1.1851992547414198
327940,-4.399468254980616,-6.310752238212968,0.0,1.9112839832323525
327963,-34.212390232818365,-37.277813186413454,14.0,3.065422953595089
328038,-28.71224461283847,-30.94457293840539,10.0,2.232328325566918
328124,-21.398762517346395,-21.16904020193272,7.0,-0.2297223154136745
328127,-15.879206900480062,-15.756059619314527,4.0,-0.12314728116553475
328189,-5.347099432726016,-5.277973242871076,1.0,-0.06912618985493957
328252,-16.540467923058657,-14.800700820960042,3.0,-1.7397671020986145
328265,-27.449713658500073,-28.71677520394391,9.0,1.2670615454438376
328291,-26.01967998532886,-25.4883452111381,9.0,-0.5313347741907606
328359,-28.420522372894638,-28.486472247575133,9.0,0.06594987468049496
328372,-25.16711873569012,-25.892000345214534,5.0,0.724881609524413
328592,-25.197379040344668,-25.235770279793226,8.0,0.03839123944855771
328630,-12.19264023699138,-12.270667912134547,3.0,0.07802767514316677
328675,-16.742936064252213,-15.76147153510127,4.0,-0.9814645291509425
328680,-36.976436414197245,-41.32709342776381,14.0,4.350657013566568
329043,-11.599027631605814,-11.59276761196063,3.0,-0.0062600196451843
329134,-36.9710007904176,-35.09442281778368,11.0,-1.8765779726339176
329212,-9.87786899018679,-10.33581396776171,2.0,0.45794497757492003
329221,-13.238546270283738,-15.364504379215846,4.0,2.1259581089321085
329282,-48.83266551326753,-50.00446358530827,20.0,1.171798072040744
329557,-49.95785505082702,-47.45177305097905,17.0,-2.5060819998479715
329597,-3.524970699286222,-5.096425746525451,1.0,1.5714550472392292
329651,-30.2123597993009,-29.949504273873494,11.0,-0.26285552542740476
329695,-3.0299348505289423,-3.911067836615605,0.0,0.8811329860866626
329724,-4.528811362125104,-5.12593126941615,0.0,0.597119907291046
329791,-69.32601129821042,-72.06174703907757,32.0,2.735735740867156
329928,-20.290504962755,-19.868649801755417,6.0,-0.4218551609995842
330004,-26.06803422067741,-25.787487325079805,7.0,-0.28054689559760604
330119,-8.965345801791793,-8.932176777250264,2.0,-0.03316902454152881
330343,-0.40873372048036516,-0.266477538213968,0.0,-0.14225618226639714
330408,-8.2601035979812,-9.081853640486965,2.0,0.8217500425057658
330667,-33.167158077265164,-33.646719632380126,8.0,0.47956155511496235
330697,-3.4630472323630985,-4.274840613468237,0.0,0.8117933811051388
330707,-6.8402509145555435,-5.590441356899551,1.0,-1.2498095576559924
330814,-8.409917537488644,-8.648353634075246,2.0,0.23843609658660192
330824,-58.59968042746972,-57.920916253938714,24.0,-0.6787641735310075
330984,-2.72422649478929,-3.303636120215332,0.0,0.5794096254260421
330990,-31.556078788451696,-30.76261726024642,12.0,-0.7934615282052775
331004,-15.306485547557626,-15.875340628235808,4.0,0.5688550806781816
331016,-8.912595673717748,-8.651239173365523,2.0,-0.2613565003522247
331043,-5.313807668788191,-5.690105509494671,1.0,0.37629784070648054
331072,-30.30694545670287,-31.556433019668127,10.0,1.2494875629652569
331141,-12.29005964628531,-11.620893974685885,3.0,-0.6691656715994245
331253,-5.08121055675482,-5.06992020324961,1.0,-0.011290353505209794
331261,-13.519229441632126,-10.901145657155064,2.0,-2.6180837844770615
331435,-19.701576663183385,-18.891131794855408,4.0,-0.810444868327977
331485,-2.1863822671782844,-3.9888683025793914,0.0,1.802486035401107
331547,-11.101241868123916,-11.504873359103398,3.0,0.4036314909794818
331637,-5.2911322236218625,-5.078382122905173,1.0,-0.21275010071668987
331846,-32.04109735173536,-31.83555163999208,10.0,-0.20554571174328018
331925,-4.664943768513953,-4.901205981178988,1.0,0.2362622126650349
331941,-23.182683383150366,-22.73823312284666,6.0,-0.44445026030370727
332019,-44.944094000599286,-43.13620093881874,15.0,-1.8078930617805469
332215,-26.557584960455582,-28.336104032844837,8.0,1.7785190723892548
332276,-5.661538624350013,-5.196850991484872,1.0,-0.46468763286514037
332388,-27.681127724820417,-27.755372020941785,10.0,0.07424429612136763
332428,-1.7262401405463639,-1.4813409710145136,0.0,-0.2448991695318503
332562,-12.887092572303876,-14.989552905472054,3.0,2.102460333168178
332574,-35.35096843707133,-35.91564400871486,14.0,0.5646755716435266
332581,-26.885378728712947,-27.029443730843795,7.0,0.14406500213084783
332594,-41.65503481309129,-39.43071053506066,12.0,-2.224324278030629
332820,-12.55766177520545,-12.44351043782104,3.0,-0.11415133738440986
332902,-4.40975682018588,-4.987300486920761,1.0,0.577543666734881
332930,-5.814851058773485,-6.1937536161630335,0.0,0.3789025573895488
332935,-24.972563258692116,-24.10029836139421,7.0,-0.8722648972979066
332952,-0.8244272070382916,-1.177625112814377,0.0,0.35319790577608545
332963,-17.43873493741154,-17.5384490198672,5.0,0.09971408245566238
333030,-4.911419864771317,-6.340794702216695,0.0,1.429374837445378
333431,-48.85694555542088,-49.880548489340974,18.0,1.0236029339200954
333470,-5.929376318749179,-6.399228716827353,1.0,0.46985239807817436
333542,-32.73303095868245,-37.02516938741628,13.0,4.2921384287338284
333544,-8.722859908849813,-8.435856999626008,2.0,-0.2870029092238049
333616,-17.502724770908333,-18.532885377385973,5.0,1.03016060647764
333693,-38.52336050307688,-38.103743728189194,13.0,-0.419616774887686
333706,-7.592746964414082,-8.625808159080137,2.0,1.0330611946660548
333772,-32.3217657719284,-32.08997715672595,12.0,-0.2317886152024471
334006,-1.1785844962097403,-1.4813409710145136,0.0,0.3027564748047733
334082,-1.963878242759078,-0.9741519850460021,0.0,-0.9897262577130759
334130,-16.264085282071367,-15.005344767342287,4.0,-1.2587405147290802
334151,-9.079739393219192,-8.503362577521159,2.0,-0.5763768156980333
334161,-4.38779945173054,-5.4884698796718965,1.0,1.1006704279413562
334218,-11.75021613042158,-11.536051139097037,3.0,-0.2141649913245427
334326,-1.26356431528804,-1.4813409710145136,0.0,0.21777665572647353
334370,-29.486030661560168,-29.140868910418508,9.0,-0.34516175114166003
334415,-17.731846397039476,-17.901888907989758,5.0,0.17004251095028167
334503,-30.63424127330956,-30.95843531731633,12.0,0.3241940440067701
334586,-36.089724568229784,-36.22998426319113,16.0,0.14025969496134394
334819,-4.409754783832244,-5.0244584784860375,1.0,0.6147036946537936
335096,-49.133574261972356,-64.83764727659636,19.0,15.704073014624
335136,-1.6662229782417994,-1.7200377793845556,0.0,0.05381480114275616
335553,-15.13272615662249,-14.324660908009324,4.0,-0.8080652486131665
335589,-12.365437544003168,-13.219461181812989,2.0,0.8540236378098207
335601,-18.78078246692923,-19.083766958354897,5.0,0.30298449142566497
335743,-9.180819417215899,-8.680632945165494,2.0,-0.5001864720504052
335767,-9.266426104746367,-8.723287906464233,2.0,-0.5431381982821346
335792,-5.326941787100188,-5.0416872355907385,1.0,-0.2852545515094498
335805,-13.081573827547803,-13.696794354106045,3.0,0.6152205265582413
336026,-2.574691483752945,-3.911067836615605,0.0,1.33637635286266
336096,-0.5688197184682828,-0.5701933964141045,0.0,0.0013736779458216608
336195,-29.50902527631083,-29.185897971798624,11.0,-0.32312730451220517
336429,-38.25554740044797,-39.85680960589685,15.0,1.6012622054488759
336525,-33.198122169138244,-32.365061641500205,10.0,-0.8330605276380396
336530,-2.909714350081424,-3.911067836615605,0.0,1.0013534865341809
336603,-5.309347027340538,-5.134758364183412,1.0,-0.17458866315712562
336622,-4.3342916147931,-4.9440726080723705,1.0,0.6097809932792702
336714,-9.318758027783147,-8.907517111554464,2.0,-0.4112409162286834
336770,-116.61156464300642,-111.72274585608594,35.0,-4.888818786920481
336854,-7.693853205171645,-7.457337850794151,0.0,-0.23651535437749427
337200,-21.134317206819315,-22.573244699733177,7.0,1.4389274929138622
337229,-11.243194225984935,-12.530194446870548,3.0,1.2870002208856128
337452,-37.523036242771184,-36.35981988727049,12.0,-1.163216355500694
337459,-8.785009032219303,-10.729703393039994,2.0,1.9446943608206908
337481,-18.21104551394648,-18.007056863192886,5.0,-0.20398865075359396
337620,-12.660515229016617,-14.351696831050933,3.0,1.691181602034316
337901,-1.3300497359770542,-2.4806846859458114,0.0,1.1506349499687571
337910,-15.573166375554736,-15.371681677564759,4.0,-0.2014846979899776
338069,-4.865470475611456,-4.927231030884438,1.0,0.061760555272981854
338076,-1.221137131007295,-1.7850568292146498,0.0,0.5639196982073549
338108,-12.804415582492744,-13.411485146852643,3.0,0.6070695643598985
338183,-5.1364233788948335,-5.142837589850308,1.0,0.006414210955474786
338185,-49.12254657378373,-44.073700184497966,14.0,-5.048846389285764
338250,-66.6274339237244,-75.00688879904034,32.0,8.379454875315943
338277,-0.7863198545836131,-1.4813409710145136,0.0,0.6950211164309005
338278,-30.37564185783974,-30.651427509441028,7.0,0.2757856516012893
338291,-10.540301720651314,-10.655447377235962,2.0,0.11514565658464804
338301,-64.61501314899702,-64.40433665451293,10.0,-0.21067649448409043
338311,-1.477260740141341,-2.3924885456149223,0.0,0.9152278054735814
338503,-0.5873543592157524,-0.8739092546142408,0.0,0.28655489539848844
338545,-18.099725538953116,-17.41701717743029,5.0,-0.6827083615228275
338549,-9.813083156361945,-10.095060968442976,2.0,0.28197781208103123
338575,-6.3691026433915745,-7.4560717161594265,1.0,1.086969072767852
338579,-44.393038253343164,-46.86691215191537,13.0,2.473873898572208
338590,-20.839603747006667,-22.233625714156606,6.0,1.3940219671499392
338607,-22.78666271406006,-20.673304382241792,5.0,-2.1133583318182687
338766,-6.598745244003544,-6.739139699967145,1.0,0.14039445596360167
339213,-12.425900827195518,-14.174093129669282,3.0,1.7481923024737647
339352,-11.971141523516659,-11.525810708119323,3.0,-0.44533081539733566
339566,-9.085643140340041,-8.55800093577503,2.0,-0.5276422045650104
339594,-10.399514148372234,-11.356037099199408,2.0,0.9565229508271749
339753,-13.141683350203246,-16.94859741986413,1.0,3.8069140696608823
339878,-5.458767255150888,-4.931759027042825,1.0,-0.5270082281080626
339993,-14.211743119036264,-16.667133881021332,0.0,2.4553907619850683
340081,-7.207592992860504,-8.464272693838483,1.0,1.2566797009779789
340088,-8.854557234559612,-9.127224381246275,2.0,0.27266714668666303
340263,-26.150817371527413,-26.598521446178157,5.0,0.44770407465074413
340316,-5.403462914742789,-5.8085039954808755,1.0,0.4050410807380862
340321,-9.475842724449116,-8.536022317243946,2.0,-0.9398204072051701
340347,-5.313214782743625,-4.991167307448308,1.0,-0.3220474752953173
340410,-12.531234031931817,-11.68937512953174,3.0,-0.8418589024000767
340463,-4.918733888747527,-5.4296471276162865,0.0,0.5109132388687598
340590,-12.052147862839227,-12.434089343540323,3.0,0.3819414807010961
340674,-8.846800876198676,-8.410556227129586,2.0,-0.43624464906909033
340692,-56.75500515367175,-61.28383263127652,25.0,4.528827477604764
340868,-9.022804280941536,-8.827948306440977,2.0,-0.19485597450055891
340896,-26.345695003693365,-26.53230587806013,8.0,0.18661087436676382
341089,-37.90510625279398,-35.20746800584002,11.0,-2.6976382469539573
341234,-9.385502894490092,-9.802789247075937,1.0,0.4172863525858457
341301,-31.945592131673244,-32.22761916340281,12.0,0.28202703172956234
341506,-9.696711849958843,-9.65650081530807,2.0,-0.040211034650774025
341796,-1.0408959810719607,-3.303636120215332,0.0,2.2627401391433715
341922,-38.6192059250957,-35.770124401936584,11.0,-2.8490815231591142
341992,-1.2189823006201457,-1.5761979168245335,0.0,0.3572156162043878
342010,-1.5142038768613908,-2.3924885456149223,0.0,0.8782846687535315
342014,-30.698896888720284,-29.219548250442443,7.0,-1.4793486382778411
342025,-14.705391313856188,-14.37817737539901,4.0,-0.3272139384571773
342273,-8.558272282328344,-8.488479059502652,2.0,-0.06979322282569278
342284,-29.18030083919754,-29.140120985263927,9.0,-0.04017985393361201
342358,-9.12499947952578,-9.280932004952303,2.0,0.15593252542652358
342390,-20.459380116175872,-20.245726205247337,6.0,-0.21365391092853514
342454,-17.01675738139155,-17.04468004919073,5.0,0.02792266779918151
342507,-17.279647961947376,-15.645358273928515,4.0,-1.6342896880188604
342531,-12.959010722111152,-11.954413653537541,3.0,-1.0045970685736112
342541,-5.527560151563149,-4.923906394020404,1.0,-0.6036537575427445
342580,-12.60765099319037,-11.731149742770112,3.0,-0.8765012504202581
342597,-10.250117032190888,-10.227199262656193,2.0,-0.022917769534695154
342649,-24.099813480558304,-22.13842859689715,5.0,-1.9613848836611538
342679,-1.5689652823420284,-2.1128544347213882,0.0,0.5438891523793599
342886,-5.376998915709776,-5.352662781490464,1.0,-0.024336134219312022
343042,-18.57871555721314,-17.862749749935244,5.0,-0.7159658072778967
343135,-42.613676545992284,-46.47256903537488,13.0,3.8588924893825975
343195,-22.786435882585458,-22.747964231195805,6.0,-0.038471651389652806
343238,-61.912958071146086,-66.42593356657058,32.0,4.512975495424492
343344,-2.618148361535808,-3.607351978415468,0.0,0.9892036168796601
343414,-22.599345212143575,-22.702389507975223,7.0,0.10304429583164776
343662,-76.06581204847701,-79.5646321748306,40.0,3.4988201263535927
343678,-17.5132575038145,-17.922203574834146,5.0,0.40894607101964553
343785,-41.059482603988485,-41.08429117404101,15.0,0.02480857005252801
343796,-29.31369821501542,-29.369873654471437,7.0,0.05617543945601611
343822,-0.9947652837649605,-1.4813409710145136,0.0,0.486575687249553
343987,-30.63047485594788,-41.92273785893518,7.0,11.292263002987298
344018,-37.00098067073685,-36.5991187281759,15.0,-0.40186194256094865
344140,-0.8555904608851629,-1.2054698242894017,0.0,0.34987936340423886
344149,-24.761818952633462,-25.420546314142957,7.0,0.6587273615094951
344152,-14.25800799996191,-14.257265216472133,4.0,-0.0007427834897768548
344375,-5.976850063322455,-6.439775386085863,1.0,0.46292532276340825
344456,-9.486305823472337,-10.893544579247264,1.0,1.4072387557749266
344505,-24.67038900192984,-28.89204371450135,7.0,4.22165471257151
344556,-5.622423432098947,-5.9311775902395905,1.0,0.3087541581406432
344643,-31.77463474844653,-32.772316601938364,12.0,0.9976818534918337
344655,-41.571132711711535,-40.69320976440544,16.0,-0.8779229473060965
344680,-4.2108316788630775,-5.066881041768685,1.0,0.8560493629056074
344731,-28.120864206099665,-28.46031356848814,10.0,0.3394493623884749
344766,-5.189387266714999,-5.447123904961601,1.0,0.25773663824660176
344918,-31.71417234624337,-36.07444525551662,8.0,4.360272909273252
344959,-2.1172258668514456,-3.303636120215332,0.0,1.1864102533638863
345161,-5.708783229412906,-5.915628539053188,1.0,0.2068453096402818
345388,-18.690503940883374,-20.612192768650996,4.0,1.9216888277676212
345390,-8.5957313664572,-8.678538006183492,1.0,0.08280663972629299
345472,-19.13918319413257,-14.673740879902361,3.0,-4.465442314230209
345807,-14.904974559119466,-13.759804380627394,3.0,-1.145170178492073
345908,-0.9786092912577522,-1.1300816935465536,0.0,0.15147240228880143
345950,-5.2437056257792305,-4.9791700905721905,1.0,-0.26453553520704
346058,-14.336079144199635,-14.670103892712149,3.0,0.3340247485125136
346099,-0.9337316080377412,-1.177625112814377,0.0,0.24389350477663585
346138,-5.653819242369035,-5.415254958047019,1.0,-0.23856428432201682
346162,-2.427819275205588,-3.303636120215332,0.0,0.8758168450097439
346176,-29.041400251577137,-28.175402564365136,9.0,-0.8659976872120012
346291,-26.626148914407096,-27.9473540164665,8.0,1.3212051020594053
346295,-33.93406495091499,-34.09201813079223,14.0,0.15795317987724644
346349,-5.468404016070178,-5.173208448746861,1.0,-0.29519556732331687
346368,-8.483801666214974,-8.522415643186728,2.0,0.03861397697175306
346373,-24.69205921692411,-26.276850694747388,9.0,1.584791477823277
346501,-37.474786093966586,-36.187780905934126,14.0,-1.2870051880324596
346661,-19.426657056262016,-19.24130514868141,5.0,-0.18535190758060693
346708,-34.00519105964165,-37.61981832881637,11.0,3.6146272691747185
346731,-1.590087252719207,-2.6962044038150594,0.0,1.1061171510958525
346819,-28.756107365005228,-26.40837330995137,8.0,-2.3477340550538592
346861,-0.7532726484757373,-1.177625112814377,0.0,0.4243524643386398
346913,-12.188469739919565,-9.090016449761018,2.0,-3.098453290158547
347012,-9.616717419920645,-8.70395048914077,2.0,-0.9127669307798758
347214,-2.766277055197027,-3.607351978415468,0.0,0.8410749232184411
347330,-14.09952216594183,-14.27611551980777,3.0,0.17659335386593966
347474,-6.036006210996582,-5.455539105971746,1.0,-0.5804671050248364
347504,-32.69900381092868,-32.3404010213734,14.0,-0.35860278955527747
347568,-44.73176164631401,-58.13334171234762,13.0,13.40158006603361
347637,-59.55132781053632,-62.971331853903344,25.0,3.4200040433670225
347658,-26.834622593549845,-25.628002151397073,7.0,-1.2066204421527722
347893,-6.521159472487963,-6.6945591896950605,1.0,0.17339971720709713
347900,-61.392829890198485,-59.373709973039844,26.0,-2.0191199171586405
347986,-18.060859048846872,-18.378976840061075,5.0,0.3181177912142026
348350,-13.247141085356992,-12.462363245845458,3.0,-0.7847778395115341
348351,-6.630978511393856,-7.87957870890896,1.0,1.2486001975151044
348366,-19.119735552302743,-18.001475413306924,5.0,-1.1182601389958187
348423,-30.28812990793811,-29.4186454645659,11.0,-0.8694844433722118
348492,-23.127877568844738,-23.470935396312747,8.0,0.3430578274680087
348614,-42.88864635064126,-41.92654294359629,8.0,-0.962103407044971
348616,-14.137961548446171,-14.264336696641282,4.0,0.12637514819511075
348693,-10.244145308806916,-9.237645126191246,2.0,-1.0065001826156692
348812,-1.1445564681459341,-2.088772687414786,0.0,0.9442162192688519
348865,-22.204333943537698,-23.86367302061076,5.0,1.6593390770730636
348917,-5.577806048006203,-4.934491975002863,1.0,-0.6433140730033404
348918,-31.78492907997454,-30.224906014264537,9.0,-1.560023065710002
348926,-26.789463625425913,-29.424326220640832,8.0,2.634862595214919
348971,-3.2192381240645602,-3.607351978415468,0.0,0.38811385435090795
349127,-69.31909913698661,-71.8030843342551,29.0,2.4839851972684954
349179,-14.653487025623953,-14.785662220012052,4.0,0.13217519438809866
349289,-14.934172967780274,-15.243430041540304,4.0,0.30925707376002975
349583,-17.62750942935648,-21.872880829268365,4.0,4.245371399911885
349587,-32.7713455512902,-33.905515242323496,10.0,1.1341696910332928
349631,-30.469015259639853,-28.44899497018532,10.0,-2.020020289454532
349647,-8.878291278002292,-8.54009497738947,2.0,-0.3381963006128217
349730,-7.912375517475268,-8.107014643018527,2.0,0.1946391255432589
349734,-13.118193258702654,-14.193868722424636,3.0,1.075675463721982
349749,-18.16828933401152,-18.07714141508683,5.0,-0.09114791892468688
349890,-22.541038287230837,-23.251952213184772,6.0,0.7109139259539354
350101,-1.3166672865430713,-1.7850568292146498,0.0,0.4683895426715785
350126,-9.538055282133811,-9.204443463441963,2.0,-0.33361181869184797
350187,-8.797201579070999,-8.773220992935354,2.0,-0.0239805861356448
350337,-172.10595144245607,-177.4862536935613,100.0,5.380302251105235
350639,-6.892829540578251,-5.733362985816423,0.0,-1.1594665547618286
350692,-16.399251292769804,-15.819040449838306,4.0,-0.580210842931498
350718,-12.022552263570912,-11.802951679316699,3.0,-0.2196005842542128
350798,-64.99701918909834,-66.32955541451408,28.0,1.332536225415737
350854,-47.206379507135175,-48.15362944223209,14.0,0.947249935096913
350983,-12.662677107825775,-11.495936874355287,3.0,-1.1667402334704882
351039,-11.727750611244693,-10.833176072737466,2.0,-0.8945745385072268
351053,-12.436461464727644,-11.713031214969549,3.0,-0.7234302497580956
351112,-22.229845840885442,-24.093335835278783,6.0,1.8634899943933405
351204,-9.667546264497293,-9.498959854881743,2.0,-0.16858640961554983
351286,-38.38311539645959,-38.15071929800169,15.0,-0.23239609845789744
351313,-5.636571691090633,-4.94294944482254,1.0,-0.6936222462680925
351335,-19.98772658067748,-21.24362034603466,7.0,1.255893765357179
351443,-10.892387939232412,-13.039763406598198,3.0,2.1473754673657854
351542,-5.138212923369396,-5.0775714784285135,1.0,-0.06064144494088275
351624,-17.11779178344064,-16.20913258424497,4.0,-0.9086591991956716
351682,-49.700689348505,-49.77931230196223,17.0,0.07862295345722714
351700,-35.479247619629675,-35.41890204992913,12.0,-0.06034556970054439
351712,-9.266698129198602,-8.586613349513598,2.0,-0.6800847796850036
351770,-9.134391356926404,-8.605934386839255,2.0,-0.5284569700871486
351858,-81.02835002664943,-107.16577222564729,26.0,26.137422198997854
351883,-2.252028408278785,-2.3924885456149223,0.0,0.14046013733613716
351886,-41.344165714178175,-43.68706389981708,17.0,2.3428981856389086
351915,-1.1307146586255932,-2.088772687414786,0.0,0.9580580287891929
352170,-38.04479360574825,-40.72461084545701,11.0,2.679817239708761
352307,-90.59983629272605,-90.88774956849578,41.0,0.2879132757697249
352308,-16.998891944261526,-16.647133540807083,5.0,-0.3517584034544434
352539,-6.782918326111294,-7.462101149361941,1.0,0.6791828232506472
352574,-4.510127797139114,-5.12593126941615,0.0,0.6158034722770367
352717,-0.7654006828154696,-0.8902935406937332,0.0,0.12489285787826365
352721,-1.3090544637023516,-2.088772687414786,0.0,0.7797182237124345
352836,-1.815254606694572,-3.303636120215332,0.0,1.4883815135207599
352963,-9.70333327100304,-9.342676651119389,2.0,-0.3606566198836507
352999,-5.079092593886001,-5.191352690689291,1.0,0.11226009680328985
353043,-12.398778334880319,-12.266977200930976,3.0,-0.13180113394934345
353414,-30.942907830068823,-31.803428281105635,7.0,0.8605204510368125
353433,-17.733496563606934,-17.238835307826147,5.0,-0.49466125578078746
353533,-2.255452072256052,-1.6592209734569363,0.0,-0.5962310987991155
353553,-31.652668339045537,-47.72541213523253,9.0,16.072743796186995
353591,-16.12077919370626,-15.543711447546482,4.0,-0.5770677461597771
353594,-10.706794361031983,-11.060294059519556,2.0,0.3534996984875729
353664,-99.91029578543149,-114.9418963189911,64.0,15.031600533559612
353668,-9.990217457805684,-9.084066550813858,2.0,-0.9061509069918259
353719,-13.199327124879709,-12.626564713549127,3.0,-0.5727624113305811
353761,-20.582303959141534,-20.55640194405598,5.0,-0.025902015085552677
353811,-18.144442323184737,-20.235025641568427,4.0,2.0905833183836897
353889,-20.601610684155105,-26.30399180388112,5.0,5.702381119726017
353905,-48.5130021177638,-49.983331326489214,24.0,1.470329208725417
353943,-28.461491516942747,-29.441760922532225,9.0,0.9802694055894783
353961,-26.50295911372647,-30.15109498646791,8.0,3.6481358727414417
354040,-5.259272966376035,-5.6335111829887925,1.0,0.37423821661275714
354196,-39.234927684407616,-39.872696011051175,16.0,0.6377683266435596
354228,-0.5793078419905711,-1.177625112814377,0.0,0.598317270823806
354404,-15.133018152207725,-14.674197647995765,4.0,-0.4588205042119604
354426,-95.01640349489382,-87.58263361126632,54.0,-7.433769883627505
354471,-25.871727980985053,-26.989699665286793,7.0,1.1179716843017395
354478,-23.018171350759097,-23.319336413494792,7.0,0.301165062735695
354619,-31.618081463119854,-34.79368527449076,10.0,3.175603811370909
354970,-12.71271045225293,-12.283472466396937,3.0,-0.42923798585599293
354990,-32.9412776775967,-32.16490948595346,12.0,-0.7763681916432432
355027,-5.314285091171675,-5.052845898334015,1.0,-0.2614391928376598
355037,-32.73229564402003,-43.46394330338971,7.0,10.731647659369685
355052,-32.72327275366249,-34.35705507062592,13.0,1.6337823169634262
355064,-9.613015567377442,-11.93903101482294,3.0,2.3260154474454975
355262,-4.57939257157626,-4.675856632444711,0.0,0.09646406086845172
355363,-12.589526799630573,-12.14617905309015,3.0,-0.4433477465404234
355377,-15.313551159785272,-15.129043821051244,4.0,-0.18450733873402747
355455,-16.942795648335135,-16.155247561217315,4.0,-0.7875480871178198
355586,-6.158853389842698,-5.051948929814903,1.0,-1.1069044600277955
355587,-29.91362285183067,-30.445509148182474,10.0,0.5318862963518036
355651,-19.74529214823934,-18.954041715536853,6.0,-0.791250432702487
355672,-14.243313468226726,-20.005666589707285,2.0,5.76235312148056
355783,-4.804176156867108,-5.483108766235657,1.0,0.678932609368549
355795,-18.850200845931315,-25.242990970031144,6.0,6.392790124099829
355981,-27.781513549459255,-26.775902303579365,8.0,-1.0056112458798907
356031,-9.997781768064867,-9.43424954119443,2.0,-0.5635322268704375
356070,-27.680617637860326,-27.50701436015264,9.0,-0.1736032777076879
356184,-1.1934773975817032,-1.7850568292146498,0.0,0.5915794316329466
356278,-29.505591462896724,-32.72596421868738,6.0,3.220372755790656
356347,-5.987181208225181,-6.760274196260275,1.0,0.7730929880350939
356385,-20.17291976082198,-19.246138497996995,6.0,-0.926781262824985
356477,-4.804068349898518,-6.340794702216695,0.0,1.5367263523181771
356488,-1.8911479636089177,-2.3924885456149223,0.0,0.5013405820060046
356630,-17.266986934016394,-16.987814712942836,5.0,-0.27917222107355855
356712,-1.215973306454945,-1.7850568292146498,0.0,0.5690835227597049
356730,-14.879553602603028,-14.60761045825306,4.0,-0.2719431443499687
356861,-17.212642439174285,-17.62447449841672,5.0,0.4118320592424354
357042,-15.073388489555043,-14.202030801757738,3.0,-0.871357687797305
357090,-39.67021525788517,-40.61722680200593,16.0,0.9470115441207625
357173,-23.80037727195286,-26.505690177998726,5.0,2.705312906045865
357273,-56.10703337433042,-54.95831760881378,24.0,-1.1487157655166413
357322,-1.230316512576541,-1.7850568292146498,0.0,0.5547403166381089
357375,-120.74323821141763,-112.40785369349695,38.0,-8.335384517920687
357582,-25.863363276901474,-28.46051108326436,7.0,2.5971478063628872
357595,-77.56976848125373,-73.35401555050981,50.0,-4.215752930743918
357623,-11.814679313804033,-11.68173636300646,3.0,-0.1329429507975739
357837,-14.970856418317476,-14.545600441722485,4.0,-0.4252559765949915
357844,-1.795022396779102,-2.9999202620151957,0.0,1.2048978652360938
357898,-1.1165351967767156,-2.220149202171447,0.0,1.1036140053947312
357908,-9.17494749411728,-8.542812658995473,2.0,-0.632134835121807
358008,-5.520672346301498,-5.830692926998723,1.0,0.31002058069722516
358066,-1.2821123411735211,-1.7850568292146498,0.0,0.5029444880411287
358123,-7.637238797505168,-9.504798699798853,1.0,1.867559902293685
358227,-17.4774444686802,-16.920459485246443,4.0,-0.5569849834337575
358481,-6.8312411517018505,-7.036929188826616,1.0,0.2056880371247658
358771,-30.690634096291973,-29.544431949333116,8.0,-1.1462021469588564
358928,-20.512266771134374,-23.282179167539226,7.0,2.7699123964048518
359132,-11.949902277069807,-11.626808003849339,3.0,-0.3230942732204678
359211,-2.5310962697360826,-2.6962044038150594,0.0,0.16510813407897684
359239,-22.000550879294252,-21.897383782698633,7.0,-0.10316709659561951
359298,-17.937796800788895,-17.448206607971915,5.0,-0.4895901928169799
359378,-3.1417482824925638,-3.607351978415468,0.0,0.4656036959229044
359515,-31.964206064145742,-41.26312282698839,10.0,9.298916762842651
359583,-10.729104428378209,-11.64370001225807,2.0,0.9145955838798603
359935,-78.42712190748563,-81.7988840053538,39.0,3.371762097868171
359986,-5.878069963450024,-7.251942276817105,0.0,1.3738723133670812
360181,-22.2541750382484,-22.46569296084939,7.0,0.21151792260099
360330,-9.350209779309935,-8.731772611388847,2.0,-0.6184371679210887
360340,-37.01860066080277,-38.27738072789394,17.0,1.2587800670911733
360413,-3.307577737120857,-4.518499553015877,0.0,1.21092181589502
360455,-30.633400563692362,-31.759292678519348,10.0,1.1258921148269856
360499,-17.866990525571204,-18.397921692232917,5.0,0.5309311666617127
360562,-35.3208116415131,-35.51919695680997,12.0,0.19838531529686776
360639,-20.04184972785014,-25.98514858986277,4.0,5.943298862012632
360773,-17.03081000035669,-16.991005691556754,5.0,-0.039804308799936905
360791,-1.2031830790921445,-1.4813409710145136,0.0,0.27815789192236906
360809,-10.638155962319761,-10.11698187678747,2.0,-0.5211740855322908
360840,-24.589651124795115,-24.319256505073525,8.0,-0.2703946197215892
361056,-4.128303368233653,-4.822215411216014,0.0,0.6939120429823609
361240,-5.9749022274850665,-6.061906407351035,1.0,0.08700417986596864
361248,-87.58348926897187,-84.63174268933277,60.0,-2.9517465796391065
361436,-57.939943443470945,-62.80118118604949,25.0,4.861237742578545
361446,-12.244910359727097,-11.484823652587561,3.0,-0.7600867071395356
361523,-101.09291134610008,-103.43264440522914,40.0,2.3397330591290597
361554,-1.8866398288999278,-2.088772687414786,0.0,0.2021328585148583
361581,-8.95416877656145,-8.528859922654796,2.0,-0.42530885390665496
361701,-0.86487672670878,-1.2799175959523963,0.0,0.4150408692436163
361707,-12.235537281253338,-11.65978920298571,3.0,-0.5757480782676279
361768,-10.517485743983956,-12.70401683490226,3.0,2.1865310909183044
361808,-5.147868524343212,-5.180800906682654,1.0,0.032932382339441624
361879,-47.3203384896858,-48.52402635607198,14.0,1.2036878663861756
361892,-22.13432760679818,-22.076330937909432,6.0,-0.057996668888748104
361962,-15.609861099682533,-17.545659638133696,4.0,1.935798538451163
361979,-15.994937082397824,-14.990893037779502,4.0,-1.0040440446183219
361998,-28.13867117299503,-28.047128601202154,8.0,-0.09154257179287484
362050,-8.468811893520842,-8.557066663887566,2.0,0.08825477036672424
362171,-0.35016137492670446,-0.8739092546142408,0.0,0.5237478796875363
362288,-19.851264401109763,-20.501533305314886,5.0,0.6502689042051237
362338,-25.5178347899301,-25.409730947261448,8.0,-0.10810384266865114
362361,-54.29011292352254,-52.98829943879389,15.0,-1.3018134847286547
362529,-20.861583523099966,-20.298695713996278,6.0,-0.5628878091036889
362640,-18.797004739014035,-18.665948023979468,5.0,-0.13105671503456762
362737,-25.716689627430068,-25.83789338500972,9.0,0.12120375757965363
362824,-1.8151391630079052,-2.088772687414786,0.0,0.2736335244068808
362829,-24.015973378936042,-23.845117476032303,6.0,-0.17085590290373887
362849,-44.76329468258187,-47.15435931610073,13.0,2.391064633518859
363047,-13.303451641304278,-14.463537155549645,2.0,1.1600855142453668
363052,-57.32170130984514,-60.112152155177014,28.0,2.7904508453318755
363142,-1.471407675204074,-1.7850568292146498,0.0,0.3136491540105759
363164,-40.90396944256388,-43.15442083281199,10.0,2.2504513902481094
363328,-50.233880460232726,-51.81140119165845,23.0,1.5775207314257216
363399,-17.53191149786485,-16.502950096265575,4.0,-1.0289614015992754
363407,-27.690904990552912,-38.62699751905725,8.0,10.936092528504336
363435,-37.292757294752505,-47.41550449473521,16.0,10.122747199982705
363719,-16.623284421506934,-17.605010807349906,4.0,0.9817263858429719
363726,-12.779021117774692,-16.621148128467382,3.0,3.842127010692691
363749,-56.010975138600585,-86.55508697813538,18.0,30.544111839534793
363763,-16.99646368728777,-16.18619467344608,4.0,-0.8102690138416868
363870,-11.26313222497223,-11.670887174427818,3.0,0.40775494945558854
363908,-41.816093959544325,-50.69825372294264,14.0,8.882159763398313
363941,-8.459980675724308,-8.732367387493388,2.0,0.27238671176908014
363968,-20.610578066564607,-16.00293875503878,2.0,-4.607639311525826
364047,-4.8155862178442215,-5.166772657390955,1.0,0.35118643954673345
364137,-26.262573866930687,-25.815723047583756,9.0,-0.44685081934693116
364198,-15.249979229179555,-14.480914190817128,4.0,-0.7690650383624273
364357,-14.822369121778019,-15.29017324746419,4.0,0.4678041256861718
364463,-1.6872235155899122,-2.3924885456149223,0.0,0.7052650300250101
364472,-32.25782119790214,-31.1060343522001,11.0,-1.1517868457020377
364485,-35.778726652621536,-35.43324515054261,13.0,-0.3454815020789255
364520,-32.85811989473603,-58.072092863446336,10.0,25.21397296871031
364525,-16.661968349833867,-25.769559234667103,5.0,9.107590884833236
364537,-5.2914786058183365,-6.079094503296826,1.0,0.7876158974784895
364649,-23.269264089658805,-23.526526632487414,8.0,0.2572625428286095
364706,-15.76049845419384,-15.494569129903097,4.0,-0.26592932429074345
364734,-16.497665549963738,-17.508718242910007,5.0,1.0110526929462686
364737,-17.02714205815354,-17.905956952766267,4.0,0.8788148946127272
364769,-40.196609178020154,-40.86338879574092,19.0,0.6667796177207634
364875,-5.2128898990370995,-5.4405211452765725,1.0,0.22763124623947295
364996,-4.939561898914616,-5.564798788216254,1.0,0.6252368893016378
365002,-1.8567271607798985,-2.6962044038150594,0.0,0.8394772430351609
365023,-24.230881737677706,-25.992341104908533,7.0,1.7614593672308274
365134,-7.629575845394158,-7.0490889245276875,1.0,-0.5804869208664707
365141,-10.653105824603278,-10.34732092094742,2.0,-0.30578490365585864
365189,-24.259122933593154,-23.56044479169594,7.0,-0.698678141897215
365307,-20.168383217049758,-19.50318678567147,6.0,-0.6651964313782877
365309,-10.709259902422717,-11.466898149455913,3.0,0.7576382470331957
365342,-24.349901349122515,-24.862635735633393,8.0,0.5127343865108784
365518,-23.36957819197826,-22.045068977983302,5.0,-1.3245092139949577
365550,-9.184793274856181,-8.42964504772506,2.0,-0.7551482271311212
365575,-49.92983039092018,-49.17946266553261,18.0,-0.7503677253875694
365739,-1.0047278584985604,-1.177625112814377,0.0,0.1728972543158167
365825,-45.91311472461976,-45.776248837785985,19.0,-0.13686588683377465
365915,-21.892038101739363,-23.702520303557947,7.0,1.8104822018185835
366003,-18.372862756012434,-17.8244873790788,4.0,-0.5483753769336346
366315,-24.43781277933946,-25.719407542579678,8.0,1.2815947632402178
366429,-10.323347053766021,-10.28984712898333,2.0,-0.03349992478269037
366675,-24.533930472211647,-24.24043834643879,8.0,-0.29349212577285755
366749,-13.569285181016301,-15.26718203666274,4.0,1.697896855646439
366751,-13.693620480537215,-12.322070801829362,3.0,-1.3715496787078525
366758,-14.210282593594023,-12.9501956687358,3.0,-1.2600869248582232
366881,-50.410261656599644,-50.81416468918158,15.0,0.4039030325819368
366928,-67.64722027852525,-71.85785373003627,33.0,4.210633451511015
367063,-25.92644332651352,-26.546022228980096,9.0,0.619578902466575
367130,-12.813827812733923,-12.55628947386653,3.0,-0.2575383388673931
367136,-8.859983030801994,-9.118393198843066,2.0,0.2584101680410722
367262,-0.6348714588268832,-1.177625112814377,0.0,0.5427536539874939
367279,-35.43791564324997,-37.19403323673196,12.0,1.7561175934819886
367640,-5.259229012830807,-5.004114209566501,1.0,-0.2551148032643056
367863,-5.663990602202737,-5.12593126941615,0.0,-0.5380593327865864
367946,-0.8565613219202626,-1.177625112814377,0.0,0.3210637908941145
368036,-5.695788259987256,-5.116061853785183,1.0,-0.5797264062020728
368047,-19.398278770888638,-20.783194584894627,6.0,1.3849158140059892
368190,-5.431775856715616,-5.058812378900626,1.0,-0.37296347781498973
368370,-0.02620331300646406,-0.266477538213968,0.0,0.24027422520750397
368376,-4.6068303355129405,-5.12593126941615,0.0,0.5191009339032098
368394,-20.397258760927063,-20.454849556457365,5.0,0.05759079553030233
368471,-1.2033238561577229,-1.4813409710145136,0.0,0.2780171148567907
368563,-5.507968537706149,-5.096425746525451,1.0,-0.4115427911806977
368599,-1.0039039032196235,-1.177625112814377,0.0,0.17372120959475357
368602,-18.044999140781716,-17.27587512329272,5.0,-0.7691240174889948
368702,-37.92867137781654,-36.40394078857875,13.0,-1.524730589237791
368816,-11.977664150972636,-11.811991246941158,3.0,-0.16567290403147794
369012,-26.445002934763142,-27.02979030057821,9.0,0.5847873658150675
369013,-5.435065989374224,-5.117472429955578,1.0,-0.3175935594186461
369034,-8.774440530791484,-9.244452556126834,1.0,0.47001202533535036
369068,-5.805545097557398,-6.099856817818513,1.0,0.2943117202611152
369092,-10.331127021484589,-10.407713840870796,2.0,0.0765868193862076
369241,-50.61613385495735,-49.63756996146466,21.0,-0.9785638934926837
369243,-25.56967181363272,-25.236306343327794,9.0,-0.33336547030492625
369473,-31.830630426415574,-34.10131004917777,10.0,2.270679622762195
369612,-43.43795848758523,-42.950646786886644,17.0,-0.48731170069858365
369757,-102.64748750362358,-122.07099602671086,42.0,19.42350852308728
369827,-35.12318068391163,-35.6228426887257,10.0,0.49966200481406986
369869,-35.91175423177131,-36.70661492860588,12.0,0.7948606968345686
369893,-4.209674227462765,-4.927349506249577,1.0,0.7176752787868121
370118,-2.5668937821246605,-3.607351978415468,0.0,1.0404581962908077
370207,-15.032622865212733,-14.222196344785575,4.0,-0.8104265204271588
370208,-12.065499499961113,-11.779442005119444,3.0,-0.2860574948416694
370212,-32.66517779551448,-33.743147010320875,12.0,1.0779692148063944
370255,-5.297477957016816,-5.057577898311472,1.0,-0.23990005870534414
370265,-0.6845039725423852,-1.1833595781272106,0.0,0.49885560558482545
370331,-10.95011703491595,-9.743201915198505,2.0,-1.2069151197174453
370498,-8.633958302059144,-8.701625254676115,2.0,0.06766695261697109
370507,-2.06951432955399,-2.6962044038150594,0.0,0.6266900742610693
370662,-8.68620128452934,-9.027616889973139,2.0,0.34141560544379956
370878,-1.4307077788517615,-1.2433881195904253,0.0,-0.1873196592613362
370932,-60.0001911580432,-56.99175627747992,22.0,-3.0084348805632786
371033,-16.49073565042998,-15.6416237519058,4.0,-0.8491118985241783
371043,-30.027261783407106,-32.18102230963881,9.0,2.153760526231707
371070,-1.2472940881183021,-2.088772687414786,0.0,0.8414785992964839
371123,-17.38556052561005,-17.857766159860113,5.0,0.4722056342500629
371164,-54.28658100024107,-51.98967599986091,19.0,-2.296905000380164
371173,-29.5818315231268,-29.74571873380159,11.0,0.16388721067478684
371193,-22.954527593490955,-26.38657362093573,8.0,3.432046027444777
371202,-24.438884907412426,-24.78766480963208,7.0,0.34877990221965405
371267,-26.585518371483957,-29.88433180099839,8.0,3.298813429514432
371326,-1.2902245467423137,-1.7850568292146498,0.0,0.4948322824723361
371341,-1.6250366125802946,-2.6962044038150594,0.0,1.0711677912347648
371539,-20.31652162178357,-19.740755473124235,6.0,-0.5757661486593335
371573,-1.1568179156259104,-1.7850568292146498,0.0,0.6282389135887394
371771,-27.611861064906048,-39.06372074549648,8.0,11.451859680590434
371825,-1.0489529575879852,-1.177625112814377,0.0,0.12867215522639186
371839,-47.7776725440382,-46.918376206392345,21.0,-0.8592963376458513
371905,-29.997730159928473,-26.082712094310615,7.0,-3.9150180656178577
371951,-37.18408590607155,-45.46767508826434,8.0,8.283589182192792
372088,-39.645296937103964,-38.52646864741975,14.0,-1.1188282896842168
372112,-24.39827956262464,-24.659272489526675,7.0,0.26099292690203413
372115,-23.64699785193395,-23.669950331437853,7.0,0.022952479503903334
372134,-0.825944957727882,-1.177625112814377,0.0,0.3516801550864951
372219,-8.549517824755435,-8.61828471050599,2.0,0.0687668857505539
372328,-34.34159680419909,-33.39552086447155,12.0,-0.9460759397275424
372437,-27.035356924643075,-28.527830234827377,7.0,1.4924733101843017
372503,-23.222641939846724,-25.460838187007774,7.0,2.2381962471610493
372626,-37.51312478380291,-38.22471046091935,13.0,0.7115856771164388
372717,-25.34617293403757,-25.743438229153032,7.0,0.3972652951154636
372748,-5.386453218058432,-5.2128271220326585,1.0,-0.1736260960257736
372775,-30.567142582305394,-34.0822805052191,11.0,3.515137922913709
372778,-1.9139329986676694,-1.5091135505154465,0.0,-0.4048194481522229
372786,-19.052820036774552,-18.624598878586575,5.0,-0.4282211581879771
372886,-1.1887262935711784,-2.147932654312294,0.0,0.9592063607411156
372958,-35.091936329923804,-37.38129194401096,13.0,2.2893556140871567
373129,-12.564506279342833,-12.47754817661435,3.0,-0.0869581027284827
373149,-22.878593234630156,-23.81399439366553,6.0,0.9354011590353757
373301,-12.87712690025346,-12.606042389305392,3.0,-0.27108451094806796
373546,-29.834802163165268,-29.431811833304085,11.0,-0.40299032986118277
373551,-6.446915463718789,-6.636624814650745,1.0,0.18970935093195607
373828,-11.070859310343003,-11.779017512233786,2.0,0.7081582018907824
373844,-15.758363663423587,-16.1026460720875,4.0,0.34428240866391135
374080,-1.019294864474081,-1.4813409710145136,0.0,0.46204610654043266
374136,-27.551125293043913,-28.047292663303708,8.0,0.4961673702597942
374321,-36.49528366624452,-36.746926414840296,8.0,0.25164274859577773
374490,-12.133636284709068,-13.10170815198171,2.0,0.9680718672726414
374564,-19.943525025346414,-19.703382161311406,5.0,-0.24014286403500762
374814,-10.087988587980682,-9.708156150092421,2.0,-0.37983243788826115
374964,-5.833367531634478,-5.6335111829887925,1.0,-0.19985634864568524
375024,-5.488133928581133,-4.9791700905721905,1.0,-0.5089638380089427
375087,-5.896835515585868,-5.827111771071988,1.0,-0.06972374451387964
375168,-38.40963053921232,-39.86543229183767,13.0,1.455801752625348
375174,-29.741744140853545,-30.081498240437135,11.0,0.3397540995835904
375312,-9.065905132783033,-8.759932226559275,2.0,-0.30597290622375795
375375,-56.24446190104105,-56.28537048257271,27.0,0.040908581531660104
375473,-11.659732589876704,-11.482194393348994,3.0,-0.17753819652770986
375480,-5.076558799582876,-5.133080292239298,1.0,0.05652149265642237
375605,-10.36581025509865,-10.440822207187418,2.0,0.07501195208876865
375634,-34.87598958847079,-33.88910626913024,7.0,-0.9868833193405493
375647,-26.16961308140054,-22.285809845360493,4.0,-3.8838032360400483
375909,-1.052843205425112,-1.4813409710145136,0.0,0.42849776558940156
375940,-8.869744851832053,-8.889030353300322,2.0,0.019285501468269572
376078,-22.85141833454017,-28.477229082544554,7.0,5.625810748004383
376142,-21.331365157203404,-21.41479260015168,7.0,0.08342744294827753
376222,-28.306718082766263,-30.7445825854446,8.0,2.4378645026783374
376393,-72.65550011480758,-143.07732576794575,25.0,70.42182565313817
376449,-9.517130581536911,-10.167002426357309,2.0,0.6498718448203977
376525,-53.66022496531158,-52.51602247301847,21.0,-1.144202492293111
376666,-14.619211802855705,-14.450010900512906,4.0,-0.1692009023427996
376729,-0.9655045893515515,-1.177625112814377,0.0,0.21212052346282562
376776,-12.38502071911726,-11.558598477748212,3.0,-0.8264222413690483
376861,-47.33822270242452,-45.0756434171009,17.0,-2.2625792853236177
376919,-0.6401554529520628,-1.177625112814377,0.0,0.5374696598623143
377021,-7.42838500366999,-6.948226418616968,0.0,-0.48015858505302234
377172,-14.50349161764797,-13.546149078883378,3.0,-0.9573425387645926
377223,-12.313468334803792,-12.572602023290376,3.0,0.2591336884865836
377254,-45.79441659048559,-48.987198606528914,14.0,3.1927820160433242
377306,-1.8609755273456052,-2.9999202620151957,0.0,1.1389447346695905
377450,-12.690066344019375,-26.68975720162583,0.0,13.999690857606456
377539,-1.0983884428328985,-2.147932654312294,0.0,1.0495442114793956
377601,-1.48045671432202,-2.9999202620151957,0.0,1.5194635476931757
377738,-16.33753738894996,-14.805446450686324,4.0,-1.5320909382636376
377819,-15.011107370460467,-14.950177594545979,4.0,-0.060929775914488005
377831,-7.376527095955156,-9.599562241117995,2.0,2.2230351451628394
377843,-11.098892682740333,-12.044273240599278,2.0,0.9453805578589449
377853,-43.05383205210649,-45.093237924366186,18.0,2.0394058722596924
377874,-10.611505425029737,-9.618016700741865,2.0,-0.9934887242878716
378002,-42.60730998696365,-39.84914778933195,10.0,-2.758162197631698
378032,-11.787461842275675,-12.524459820087142,2.0,0.7369979778114661
378043,-12.089616603471162,-11.614182915717782,3.0,-0.47543368775338024
378208,-5.230535460347778,-5.051347509300618,1.0,-0.1791879510471599
378249,-19.045509045511626,-18.51625106974634,5.0,-0.5292579757652867
378269,-1.4770404067557044,-2.3924885456149223,0.0,0.9154481388592179
378276,-26.1204360721309,-23.054392754199952,6.0,-3.066043317930948
378297,-18.738933510672005,-17.831096571779405,4.0,-0.9078369388926006
378319,-1.1493261414440838,-0.266477538213968,0.0,-0.8828486032301158
378340,-9.775270765941642,-9.908933497936292,2.0,0.13366273199465084
378836,-22.589827445992405,-23.385368558889322,7.0,0.7955411128969168
378879,-2.6686111085624415,-3.303636120215332,0.0,0.6350250116528904
379026,-85.65327468281372,-97.29465367831342,21.0,11.641378995499707
379162,-15.630754573990716,-15.174408802613096,3.0,-0.4563457713776202
379203,-9.06630365404297,-9.375501361527958,2.0,0.3091977074849872
379287,-12.903670248551968,-12.246906818627316,3.0,-0.6567634299246521
379314,-48.13112261764229,-48.733621996419316,20.0,0.6024993787770256
379364,-13.350217761170372,-12.568986415719737,3.0,-0.7812313454506352
379477,-63.45527190473108,-69.74165331893578,24.0,6.286381414204698
379518,-7.465899806801702,-8.160961806864606,1.0,0.6950620000629035
379569,-5.5621329436760325,-6.129017165553716,1.0,0.5668842218776833
379579,-1.429293751964453,-2.3924885456149223,0.0,0.9631947936504692
379608,-27.48951538390043,-27.700506893325944,9.0,0.21099150942551503
379867,-69.56544559827663,-69.16199749546892,33.0,-0.40344810280770105
379896,-0.9754867309647927,-1.4813409710145136,0.0,0.5058542400497209
380227,-0.7818134893675627,-0.5701933964141045,0.0,-0.21162009295345818
380420,-26.556049528021273,-26.40054037828624,7.0,-0.15550914973503183
380427,-5.4644931888376025,-6.250155217259061,1.0,0.7856620284214584
380555,-0.9438885878336315,-1.4813409710145136,0.0,0.5374523831808821
380585,-14.554856377874069,-14.30233498622569,4.0,-0.2525213916483793
380590,-2.061537728612128,-2.067359211910339,0.0,0.005821483298210861
380611,-0.9044504950916159,-1.177625112814377,0.0,0.2731746177227612
380618,-15.749001377596207,-22.26660964643693,3.0,6.517608268840723
380644,-65.52541956107675,-68.37658135229364,39.0,2.851161791216896
380728,-22.731482032322727,-22.4222638910146,7.0,-0.30921814130812564
380806,-39.57663825023891,-39.73959297465238,14.0,0.16295472441347414
380839,-18.902136781746687,-17.37541837241811,4.0,-1.526718409328577
380862,-12.57173674128235,-10.178141228899332,2.0,-2.393595512383019
380883,-4.515179083470592,-4.989319647917328,1.0,0.4741405644467358
381041,-14.658437831740958,-14.857928510708273,4.0,0.1994906789673152
381082,-15.341860714658177,-15.118067417273034,4.0,-0.22379329738514286
381265,-28.6057666005166,-29.562541646803915,8.0,0.9567750462873157
381546,-0.9484292401590946,-1.4813409710145136,0.0,0.532911730855419
381926,-5.5330430984313494,-5.102886605633265,1.0,-0.4301564927980843
381944,-12.823538119786777,-12.272657305318827,3.0,-0.5508808144679502
381990,-24.90284982688668,-32.86946754294308,6.0,7.966617716056398
382082,-14.14031559525649,-14.119796787594654,4.0,-0.020518807661837002
382251,-1.7258424585526455,-2.9999202620151957,0.0,1.2740778034625502
382322,-4.5322758925281015,-5.427323931355463,1.0,0.8950480388273618
382406,-41.28361159193938,-42.03270360384775,15.0,0.7490920119083668
382492,-15.233017897822545,-14.426692637581239,4.0,-0.8063252602413069
382596,-45.659298036241296,-47.04657170420958,10.0,1.3872736679682873
382782,-9.55416859479947,-9.754336629199807,2.0,0.20016803440033648
382887,-16.36018541942819,-14.806449448510024,4.0,-1.5537359709181668
382958,-5.594620246757244,-5.12597323376819,1.0,-0.4686470129890541
382966,-38.54447156625112,-40.302944607771366,14.0,1.7584730415202472
382973,-12.856177521125794,-12.585266819553087,3.0,-0.27091070157270636
383097,-5.4012050468883555,-4.987879436964805,1.0,-0.4133256099235503
383207,-22.856686051510856,-23.91641916618039,6.0,1.059733114669534
383222,-33.35148879157487,-32.9286095989705,13.0,-0.4228791926043698
383388,-1.7585133697473567,-2.088772687414786,0.0,0.33025931766742933
383463,-10.725436326977027,-12.011305971738311,3.0,1.2858696447612843
383583,-5.158150850235958,-5.0042138182440565,1.0,-0.15393703199190156
383741,-11.53809375471816,-11.456308975761996,3.0,-0.08178477895616432
383777,-5.775724679058913,-4.969887973140411,1.0,-0.8058367059185025
383812,-1.7338982169863424,-0.5027811334801452,0.0,-1.2311170835061973
383838,-16.75035179231039,-15.848954250535433,4.0,-0.9013975417749567
383844,-1.8890296663407808,-3.303636120215332,0.0,1.414606453874551
383990,-6.823492226650097,-8.163089851417514,0.0,1.3395976247674168
384087,-1.8890858273426117,-2.3924885456149223,0.0,0.5034027182723106
384102,-5.355530276098139,-5.052845898334015,1.0,-0.30268437776412416
384300,-0.6633397912388942,-1.177625112814377,0.0,0.5142853215754829
384315,-33.30948889307504,-34.08640908766389,12.0,0.7769201945888469
384337,-55.87406339743149,-54.67023252831493,27.0,-1.2038308691165582
384545,-6.468246649503229,-6.4110500261885885,1.0,-0.05719662331464015
384591,-5.2577231495010395,-5.131383795438192,1.0,-0.12633935406284724
384808,-13.08667967941721,-12.271716992972946,3.0,-0.8149626864442645
384928,-36.31073952009316,-37.733438543394065,13.0,1.4226990233009076
384992,-14.818614498278265,-15.26237353547328,3.0,0.4437590371950151
385009,-4.937333469211792,-5.322678124396068,1.0,0.3853446551842765
385109,-0.24098830507327862,-0.8739092546142408,0.0,0.6329209495409622
385151,-12.823154639155057,-12.46109730095724,3.0,-0.3620573381978165
385309,-11.01171919562536,-10.4986231256754,2.0,-0.5130960699499614
385317,-11.390623381720118,-12.12801350673184,3.0,0.7373901250117214
385326,-5.468994472428381,-5.115002849215627,1.0,-0.353991623212754
385452,-6.067234191392646,-6.735744295306444,1.0,0.668510103913798
385455,-34.2785216929749,-39.589102107778736,11.0,5.310580414803837
385458,-18.1947772332437,-17.35394641804609,5.0,-0.8408308151976094
385613,-10.984786658121534,-10.977336144381956,2.0,-0.007450513739577502
385645,-47.018352476629836,-46.45250334895566,12.0,-0.565849127674177
385885,-14.857489421651362,-14.611831306237464,4.0,-0.2456581154138977
385914,-6.427887671538313,-6.923425283834098,1.0,0.4955376122957853
385977,-41.460281948676304,-44.10231499245967,14.0,2.642033043783364
386078,-5.8406625472103615,-5.6401285995718835,1.0,-0.20053394763847798
386082,-12.30816112497575,-11.975623501827782,3.0,-0.3325376231479691
386086,-10.37814873614321,-11.88533852323597,3.0,1.5071897870927593
386200,-31.42645185388057,-35.13647742744834,10.0,3.710025573567769
386250,-17.799968294400454,-17.8228649430519,4.0,0.022896648651446583
386278,-1.1769552046235856,-1.7850568292146498,0.0,0.6081016245910642
386291,-10.505698829891204,-12.119724409171909,3.0,1.614025579280705
386324,-20.537992979981638,-21.610956903277756,6.0,1.0729639232961183
386635,-5.154972428373872,-5.078382122905173,1.0,-0.0765903054686996
386666,-12.609113344490193,-12.35914495325811,3.0,-0.24996839123208403
386997,-82.1333261658009,-78.96862466743687,46.0,-3.1647014983640247
387065,-5.267073471095618,-5.668812062566051,1.0,0.40173859147043256
387166,-22.92505165516026,-23.190012705210542,7.0,0.2649610500502817
387177,-1.252961610091849,-1.4813409710145136,0.0,0.22837936092266453
387380,-5.365097012614264,-5.146760168748891,1.0,-0.218336843865373
387390,-11.972990046098934,-12.045955429982495,3.0,0.07296538388356133
387522,-37.795172116116774,-36.899802713055266,15.0,-0.8953694030615083
387546,-5.471193601025894,-5.819708320088983,1.0,0.34851471906308884
387553,-0.6970247164205262,-0.8739092546142408,0.0,0.17688453819371464
387599,-1.4378035183688613,-2.088772687414786,0.0,0.6509691690459247
387763,-23.83648210527986,-20.945959706851813,5.0,-2.890522398428047
387785,-13.057669191806415,-16.121761869215426,3.0,3.064092677409011
387800,-4.850245099713453,-1.5734119085628853,0.0,-3.2768331911505673
387972,-43.13937415095466,-43.08279807481438,17.0,-0.05657607614028137
388086,-0.15386260391305234,-0.266477538213968,0.0,0.11261493430091568
388147,-19.33795284733052,-18.86571488355927,6.0,-0.47223796377124927
388403,-8.101043810452268,-7.255040702421009,1.0,-0.8460031080312591
388456,-35.8332156464932,-38.43741613476627,7.0,2.6042004882730723
388472,-17.079473978559882,-17.66212243509236,5.0,0.5826484565324783
388476,-38.01539582810608,-39.04211850813849,14.0,1.0267226800324138
388618,-43.699083959567304,-58.28558147151098,16.0,14.586497511943676
388818,-9.986993746302518,-9.069594864461008,2.0,-0.9173988818415104
388839,-8.46561204905741,-8.736741128934842,2.0,0.27112907987743107
388841,-3.8784058898966274,-1.923718112949924,0.0,-1.9546877769467035
389053,-6.346397110748728,-6.790972511223983,1.0,0.4445754004752551
389081,-8.386172841343381,-9.22665496630872,2.0,0.8404821249653391
389133,-9.121046702995052,-8.52271339610906,2.0,-0.5983333068859924
389380,-5.426736544878742,-5.0070264637789945,1.0,-0.4197100810997476
389464,-11.626627089521444,-11.699606839316507,3.0,0.0729797497950635
389471,-20.105972600248958,-20.01147177521293,6.0,-0.09450082503602886
389477,-25.198643043957667,-28.460869344962923,8.0,3.2622263010052563
389581,-0.5395728369580978,-1.177625112814377,0.0,0.6380522758562793
389674,-9.527066325795985,-9.548359439510172,2.0,0.021293113714186518
389700,-15.340550779255816,-15.274653315796726,4.0,-0.06589746345908942
389871,-5.296708161791434,-5.256974699460587,1.0,-0.0397334623308474
389961,-18.080982729857745,-18.703592280886202,4.0,0.6226095510284573
390066,-5.097602454170487,-5.223745493858919,1.0,0.126143039688432
390099,-15.592602975501904,-14.5135662277075,4.0,-1.0790367477944045
390136,-22.97331294793288,-22.776021020675813,7.0,-0.19729192725706568
390179,-23.60725972295247,-23.89976339417952,7.0,0.292503671227049
390217,-16.121792004716955,-17.878574220437883,5.0,1.7567822157209285
390218,-8.069459815860082,-9.44966367852961,2.0,1.3802038626695285
390223,-6.460003313887612,-6.561551381935273,1.0,0.10154806804766103
390267,-5.059680335168518,-4.928528847490942,1.0,-0.13115148767757567
390270,-46.1803594138415,-44.677586396919835,17.0,-1.5027730169216653
390647,-34.64958864922159,-41.180841982503225,13.0,6.531253333281633
390697,-12.376718355638713,-12.098601734767652,3.0,-0.2781166208710619
390719,-29.14559853523904,-28.352792190686824,8.0,-0.7928063445522149
390976,-19.3505682426363,-17.21377361747299,5.0,-2.136794625163308
391046,-14.227649650069084,-14.161053026631954,4.0,-0.06659662343713002
391050,-0.37491839677056066,-0.5701933964141045,0.0,0.19527499964354383
391065,-44.33070437664092,-47.861173333324466,9.0,3.530468956683549
391165,-0.8135033199510744,-1.177625112814377,0.0,0.3641217928633027
391211,-11.066110287136626,-11.802062733943371,3.0,0.7359524468067455
391291,-18.668695660312217,-18.24062613590565,5.0,-0.42806952440656687
391349,-9.578926342271194,-9.347026088621167,2.0,-0.23190025365002676
391362,-5.008703801054658,-5.494957599330331,1.0,0.4862537982756727
391384,-50.35481703925263,-48.631122716670305,13.0,-1.7236943225823254
391412,-1.2156465162231453,-1.6238133808992854,0.0,0.40816686467614005
391426,-5.2433078182332515,-5.359416569465543,1.0,0.11610875123229114
391560,-41.67009174885956,-44.451050172591145,11.0,2.780958423731583
391698,-8.94894082413901,-9.040984958087346,2.0,0.09204413394833644
391790,-21.660891346896623,-22.74519584623058,7.0,1.0843044993339568
391834,-17.321635558545008,-16.59439256676478,4.0,-0.7272429917802299
391988,-8.988703384580136,-9.830678113403373,2.0,0.8419747288232369
392002,-118.35972848922847,-113.52750300384491,57.0,-4.83222548538356
392081,-27.836349449389044,-27.194304023605696,9.0,-0.6420454257833477
392163,-1.039432873236488,-0.8739092546142408,0.0,-0.16552361862224707
392198,-5.75257721369318,-6.047660296248917,1.0,0.29508308255573734
392201,-5.808764041190198,-5.123217494249653,1.0,-0.6855465469405448
392309,-22.40550361464523,-23.1322076494746,7.0,0.7267040348293712
392423,-3.26421150671553,-3.9713814494406745,0.0,0.7071699427251446
392467,-36.49008345255984,-42.42080795590219,10.0,5.930724503342354
392668,-46.242456056030704,-45.97427010985158,19.0,-0.2681859461791234
392753,-21.35218410605062,-21.57222727417571,7.0,0.22004316812509117
392798,-21.126569926744573,-21.947866441719874,4.0,0.8212965149753018
392811,-43.79302050634537,-54.48363149576668,15.0,10.690610989421309
392826,-9.68230923026094,-9.05704544158798,2.0,-0.6252637886729584
392881,-31.352257596960875,-30.956434841753076,12.0,-0.3958227552077993
392969,-15.49606677512765,-15.206021530758074,4.0,-0.29004524436957624
392995,-1.2786586727863487,-1.4813409710145136,0.0,0.20268229822816486
393106,-13.844769557275201,-13.093747026246696,3.0,-0.7510225310285055
393413,-5.15667196648341,-5.269431122215536,1.0,0.11275915573212636
393534,-8.780095373197758,-8.833227016332243,2.0,0.05313164313448482
393613,-0.9747277799602193,-1.4813409710145136,0.0,0.5066131910542943
393678,-31.89316827496145,-31.0228367284359,9.0,-0.8703315465255486
393743,-52.91819107728767,-45.942562286707904,12.0,-6.975628790579769
393828,-3.697525993773368,-3.8865126612647236,0.0,0.1889866674913554
393980,-1.7749900284192226,-2.3924885456149223,0.0,0.6174985171956997
394057,-0.8587603146989796,-1.2054698242894017,0.0,0.3467095095904221
394118,-14.448818344266531,-12.963218750819605,3.0,-1.485599593446926
394136,-7.779292442022601,-8.487225150244818,2.0,0.7079327082222173
394192,-44.49452755668269,-45.21881354477058,15.0,0.7242859880878925
394226,-1.1732485548725997,-1.7850568292146498,0.0,0.6118082743420501
394357,-5.373297577552529,-4.939191436379763,1.0,-0.4341061411727667
394440,-12.997248471038192,-16.77933279568309,1.0,3.782084324644897
394607,-72.93111377304184,-74.1980287378411,41.0,1.2669149647992555
394758,-10.83555383662607,-11.600083062871125,1.0,0.7645292262450543
394825,-17.451358654584784,-18.547148413241874,4.0,1.0957897586570908
394833,-25.19625817890628,-24.39970849820021,8.0,-0.7965496807060717
395036,-5.761832360752164,-5.022981977028399,1.0,-0.738850383723765
395037,-29.854636283119948,-29.332021086220788,7.0,-0.5226151968991601
395042,-32.93150348003797,-34.46642928536066,12.0,1.5349258053226933
395140,-5.4911393351412325,-4.995562674420425,1.0,-0.49557666072080764
395248,-13.475064870638635,-13.72928396862407,3.0,0.25421909798543574
395313,-61.18635300936253,-62.28070592881696,14.0,1.0943529194544297
395323,-4.068113975684081,-3.3871213574516594,0.0,-0.680992618232422
395451,-56.22986827511384,-54.98452512747394,22.0,-1.2453431476399004
395462,-20.20161773375254,-18.059924730542484,5.0,-2.1416930032100545
395535,-2.8052650890320843,-3.303636120215332,0.0,0.49837103118324766
395629,-26.897867025835062,-26.66098493387749,8.0,-0.23688209195757182
395801,-5.2062788297850275,-5.231984579705419,1.0,0.025705749920391874
395861,-8.207468766771798,-8.552276036618345,2.0,0.3448072698465463
395895,-12.052107294566195,-12.207572379882135,3.0,0.1554650853159405
396334,-1.541489426518794,-2.3924885456149223,0.0,0.8509991190961284
396402,-2.265132030954476,-1.4377573591600905,0.0,-0.8273746717943853
396403,-5.882451521028459,-4.924508577279718,1.0,-0.9579429437487414
396635,-11.943836553983981,-11.517912424870218,3.0,-0.42592412911376343
396678,-2.1018619471711526,-3.303636120215332,0.0,1.2017741730441793
396705,-4.511627655032852,-2.088772687414786,0.0,-2.4228549676180657
396749,-5.577597931783052,-5.1830807779166115,1.0,-0.39451715386644093
396801,-24.967915520801775,-26.443920493138858,8.0,1.4760049723370834
396889,-90.32106415473316,-88.16819749958916,35.0,-2.1528666551440097
396938,-12.721903845768011,-16.05609838187121,3.0,3.3341945361031975
396940,-24.918367944055955,-25.431871203232262,9.0,0.5135032591763071
396987,-18.04851025556506,-17.11568803169367,4.0,-0.9328222238713906
397026,-23.950256750520893,-26.840107631585735,6.0,2.8898508810648416
397089,-16.2793275953991,-16.097523561349043,2.0,-0.18180403405005663
397163,-2.475227023039567,-3.911067836615605,0.0,1.4358408135760379
397196,-26.85124964819988,-25.75260601893248,9.0,-1.0986436292674
397243,-1.550164847259753,-2.6962044038150594,0.0,1.1460395565553065
397367,-56.82534189897836,-58.683843739046566,19.0,1.8585018400682074
397371,-26.139596276098807,-25.83014463222799,8.0,-0.3094516438708155
397444,-18.757311583003972,-19.885372699789073,5.0,1.1280611167851013
397457,-9.133761940358445,-10.07893028165639,2.0,0.9451683412979452
397557,-20.88162115113688,-22.274976280782944,6.0,1.3933551296460642
397633,-1.5840748505858266,-2.6962044038150594,0.0,1.1121295532292328
397693,-19.89003891393016,-23.81382332176207,5.0,3.92378440783191
397821,-13.060434289409567,-10.634928974769325,2.0,-2.425505314640242
397833,-12.100044212597115,-10.30929990873821,2.0,-1.7907443038589062
397998,-9.61740001471293,-10.915494768972806,2.0,1.2980947542598766
398076,-116.16971938814494,-114.29428091377423,40.0,-1.8754384743707107
398101,-37.721574929985756,-40.039537837253995,17.0,2.317962907268239
398208,-13.615206888838967,-12.575755956338133,3.0,-1.0394509325008343
398276,-12.217995046424349,-10.84257769213669,1.0,-1.3754173542876593
398321,-15.623569092281196,-15.644677392382082,4.0,0.021108300100886268
398373,-6.037674611562477,-9.377953284218059,0.0,3.3402786726555815
398415,-39.751524938412594,-43.676183188864194,17.0,3.9246582504516
398490,-13.910863659893808,-13.265452942718396,3.0,-0.6454107171754124
398852,-4.381202725062847,-4.906643308804655,1.0,0.5254405837418075
398871,-5.389656571166493,-7.251942276817105,0.0,1.8622857056506117
398954,-16.517232092399386,-16.76009857898299,4.0,0.24286648658360477
398957,-21.867295798116995,-21.190996863505266,6.0,-0.6762989346117294
399222,-11.899242901157496,-11.677605230581241,3.0,-0.22163767057625527
399284,-10.14221315005915,-10.163464317953542,2.0,0.021251167894391187
399395,-0.4997749210971917,-0.8739092546142408,0.0,0.37413433351704917
399410,-31.439318556095344,-39.45778194269001,10.0,8.018463386594668
399581,-15.474866661475144,-15.78038155738477,4.0,0.3055148959096261
399640,-28.600754517155735,-40.5310720865837,9.0,11.930317569427963
399662,-45.66143930799484,-42.45591072656368,11.0,-3.2055285814311603
399729,-138.3376170461133,-133.3034072688028,64.0,-5.034209777310508
399759,-42.20112090205367,-40.28785493227225,9.0,-1.9132659697814134
399892,-13.849669409097489,-12.601991285937554,3.0,-1.2476781231599343
399906,-12.138881044410383,-11.648733302533973,3.0,-0.4901477418764095
399911,-21.57934579302459,-20.813103667349903,6.0,-0.7662421256746867
399938,-45.9280646197943,-47.03621697575426,19.0,1.1081523559599589
400107,-7.994596430549349,-9.030675797009822,2.0,1.0360793664604735
400250,-26.471129144391078,-24.079021350962716,6.0,-2.3921077934283623
400260,-2.1102175142558823,-1.177625112814377,0.0,-0.9325924014415052
400272,-16.942632944394585,-16.69060425410634,5.0,-0.25202869028824537
400327,-5.582762314992862,-3.115794316328213,0.0,-2.4669679986646487
400441,-12.267427346495275,-12.741969176746494,3.0,0.4745418302512192
400473,-38.74805162939247,-39.523185459936236,15.0,0.7751338305437656
400504,-18.921601427438695,-19.167510913054276,6.0,0.2459094856155808
400511,-45.392697920371766,-48.44578121102728,20.0,3.0530832906555148
400603,-22.14232513080239,-21.920863773434608,6.0,-0.22146135736778305
400664,-26.635488686668413,-27.863790546952895,9.0,1.228301860284482
400681,-21.656626251194304,-21.3658874792596,6.0,-0.2907387719347021
400741,-27.919043991734824,-29.18076347401301,10.0,1.2617194822781848
400778,-1.10147438548189,-1.7850568292146498,0.0,0.6835824437327598
400839,-13.09745718208698,-12.54146229210717,3.0,-0.5559948899798108
400861,-14.77604381233975,-16.54118227558305,3.0,1.7651384632433
400994,-1.6420055035892893,-2.6962044038150594,0.0,1.0541989002257701
401289,-39.699128456683376,-40.95375204960835,15.0,1.2546235929249718
401352,-184.937953238432,-185.70127591999812,45.0,0.7633226815661374
401448,-23.474897535731188,-27.068015976932884,7.0,3.593118441201696
401495,-1.7246048662825328,-1.7850568292146498,0.0,0.060451962932116965
401585,-0.4422725418727604,-1.4813409710145136,0.0,1.0390684291417531
401595,-28.03755061165858,-33.36507291888776,9.0,5.327522307229181
401613,-5.3560372785669,-4.913466665636709,1.0,-0.44257061293019095
401667,-9.093323976155094,-6.813446459135221,1.0,-2.279877517019873
401694,-1.216325183288754,-2.088772687414786,0.0,0.872447504126032
401774,-22.077080889188895,-21.354627847363215,6.0,-0.7224530418256805
401814,-12.618613384957177,-12.365045408513652,3.0,-0.25356797644352547
401956,-12.467290888971508,-11.813662942570895,3.0,-0.6536279464006132
401979,-12.254954307455083,-12.879274930499374,3.0,0.6243206230442908
402264,-9.476596220594931,-9.532644422466444,2.0,0.05604820187151205
402368,-9.158621063269193,-8.595264493337229,2.0,-0.5633565699319636
402374,-14.68814943394075,-14.518468953874004,4.0,-0.16968048006674508
402411,-4.525224884601087,-5.733362985816423,0.0,1.2081381012153356
402426,-33.53793978839638,-43.221258133215365,9.0,9.683318344818986
402560,-34.83658202675784,-35.96179388307212,13.0,1.1252118563142801
402680,-1.1180143791678576,-1.8104923012447072,0.0,0.6924779220768496
402772,-2.31392390649464,-1.177625112814377,0.0,-1.136298793680263
402787,-3.084425200266055,-7.251942276817105,0.0,4.16751707655105
402794,-16.521325493277153,-20.976073651355836,3.0,4.454748158078683
402830,-15.805612562336572,-15.62276523440123,4.0,-0.18284732793534175
403081,-24.098090548348054,-23.05843139563954,5.0,-1.0396591527085128
403128,-28.39076349651831,-32.58811635790021,11.0,4.197352861381901
403162,-3.024190322000001,-4.2147836948157416,0.0,1.1905933728157407
403253,-8.30843265203608,-8.74809243360526,2.0,0.43965978156917984
403321,-26.775133665681075,-25.910460146952204,8.0,-0.8646735187288712
403415,-11.795122399464104,-11.720710052961644,3.0,-0.07441234650245931
403621,-29.23649523995672,-28.751363163916402,9.0,-0.48513207604031905
404017,-0.24609412520278076,-0.266477538213968,0.0,0.020383413011187262
404170,-34.89874301062258,-35.109001122247214,13.0,0.2102581116246327
404280,-8.910303966173387,-8.838680318403222,2.0,-0.07162364777016528
404355,-5.030086753923602,-4.782893020605263,1.0,-0.24719373331833872
404389,-7.792426827621312,-8.192452587778206,1.0,0.4000257601568942
404419,-19.431838328832544,-18.17172614793421,5.0,-1.2601121808983358
404465,-21.806823289601162,-21.99419800024743,7.0,0.18737471064626732
404583,-1.576653069875449,-2.471412931182396,0.0,0.894759861306947
404605,-0.8273034704627963,-1.4813409710145136,0.0,0.6540375005517173
404637,-14.829396253972172,-14.338996503491675,4.0,-0.49039975048049733
404919,-0.8953793324678456,-1.177625112814377,0.0,0.28224578034653147
404928,-29.24564479283073,-29.968311801632872,9.0,0.7226670088021407
405217,-30.075861378827256,-29.34050981979673,10.0,-0.7353515590305264
405242,-10.978326027797106,-11.929452962108554,1.0,0.9511269343114481
405332,-5.294208303167767,-5.412672479078364,1.0,0.11846417591059755
405333,-13.860691833925548,-13.586722458185742,3.0,-0.2739693757398065
405766,-11.97354009993589,-12.100205981402986,3.0,0.1266658814670958
405801,-10.462591486128833,-9.480938898509839,2.0,-0.9816525876189939
406090,-24.906352724598655,-27.22752539552592,8.0,2.3211726709272646
406109,-7.873626996403857,-8.784061901345428,2.0,0.910434904941571
406137,-37.03676365364975,-37.494024867456176,14.0,0.4572612138064258
406320,-0.8248413565959309,-0.8739092546142408,0.0,0.04906789801830991
406348,-4.208938287900408,-2.9999202620151957,0.0,-1.2090180258852126
406373,-23.68536391852808,-23.277699922007827,4.0,-0.4076639965202524
406414,-25.291405965858953,-25.19584705512103,7.0,-0.09555891073792466
406680,-0.645285655517334,-1.177625112814377,0.0,0.5323394572970431
406701,-33.590288406896484,-33.35650056249912,12.0,-0.23378784439736222
406801,-0.5922553350134584,-0.5701933964141045,0.0,-0.022061938599353903
406862,-8.912500920847615,-8.599914094631952,2.0,-0.3125868262156626
406898,-8.363519835207535,-8.488236259295604,2.0,0.12471642408806893
406909,-8.396584486959314,-8.851820966155499,2.0,0.45523647919618426
407024,-5.304860461471031,-5.12597323376819,1.0,-0.17888722770284105
407135,-10.55921061753068,-10.20962900182575,2.0,-0.3495816157049294
407175,-15.191301417352499,-15.29115008164576,4.0,0.09984866429326189
407321,-8.698016520619122,-8.427328350897001,2.0,-0.2706881697221206
407357,-24.99895536809253,-24.940890741070625,8.0,-0.05806462702190629
407366,-1.2322488062498804,-2.088772687414786,0.0,0.8565238811649056
407370,-12.011849509221332,-13.195336020565355,3.0,1.1834865113440234
407378,-75.43559508666668,-94.42609286216951,24.0,18.99049777550283
407552,-25.702452225795007,-25.04064514972665,8.0,-0.6618070760683565
407677,-15.026263167297905,-17.38779305161259,2.0,2.3615298843146846
407827,-9.907239775849868,-9.135214918040734,2.0,-0.772024857809134
408007,-66.07321901724703,-68.22048987737384,24.0,2.1472708601268096
408056,-51.500005869384424,-52.85650280607409,21.0,1.3564969366896662
408101,-48.03948342051967,-56.963116917137945,11.0,8.923633496618272
408170,-19.138847478734267,-19.040280047592496,6.0,-0.09856743114177036
408270,-14.345549031915043,-15.355077580838914,4.0,1.0095285489238712
408318,-5.933628181732411,-4.9619819946264005,1.0,-0.9716461871060105
408331,-116.10278337125816,-112.88902429595112,31.0,-3.2137590753070384
408413,-18.26263381458854,-19.247704622222795,4.0,0.9850708076342549
408463,-66.44911267785355,-63.97295119158934,29.0,-2.4761614862642105
408468,-7.790590286487812,-6.858793144502878,1.0,-0.9317971419849345
408500,-5.264200261133755,-4.979116291304467,1.0,-0.2850839698292882
408563,-4.7048533209963335,-4.989319647917328,1.0,0.2844663269209944
408700,-14.804726695557001,-14.609070783312212,4.0,-0.1956559122447885
408758,-10.433851294295938,-10.988211854724646,2.0,0.5543605604287087
408801,-34.942448135019134,-34.283024574600354,13.0,-0.6594235604187801
408826,-20.578810162395417,-19.08127659076676,6.0,-1.497533571628658
408833,-5.749488260713215,-6.249444116965957,1.0,0.4999558562527424
408860,-16.632543731059638,-17.176905130836662,5.0,0.5443613997770242
408918,-15.905862711094164,-16.93051026897018,5.0,1.0246475578760172
409010,-5.701914426914014,-5.025292346494863,1.0,-0.6766220804191505
409028,-43.599400008527866,-43.31661200363046,15.0,-0.2827880048974052
409251,-13.20148521125571,-12.8124818763758,3.0,-0.38900333487990935
409300,-30.9125038148243,-28.98928126715958,9.0,-1.9232225476647216
409310,-48.56101586337984,-58.69888890844409,19.0,10.137873045064246
409385,-24.628258392244312,-26.583557948641417,7.0,1.9552995563971045
409512,-9.516457484651205,-8.935598833150102,2.0,-0.5808586515011029
409550,-11.990215858841054,-12.112385822904546,3.0,0.12216996406349168
409609,-5.292135884690333,-5.4333786765232865,1.0,0.14124279183295396
409678,-0.6786083005049548,-1.177625112814377,0.0,0.4990168123094223
409736,-17.09668096463375,-16.811999743101552,5.0,-0.28468122153219966
409761,-1.452711331006191,-1.7850568292146498,0.0,0.3323454982084588
409777,-34.698189635620764,-33.28584901190358,12.0,-1.412340623717185
409876,-14.76103435532227,-14.237584540404812,4.0,-0.5234498149174573
409938,-16.177943540261957,-18.66021129840912,4.0,2.482267758147163
410071,-3.260205029037307,-4.2147836948157416,0.0,0.9545786657784348
410096,-0.2207453568827075,-0.5701933964141045,0.0,0.349448039531397
410168,-14.601573566275864,-14.967227931447894,3.0,0.36565436517203054
410187,-76.69206296661316,-85.47300382741854,31.0,8.780940860805373
410228,-15.655820759178287,-15.195547725534754,4.0,-0.4602730336435332
410371,-9.087226676322862,-9.299697615999674,2.0,0.21247093967681252
410495,-0.7140977441305667,-0.9339073355424331,0.0,0.2198095914118664
410793,-1.6828564203298721,-2.088772687414786,0.0,0.4059162670849139
410808,-11.409287841100138,-12.609428808792243,3.0,1.2001409676921053
410826,-25.773162748638825,-27.84951618395402,8.0,2.0763534353151947
410853,-54.664845070583524,-54.387604145871094,28.0,-0.2772409247124301
410975,-19.583136324435106,-20.047152502102566,6.0,0.4640161776674603
411005,-8.865282851544245,-18.31654941523121,4.0,9.451266563686966
411010,-12.042985196420574,-11.534830824267122,3.0,-0.5081543721534523
411016,-4.909822374711413,-4.950190565147365,1.0,0.0403681904359523
411019,-4.402278461261001,-5.577808625456165,1.0,1.1755301641951643
411118,-1.2441859852996144,-0.8739092546142408,0.0,-0.3702767306853736
411186,-6.145406245097852,-4.979116291304467,1.0,-1.1662899537933846
411271,-1.3666356422273633,-2.6962044038150594,0.0,1.329568761587696
411390,-36.35433965845965,-35.09169563007099,12.0,-1.2626440283886637
411397,-5.188006444494514,-4.994434104298297,1.0,-0.1935723401962166
411409,-21.634440752105746,-22.734274217309604,6.0,1.099833465203858
411412,-15.953869412426375,-15.560259229128652,4.0,-0.39361018329772257
411440,-4.807086239077757,-4.534763590426128,1.0,-0.27232264865162836
411564,-2.200140553696052,-2.0129319222493316,0.0,-0.18720863144672029
411634,-18.97522535673191,-18.387480105863638,5.0,-0.5877452508682737
411675,-12.39379981924761,-11.869568395139863,3.0,-0.5242314241077466
411842,-12.864860026859695,-12.29928192051655,3.0,-0.5655781063431444
411967,-3.7808144032107087,-4.518499553015877,0.0,0.7376851498051682
412028,-5.3287979822065346,-5.005369732719546,1.0,-0.32342824948698823
412053,-45.11381730965648,-49.86339503003979,18.0,4.749577720383307
412175,-1.5157776123934585,-1.4813409710145136,0.0,-0.03443664137894498
412183,-12.778098012490032,-12.999199519843835,3.0,0.22110150735380252
412261,-0.9576219793487525,-1.502448762216766,0.0,0.5448267828680134
412354,-5.4721723365593045,-4.9410947346878915,1.0,-0.531077601871413
412443,-9.5740451928868,-9.86929250470853,2.0,0.2952473118217309
412636,-2.3413490286139305,-2.9999202620151957,0.0,0.6585712334012652
412668,-22.456325642646725,-22.326916765092797,5.0,-0.12940887755392794
413180,-27.468122667037207,-25.91776827899215,7.0,-1.5503543880450579
413216,-10.090987838009603,-9.242871266697692,2.0,-0.8481165713119108
413289,-29.791871420512432,-29.69330336983057,10.0,-0.09856805068186247
413297,-4.151575020882265,-5.12593126941615,0.0,0.9743562485338852
413349,-6.229288142246484,-6.511710062276552,1.0,0.2824219200300675
413384,-40.70198827452752,-43.05335330410394,15.0,2.351365029576421
413414,-7.858715055216796,-5.907426985382938,1.0,-1.9512880698338577
413423,-1.3995978977441785,-2.088772687414786,0.0,0.6891747896706075
413633,-8.06924812427345,-8.657627544617345,2.0,0.5883794203438946
413672,-14.646011527600772,-13.853691616933164,3.0,-0.792319910667608
413771,-31.49279804050511,-32.99730377208954,9.0,1.5045057315844268
413820,-76.31103094338481,-90.23685727925361,33.0,13.925826335868805
413857,-8.347030515326498,-8.64856083783977,2.0,0.3015303225132726
413939,-36.47194275198892,-40.0909435701091,13.0,3.6190008181201776
413969,-98.85672784077866,-113.26037037873652,38.0,14.403642537957865
414156,-11.612522604178228,-11.632429398397269,3.0,0.0199067942190414
414261,-27.150701380953087,-26.468845678525753,9.0,-0.6818557024273346
414295,-13.655422991008452,-16.38499273780279,3.0,2.729569746794338
414406,-0.7650981841891396,-1.177625112814377,0.0,0.41252692862523754
414415,-8.655999407036726,-8.994553673496805,2.0,0.33855426646007913
414441,-5.857196011691297,-4.940364552884816,1.0,-0.916831458806481
414443,-5.617643839132425,-5.352662781490464,1.0,-0.2649810576419611
414474,-5.778053598730934,-5.035297608251289,1.0,-0.7427559904796448
414490,-32.16131465479337,-34.6532684296943,12.0,2.491953774900928
414631,-26.651468764648918,-25.795716650717477,8.0,-0.855752113931441
414730,-0.34018753689394576,-0.8739092546142408,0.0,0.5337217177202951
414815,-4.735374332937513,-4.425153557526129,1.0,-0.31022077541138415
414945,-34.85898187587453,-34.57659227620433,14.0,-0.2823895996701964
415067,-203.73033564943265,-225.44397384517075,103.0,21.7136381957381
415111,-22.13798122218227,-22.233740162820993,7.0,0.09575894063872425
415207,-26.32733648977429,-25.151274278500924,7.0,-1.176062211273365
415486,-0.9466048495661941,-1.177625112814377,0.0,0.23102026324818303
415562,-14.553277946454665,-15.002633788366293,4.0,0.44935584191162725
415738,-0.8183791362557531,-1.177625112814377,0.0,0.359245976558624
415864,-43.362482794161615,-44.54831845926483,17.0,1.1858356651032125
416036,-38.35089378897526,-36.81183726428207,12.0,-1.5390565246931942
416101,-34.857333717102094,-35.32355515776331,13.0,0.46622144066121507
416269,-1.058914504670197,-1.177625112814377,0.0,0.11871060814418
416387,-17.956017882029073,-17.760291953520927,5.0,-0.1957259285081463
416419,-18.632137174426823,-17.70996053396118,5.0,-0.9221766404656435
416563,-14.479765206142854,-13.795662327951678,3.0,-0.684102878191176
416574,-52.44412362348061,-50.56452745694557,23.0,-1.8795961665350376
416595,-1.7635818356042712,-3.303636120215332,0.0,1.5400542846110608
416688,-9.661506501057396,-9.852499544171106,2.0,0.19099304311371057
416829,-18.4148530905076,-19.238588695994398,5.0,0.8237356054867995
416971,-8.807406461218667,-8.655797283144922,2.0,-0.15160917807374474
417061,-12.18391174113926,-11.865671715878248,3.0,-0.31824002526101225
417144,-26.762681048471283,-26.610644845592162,9.0,-0.15203620287912045
417261,-1.772272154756292,-2.3924885456149223,0.0,0.6202163908586302
417264,-1.6675875216847786,-1.7850568292146498,0.0,0.11746930752987117
417465,-78.34178670261844,-77.42097137255206,36.0,-0.9208153300663753
417511,-35.8658232741825,-38.65262314937955,10.0,2.7867998751970475
417628,-16.822976902553535,-18.113006611963833,5.0,1.2900297094102982
417726,-9.22011596390413,-9.290256752462552,2.0,0.07014078855842243
417797,-9.007895860754749,-9.65503346721861,2.0,0.6471376064638612
417926,-22.004483084079855,-21.355733522122108,6.0,-0.6487495619577466
417976,-5.790993178095814,-5.062046869554245,1.0,-0.7289463085415688
418042,-5.6741245877917175,-6.915098246212038,1.0,1.2409736584203204
418086,-62.40427502604112,-62.35613339392307,25.0,-0.04814163211804612
418150,-28.158704963097293,-28.501282945001304,10.0,0.3425779819040109
418273,-24.990117137218764,-31.27920409688652,10.0,6.289086959667756
418411,-24.461154136220255,-27.192077691795348,7.0,2.7309235555750924
418516,-2.0679694976412475,-1.4813409710145136,0.0,-0.5866285266267339
418560,-1.341575881565699,-1.7850568292146498,0.0,0.44348094764895074
418724,-19.512349295252843,-23.531278600720782,7.0,4.018929305467939
418783,-5.61948258196526,-6.0803976774413515,1.0,0.4609150954760919
418788,-12.30205655940453,-12.48062317052155,3.0,0.1785666111170201
418798,-27.006892392781573,-27.054971151675513,7.0,0.04807875889393998
418803,-0.2052099443629398,-0.8739092546142408,0.0,0.668699310251301
418862,-5.210240844335484,-4.679316985957784,0.0,-0.5309238583777001
418949,-49.598876406314794,-55.3924025714445,21.0,5.793526165129705
419090,-6.772314665922041,-7.555658135017241,0.0,0.7833434690952004
419138,-57.90138064059261,-56.37424795185884,24.0,-1.5271326887337722
419162,-13.419948971121691,-16.111902159095433,3.0,2.6919531879737413
419367,-5.726875146016303,-5.630136614243573,1.0,-0.09673853177273006
419385,-16.84842141543876,-16.850264187828305,5.0,0.0018427723895442227
419386,-2.300068051202229,-4.562487702023398,0.0,2.2624196508211685
419462,-0.7869881088707175,-0.8739092546142408,0.0,0.08692114574352339
419473,-11.548627307641166,-11.588226768387885,3.0,0.03959946074671983
419670,-0.6472792551349069,-0.9393514502218439,0.0,0.29207219508693694
419811,-37.94117413261877,-38.851192330940016,17.0,0.9100181983212465
419853,-12.035833111168186,-11.910178263971337,3.0,-0.1256548471968486
419860,-5.292101933835964,-5.454415942721915,1.0,0.16231400888595093
419908,-24.190576748313084,-30.3260463341912,8.0,6.135469585878116
419975,-16.336767517247882,-22.86794202903315,5.0,6.531174511785267
420080,-11.880708036935305,-12.730190030035583,3.0,0.8494819931002784
420226,-29.600211598985858,-31.77493163138054,9.0,2.1747200323946814
420236,-21.815058282536135,-23.1194865034801,8.0,1.304428220943965
420274,-7.8942649892921155,-8.727761515100404,1.0,0.8334965258082887
420386,-0.4340525558063939,-0.5757442992725161,0.0,0.14169174346612223
420464,-15.372968778697865,-15.286119144371925,4.0,-0.08684963432594017
420488,-8.703565463508516,-8.555453167108167,2.0,-0.14811229640034895
420550,-97.30729604131476,-86.82489067927125,27.0,-10.482405362043508
420562,-5.09436606543149,-5.391703957934419,1.0,0.2973378925029282
420592,-3.617518228863809,-4.2147836948157416,0.0,0.5972654659519328
420636,-5.094390794489668,-5.674841495768565,1.0,0.5804507012788971
420752,-29.48976375382442,-29.021913912066186,10.0,-0.46784984175823396
420803,-62.825031685827994,-62.909133641193314,27.0,0.08410195536531972
420882,-18.45441874858626,-22.052277292647368,5.0,3.5978585440611077
421013,-21.228085610300976,-21.113756300995686,6.0,-0.1143293093052904
421063,-5.065584536154808,-5.129338042446404,1.0,0.06375350629159637
421146,-20.50632826465823,-19.818674488943262,6.0,-0.687653775714967
421401,-23.670904608155254,-24.895270917168574,7.0,1.2243663090133197
421419,-177.42373813153733,-251.7134405107998,80.0,74.28970237926248
421505,-6.204480492990038,-5.011761635037316,1.0,-1.1927188579527224
421531,-17.10255876602538,-17.57947060467512,4.0,0.47691183864974107
421558,-16.43265083232697,-16.887759265727123,4.0,0.4551084334001523
421581,-6.968061260667156,-9.609518872885475,2.0,2.6414576122183195
421695,-15.966766193617442,-15.680098836652283,4.0,-0.2866673569651592
421740,-35.368678834066706,-34.347271621595944,13.0,-1.0214072124707627
421798,-5.132590857974131,-5.6335111829887925,1.0,0.5009203250146612
421799,-36.46399401545156,-37.2844992834102,15.0,0.8205052679586373
421933,-7.789495704721645,-8.203532447991654,0.0,0.4140367432700085
422182,-11.134587189096312,-11.646898819738096,3.0,0.5123116306417845
422451,-1.4150780570676198,-2.3924885456149223,0.0,0.9774104885473025
422668,-10.006601143009576,-9.709877093399,2.0,-0.2967240496105763
422942,-0.35383378239520064,-0.8739092546142408,0.0,0.5200754722190402
422966,-6.0958717158667985,-5.846224233005284,1.0,-0.24964748286151472
423008,-8.130928618745106,-8.539680038789827,2.0,0.4087514200447213
423277,-40.18070442751437,-44.037334182128966,10.0,3.8566297546145947
423314,-1.4309095510943082,-2.109107146484394,0.0,0.6781975953900856
423315,-15.049270906958819,-16.06180766793495,4.0,1.0125367609761309
423358,-0.2598139377105806,-0.8739092546142408,0.0,0.6140953169036603
423626,-19.909690100517214,-19.915877223038567,5.0,0.006187122521353672
423647,-11.977240756174867,-11.531331551016208,3.0,-0.4459092051586584
423749,-53.94093631403883,-53.66793229560746,28.0,-0.27300401843137223
423933,-26.558101742425688,-36.03953539516556,10.0,9.48143365273987
424007,-3.8079545776950434,-4.518499553015877,0.0,0.7105449753208335
424018,-13.265360358017569,-13.00167520865018,3.0,-0.2636851493673884
424035,-25.05252650465779,-25.3549346990465,7.0,0.3024081943887076
424152,-1.1254208180490795,-1.4813409710145136,0.0,0.3559201529654341
424197,-2.3968846951196037,-2.9999202620151957,0.0,0.603035566895592
424214,-12.436024218379735,-12.722256167498491,3.0,0.28623194911875594
424243,-8.472529457962343,-6.781436854805804,1.0,-1.6910926031565392
424369,-9.182403915656023,-9.007894302996014,2.0,-0.17450961266000853
424373,-59.40894413978937,-55.94964852152884,22.0,-3.4592956182605263
424444,-11.345156160680032,-12.49164293970561,3.0,1.1464867790255777
424500,-35.25693477020439,-35.237826389454455,13.0,-0.01910838074993393
424558,-5.263154138794257,-4.934491975002863,1.0,-0.32866216379139424
424625,-5.123451199250618,-5.011761635037316,1.0,-0.111689564213302
424761,-5.687651538547925,-5.20607333405758,1.0,-0.4815782044903454
424816,-23.523790925246953,-24.63746500196243,5.0,1.1136740767154762
424831,-26.425078838510263,-26.7168051726526,9.0,0.29172633414233573
424957,-25.37910060328821,-25.411667552494666,8.0,0.032566949206454865
425054,-5.37842346312482,-5.8145587406487,1.0,0.4361352775238796
425095,-30.104518543168112,-32.41557050194096,11.0,2.3110519587728504
425226,-46.65911728323687,-51.22829719642094,16.0,4.5691799131840725
425280,-9.892924750807799,-9.17760707971212,2.0,-0.7153176710956792
425318,-19.477498597289873,-20.820090799437864,6.0,1.3425922021479906
425367,-26.078705988361584,-27.05981007789347,6.0,0.9811040895318861
425453,-13.227658838268185,-13.267711756893739,2.0,0.0400529186255536
425522,-1.5145856051399451,-2.3924885456149223,0.0,0.8779029404749772
425574,-7.999843511814893,-8.637109477189457,2.0,0.6372659653745636
425782,-5.785681251324662,-4.880237460035042,1.0,-0.9054437912896196
425809,-2.6909851205091817,-0.5863428906411597,0.0,-2.104642229868022
425857,-41.63722320209773,-40.9313731079639,17.0,-0.7058500941338295
425892,-35.64385076789759,-36.944321091628694,8.0,1.3004703237311048
426171,-36.003116554023286,-35.74746295586761,14.0,-0.2556535981556749
426182,-25.34923966393669,-24.011331786693436,7.0,-1.3379078772432536
426241,-8.814101611090928,-8.531906705179273,2.0,-0.2821949059116555
426266,-8.430245158454031,-9.049882406192207,2.0,0.6196372477381757
426320,-93.4193849405662,-85.38078547062327,42.0,-8.038599469942938
426386,-18.298927902074436,-17.88853432533338,5.0,-0.41039357674105403
426657,-25.684600714205715,-25.8324499954462,8.0,0.1478492812404859
426871,-11.140707340256215,-13.154847506921396,3.0,2.0141401666651806
427030,-0.5025128040343946,-0.8739092546142408,0.0,0.37139645057984627
427074,-68.62468348477418,-73.55845041892957,39.0,4.933766934155386
427450,-5.704914837457678,-5.100556176912241,1.0,-0.6043586605454365
427604,-16.925146250352377,-17.713841701853774,4.0,0.7886954515013969
427670,-12.63182505002206,-12.33962438597322,3.0,-0.29220066404884015
427712,-0.8622244453269627,-1.177625112814377,0.0,0.31540066748741435
427766,-14.764379392514948,-13.911559177530293,3.0,-0.8528202149846553
427928,-15.716213071721542,-17.494878212162504,3.0,1.7786651404409621
428234,-5.582569011566723,-6.340794702216695,0.0,0.7582256906499723
428399,-9.848044983555116,-9.55103633516877,2.0,-0.29700864838634544
428419,-26.980950506456153,-26.384531882340003,8.0,-0.5964186241161507
428506,-25.592444015415573,-26.802506552949506,7.0,1.2100625375339327
428641,-5.115339305859724,-4.915686229443301,1.0,-0.19965307641642305
428710,-20.292578127226303,-21.235206316937344,5.0,0.9426281897110407
428760,-5.545578653750967,-5.0067669990285335,1.0,-0.5388116547224335
428877,-12.739697961533183,-12.017437774575955,3.0,-0.7222601869572287
429022,-18.408618539527712,-17.40294104952292,5.0,-1.0056774900047927
429063,-15.325430472673903,-14.409631674147187,4.0,-0.9157987985267155
429132,-5.446154612628827,-5.87652888231645,1.0,0.43037426968762293
429285,-39.533305390231064,-38.42685547615954,16.0,-1.1064499140715256
429315,-62.14573895806272,-59.79021089967929,25.0,-2.3555280583834346
429337,-37.83250970710557,-36.521332556571096,13.0,-1.3111771505344763
429401,-8.698494480945632,-8.597974488028635,2.0,-0.10051999291699687
429414,-18.842670890957198,-18.758076301203623,5.0,-0.08459458975357492
429425,-36.89568142459008,-37.150475833500025,10.0,0.25479440890994454
429476,-15.960085314220864,-13.22944539267423,3.0,-2.7306399215466346
429477,-59.32734291326433,-60.66297835134251,27.0,1.335635438078178
429608,-14.979612675627067,-14.471293178253772,4.0,-0.5083194973732947
429640,-5.166147653813558,-5.068569676511637,1.0,-0.09757797730192053
429644,-19.274490495366667,-19.40153988132647,6.0,0.12704938595980408
429675,-42.91403919157265,-35.00579057018748,9.0,-7.9082486213851695
429691,-22.56607395878992,-22.4193480088681,7.0,-0.14672594992182297
429741,-15.20747077264869,-15.939764326232178,4.0,0.7322935535834869
429760,-54.756232106487886,-63.18145370921386,20.0,8.425221602725976
429982,-21.212789729957844,-20.831873958605172,6.0,-0.3809157713526723
430064,-40.643588950064014,-39.29631984544643,12.0,-1.347269104617581
430085,-17.821722837015354,-17.725001488691003,5.0,-0.0967213483243512
430124,-27.061205844671193,-27.285735185442835,8.0,0.22452934077164244
430207,-24.94207887807834,-26.87117639687582,9.0,1.9290975187974801
430325,-48.847189759764156,-48.37514108009319,21.0,-0.4720486796709693
430403,-41.80114489136096,-40.87112871792692,15.0,-0.9300161734340406
430437,-12.710025067355412,-12.98100863803672,3.0,0.27098357068130774
430530,-12.35688003303141,-11.778556349379434,3.0,-0.578323683651977
430552,-28.181491533278347,-27.131694342546663,9.0,-1.0497971907316845
430583,-2.06588056142724,-2.7442658058487144,0.0,0.6783852444214742
430585,-8.48306988158363,-9.985385000618333,0.0,1.5023151190347033
430726,-20.695977853732003,-21.654993025232116,6.0,0.9590151715001127
430884,-59.683250336899654,-58.089452047233486,14.0,-1.593798289666168
430940,-10.127836547620236,-16.059702164621058,0.0,5.931865617000822
431116,-15.05438284260015,-16.78300093938563,3.0,1.72861809678548
431136,-17.912177388251656,-17.114658248982266,5.0,-0.7975191392693901
431160,-22.051688496536023,-21.619649845411022,7.0,-0.4320386511250014
431180,-31.475405705809113,-35.52477154180199,11.0,4.049365835992877
431246,-4.877829677496964,-5.162255726351237,1.0,0.28442604885427336
431561,-5.386699786796837,-5.485145461578177,1.0,0.09844567478134003
431746,-11.90864063051842,-12.330845194886898,3.0,0.422204564368478
431823,-5.394226654854922,-5.488737585655845,1.0,0.0945109308009231
431953,-16.904378039063765,-16.732728307475284,5.0,-0.17164973158848085
432204,-1.9962053223766523,-4.89092769152412,0.0,2.894722369147468
432235,-16.151531249733157,-17.8284173388094,3.0,1.6768860890762411
432284,-5.895423444717531,-6.561551381935273,1.0,0.666127937217742
432299,-5.492842561008609,-5.253484515706252,1.0,-0.23935804530235671
432337,-9.413721838174485,-10.026421373184974,1.0,0.6126995350104885
432420,-4.848089957415731,-5.174189674147462,1.0,0.326099716731731
432514,-13.866712022151038,-13.355295368023567,3.0,-0.511416654127471
432756,-22.414895226752765,-23.547206959875325,7.0,1.1323117331225596
432764,-5.323414355603383,-5.1099477999561564,1.0,-0.21346655564722639
433057,-8.748761641228695,-8.767583831440016,2.0,0.01882219021132059
433291,-7.344797193085372,-7.728460556254623,1.0,0.38366336316925054
433389,-5.236035522095758,-5.61152883865246,1.0,0.37549331655670226
433440,-9.807267044429711,-9.546572838961584,2.0,-0.26069420546812694
433494,-4.90204470668785,-4.380726048438212,0.0,-0.5213186582496379
433511,-26.464500000161152,-25.537894921226933,7.0,-0.9266050789342195
433602,-9.033057026530642,-8.819124460765027,2.0,-0.21393256576561548
434031,-9.733834320268091,-9.629908201589359,2.0,-0.10392611867873214
434060,-8.71299418684592,-8.567986656092957,2.0,-0.14500753075296302
434073,-24.603539672550713,-24.164323109234953,7.0,-0.4392165633157603
434116,-1.207875306953905,-1.4813409710145136,0.0,0.27346566406060857
434368,-8.705217755309917,-8.672713349308724,1.0,-0.032504406001192976
434386,-22.73945641559725,-24.87913386742796,7.0,2.1396774518307105
434472,-12.139476500025287,-13.869977049278546,1.0,1.730500549253259
434707,-5.239242940035292,-5.399943043780918,1.0,0.1607001037456257
434808,-23.86286114679671,-27.02984569791925,6.0,3.166984551122539
434879,-19.992601354461577,-21.597010942832327,4.0,1.6044095883707499
434887,-54.79981982968216,-56.10552024653421,14.0,1.305700416852055
434920,-8.878730274876544,-8.586663972122015,2.0,-0.29206630275452916
434955,-66.67093915869643,-65.76186285097012,18.0,-0.9090763077263091
435003,-16.92065199087056,-22.305420338194985,4.0,5.3847683473244246
435082,-1.18958235622731,-1.4813409710145136,0.0,0.29175861478720355
435091,-5.67531586406492,-5.045712533691445,1.0,-0.6296033303734756
435155,-110.60311725960639,-127.14312246867713,38.0,16.540005209070742
435191,-20.50279558364414,-17.91000049583282,4.0,-2.5927950878113215
435242,-8.719188104032181,-8.613581782448914,2.0,-0.10560632158326655
435326,-5.628454433324772,-6.12520767867091,1.0,0.4967532453461381
435819,-15.598372583868919,-15.671806008187623,4.0,0.07343342431870425
435832,-44.933068034249814,-44.261553296462324,24.0,-0.6715147377874899
435919,-17.733256034477087,-18.23611698485408,5.0,0.5028609503769914
436202,-13.475084433868084,-14.208214367175394,2.0,0.7331299333073105
436265,-10.66315866186001,-10.677113687187147,3.0,0.013955025327136994
436330,-8.13843911895263,-8.453213130451513,2.0,0.31477401149888173
436373,-8.815213322893982,-9.54719837210548,2.0,0.7319850492114988
436566,-49.15253890084321,-48.84317223525972,19.0,-0.30936666558348946
436756,-18.99482181117294,-19.11755520271489,5.0,0.12273339154194929
436985,-7.847822540441311,-7.907427375107169,1.0,0.05960483466585753
437037,-9.752966849554603,-9.274184476782711,2.0,-0.4787823727718923
437195,-8.973488159733765,-8.898942022897456,2.0,-0.07454613683630917
437197,-8.357229220078601,-8.655384064921115,2.0,0.2981548448425144
437339,-25.598720577372973,-28.512064241021957,7.0,2.913343663648984
437350,-11.637369953513025,-12.275611419659208,3.0,0.6382414661461837
437542,-6.2529354559241535,-6.697988645343665,1.0,0.4450531894195118
437543,-54.948870186418446,-57.3268318506456,27.0,2.3779616642271506
437590,-11.998765948674421,-11.897164675466767,3.0,-0.10160127320765433
437629,-15.986986039084714,-21.269109011058887,1.0,5.282122971974173
437717,-1.6166130115725619,-1.4813409710145136,0.0,-0.1352720405580483
437724,-26.268756183413995,-24.354760325362182,5.0,-1.9139958580518126
437755,-37.29978097893733,-38.338454946860615,14.0,1.0386739679232875
437798,-10.904909485609677,-9.418608698069443,2.0,-1.4863007875402339
438047,-16.621292141238012,-16.338063802265413,4.0,-0.2832283389725987
438074,-52.89777975552988,-52.35194388307743,21.0,-0.5458358724524501
438167,-18.022258568632463,-17.960805847137898,5.0,-0.0614527214945646
438404,-1.889234102187483,-1.502448762216766,0.0,-0.38678533997071707
438410,-68.47520762638831,-87.74629881346722,23.0,19.27109118707891
438602,-5.0156914329251645,-5.481460851692875,1.0,0.46576941876771016
438656,-5.6320673777543435,-5.057750298202972,1.0,-0.5743170795513715
438693,-9.583595196468469,-11.046761187438042,1.0,1.4631659909695731
438719,-34.088953482865335,-35.05657758210773,13.0,0.9676240992423928
438870,-25.33101075924947,-33.136813528656134,6.0,7.8058027694066645
438912,-43.099688131406076,-46.778259011018434,16.0,3.6785708796123586
439018,-19.438966075352432,-18.981959485966897,5.0,-0.45700658938553573
439079,-24.744990174670093,-29.834822765197895,6.0,5.089832590527802
439546,-5.332591632391395,-4.939902536672866,1.0,-0.39268909571852895
439659,-15.34681482496246,-16.303867700728244,4.0,0.9570528757657843
439666,-35.55369947750723,-35.46220445889992,13.0,-0.09149501860731135
439670,-23.275582859490004,-24.59721964957283,6.0,1.3216367900828239
439777,-49.188047407906836,-49.22732599310376,20.0,0.039278585196925064
439941,-29.444681654690655,-29.24876592360943,11.0,-0.19591573108122518
440024,-16.99376466719814,-24.559527287512637,5.0,7.565762620314498
440063,-9.27402517256514,-8.478413245361889,2.0,-0.795611927203252
440265,-4.554952246977924,-5.113139731626799,1.0,0.558187484648875
440403,-6.206314567020029,-6.2447446555890584,1.0,0.03843008856902941
440442,-26.42933861413578,-25.99820386597513,9.0,-0.4311347481606518
440479,-16.243887551862965,-16.59941475002667,4.0,0.35552719816370626
440662,-27.63997531253036,-27.055127445877297,9.0,-0.5848478666530639
440683,-16.880367436146773,-10.820563076197308,2.0,-6.0598043599494655
440736,-14.519152454335389,-14.428591440014342,4.0,-0.09056101432104668
440776,-12.07497722828695,-11.898768615992134,3.0,-0.17620861229481655
440896,-16.898769717425495,-19.35309576640768,4.0,2.4543260489821854
441140,-4.536729747545914,-4.193899726836502,0.0,-0.34283002070941215
441187,-12.1752448581424,-13.45084579111757,3.0,1.2756009329751699
441278,-51.93908932911425,-57.94080511836378,19.0,6.001715789249523
441335,-1.006471762878628,-1.7850568292146498,0.0,0.7785850663360219
441407,-18.29299869770625,-21.294619940927966,4.0,3.0016212432217166
441805,-20.65893170105314,-20.446495727643633,6.0,-0.2124359734095087
441896,-58.57353547658339,-57.652139036187116,23.0,-0.921396440396272
442087,-5.665452455778816,-5.864288830361069,1.0,0.19883637458225323
442136,-5.4983049803105635,-5.313396006964288,1.0,-0.18490897334627565
442264,-11.974625356521104,-11.658964388470583,2.0,-0.3156609680505209
442378,-81.86755672077949,-87.57444320576451,46.0,5.70688648498502
442414,-24.288295200344265,-23.502599843133332,7.0,-0.7856953572109333
442455,-20.202811777502625,-23.45732184661379,6.0,3.2545100691111664
442463,-28.614046149211596,-29.360253445636513,9.0,0.7462072964249167
442485,-10.666440477536584,-10.274135046902135,2.0,-0.39230543063444934
442520,-5.383549509175081,-6.7674298367247445,1.0,1.3838803275496634
442567,-2.3559701280646994,-2.9999202620151957,0.0,0.6439501339504963
442608,-42.101948109175694,-52.728831188274384,13.0,10.62688307909869
442625,-0.8886062786903587,-1.5302080496751536,0.0,0.6416017709847949
442639,-45.91390649157873,-43.72391635011665,20.0,-2.1899901414620757
442685,-18.56399451490965,-18.85526679173521,6.0,0.29127227682556267
442978,-21.8066381727274,-22.048356059147793,7.0,0.2417178864203926
443031,-32.42018304754027,-32.99293057732599,11.0,0.5727475297857225
443068,-5.036155225561873,-5.0931730622961835,1.0,0.05701783673431038
443074,-8.857264225046034,-8.528264432144073,2.0,-0.3289997929019606
443076,-38.17638771537635,-36.820801156628086,9.0,-1.3555865587482643
443084,-8.736708614301225,-8.485913670594332,2.0,-0.25079494370689304
443124,-1.5077468142274661,-2.9999202620151957,0.0,1.4921734477877295
443135,-9.140968764744501,-8.770419230938119,2.0,-0.37054953380638267
443192,-13.786062013563695,-14.393074600837688,4.0,0.6070125872739922
443226,-6.737239445020051,-12.111396008019288,0.0,5.374156562999237
443468,-14.637069624950927,-14.380182314877711,4.0,-0.25688731007321586
443473,-30.501945871586763,-30.346165052986446,11.0,-0.15578081860031645
443527,-56.197865408595746,-57.72773491360172,21.0,1.5298695050059763
443538,-33.88973880815551,-33.43140123115057,12.0,-0.45833757700494004
443552,-8.292884849581194,-8.577952374033986,2.0,0.28506752445279204
443726,-20.928937105242973,-20.124671000210384,4.0,-0.804266105032589
443736,-0.851014632870343,-1.177625112814377,0.0,0.32661047994403414
443738,-5.03976301806312,-4.736824018616654,1.0,-0.3029389994464653
443786,-8.334157428831274,-9.377953284218059,0.0,1.0437958553867848
443835,-5.691088239012664,-5.36880038031874,1.0,-0.3222878586939233
443904,-14.491938720762997,-13.12585263311138,3.0,-1.3660860876516168
443954,-30.53312956594981,-31.554646055587565,9.0,1.0215164896377544
443997,-26.076400586741105,-28.085232765095338,10.0,2.0088321783542327
444029,-12.707362163764365,-12.752895570561245,1.0,0.04553340679687956
444216,-18.693211365817593,-18.380755300420205,5.0,-0.312456065397388
444248,-4.3234205220258195,-4.991167307448308,1.0,0.6677467854224881
444296,-5.099501483408584,-5.209401695737809,1.0,0.10990021232922498
444301,-12.306952255423726,-12.556850477100184,3.0,0.24989822167645848
444318,-21.211915990965156,-20.706877025827538,6.0,-0.5050389651376186
444385,-8.467378603030548,-5.493721536150597,1.0,-2.9736570668799516
444740,-8.862827953093623,-9.023749269951074,1.0,0.1609213168574506
444778,-32.65245892271774,-34.81532286584048,9.0,2.162863943122737
444878,-4.783310242257188,-4.918903993262377,1.0,0.13559375100518878
445021,-26.317504664854766,-28.708088131893454,7.0,2.390583467038688
445131,-14.995470246887194,-16.310753563186076,4.0,1.3152833162988813
445237,-28.295218145038156,-33.26436645355294,9.0,4.969148308514782
445284,-12.621197633166046,-12.398424622745358,3.0,-0.22277301042068842
445422,-41.01656855755301,-39.117781960621365,10.0,-1.898786596931643
445435,-20.531780314418558,-19.926663107472862,6.0,-0.605117206945696
445451,-4.8720750577884075,-4.99628670601439,1.0,0.12421164822598207
445527,-9.93370813438099,-9.487568649534431,2.0,-0.4461394848465581
445682,-15.108600465982883,-15.653295237338417,4.0,0.5446947713555339
445698,-13.162675716114357,-12.638549251301823,3.0,-0.5241264648125341
445737,-5.218081956064841,-5.269431122215536,1.0,0.05134916615069507
445784,-8.313881810287354,-8.792195398916618,2.0,0.47831358862926443
445841,-5.485524812404455,-4.9716422683362795,1.0,-0.5138825440681751
445923,-63.77320428412468,-74.49935194637489,24.0,10.726147662250206
445956,-22.87820232487347,-23.560003305428094,7.0,0.6818009805546232
445971,-25.618993250948087,-24.75850908084803,7.0,-0.8604841701000581
446030,-34.70616350928008,-33.90418962069578,13.0,-0.8019738885842997
446183,-34.51275252072902,-55.024592964897515,10.0,20.51184044416849
446218,-5.414022758785253,-5.558030053586975,0.0,0.14400729480172192
446221,-10.534045113733841,-10.566794053436723,2.0,0.032748939702882396
446265,-102.73874973489856,-184.81942647467744,45.0,82.08067673977888
446326,-24.608933718463586,-24.18168154301251,8.0,-0.42725217545107697
446701,-1.6144887634833098,-2.3924885456149223,0.0,0.7779997821316125
446764,-5.017207984159457,-4.941943798531394,1.0,-0.07526418562806292
446822,-14.734358768477504,-14.865137791622017,4.0,0.1307790231445125
446989,-27.21825912731505,-26.94474037620879,10.0,-0.2735187511062591
447030,-13.792336796565179,-14.301148535829775,4.0,0.5088117392645959
447201,-17.389935220259016,-18.762298545390458,4.0,1.3723633251314418
447283,-38.608692494604945,-37.020915341550726,12.0,-1.587777153054219
447423,-38.36759288497678,-38.474771953782074,14.0,0.10717906880529426
447465,-13.058093194424675,-13.370030206163955,3.0,0.3119370117392801
447551,-26.704989751689382,-23.759272118445207,6.0,-2.9457176332441755
448058,-9.325442649462287,-9.595176590071013,2.0,0.2697339406087256
448094,-21.663217300349384,-16.910656149215004,4.0,-4.75256115113438
448170,-32.87905577787452,-33.16332042160054,13.0,0.28426464372601856
448362,-15.052132279714433,-15.037175759411817,3.0,-0.014956520302616738
448374,-25.059133360055146,-25.041825237924257,8.0,-0.017308122130888393
448379,-39.53927194738049,-57.482910529872385,11.0,17.943638582491893
448387,-11.533740126307668,-12.17194246095282,3.0,0.6382023346451522
448404,-7.727483061712442,-8.439547673654321,2.0,0.7120646119418792
448415,-23.80754490916726,-32.19474210274738,6.0,8.387197193580118
448812,-37.28688420193595,-37.28353881992349,16.0,-0.003345382012454934
448825,-90.44086146151457,-88.0342256612588,56.0,-2.4066358002557706
448911,-27.438107426535304,-27.518194915230726,10.0,0.08008748869542259
448941,-44.91950539955828,-50.629099409513586,17.0,5.709594009955303
449033,-16.37087873980324,-15.168272599510047,4.0,-1.2026061402931916
449038,-161.84965237868425,-188.81925682545457,107.0,26.96960444677032
449141,-105.77828169547651,-97.89318441293851,41.0,-7.885097282537998
449251,-23.526093512318955,-22.90726523804109,5.0,-0.6188282742778632
449328,-34.28248224090944,-35.776682410860744,11.0,1.4942001699513057
449384,-8.14425831722868,-8.874053609027895,1.0,0.7297952917992152
449608,-10.046577319798342,-11.021066165138143,2.0,0.9744888453398008
449631,-12.884046869350085,-12.577566986393512,3.0,-0.30647988295657314
449702,-22.403466250272366,-17.70318694787874,3.0,-4.700279302393625
450012,-4.767250093307713,-5.180330813400251,1.0,0.4130807200925375
450187,-13.30601434761275,-12.290914709602145,3.0,-1.0150996380106054
450440,-5.171617365472106,-4.989082537228889,1.0,-0.18253482824321754
450856,-16.473355423039102,-17.29681582981037,3.0,0.8234604067712681
450910,-18.295594985819836,-19.15173429686678,4.0,0.8561393110469453
451015,-16.064342139943715,-16.185365522880076,4.0,0.12102338293636095
451057,-1.8793226087555528,-2.9999202620151957,0.0,1.120597653259643
451153,-5.236266783675795,-5.268016611103595,1.0,0.03174982742779964
451293,-19.067706218972113,-19.263031410374296,4.0,0.1953251914021834
451493,-23.750466825822986,-23.15923235595821,7.0,-0.5912344698647765
451693,-27.491136653158275,-27.411708015040443,9.0,-0.0794286381178324
451853,-1.4510834039865306,-2.088772687414786,0.0,0.6376892834282555
451916,-24.941068751818815,-22.913492000705304,6.0,-2.0275767511135108
452138,-28.443423357925237,-30.549029429831464,10.0,2.1056060719062266
452145,-1.6060209381153971,-2.9999202620151957,0.0,1.3938993238997985
452282,-32.306064688522476,-28.76744084461822,8.0,-3.5386238439042543
452291,-1.660713380660456,-1.7254428561175221,0.0,0.0647294754570662
452389,-4.9672933514082915,-5.112776019847081,1.0,0.1454826684387891
452423,-26.524403447826074,-28.581804613459617,8.0,2.057401165633543
452736,-12.602736787414875,-11.872464263702632,3.0,-0.7302725237122427
452751,-13.245325567720187,-13.248701264224447,3.0,0.003375696504260617
453071,-8.146104901120657,-8.881348810806596,2.0,0.7352439096859396
453148,-23.63786898272887,-23.753257264374604,7.0,0.1153882816457319
453210,-2.6905214740008128,-2.9999202620151957,0.0,0.3093987880143829
453496,-61.32860037694482,-59.52328552257411,34.0,-1.8053148543707067
453528,-8.683632422507399,-8.64035512658881,2.0,-0.043277295918588976
453544,-11.40435125318358,-11.651923323808212,3.0,0.24757207062463316
453551,-59.82518300208836,-79.82440178972811,26.0,19.999218787639755
453601,-5.875856218701759,-4.851538471441195,1.0,-1.0243177472605636
453648,-45.88395158289629,-45.035589408422766,21.0,-0.8483621744735217
453752,-14.594911795253035,-14.162048261419292,4.0,-0.43286353383374276
453834,-38.11548458892175,-38.03155909225681,13.0,-0.0839254966649392
454104,-14.414412022239055,-16.871429247010184,3.0,2.4570172247711284
454111,-60.63011788123662,-62.910276441848296,21.0,2.2801585606116745
454219,-1.734291564914439,-2.3924885456149223,0.0,0.6581969807004833
454399,-22.425708980506556,-20.3236994604685,5.0,-2.102009520038056
454407,-14.923528135508343,-14.74650408269374,3.0,-0.17702405281460365
454743,-43.89883755663306,-43.71246747111188,15.0,-0.18637008552118317
454762,-88.92018532855752,-106.80705616095833,16.0,17.886870832400803
454765,-13.635965896844487,-12.828153738667748,3.0,-0.8078121581767395
454984,-16.180516806538947,-22.89881195426852,4.0,6.718295147729574
455054,-5.187030526536761,-8.467570206818177,1.0,3.280539680281416
455073,-9.274227763448046,-9.407266042429619,2.0,0.13303827898157294
455092,-15.847211533591645,-15.183931528566712,4.0,-0.6632800050249337
455202,-8.78957767424275,-8.641800665593719,2.0,-0.14777700864903132
455264,-3.210686370330528,-3.567842861682066,1.0,0.35715649135153793
455325,-1.0511840841958273,-1.4813409710145136,0.0,0.43015688681868625
455382,-5.815382386905596,-4.9839444010762515,1.0,-0.8314379858293446
455477,-5.09914398150458,-4.969887973140411,1.0,-0.12925600836416873
455479,-5.620063101365617,-6.2995723285035226,1.0,0.6795092271379053
455730,-1.2053729156758521,-1.7850568292146498,0.0,0.5796839135387977
455796,-1.0169005778894522,-1.4813409710145136,0.0,0.46444039312506136
455849,-1.579373327661755,-1.7850568292146498,0.0,0.20568350155289483
455857,-1.091984530881021,-1.4813409710145136,0.0,0.3893564401334926
456014,-39.706862076958245,-40.14058233097225,18.0,0.4337202540140055
456127,-3.2292981844965314,-4.822215411216014,0.0,1.5929172267194827
456173,-28.038132069907153,-27.10363080302142,10.0,-0.9345012668857322
456200,-15.51133944388556,-13.028614035356147,3.0,-2.4827254085294133
456327,-37.84254704744692,-38.64049461206671,12.0,0.7979475646197898
456329,-35.730975536819635,-34.80109288170971,12.0,-0.9298826551099282
456527,-6.699699994988655,-5.5627224740657715,1.0,-1.1369775209228834
456564,-12.94178540297403,-11.73268735010968,3.0,-1.2090980528643502
456574,-6.37556708256398,-6.481518849729413,1.0,0.10595176716543353
456694,-8.07839684477208,-8.591423003631101,2.0,0.5130261588590219
456752,-14.664644731835091,-13.266523030277723,3.0,-1.3981217015573684
456870,-98.4168580990004,-105.57583746157,53.0,7.15897936256961
457209,-5.05675857884064,-5.223745493858919,1.0,0.16698691501827945
457265,-25.35709913617494,-25.619998040312485,8.0,0.26289890413754335
457316,-14.50877875626293,-15.107731831374382,4.0,0.5989530751114529
457372,-10.460197601276993,-9.472678037736255,2.0,-0.9875195635407383
457559,-55.85790422370717,-53.01388792579419,21.0,-2.8440162979129866
457608,-20.992800925965383,-21.283698459625548,7.0,0.29089753366016424
457676,-22.012133769730195,-22.790190619118658,6.0,0.778056849388463
457736,-44.573010044549044,-47.29214832310067,13.0,2.7191382785516254
457932,-37.973499117189526,-38.81822000480793,15.0,0.8447208876184007
458013,-9.071059288636345,-8.530663503569032,2.0,-0.5403957850673127
458138,-16.53946956632735,-15.462982919881807,4.0,-1.0764866464455451
458162,-22.34804924213608,-22.170096556711922,5.0,-0.17795268542415954
458210,-0.712756274691561,-1.177625112814377,0.0,0.4648688381228161
458332,-1.3056258108008871,-0.9338464344745899,0.0,-0.3717793763262972
458415,-26.811433981932506,-25.232735961425874,6.0,-1.578698020506632
458557,-5.199952453975246,-5.096964052834575,1.0,-0.10298840114067165
458582,-59.895603759916185,-58.06985838715433,23.0,-1.8257453727618511
458791,-5.076772466817759,-5.008759888341535,1.0,-0.06801257847622377
458918,-84.23853745522734,-86.699677620562,41.0,2.4611401653346547
458941,-16.246476282663423,-15.619358082452448,4.0,-0.6271182002109743
459259,-20.067351602505077,-21.430896426781434,6.0,1.3635448242763566
459331,-36.76782241650636,-36.74201990301137,14.0,-0.025802513494994628
459538,-26.20945555001645,-28.575191813224645,9.0,2.365736263208195
459645,-12.06897210111184,-11.70477126006367,3.0,-0.3642008410481701
459727,-4.377236203501017,-6.644510560416832,0.0,2.2672743569158156
459808,-13.025175039799484,-12.618263343752732,3.0,-0.4069116960467518
459862,-48.240149825225636,-46.340776273796216,19.0,-1.89937355142942
459869,-25.10589248053934,-24.458790767200735,8.0,-0.6471017133386034
459983,-15.144193675490241,-13.140473344276499,3.0,-2.003720331213742
460010,-0.4199345199081991,-0.8739092546142408,0.0,0.45397473470604177
460230,-5.4680262770739425,-4.95994270099938,1.0,-0.5080835760745623
460248,-14.90329897563657,-15.982353880240163,3.0,1.079054904603593
460530,-1.698849568576918,-2.3924885456149223,0.0,0.6936389770380043
460544,-15.573321172404471,-15.241607743671315,4.0,-0.33171342873315623
460631,-4.751816688270487,-5.022227053339197,1.0,0.2704103650687104
460755,-11.929345396319732,-12.471467177576764,3.0,0.5421217812570323
460790,-24.597042527242348,-27.735791680438275,7.0,3.1387491531959277
460873,-44.254082795296426,-44.612390517096706,16.0,0.3583077218002799
460928,-11.50060900862384,-17.267477775066823,1.0,5.7668687664429825
461035,-86.40911906001162,-88.36794619081056,49.0,1.9588271307989373
461063,-50.9718623407231,-49.93514401796904,24.0,-1.0367183227540622
461113,-8.927012155016609,-8.840113839757016,2.0,-0.08689831525959235
461266,-16.999337249237982,-16.39418053852323,4.0,-0.605156710714752
461325,-19.01241618686244,-17.805285124327348,5.0,-1.2071310625350904
461380,-1.3250784880187916,-1.177625112814377,0.0,-0.14745337520441448
461506,-11.774786039018498,-10.259030437500787,2.0,-1.5157556015177107
461524,-8.972046211857622,-9.572853478349176,2.0,0.6008072664915538
461530,-35.606993508718475,-40.65526492214987,15.0,5.048271413431394
461614,-12.29151193258309,-11.651941443832463,3.0,-0.6395704887506266
461645,-21.159340817612414,-19.003795578293282,4.0,-2.1555452393191317
461825,-16.595678060503314,-21.871246703759997,4.0,5.275568643256683
462088,-9.998167078090455,-8.6057316800827,2.0,-1.3924353980077555
462166,-24.882029804204308,-24.274176118519144,8.0,-0.6078536856851642
462179,-14.90964966256251,-14.835846950956492,3.0,-0.07380271160601737
462221,-0.6339135576558468,-0.567021560651568,0.0,-0.06689199700427884
462485,-4.631793262801255,-5.642244799934509,1.0,1.010451537133254
462500,-19.09887978982272,-18.63376109198077,5.0,-0.4651186978419517
462538,-39.58101416669183,-38.309865896795785,18.0,-1.2711482698960452
462823,-16.976310528573777,-17.118711099280933,5.0,0.1424005707071565
462989,-14.793201156706257,-14.547163959309941,4.0,-0.24603719739631558
463136,-6.240017078593092,-6.749965035182751,1.0,0.5099479565896594
463309,-6.125895107710011,-5.166806559531404,1.0,-0.9590885481786069
463316,-47.81453091990771,-46.944240141205256,21.0,-0.8702907787024543
463328,-1.5106911325444936,-2.088772687414786,0.0,0.5780815548702924
463330,-0.9425602724119451,-0.9258539543881119,0.0,-0.016706318023833155
463430,-37.07298447524157,-36.655241871315816,13.0,-0.4177426039257526
463660,-0.47851647973121025,-0.5701933964141045,0.0,0.09167691668289424
464067,-15.847591353712446,-15.88381100456051,3.0,0.03621965084806433
464107,-13.421926196524723,-14.084572497254964,3.0,0.6626463007302412
464447,-136.36851284924043,-140.37710215167866,83.0,4.008589302438224
464473,-0.4694323310601975,-0.266477538213968,0.0,-0.20295479284622947
464562,-5.194083856933695,-5.040734935876955,1.0,-0.15334892105673958
464610,-16.461898003015815,-17.07049412603496,5.0,0.6085961230191437
464638,-5.186238827376607,-4.989319647917328,1.0,-0.19691917945927884
464811,-1.2964391991719622,-2.088772687414786,0.0,0.7923334882428239
464858,-17.404714321108152,-20.129314751844607,5.0,2.724600430736455
464929,-3.004745318598399,-3.911067836615605,0.0,0.9063225180172059
464934,-8.574247953342452,-8.980222082741468,1.0,0.40597412939901645
465007,-18.577703109144846,-16.756734843360636,4.0,-1.8209682657842094
465157,-5.6943168972107,-5.87403929349489,1.0,0.1797223962841903
465373,-90.36145356024215,-93.14589964083339,44.0,2.7844460805912377
465487,-5.118989952676988,-5.050346847219969,1.0,-0.0686431054570189
465506,-14.552640683691617,-14.056909419556519,3.0,-0.4957312641350988
465517,-5.172704642456088,-5.280014504729605,1.0,0.10730986227351735
465684,-9.290571495943514,-9.602822124689697,2.0,0.3122506287461828
465791,-0.6120149576680789,-0.8739092546142408,0.0,0.26189429694616195
465831,-20.126774567037444,-21.316693462696676,6.0,1.1899188956592326
466030,-8.359320550353582,-8.69062612590851,2.0,0.33130557555492857
466149,-5.732758727419267,-5.1140432202804496,0.0,-0.6187155071388171
466165,-9.786523416019218,-10.825665512922164,2.0,1.0391420969029461
466366,-24.64678118770512,-23.75275195463484,7.0,-0.894029233070281
466499,-19.242069924060292,-18.3810280036531,5.0,-0.8610419204071924
466581,-37.83015811370572,-39.990499443832284,16.0,2.1603413301265633
466647,-29.141463988106327,-33.11704407605571,11.0,3.9755800879493854
466805,-3.641471122864759,-3.0527158525535367,0.0,-0.5887552703112222
467087,-1.1764843702996421,-1.7850568292146498,0.0,0.6085724589150077
467286,-28.63400771305512,-29.209355776570387,11.0,0.5753480635152677
467337,-5.27648772715686,-5.393603718159168,1.0,0.11711599100230785
467468,-0.9803654052614246,-1.4813409710145136,0.0,0.500975565753089
467546,-5.03809600524554,-4.927231030884438,1.0,-0.11086497436110232
467579,-23.330725937645024,-22.771667337456854,7.0,-0.5590586001881697
467590,-114.60153237366157,-111.15976814612858,54.0,-3.4417642275329854
467802,-10.203705310135623,-10.281313452608046,2.0,0.07760814247242287
467825,-5.3478932480888295,-4.860659311920478,1.0,-0.48723393616835153
467955,-23.688821586727535,-23.70353435089537,6.0,0.014712764167835957
467966,-15.82513472813107,-15.76979097617346,4.0,-0.055343751957609655
468081,-6.110262262633858,-6.446098654390907,1.0,0.3358363917570486
468177,-8.834019137761887,-8.568146689084267,2.0,-0.2658724486776194
468181,-5.194898196733134,-5.016683637196786,1.0,-0.17821455953634846
468199,-7.562425658391217,-4.936119141656627,1.0,-2.6263065167345907
468389,-5.015009733501414,-4.987904931177552,1.0,-0.02710480232386203
468507,-10.332851590869115,-11.256991599987591,2.0,0.9241400091184762
468855,-20.671878840802155,-22.21935911233491,4.0,1.5474802715327556
469012,-24.165875794597245,-23.848578360910196,7.0,-0.3172974336870489
469108,-17.45551136173471,-17.728952299510553,5.0,0.2734409377758418
469280,-0.7630827595262815,-1.4813409710145136,0.0,0.7182582114882321
469380,-5.178167920834459,-5.140991194463363,1.0,-0.03717672637109537
469500,-14.599170016632078,-14.000431540492972,3.0,-0.5987384761391059
469606,-18.88186656662567,-24.427330799050125,5.0,5.545464232424454
469635,-6.636365879105256,-6.948226418616968,0.0,0.311860539511712
469839,-18.187436048244088,-18.326991553343383,5.0,0.13955550509929537
469842,-36.81551422715978,-41.04422558907152,13.0,4.228711361911742
469892,-1.4327338805888754,-1.7850568292146498,0.0,0.3523229486257744
470105,-27.364503040615915,-27.115533675866306,10.0,-0.24896936474960896
470137,-9.450782524315107,-9.193225393110442,2.0,-0.25755713120466517
470339,-4.153531968007066,-4.999871431923965,1.0,0.8463394639168991
470364,-1.2055608333143688,-1.5761979168245335,0.0,0.37063708351016467
470402,-28.402829247665593,-29.335862997737244,10.0,0.933033750071651
470437,-26.25056621389926,-26.465945320794788,6.0,0.2153791068955293
470598,-19.120741574575344,-19.573817940393372,6.0,0.4530763658180277
470601,-35.17422538567427,-35.209379534362476,9.0,0.03515414868820699
470943,-9.768863299734457,-9.246394881892027,2.0,-0.5224684178424308
471005,-9.619957067293104,-9.435713659570048,2.0,-0.1842434077230557
471044,-54.38132431778217,-56.1641196752339,23.0,1.7827953574517252
471298,-2.5264991766381577,-3.607351978415468,0.0,1.0808528017773105
471340,-2.381416142518088,-2.9999202620151957,0.0,0.6185041194971075
471368,-62.07228520566712,-62.415995311343394,29.0,0.3437101056762728
471453,-19.515271511703983,-19.647320524601348,5.0,0.13204901289736526
471474,-18.964524297914256,-18.121898265841462,5.0,-0.8426260320727934
471573,-7.992547627525483,-9.131838182084087,2.0,1.1392905545586034
471658,-21.863854976215745,-20.767014526847117,6.0,-1.096840449368628
471752,-40.157163949682335,-41.88777136022791,15.0,1.7306074105455735
471836,-59.535653372901564,-61.922644056296186,29.0,2.3869906833946217
471897,-30.32436203046127,-30.397381868496314,11.0,0.07301983803504442
471915,-163.64650838326298,-217.40300001436103,56.0,53.756491631098044
472079,-8.338912480331945,-8.582109645220728,2.0,0.24319716488878207
472239,-15.121334460175571,-15.674214197320712,4.0,0.5528797371451404
472515,-13.677549303709256,-12.698028309945384,3.0,-0.979520993763872
472629,-0.28306834655959984,-0.5701933964141045,0.0,0.28712504985450465
472632,-28.637099430354468,-28.559281837715393,10.0,-0.07781759263907517
472702,-9.66428950844365,-10.098054033976863,2.0,0.43376452553321343
472767,-18.09557762598957,-17.738052999768726,5.0,-0.3575246262208438
472815,-22.420921148410034,-21.910662517986022,7.0,-0.510258630424012
472816,-5.89015633504206,-4.880956719710567,1.0,-1.009199615331493
472918,-9.382734320039486,-8.565085097144637,2.0,-0.8176492228948486
473039,-12.801425006875704,-12.165280688208664,3.0,-0.6361443186670392
473519,-19.241884515383806,-19.137587887239054,6.0,-0.10429662814475193
473542,-13.561325819230598,-14.924029034351156,4.0,1.3627032151205576
473548,-41.2646675036639,-42.04467760963274,17.0,0.7800101059688416
473551,-7.740691905138548,-9.377953284218059,0.0,1.6372613790795105
473753,-89.12709016434863,-88.01863179829915,58.0,-1.1084583660494758
473777,-11.956801989884463,-11.943099522134682,3.0,-0.013702467749780567
473810,-21.416802377919684,-22.317674702973573,6.0,0.9008723250538893
473838,-37.330242846839106,-37.114655225179554,15.0,-0.2155876216595516
473843,-1.298139219726287,-1.247622521136041,0.0,-0.0505166985902461
473853,-16.970572039307086,-16.508853487637563,4.0,-0.4617185516695237
473902,-1.4302868486620017,-1.7850568292146498,0.0,0.3547699805526481
474032,-1.9334255720717373,-2.9999202620151957,0.0,1.0664946899434584
474039,-12.330181203852392,-11.698999121043686,3.0,-0.6311820828087065
474050,-0.6912524113085188,-0.8739092546142408,0.0,0.18265684330572207
474269,-9.190873622536055,-8.42143028509055,2.0,-0.7694433374455052
474358,-12.600214030347693,-12.644715992479162,3.0,0.044501962131468176
474412,-59.54722682590386,-57.527113429587835,27.0,-2.0201133963160274
474419,-51.076399361236405,-45.20192694754527,13.0,-5.874472413691137
474513,-32.394857134843825,-32.51217661723613,13.0,0.11731948239230405
474613,-8.5767366676728,-8.803069920671247,2.0,0.22633325299844742
474645,-17.638208354635726,-17.50957868808984,5.0,-0.12862966654588703
474710,-45.179305262101586,-43.57161633309642,14.0,-1.607688929005164
474966,-17.89721305578968,-18.1063764911533,5.0,0.20916343536361737
475020,-24.004274569352162,-25.1175453155646,7.0,1.1132707462124358
475034,-24.68564118110514,-24.091940135848027,8.0,-0.593701045257113
475085,-14.259609336050008,-19.454359254844636,2.0,5.194749918794628
475111,-9.894015532592476,-9.884673163130385,2.0,-0.009342369462091327
475116,-21.255686515464788,-20.64197278250658,6.0,-0.6137137329582067
475200,-20.22420891034581,-20.81060583429853,6.0,0.5863969239527229
475316,-37.36912242325639,-41.86563992908122,16.0,4.496517505824826
475370,-15.614192117993664,-14.828509491701091,4.0,-0.7856826262925729
475437,-6.553527428384866,-9.377953284218059,0.0,2.8244258558331925
475525,-1.2428187265879542,-1.4813409710145136,0.0,0.23852224442655934
475609,-56.90913914051475,-56.55774680381135,21.0,-0.3513923367034053
475652,-15.98895829389113,-14.635339557363762,4.0,-1.353618736527368
475697,-29.0723377479922,-28.51190945190551,9.0,-0.5604282960866911
475830,-4.088862014366001,-4.504148902794921,0.0,0.4152868884289207
475850,-8.574685672974523,-8.520267705511136,2.0,-0.054417967463386674
475876,-3.0765959276532957,-4.518499553015877,0.0,1.4419036253625812
475951,-8.78582541611515,-8.539263560911676,2.0,-0.24656185520347407
476182,-0.8574792901932337,-1.177625112814377,0.0,0.32014582262114344
476224,-68.63333934786158,-76.43293391195525,19.0,7.799594564093667
476304,-9.624449408567902,-10.340387915667952,2.0,0.7159385071000504
476412,-3.7561193566066677,-5.12593126941615,0.0,1.3698119128094826
476423,-5.13077095274694,-5.17621776070889,1.0,0.04544680796194989
476647,-1.6818378290848293,-2.6962044038150594,0.0,1.0143665747302302
476655,-4.318547573899254,-5.066234533978312,1.0,0.7476869600790579
476812,-64.76926050165484,-61.893687240616906,32.0,-2.8755732610379354
476831,-32.76282557280072,-32.93814166216944,12.0,0.1753160893687209
477081,-0.9123865160614042,-1.4813409710145136,0.0,0.5689544549531094
477119,-9.694782754856169,-8.676273413953972,2.0,-1.018509340902197
477140,-5.490573234246524,-5.174189674147462,1.0,-0.3163835600990623
477334,-28.29627729443514,-32.55879167892095,7.0,4.262514384485808
477357,-11.70214135025028,-10.245203518042226,2.0,-1.4569378322080535
477416,-9.89399868040505,-9.177289450437991,2.0,-0.7167092299670585
477425,-28.276978921153543,-38.333323995028564,7.0,10.056345073875022
477438,-10.812949781859531,-10.107778728497147,2.0,-0.7051710533623847
477459,-1.2583626905479863,-1.7850568292146498,0.0,0.5266941386666635
477480,-48.48026759898246,-70.18554787637568,16.0,21.70528027739322
477664,-22.58069997376451,-28.477736806537685,4.0,5.897036832773175
477785,-12.051935306420281,-12.530667504138417,3.0,0.478732197718136
477915,-2.6481297679629265,-3.607351978415468,0.0,0.9592222104525416
478195,-37.45877155598962,-72.58418126466353,13.0,35.12540970867391
478224,-31.670471234859722,-33.12605627852269,11.0,1.4555850436629676
478298,-14.431845175004893,-14.810320034997297,4.0,0.37847485999240327
478303,-9.432287760757488,-9.900827840191987,2.0,0.46854007943449894
478497,-22.069581285874236,-21.24966376880001,5.0,-0.8199175170742272
478500,-53.7103454818685,-51.619273189310285,23.0,-2.0910722925582164
478619,-1.8388366515010894,-3.303636120215332,0.0,1.4647994687142425
478683,-20.010604156318422,-28.849970912890385,8.0,8.839366756571962
478716,-8.283797587432732,-5.504763447793604,1.0,-2.779034139639128
478734,-46.70274333442026,-48.99980881127817,23.0,2.2970654768579095
478743,-22.60848373551579,-32.431648709287515,6.0,9.823164973771725
478757,-5.389119406213065,-5.505900602197674,1.0,0.11678119598460945
478843,-1.1674145578732384,-1.4813409710145136,0.0,0.3139264131412751
478866,-66.53713667688092,-70.26681854543634,28.0,3.729681868555417
478899,-12.306144283870974,-12.49587329514822,3.0,0.18972901127724562
478903,-0.6608133419346062,-0.8739092546142408,0.0,0.21309591267963468
478938,-9.537373698397111,-8.620819000927368,2.0,-0.9165546974697438
479014,-2.6112000536369613,-2.6962044038150594,0.0,0.08500435017809815
479071,-34.85407376908656,-24.45099980893126,4.0,-10.4030739601553
479074,-20.32672602919141,-19.66213852515971,5.0,-0.6645875040317009
479140,-7.302752064940882,-7.251942276817105,0.0,-0.05080978812377701
479145,-7.502386791295766,-7.754377336979191,1.0,0.2519905456834248
479157,-5.53823699801659,-5.127868213415717,1.0,-0.41036878460087234
479163,-4.949145990840985,-6.037078844016559,0.0,1.087932853175574
479179,-25.418371080972495,-25.19536544815891,8.0,-0.2230056328135852
479328,-10.762117928078103,-12.03068633703232,2.0,1.2685684089542164
479407,-19.2260273678295,-18.43192660561717,5.0,-0.7941007622123273
479410,-29.111355222350873,-28.530792734165676,10.0,-0.5805624881851976
479436,-23.323810343379506,-23.90367848008835,7.0,0.5798681367088427
479438,-32.87891792744089,-33.462479799574965,12.0,0.5835618721340765
479541,-19.6784047190394,-23.021681964880536,5.0,3.3432772458411364
479590,-5.451308736848169,-6.948226418616968,0.0,1.4969176817687986
479608,-30.435420232376742,-30.164648571305143,9.0,-0.2707716610715991
479652,-15.110389635621425,-14.449799449687042,4.0,-0.6605901859343835
479699,-15.24423308695862,-14.13893548154267,3.0,-1.1052976054159487
479905,-21.2533720916069,-22.01685957499854,7.0,0.7634874833916427
479914,-0.6517779063366985,-1.177625112814377,0.0,0.5258472064776786
479924,-4.065662291563129,-4.822215411216014,0.0,0.7565531196528852
480150,-18.1846427215143,-18.488293076313408,5.0,0.30365035479910674
480152,-29.31405234710387,-31.919340495556305,8.0,2.605288148452434
480162,-0.6961503338980727,-0.8739092546142408,0.0,0.17775892071616817
480172,-45.1685726095511,-50.430372073271904,19.0,5.261799463720806
480190,-24.509631828387263,-31.696548790963057,4.0,7.186916962575793
480205,-8.377823468266588,-7.941909196427831,2.0,-0.4359142718387563
480281,-7.9318116369690355,-8.930106639546475,1.0,0.9982950025774393
480483,-5.428432320443196,-5.564841549174337,1.0,0.13640922873114025
480497,-65.89211331188142,-67.95479414527578,25.0,2.062680833394367
480533,-0.6197601295600539,-1.177625112814377,0.0,0.5578649832543232
480640,-18.985663508133367,-21.89316323764402,6.0,2.907499729510654
480727,-5.385302915443818,-5.534941577492495,1.0,0.1496386620486767
481031,-13.976235712315402,-13.714604910871417,3.0,-0.2616308014439852
481153,-17.228926404983547,-21.500455690641672,3.0,4.271529285658126
481173,-21.666458238292883,-21.218181067398415,7.0,-0.4482771708944675
481235,-9.662205190959195,-10.220830128990853,2.0,0.5586249380316577
481279,-18.934853364937236,-19.546529913780446,6.0,0.6116765488432101
481413,-9.625046282006041,-11.429288241982995,2.0,1.8042419599769541
481521,-15.789967157565556,-14.82893652348338,4.0,-0.9610306340821761
481607,-8.793493980414551,-8.561511376474327,2.0,-0.2319826039402244
481643,-5.35257935854154,-5.110385252027703,1.0,-0.24219410651383733
481778,-1.0480999981966808,-1.6238133808992854,0.0,0.5757133827026046
481814,-24.831916018647355,-18.244439911245006,4.0,-6.587476107402349
481843,-1.2091351135611492,-1.7850568292146498,0.0,0.5759217156535006
481846,-18.15237438413211,-17.686481644258834,4.0,-0.46589273987327573
481935,-137.43618669692577,-152.53539737948714,54.0,15.099210682561363
482049,-8.203762542383803,-9.109041266904006,2.0,0.905278724520203
482177,-76.10384652882496,-77.55714435433572,32.0,1.4532978255107594
482364,-4.274252195556476,-4.840444605905176,1.0,0.5661924103486999
482519,-1.195816468798814,-1.7900762560009358,0.0,0.5942597872021218
482522,-70.17640675261289,-66.786835938012,36.0,-3.389570814600887
482581,-14.430167910657318,-16.74537679609138,3.0,2.315208885434064
482603,-20.638902341074292,-19.585154335751923,5.0,-1.053748005322369
482789,-13.776525387438852,-14.284465107638185,4.0,0.5079397201993334
482852,-56.11481671143254,-56.812295806418916,27.0,0.6974790949863774
483014,-18.69979113263247,-18.547327195633304,5.0,-0.15246393699916538
483096,-26.152842987702734,-25.58055266162291,8.0,-0.5722903260798233
483125,-7.807831122656491,-9.217544367608536,2.0,1.4097132449520444
483312,-22.529845906626846,-22.63650220700925,6.0,0.10665630038240437
483347,-10.806748203409366,-8.935382852797998,2.0,-1.8713653506113683
483357,-9.565820676348487,-12.754794573376968,1.0,3.1889738970284807
483371,-167.3179412862113,-175.85181868966365,112.0,8.533877403452351
483418,-20.745616349916403,-21.450855293007155,7.0,0.7052389430907517
483489,-16.688703216778457,-17.899352727808868,4.0,1.210649511030411
483696,-21.946875568269036,-25.785544365498417,7.0,3.8386687972293814
483745,-9.908370777167002,-9.19143399917068,2.0,-0.716936777996322
483807,-22.657031637516194,-22.82463620246795,7.0,0.16760456495175546
483991,-69.86184549331162,-66.42816846109547,25.0,-3.4336770322161527
484001,-4.692778644803468,-5.256974699460587,1.0,0.5641960546571188
484085,-4.939457087271519,-5.31809186234368,1.0,0.37863477507216103
484136,-38.56452110198847,-39.09490373193471,13.0,0.5303826299462386
484169,-18.055160424217448,-16.883633051243407,4.0,-1.1715273729740403
484177,-12.007968855969422,-12.290076857297816,3.0,0.2821080013283943
484193,-25.276269283420685,-24.90512536385208,6.0,-0.37114391956860615
484216,-44.1814311217712,-48.324295684125,13.0,4.1428645623538
484396,-2.1872814952128525,-1.4813409710145136,0.0,-0.705940524198339
484453,-12.224449998504266,-12.339748360376452,3.0,0.11529836187218656
484655,-5.363753917629622,-4.995595224158933,1.0,-0.3681586934706891
484697,-67.36021361838472,-66.64766055782441,37.0,-0.7125530605603103
484724,-25.560969192040947,-25.13995352782199,8.0,-0.421015664218956
485025,-10.573289376531454,-10.487994960227605,2.0,-0.08529441630384937
485105,-25.987824085038476,-25.456379898245842,7.0,-0.5314441867926334
485259,-5.109712658342106,-5.008759888341535,1.0,-0.10095277000057123
485457,-15.96351386053957,-15.59701102776367,4.0,-0.36650283277589857
485604,-24.37132172050265,-26.464405074581013,8.0,2.093083354078363
485624,-5.05251091719892,-5.004114209566501,1.0,-0.04839670763241877
485876,-4.997344995794126,-5.376942524486338,1.0,0.3795975286922113
485878,-22.938510689258543,-21.905671142274095,6.0,-1.032839546984448
485894,-20.9733472291829,-16.846073656074726,4.0,-4.127273573108173
486000,-36.82466977929211,-37.581034967787645,17.0,0.7563651884955362
486270,-30.198102085711817,-30.171174876575318,9.0,-0.02692720913649893
486340,-25.165963863379044,-25.18781786833287,7.0,0.021854004953826944
486574,-2.4067508368659105,-2.9999202620151957,0.0,0.5931694251492852
486613,-0.4946270515150245,-0.5701933964141045,0.0,0.07556634489907998
486708,-27.030804633842326,-26.83609285458741,9.0,-0.19471177925491645
486781,-6.1736604462980536,-5.05337505127496,1.0,-1.1202853950230933
486817,-31.67392680384566,-29.320980413956246,9.0,-2.3529463898894143
486967,-49.30873130737162,-59.97055354883253,15.0,10.661822241460904
487041,-19.04099657835076,-19.302506894217718,5.0,0.26151031586695694
487087,-16.705172548940286,-16.849285771281835,5.0,0.14411322234154866
487510,-8.689317351951066,-7.4560717161594265,1.0,-1.23324563579164
487649,-70.84040342293942,-70.56189955198242,28.0,-0.278503870956996
487715,-32.36647665234503,-30.994522523071506,10.0,-1.3719541292735222
487765,-20.549427610572888,-20.166998999938908,6.0,-0.3824286106339798
487822,-10.434642665828278,-9.495035689687553,2.0,-0.9396069761407251
487832,-71.15514282797868,-88.01052482385592,22.0,16.855381995877238
487928,-32.94009373830959,-33.176040113126675,10.0,0.23594637481708247
487954,-25.82128890450089,-26.2270303086613,7.0,0.40574140416040905
488036,-8.644852098859143,-8.50552713108314,2.0,-0.13932496777600356
488115,-6.036201262224849,-4.9921745813700955,1.0,-1.0440266808547536
488116,-15.59264122962669,-15.34837243035786,4.0,-0.24426879926882883
488297,-195.9144251435455,-230.95703696511504,77.0,35.04261182156955
488448,-1.3957508908479375,-2.3924885456149223,0.0,0.9967376547669848
488619,-20.510054737673784,-18.818225925320103,5.0,-1.6918288123536804
488643,-18.03405240277229,-17.616442143634917,5.0,-0.4176102591373727
488843,-8.814757324880203,-8.769466048167738,2.0,-0.045291276712465134
488880,-19.87372688960277,-22.205885060025192,6.0,2.332158170422421
488914,-25.551637113618078,-24.428824700413905,7.0,-1.1228124132041728
488976,-40.85071529150888,-40.62219267464596,16.0,-0.22852261686291797
489070,-28.420889885281692,-30.967791594209377,9.0,2.5469017089276846
489247,-4.928528285608744,-4.927231030884438,1.0,-0.001297254724305752
489254,-14.664188000785053,-14.34597580507888,4.0,-0.3182121957061739
489565,-38.65690666553227,-38.83434160836492,16.0,0.17743494283265449
489993,-11.505295560169994,-11.701641945407104,3.0,0.1963463852371099
490176,-11.37594980783429,-10.119625983470636,2.0,-1.2563238243636548
490201,-50.67165213213041,-51.475127851774694,17.0,0.8034757196442825
490287,-7.3254730419572445,-9.013590447178126,2.0,1.6881174052208818
490312,-29.260693992728214,-28.94650612120621,9.0,-0.3141878715220052
490351,-0.8777937177843521,-0.8739092546142408,0.0,-0.003884463170111263
490472,-5.848673308345978,-5.4405211452765725,1.0,-0.4081521630694054
490536,-1.072039456601456,-0.3841222061941032,0.0,-0.6879172504073527
490693,-12.359632241215115,-11.905131821737434,3.0,-0.4545004194776805
490716,-31.037851002078966,-33.03257219746022,10.0,1.9947211953812527
490777,-5.850149670734363,-6.420706625166667,1.0,0.5705569544323037
490792,-15.091444949196976,-14.285730857565671,3.0,-0.8057140916313053
490903,-17.545997189711006,-17.929030033720327,5.0,0.38303284400932114
491045,-0.9163431232032614,-1.7850568292146498,0.0,0.8687137060113884
491082,-21.435676332598803,-20.565006538556414,6.0,-0.8706697940423886
491156,-2.113509980416444,-2.088772687414786,0.0,-0.024737293001658056
491196,-8.953699312632416,-9.359745546782914,2.0,0.406046234150498
491243,-29.5620442887046,-34.79708474880659,10.0,5.235040460101988
491498,-35.49927317034997,-35.78968185930282,13.0,0.29040868895284433
491533,-1.1479506530194459,-1.4813409710145136,0.0,0.3333903179950677
491700,-39.54259437888198,-46.22333425796368,16.0,6.680739879081699
491892,-20.878176761496437,-20.406753946560897,6.0,-0.47142281493553995
492187,-7.55059773660463,-8.110708053186848,1.0,0.5601103165822172
492239,-12.25989678578387,-12.827267151057814,2.0,0.5673703652739448
492373,-42.83644935942004,-39.95768326787186,11.0,-2.8787660915481794
492387,-13.242376638994353,-15.755986306420924,0.0,2.5136096674265715
492463,-9.353086295671622,-8.701580533942174,2.0,-0.6515057617294477
492526,-1.6830286687071194,-2.6962044038150594,0.0,1.01317573510794
492550,-0.2756312197367269,-0.5701933964141045,0.0,0.2945621766773776
492578,-80.23051380662056,-79.09054438552543,46.0,-1.139969421095131
492633,-46.961521920467,-49.59681887541522,14.0,2.635296954948217
492637,-8.647303622490169,-8.875542878526566,2.0,0.22823925603639772
492744,-5.237727510883096,-5.059830501190934,1.0,-0.17789700969216238
492767,-41.322570108624376,-42.25190727317096,14.0,0.9293371645465811
492772,-138.39423661991657,-144.6899344054871,101.0,6.295697785570525
492778,-32.59538239522903,-31.201295034320598,9.0,-1.3940873609084328
492936,-12.988184583874554,-12.672758048673519,3.0,-0.3154265352010359
492959,-15.840438640663365,-16.59430305597414,1.0,0.7538644153107761
493067,-26.57333571589413,-26.04582232894913,9.0,-0.527513386945003
493107,-23.684389384254786,-25.757107803651355,7.0,2.072718419396569
493320,-41.6601832608817,-39.86293338519489,13.0,-1.7972498756868092
493441,-33.023895630307514,-36.73860694405688,12.0,3.714711313749369
493476,-1.8538765329596516,-1.177625112814377,0.0,-0.6762514201452745
493572,-37.516138274578566,-40.746715168664835,11.0,3.230576894086269
493621,-19.40039468006048,-24.635597416939017,6.0,5.235202736878538
493709,-20.137789501191868,-21.154376027427404,6.0,1.0165865262355354
493753,-1.5668357009027298,-2.260013356159517,0.0,0.693177655256787
493806,-15.417587667124156,-15.304642343325412,3.0,-0.11294532379874411
493816,-11.102340052833858,-11.854681283936136,2.0,0.7523412311022781
493817,-19.879473005006005,-19.23056207876983,5.0,-0.6489109262361765
493890,-0.9385270660342038,-1.5370130922602088,0.0,0.598486026226005
493959,-38.61096932965225,-38.89592540379677,16.0,0.2849560741445174
493960,-79.56437888630946,-84.30935056296471,42.0,4.744971676655254
494032,-106.07395159515228,-134.4495220780849,50.0,28.375570482932616
494136,-4.564131349255284,-4.9716422683362795,1.0,0.40751091908099557
494137,-14.049905533984445,-13.472608406272556,3.0,-0.5772971277118888
494295,-2.08026450068126,-3.303636120215332,0.0,1.2233716195340718
494310,-11.304134002933031,-10.572159994329091,2.0,-0.7319740086039399
494613,-5.467986395856128,-5.250293637665954,1.0,-0.2176927581901742
494635,-7.279523173969315,-8.369456833743559,1.0,1.0899336597742444
494679,-71.85438992183033,-72.07375010518088,36.0,0.2193601833505454
494738,-73.58611571257875,-77.2500226760804,26.0,3.6639069635016597
494905,-3.988261306650502,-4.2147836948157416,0.0,0.22652238816523962
494952,-8.806856858739932,-8.598918568686688,2.0,-0.20793829005324405
495001,-12.081111008284905,-11.740147879460944,3.0,-0.3409631288239616
495002,-6.593469135075142,-7.1414999500427,1.0,0.5480308149675581
495309,-2.4085299285187296,-2.088772687414786,0.0,-0.31975724110394355
495347,-2.657071103363088,-2.538648349602004,1.0,-0.11842275376108402
495415,-23.988960471228914,-23.74656972122937,7.0,-0.2423907499995437
495469,-7.102781434581928,-7.859373993217377,0.0,0.7565925586354494
495482,-137.604772528382,-206.84626238955238,56.0,69.24148986117038
495506,-44.75495851688968,-45.172897451311506,17.0,0.4179389344218265
495596,-15.646183240459822,-15.674601357903814,4.0,0.028418117443992585
495674,-7.699814271703393,-9.446467142831027,1.0,1.7466528711276341
495692,-34.910236423834604,-33.63852450963871,10.0,-1.2717119141958975
495707,-1.2285318566370893,-1.177625112814377,0.0,-0.05090674382271221
495916,-53.280831027821264,-53.437875853392946,24.0,0.1570448255716812
495941,-26.881815974406045,-35.21494828503487,6.0,8.333132310628827
496029,-12.062661466588782,-12.90236670344623,3.0,0.8397052368574478
496183,-5.1708700312151885,-4.921294761081755,1.0,-0.24957527013343395
496310,-18.393943229363725,-19.360309053480876,4.0,0.9663658241171511
496316,-23.50837285086948,-26.10176469745708,5.0,2.5933918465876005
496336,-5.234142284421564,-5.310466340232016,1.0,0.07632405581045187
496344,-34.872097276135015,-34.91276412231927,12.0,0.040666846184251426
496354,-15.07322813258689,-14.62043395803281,4.0,-0.45279417455407867
496361,-28.90685663108307,-27.95967518851845,8.0,-0.9471814425646201
496446,-1.156824801486248,-0.9143578597416491,0.0,-0.24246694174459904
496450,-5.377835971373563,-4.937839777792419,1.0,-0.43999619358114384
496490,-0.24899542063018537,-0.2896246745885214,0.0,0.04062925395833605
496549,-14.077493741314331,-16.384318597415717,4.0,2.306824856101386
496621,-13.106113056618353,-13.2621753683592,3.0,0.15606231174084684
496723,-7.455450632138522,-7.31076623870012,1.0,-0.14468439343840167
496778,-9.04544948623904,-9.291916360500757,2.0,0.2464668742617171
496880,-12.357559020076053,-12.767150621576596,3.0,0.4095916015005425
496954,-14.625807064125341,-14.92183512772166,3.0,0.29602806359631906
497355,-9.634058172822872,-8.96706093269691,2.0,-0.6669972401259621
497367,-11.912361644069977,-12.155180081853537,3.0,0.24281843778356027
497374,-15.620127795728994,-23.294831889996193,2.0,7.674704094267199
497379,-32.209534439305166,-31.87414558254988,12.0,-0.3353888567552872
497435,-14.056854876034974,-14.976359391715627,4.0,0.9195045156806536
497528,-10.288910015392299,-9.567674586328994,2.0,-0.7212354290633041
497557,-1.098045043711192,-1.4813409710145136,0.0,0.3832959273033216
497560,-42.9578370621243,-45.9133619866316,14.0,2.9555249245073014
497764,-98.18686769818535,-110.47910707727782,47.0,12.292239379092464
497794,-22.595496561347982,-22.862900455636748,6.0,0.26740389428876554
497835,-9.888180047687444,-9.17587436896677,2.0,-0.7123056787206732
497889,-13.860524601675392,-14.890636788009761,3.0,1.0301121863343692
497954,-9.781549163964963,-11.93457168647877,1.0,2.153022522513808
497998,-13.633261215181225,-14.912455438963285,3.0,1.27919422378206
498099,-36.867319373281795,-35.07706282580539,11.0,-1.7902565474764032
498101,-0.6946371934231467,-1.177625112814377,0.0,0.4829879193912304
498179,-7.177753558277417,-7.7331346530479035,1.0,0.5553810947704862
498217,-9.944924109074261,-9.192522048838173,2.0,-0.7524020602360881
498340,-10.101514121805709,-8.646182578891262,2.0,-1.4553315429144469
498380,-14.037479881107448,-15.385975027617436,4.0,1.348495146509988
498411,-21.033254422340953,-21.166486826775383,6.0,0.1332324044344304
498435,-42.146062358215126,-39.36225601632249,11.0,-2.7838063418926353
498488,-36.22562551465598,-38.669633761254815,15.0,2.444008246598834
498582,-23.263262525959536,-23.830182250366175,8.0,0.5669197244066382
498609,-52.95035320380048,-57.623334722278265,16.0,4.672981518477783
498659,-28.70007889088757,-28.459212772946497,10.0,-0.24086611794107426
498774,-5.160372085299542,-5.112776019847081,1.0,-0.047596065452461644
498848,-77.2683210082963,-90.92180557249614,34.0,13.653484564199843
498895,-2.0058818976545343,-3.164936961060574,0.0,1.15905506340604
498969,-10.338853684980291,-11.661304465414048,1.0,1.3224507804337566
498978,-47.87824224791765,-49.60116378751878,17.0,1.7229215396011313
498996,-9.762487092761894,-8.84228243228996,2.0,-0.9202046604719349
499010,-7.614233969219952,-5.0725125358245435,1.0,-2.5417214333954083
499100,-33.379449243575635,-32.29702734363387,11.0,-1.0824218999417639
499424,-6.037087056993059,-5.5759088652314155,1.0,-0.4611781917616433
499600,-45.09647676863121,-49.75992657562382,21.0,4.66344980699261
499636,-0.9312589898594922,-1.177625112814377,0.0,0.24636612295488491
499710,-17.041893725801625,-17.11382589234072,4.0,0.07193216653909573
499720,-4.907766148626055,-5.274189847854837,1.0,0.3664236992287817
499775,-4.665589734561397,-5.001498944223109,1.0,0.335909209661712
500004,-8.930347660747124,-8.55454595718492,2.0,-0.3758017035622032
500056,-5.094352914057648,-5.862534535165199,1.0,0.7681816211075514
500063,-1.7060607605451317,-2.2305212821727562,0.0,0.5244605216276246
500228,-9.934177142570585,-9.95900607069671,2.0,0.024828928126124694
500331,-23.30699921823685,-24.980055296363723,7.0,1.6730560781268728
500776,-5.43236177491398,-5.130914293310418,1.0,-0.30144748160356194
500797,-21.385439889374545,-19.905057373889676,5.0,-1.4803825154848695
500820,-26.266923727370127,-26.55518146021875,8.0,0.2882577328486242
500824,-1.030645358899624,-0.266477538213968,0.0,-0.764167820685656
500932,-60.01702531646621,-58.00054537933108,27.0,-2.0164799371351307
501004,-1.495889101824415,-1.8619417899251736,0.0,0.36605268810075864
501132,-12.863504863613842,-13.495639693546114,3.0,0.6321348299322711
501174,-17.122809761998067,-17.896919178025474,4.0,0.7741094160274073
501307,-10.468989728256798,-10.645251445051432,2.0,0.17626171679463454
501315,-4.823064179079708,-5.7191464847894915,1.0,0.8960823057097835
501340,-13.50003647254129,-12.266028443787627,3.0,-1.234008028753662
501365,-44.77254065898286,-45.0256932834543,15.0,0.25315262447143994
501428,-18.243745034748418,-20.593982562934446,5.0,2.350237528186028
501445,-51.39239083980328,-50.726408014317464,19.0,-0.6659828254858127
501482,-54.386381222211256,-56.17555751866166,22.0,1.7891762964504068
501515,-27.331235245699496,-27.975709703200437,10.0,0.6444744575009409
501523,-54.57154860493795,-86.76056084324206,24.0,32.18901223830411
501533,-15.202565134893481,-13.808593247002172,3.0,-1.3939718878913094
501657,-7.576988581922444,-7.310804357364589,1.0,-0.26618422455785495
501753,-5.363563148644953,-5.449306275691795,1.0,0.0857431270468414
501873,-35.352828896523945,-35.18260171016174,12.0,-0.17022718636220446
502109,-7.869945186452803,-8.545447905351741,2.0,0.6755027188989384
502204,-37.98831184758651,-38.16900795725038,14.0,0.18069610966387017
502253,-14.469417776705706,-13.604447012064615,3.0,-0.8649707646410913
502289,-5.341166681049403,-5.158900581017393,1.0,-0.1822661000320096
502374,-19.059303391145335,-19.002294095113363,5.0,-0.057009296031971246
502387,-13.605375898856826,-14.122572439832318,4.0,0.5171965409754922
502472,-33.820928284417526,-33.063302728494826,11.0,-0.7576255559227008
502593,-19.80780665577439,-19.89124797455017,6.0,0.08344131877577965
502761,-21.44352713145853,-19.983715475557002,6.0,-1.4598116559015288
502765,-21.06533529377076,-21.253257250714928,6.0,0.1879219569441659
502798,-72.38438140615396,-77.72735381539873,39.0,5.342972409244766
502833,-4.070030515502079,-3.911067836615605,0.0,-0.15896267888647442
502976,-20.817754867895577,-21.50242471051613,6.0,0.6846698426205542
503208,-6.229818961075826,-5.439841526273097,1.0,-0.7899774348027293
503218,-32.83011738471832,-32.57430605902634,10.0,-0.2558113256919796
503614,-22.136200952354212,-25.247367745060146,6.0,3.1111667927059337
503637,-5.921381529794833,-5.053674111548249,1.0,-0.8677074182465843
503734,-11.939031629940462,-13.194572243871843,3.0,1.2555406139313803
503818,-11.895887821903203,-11.477194449435501,3.0,-0.4186933724677022
503910,-1.9013164755565575,-2.9999202620151957,0.0,1.0986037864586382
503991,-9.593262054263656,-8.981184161604535,2.0,-0.612077892659121
504061,-34.887766971998765,-40.141506741670305,12.0,5.25373976967154
504220,-55.22719138423114,-75.72455828410338,18.0,20.49736689987224
504223,-46.995563353687466,-49.02402738787714,21.0,2.0284640341896747
504301,-12.338599022587156,-12.173987656252953,3.0,-0.1646113663342028
504309,-10.092646985589449,-11.007559193816348,1.0,0.9149122082268999
504367,-1.4192961189802074,-2.088772687414786,0.0,0.6694765684345787
504376,-25.455836951533122,-25.7448285084733,8.0,0.28899155694017864
504377,-18.844165175853238,-18.994617594758324,6.0,0.1504524189050862
504614,-23.249775741324367,-21.91132115092244,6.0,-1.338454590401927
504649,-12.138585425785685,-11.76672211618521,3.0,-0.3718633096004744
504698,-32.76471672555298,-32.439811472251655,12.0,-0.32490525330132414
504746,-5.209235491223093,-5.001498944223109,1.0,-0.20773654699998367
504882,-1.5034313631560285,-2.6962044038150594,0.0,1.192773040659031
504953,-79.29771061354391,-87.75750205730209,43.0,8.459791443758178
505133,-43.470037129385595,-45.22512570828089,12.0,1.7550885788952968
505254,-74.72182184906735,-74.82353004524356,37.0,0.10170819617620452
505382,-27.51448515936682,-26.646645691648242,8.0,-0.8678394677185786
505419,-19.14297830350914,-18.87595736776092,5.0,-0.2670209357482207
505473,-33.83124409805574,-32.54474805987397,10.0,-1.2864960381817738
505564,-11.701001269302775,-13.903417981368326,1.0,2.202416712065551
505807,-56.956079874239975,-59.42262398766397,28.0,2.4665441134239927
505922,-5.664264820208869,-5.077949863450209,1.0,-0.5863149567586596
505985,-5.621219954215134,-6.028979060101831,1.0,0.4077591058866963
506434,-60.37151949522796,-57.918417549140244,18.0,-2.4531019460877133
506445,-15.766481509817512,-14.927241830770413,4.0,-0.8392396790470986
506489,-8.967709896588898,-8.899319942488932,2.0,-0.06838995409996684
506671,-9.599398499057047,-8.564754504093159,2.0,-1.0346439949638881
506702,-12.63020033976949,-11.923610992333822,3.0,-0.706589347435667
506724,-21.198950286439366,-20.271916090643405,5.0,-0.9270341957959616
506809,-5.341957507365346,-5.074139345262636,1.0,-0.26781816210271003
507143,-6.7959545027132755,-5.408674297876219,1.0,-1.3872802048370563
507146,-32.93630826214906,-32.940484719375796,11.0,0.004176457226733987
507256,-14.65955024776264,-13.28762720344934,3.0,-1.3719230443133004
507301,-84.5008191289799,-81.57654903102765,44.0,-2.9242700979522454
507371,-21.863903469439904,-20.398120767416117,6.0,-1.4657827020237875
507539,-45.54435236074519,-46.75089447708182,20.0,1.2065421163366352
507575,-58.323907333113326,-60.91641905838348,18.0,2.592511725270157
507628,-11.268433022530452,-11.90661246070844,3.0,0.6381794381779873
507791,-16.017147550679145,-16.118814921578068,4.0,0.10166737089892308
507805,-20.151980344201043,-19.467442933063293,6.0,-0.6845374111377502
507893,-61.54352987629011,-64.7101724658795,31.0,3.1666425895893866
508003,-15.052645454025166,-14.94718572467475,4.0,-0.10545972935041625
508013,-18.76915159265052,-20.00385440366415,6.0,1.23470281101363
508043,-18.7833587686924,-19.99722057503758,4.0,1.2138618063451823
508142,-14.09893599098783,-13.531202382264121,3.0,-0.5677336087237084
508167,-5.487992485808539,-5.054977870273966,1.0,-0.43301461553457354
508242,-46.394958665062255,-46.69473081720739,19.0,0.2997721521451382
508243,-41.21724677229218,-48.73101934640762,17.0,7.513772574115443
508321,-9.79543119303956,-9.883800730981838,2.0,0.08836953794227753
508369,-15.526250959638265,-15.017629209435915,4.0,-0.5086217502023498
508396,-11.63370691887738,-14.12898047141662,3.0,2.49527355253924
508675,-30.301485125955303,-35.269356490341295,13.0,4.967871364385992
508687,-38.65968407102863,-43.556439140408756,16.0,4.896755069380127
508725,-18.62457087521943,-26.93833534207751,5.0,8.313764466858082
508738,-13.059761059732425,-16.00922862822993,3.0,2.9494675684975054
508785,-1.5530817433735395,-1.7850568292146498,0.0,0.23197508584111026
508921,-16.652746231697467,-18.718474292614545,3.0,2.0657280609170776
509297,-66.40868296933093,-92.23430918569542,21.0,25.825626216364498
509342,-15.24942738704911,-15.403977928408686,4.0,0.15455054135957624
509443,-1.3043481912665218,-1.7850568292146498,0.0,0.480708637948128
509451,-4.403827487420079,-4.930491213712799,1.0,0.5266637262927203
509540,-55.6533342938208,-56.40400680526285,24.0,0.7506725114420547
509556,-32.10363999028791,-31.44309410988299,11.0,-0.6605458804049213
509602,-18.796061715664997,-20.889915431428204,6.0,2.0938537157632062
509611,-28.47746149067927,-30.988451653392925,11.0,2.5109901627136537
509826,-9.033806928189758,-8.64596457904874,2.0,-0.38784234914101745
509952,-11.89121785496482,-13.62997529901997,0.0,1.7387574440551496
509977,-25.275802853991877,-23.780788549145655,6.0,-1.4950143048462223
510168,-0.7754972804433268,-0.8739092546142408,0.0,0.09841197417091407
510342,-23.604599457162436,-23.734640453402058,8.0,0.13004099623962162
510410,-17.190025036605384,-17.096730156663543,5.0,-0.09329487994184049
510479,-10.197448767727808,-8.958245629251774,2.0,-1.239203138476034
510559,-28.85395703427469,-28.79844759159627,9.0,-0.05550944267842084
510601,-21.58236550159969,-21.240372908827023,6.0,-0.3419925927726659
510650,-19.88461080087747,-19.27487323619176,5.0,-0.6097375646857124
510680,-1.4728403448694365,-2.088772687414786,0.0,0.6159323425453496
510683,-46.2806903300811,-47.985577790484186,19.0,1.7048874604030857
510811,-10.542760631213303,-16.208186322557026,3.0,5.665425691343723
510835,-5.457773374936985,-5.273999247536676,1.0,-0.18377412740030863
510859,-8.596095906134606,-6.394323677408004,1.0,-2.2017722287266013
510864,-9.318226127329364,-8.748821253359209,2.0,-0.5694048739701554
510976,-74.90781177236563,-105.41263132053052,34.0,30.50481954816489
511029,-13.899417114315543,-12.697851163442913,3.0,-1.2015659508726309
511177,-20.45165687353235,-22.07655196268183,6.0,1.6248950891494793
511285,-82.24201344196123,-83.35194856437728,45.0,1.1099351224160472
511289,-9.25215976562342,-10.257621818058752,1.0,1.0054620524353322
511301,-9.088275519066576,-8.684725905898153,2.0,-0.40354961316842264
511359,-27.84083259012813,-26.748714678688053,7.0,-1.0921179114400772
511464,-28.08354765988163,-28.905503967957145,10.0,0.8219563080755137
511624,-1.9072789029319506,-2.6962044038150594,0.0,0.7889255008831089
511745,-12.771368079600038,-14.041481342243815,3.0,1.2701132626437772
511902,-34.13071509190107,-34.90723954518743,11.0,0.7765244532863633
511907,-5.347706984398889,-5.014592075292253,1.0,-0.3331149091066363
511918,-12.296348417478015,-13.063932412911745,3.0,0.7675839954337302
511933,-12.334106051478548,-12.137408257481713,3.0,-0.19669779399683485
511960,-8.401351906702073,-8.739590762495562,2.0,0.3382388557934881
511983,-0.7889934211155447,-1.177625112814377,0.0,0.3886316916988324
512009,-24.986187590106624,-25.075738539162003,7.0,0.08955094905537919
512185,-27.391600618773772,-27.016231538112482,9.0,-0.37536908066129016
512222,-18.02891367791243,-16.60679814640345,4.0,-1.4221155315089824
512334,-4.153533359861546,-4.518499553015877,0.0,0.36496619315433065
512475,-22.54120010394594,-23.36276713293028,7.0,0.8215670289843402
512477,-44.78216455873695,-44.663653393533245,17.0,-0.11851116520370653
512646,-10.302153562185842,-9.02438470873924,2.0,-1.2777688534466023
512822,-39.249769069867206,-40.19674132990815,14.0,0.946972260040944
512971,-4.751989028275567,-4.2147836948157416,0.0,-0.5372053334598252
513326,-8.825661807957262,-8.63155554998551,2.0,-0.19410625797175207
513415,-57.13365540885036,-58.17688317690188,24.0,1.0432277680515227
513460,-28.201644709609052,-32.90742682671512,9.0,4.7057821171060645
513466,-41.008357199877686,-41.34060387232364,17.0,0.3322466724459545
513578,-32.26227817739019,-35.638122039448234,10.0,3.3758438620580407
513597,-65.76482477307786,-84.51241322453424,31.0,18.74758845145638
513693,-12.288389570315465,-9.663062283193524,2.0,-2.625327287121941
513932,-1.4259691379994388,-1.6167863879240312,0.0,0.19081724992459237
513953,-42.46355300543397,-46.49035119374451,16.0,4.026798188310536
513980,-0.9090962157804066,-1.177625112814377,0.0,0.26852889703397054
514043,-33.74268778234745,-34.02485135293432,11.0,0.28216357058686725
514343,-15.83608265677623,-14.613385661732492,4.0,-1.2226969950437372
514345,-20.97534902552432,-20.50394833099626,6.0,-0.4714006945280609
514523,-13.896520899199416,-14.158250521749206,3.0,0.26172962254979026
514541,-29.348163425990613,-31.146680884320894,11.0,1.7985174583302808
514581,-18.2094807608191,-17.368190220522067,4.0,-0.8412905402970345
514650,-2.5041055226942066,-1.7850568292146498,0.0,-0.7190486934795568
514755,-11.043995696180149,-10.874196286934744,2.0,-0.16979940924540493
514954,-2.245940691144236,-2.098944001181821,0.0,-0.14699668996241533
514976,-81.59704062419837,-79.2061360852154,49.0,-2.3909045389829657
515036,-4.127353960010964,-4.933754108754096,1.0,0.8064001487431316
515084,-1.1912686987072003,-1.7850568292146498,0.0,0.5937881305074495
515469,-1.161764195918991,-1.56939108788397,0.0,0.40762689196497903
515501,-15.994586909840564,-15.195482051682076,4.0,-0.7991048581584881
515560,-5.158013180029643,-5.442148311930336,1.0,0.28413513190069306
515844,-11.219286005391977,-10.565494391160135,2.0,-0.6537916142318423
515989,-8.932723881590567,-8.957221498831423,2.0,0.024497617240855973
516162,-5.267320526536321,-5.115002849215627,1.0,-0.1523176773206938
516166,-3.3521437477153877,-1.9374313332200432,0.0,-1.4147124144953445
516192,-10.745113355368446,-9.52736377017685,2.0,-1.217749585191596
516277,-14.573996127423031,-9.929193666493639,2.0,-4.644802460929393
516324,-3.3863852272998565,-3.303636120215332,0.0,-0.08274910708452454
516433,-16.921818536333305,-17.123423073499062,4.0,0.20160453716575688
516637,-48.480544591951066,-47.74030763835908,17.0,-0.7402369535919888
516822,-12.080245169544407,-11.602092043119711,3.0,-0.47815312642469543
516824,-26.844635303114018,-26.385991530431426,8.0,-0.45864377268259204
516830,-4.9868724911092865,-4.9827084153821355,1.0,-0.004164075727151051
516841,-19.659388804903333,-18.909351366065476,6.0,-0.7500374388378575
516877,-6.460130164204718,-6.628156743551344,1.0,0.16802657934662601
516904,-14.062995178205165,-15.407721302341097,3.0,1.3447261241359314
516911,-0.6229652968713622,-1.177625112814377,0.0,0.5546598159430149
517133,-26.82484187878818,-27.00797447475343,9.0,0.18313259596524745
517175,-21.864581166432988,-22.005099667972768,7.0,0.14051850153978052
517186,-0.24795775225513605,-0.31116342492133386,0.0,0.06320567266619781
517246,-14.449583532017035,-14.564623225866985,4.0,0.11503969384994939
517270,-0.08445331050231776,-0.266477538213968,0.0,0.18202422771165028
517322,-4.798232660689946,-5.20607333405758,1.0,0.40784067336763385
517327,-35.134686778672496,-34.716797484201415,11.0,-0.41788929447108103
517333,-33.84709485382296,-39.416229696513895,7.0,5.569134842690936
517363,-2.0444276401256305,-1.2597232515197054,0.0,-0.7847043886059251
517497,-10.574661665378015,-10.631509191510027,3.0,0.05684752613201205
517533,-31.79303994016611,-34.32645826713239,10.0,2.5334183269662773
517632,-4.611514917813495,-5.12593126941615,0.0,0.5144163516026552
517690,-13.026865614537288,-13.342147906049481,2.0,0.3152822915121938
517746,-14.55918111508571,-14.47404415292024,3.0,-0.08513696216547118
517756,-8.434982286840283,-8.924287078114634,2.0,0.48930479127435156
517792,-30.528834039762195,-34.16174794104658,10.0,3.6329139012843825
517832,-4.1052066344838805,-5.733362985816423,0.0,1.6281563513325423
517908,-27.09738899485404,-26.755206282969255,8.0,-0.3421827118847851
517981,-7.248515963100167,-7.709210250710924,1.0,0.4606942876107567
518106,-5.279291640754099,-5.051347509300618,1.0,-0.2279441314534809
518123,-27.86847273113844,-27.99937646037598,8.0,0.13090372923754146
518219,-0.3552889922545628,-0.266477538213968,0.0,-0.08881145404059476
518309,-1.6493949093293403,-2.3924885456149223,0.0,0.743093636285582
518343,-27.645203104081777,-29.210771852121532,8.0,1.5655687480397553
518447,-18.142561654772052,-17.970149171368245,5.0,-0.17241248340380722
518514,-172.72281969843755,-151.61676722481738,108.0,-21.106052473620167
518695,-5.091765626484927,-4.9827084153821355,1.0,-0.10905721110279121
518783,-19.827003810234107,-20.146863505300036,5.0,0.3198596950659294
518834,-9.140766724058695,-9.417905699122812,2.0,0.27713897506411733
518882,-94.41771582871621,-102.35935152116751,43.0,7.9416356924513
518935,-4.905521350308096,-6.340794702216695,0.0,1.4352733519085996
519263,-11.283300885928238,-11.509660666656378,3.0,0.22635978072814034
519264,-30.01886792533203,-29.81389817491197,11.0,-0.20496975042006227
519266,-13.2694812650783,-17.60695115340142,3.0,4.337469888323119
519417,-5.571058900044743,-4.956360680798732,1.0,-0.6146982192460104
519552,-36.35146918751008,-36.77687460139511,15.0,0.4254054138850307
519564,-63.65980983617435,-63.1325651111584,26.0,-0.5272447250159473
519672,-26.428025152880892,-27.71530497269488,8.0,1.287279819813989
519675,-76.94212843912983,-76.8872871811697,39.0,-0.054841257960134726
519702,-8.118029158892659,-9.074237426017923,0.0,0.9562082671252643
519961,-10.197468896214554,-9.256469699640219,2.0,-0.9409991965743352
520204,-18.788797975853107,-18.60561153380395,5.0,-0.18318644204915913
520218,-0.989231140469256,-1.4813409710145136,0.0,0.4921098305452576
520371,-5.248540862352089,-5.8217012094019855,1.0,0.5731603470498969
520479,-18.33725074920934,-18.004603974000336,5.0,-0.3326467752090032
520524,-23.199394781161946,-21.933803256283653,7.0,-1.2655915248782925
520590,-22.692365876194394,-21.941267912361386,5.0,-0.7510979638330078
520740,-59.58033332748509,-58.57561116106669,19.0,-1.0047221664184036
521028,-5.2225284249174475,-5.113139731626799,1.0,-0.10938869329064893
521054,-6.38790775908115,-6.981756840801924,1.0,0.5938490817207738
521071,-6.769970552332834,-6.591944456181835,1.0,-0.17802609615099918
521089,-1.4178563302739378,-1.7165085243410745,0.0,0.2986521940671367
521121,-13.760864841703956,-14.555361809281655,2.0,0.7944969675776985
521216,-22.32609408788546,-22.959873685339467,4.0,0.6337795974540086
521303,-10.039823679802844,-8.839824690469094,2.0,-1.19999898933375
521479,-33.353648631978615,-36.93319305423928,11.0,3.5795444222606676
521513,-12.968213230133143,-13.18130227451022,2.0,0.21308904437707632
521547,-18.68703792229114,-19.275063699711826,5.0,0.5880257774206861
521621,-5.382233778735111,-5.534448474927775,1.0,0.15221469619266337
521907,-20.810537884747312,-25.444447366292266,7.0,4.633909481544954
522010,-0.9736643803418116,-1.177625112814377,0.0,0.20396073247256552
522037,-14.766615253968867,-14.1679649361853,3.0,-0.5986503177835676
522039,-6.618957581524723,-5.322678124396068,1.0,-1.2962794571286542
522109,-4.897015139851187,-4.94294944482254,1.0,0.04593430497135298
522150,-5.176860304990405,-6.948226418616968,0.0,1.7713661136265628
522189,-8.476278522246648,-8.438609390968772,2.0,-0.037669131277876744
522203,-71.65901897798967,-70.42700411982452,32.0,-1.232014858165158
522220,-39.06588224558319,-37.24558896709004,13.0,-1.8202932784931463
522264,-21.66050642765637,-22.572503102196855,7.0,0.9119966745404859
522291,-13.523337195165126,-12.349444395339235,3.0,-1.1738927998258912
522419,-32.248525465285205,-31.66170482782128,11.0,-0.5868206374639264
522426,-8.421909633684143,-8.550347572722094,2.0,0.1284379390379513
522579,-84.21420079606516,-115.46435765255892,30.0,31.25015685649376
522899,-10.239683092259721,-9.279707602665686,2.0,-0.9599754895940347
522938,-20.481468769535965,-16.98730155301397,4.0,-3.494167216521994
522955,-20.73349966663688,-21.603158944407607,6.0,0.8696592777707259
522979,-1.0468280562494647,-2.088772687414786,0.0,1.0419446311653213
522984,-28.71528059349874,-28.727431797700365,10.0,0.012151204201625632
523057,-25.85942781666452,-25.764069379179883,6.0,-0.0953584374846379
523235,-21.569824168964306,-21.276546523918658,6.0,-0.2932776450456487
523268,-42.85687200586158,-50.14375943056088,13.0,7.2868874246992945
523330,-24.272637916513784,-23.021754528641058,5.0,-1.250883387872726
523363,-19.016131093791156,-17.954273133231606,5.0,-1.06185796055955
523402,-36.00307043959961,-35.747105685346774,12.0,-0.2559647542528367
523433,-4.360464487780309,-5.427323931355463,1.0,1.0668594435751544
523486,-16.57940943233186,-15.83081616292448,4.0,-0.7485932694073814
523531,-34.78217418074976,-36.79044206382151,12.0,2.0082678830717455
523620,-13.841820011866785,-21.73771339007983,4.0,7.895893378213044
523672,-16.05305235306678,-19.44872327829116,4.0,3.3956709252243797
523796,-25.5085361204028,-26.688427491009676,7.0,1.179891370606878
523828,-13.814189571917852,-14.116530628060946,4.0,0.3023410561430939
523838,-19.422895066391522,-18.222687475315606,5.0,-1.200207591075916
523844,-20.00778981066377,-19.39569686619809,3.0,-0.6120929444656795
523846,-76.4646709270431,-72.04792127798008,18.0,-4.416749649063021
523873,-6.605468057599128,-7.251942276817105,0.0,0.6464742192179767
523986,-85.07171038234914,-114.32629655752375,38.0,29.25458617517461
524065,-8.885968801113727,-8.645182141670281,2.0,-0.24078665944344557
524066,-2.095608551066621,-1.6214674892898016,0.0,-0.4741410617768196
524153,-19.912731794637153,-19.342026976389622,5.0,-0.5707048182475312
524311,-60.02256564564508,-64.09106929962418,21.0,4.0685036539791
524399,-5.443049568871034,-5.186824768854139,1.0,-0.25622480001689496
524454,-11.911835795230413,-11.749789541752413,3.0,-0.1620462534779996
524487,-7.75290072086868,-5.641921675108096,1.0,-2.110979045760584
524584,-69.36064368048307,-69.90679375434541,37.0,0.5461500738623499
524886,-1.7008490146891302,-2.6962044038150594,0.0,0.9953553891259292
524983,-35.326183164462925,-37.70263500003448,13.0,2.376451835571558
525048,-8.950337106695518,-8.756142746762393,2.0,-0.19419435993312462
525203,-5.391332484941686,-5.329238013646518,1.0,-0.06209447129516832
525336,-76.90286491118654,-100.4915752871559,22.0,23.588710375969356
525546,-0.976114720383467,-0.8739092546142408,0.0,-0.10220546576922618
525772,-58.18978851017972,-63.384254626073094,28.0,5.194466115893377
525804,-14.619748419692414,-14.139329892585142,4.0,-0.48041852710727184
525817,-11.563064242408558,-11.386629153214274,1.0,-0.17643508919428363
525830,-3.9547959011501757,-5.104997587459201,1.0,1.1502016863090256
525888,-1.7921415376465988,-2.6962044038150594,0.0,0.9040628661684607
525918,-52.23598795907752,-53.67726362508268,22.0,1.4412756660051613
525979,-24.097378238714445,-24.26578486621736,7.0,0.16840662750291457
526083,-15.60206047645217,-15.140603609939081,4.0,-0.4614568665130889
526113,-3.771233114348013,-2.736310894938024,0.0,-1.0349222194099887
526151,-21.512692047460522,-20.322917481801017,6.0,-1.189774565659505
526289,-72.16240702567217,-74.74818339221696,38.0,2.585776366544792
526349,-4.613221652875309,-4.5431406476069744,1.0,-0.07008100526833427
526410,-52.418352349648785,-52.76371595670299,24.0,0.3453636070542032
526458,-45.0595935787774,-47.1574551062821,18.0,2.0978615275046977
526536,-39.27235316413791,-42.318366129203824,10.0,3.0460129650659127
526540,-17.81429358476744,-17.336605144992298,5.0,-0.4776884397751431
526619,-48.691570514557824,-49.27987637809456,23.0,0.5883058635367391
526635,-6.11211501196572,-7.211936237199992,1.0,1.0998212252342716
526714,-86.76785017752994,-82.93361656297573,52.0,-3.8342336145542077
526774,-9.845116933980794,-11.075656991503655,1.0,1.2305400575228607
526946,-5.1549256102020395,-5.427323931355463,1.0,0.2723983211534238
526984,-20.361471598056205,-21.3719206723384,6.0,1.0104490742821959
527012,-14.27711659426612,-14.088993578752383,3.0,-0.188123015513737
527018,-16.95325368264068,-18.429183113786863,5.0,1.4759294311461844
527311,-5.916506976675065,-6.601701753792846,1.0,0.6851947771177809
527327,-16.276194500599424,-15.718141557675734,4.0,-0.5580529429236893
527449,-8.90337399139433,-9.254761717204358,1.0,0.351387725810028
527587,-14.165272887638968,-13.457816052952216,3.0,-0.7074568346867522
527713,-43.766522223635135,-43.39798181582373,20.0,-0.36854040781140895
527780,-39.17392928656337,-40.33151404307517,15.0,1.1575847565117954
527866,-7.1653349819876295,-9.074237426017923,0.0,1.9089024440302937
527927,-0.839631612876516,-1.2054698242894017,0.0,0.36583821141288575
527969,-44.254066306187774,-45.040432374828704,17.0,0.7863660686409304
528268,-5.485904848231048,-5.053776302868574,1.0,-0.4321285453624739
528359,-19.08129371546925,-18.589539068604143,5.0,-0.4917546468651075
528365,-25.105263993501215,-28.47804894171932,8.0,3.3727849482181043
528416,-15.174805432974647,-15.635683670938922,3.0,0.4608782379642751
528549,-5.521621081121107,-5.8085039954808755,1.0,0.28688291435976865
528625,-14.812564834058374,-14.965236092002367,4.0,0.15267125794399306
528643,-1.4708128394143325,-2.9999202620151957,0.0,1.5291074226008632
528824,-9.212023546348924,-8.451669933566365,2.0,-0.7603536127825592
528864,-47.07458900080482,-45.145552046230094,14.0,-1.9290369545747268
528865,-3.579429511598231,-4.822215411216014,0.0,1.242785899617783
529040,-0.6352198685112082,-0.5701933964141045,0.0,-0.06502647209710366
529048,-31.879461031737538,-29.53526247838541,8.0,-2.344198553352129
529090,-24.414706431850064,-23.425011336386707,8.0,-0.9896950954633574
529107,-8.859641133980455,-8.867733919890936,2.0,0.008092785910481126
529189,-1.1961798700371367,-1.7850568292146498,0.0,0.5888769591775131
529254,-29.62734358602902,-29.57433500290123,9.0,-0.05300858312779155
529442,-1.451558403675137,-2.7442658058487144,0.0,1.2927074021735774
529546,-11.945490567681114,-11.698134545506425,3.0,-0.24735602217468866
529876,-11.032173650891266,-12.146923424162035,3.0,1.114749773270768
529951,-17.054428008512197,-16.972646884501096,4.0,-0.08178112401110127
530084,-1.3949784817959683,-1.7850568292146498,0.0,0.3900783474186815
530098,-18.347525161695124,-17.772531825568958,5.0,-0.5749933361261661
530440,-5.8331002652680946,-6.184817391231742,1.0,0.35171712596364735
530460,-29.370555591579777,-29.1219208671342,10.0,-0.24863472444557644
530530,-21.68729914955599,-20.21975580032957,4.0,-1.4675433492264212
530577,-0.823301825806218,-1.177625112814377,0.0,0.35432328700815907
530591,-22.301171222485017,-21.993200262563317,7.0,-0.3079709599217004
530641,-18.019773550430994,-17.37547964242497,5.0,-0.6442939080060235
530941,-46.387456471081876,-50.31359114047362,13.0,3.926134669391743
530942,-5.956466668463204,-5.976579852559027,1.0,0.0201131840958233
530968,-0.8994127936966071,-1.4813409710145136,0.0,0.5819281773179065
530972,-29.3015217006951,-28.554317980404633,10.0,-0.747203720290468
530987,-44.70257655986506,-50.01943676449165,19.0,5.316860204626593
531132,-17.98703360110136,-17.349718356047095,4.0,-0.6373152450542641
531236,-22.000323347241988,-22.461354840017076,7.0,0.4610314927750885
531425,-22.41262064739298,-21.22582698515735,6.0,-1.1867936622356297
531548,-20.804169140968728,-20.709564174174446,6.0,-0.09460496679428232
531582,-5.621898711002188,-5.03343449066246,1.0,-0.5884642203397279
531640,-19.872364038151897,-20.09184794985467,5.0,0.21948391170277404
531720,-13.335319823832677,-13.44055922594897,3.0,0.10523940211629323
531813,-21.550861354388175,-20.73592886432432,5.0,-0.8149324900638568
531861,-41.16017131024857,-42.775459018770995,14.0,1.6152877085224233
531938,-16.133477321679635,-16.471829664810176,2.0,0.3383523431305413
532110,-28.732097852316294,-30.163861967559694,10.0,1.4317641152434
532131,-9.628791464626145,-12.234646592243175,3.0,2.60585512761703
532398,-48.247371815355244,-47.23283069813218,17.0,-1.014541117223061
532411,-31.604271258903978,-30.517169770391092,8.0,-1.0871014885128858
532582,-9.894019422660394,-5.514720079561086,1.0,-4.379299343099308
532674,-5.04365117124907,-5.174189674147462,1.0,0.13053850289839186
532694,-26.437728968354964,-25.814947737942603,5.0,-0.622781230412361
532738,-8.592980058852582,-9.571429617891031,2.0,0.9784495590384488
532807,-28.31356013576344,-27.693488843958463,9.0,-0.620071291804976
532902,-1.3333257213400769,-2.088772687414786,0.0,0.7554469660747092
532932,-46.70283550886447,-47.317166630447105,17.0,0.6143311215826373
532960,-16.195462459889825,-16.920869793051406,3.0,0.7254073331615807
533174,-12.784124440391906,-12.961963439004132,3.0,0.1778389986122253
533340,-34.115760436906854,-34.79162744329361,12.0,0.6758670063867598
533346,-20.732950781116962,-20.032895449787926,6.0,-0.7000553313290361
533395,-34.44281537664658,-35.985144163788405,14.0,1.5423287871418268
533750,-47.76235291185324,-46.91222332082675,21.0,-0.8501295910264943
533878,-54.812771417722296,-55.90115947400681,19.0,1.088388056284515
533923,-0.9748936539392214,-1.7850568292146498,0.0,0.8101631752754284
533968,-34.02167297637139,-35.76943205031276,14.0,1.747759073941367
534049,-33.36591280066237,-32.9467618123926,13.0,-0.41915098826977015
534147,-18.60080432314115,-11.333182617090984,2.0,-7.267621706050168
534275,-35.98133340987875,-33.50824785211339,11.0,-2.4730855577653585
534309,-25.67612482410882,-28.096637697422477,7.0,2.4205128733136583
534488,-15.01935078775929,-13.439052342041544,3.0,-1.5802984457177462
534510,-46.89671427187212,-50.70401215225927,16.0,3.8072978803871464
534529,-6.040986103029671,-4.943726298948976,1.0,-1.0972598040806956
534572,-5.331027863670201,-5.574688974812184,1.0,0.24366111114198308
534577,-0.7604991743472811,-1.177625112814377,0.0,0.417125938467096
534665,-0.552879928166747,-0.8739092546142408,0.0,0.3210293264474938
534797,-18.316608664791328,-19.14713778720618,5.0,0.8305291224148519
534895,-5.306822009111848,-4.972911377380577,1.0,-0.33391063173127034
534901,-0.24971858904820446,-0.266477538213968,0.0,0.016758949165763565
534926,-9.120240195425973,-9.017585813716458,2.0,-0.10265438170951491
534959,-34.37219905868004,-33.134683679706505,12.0,-1.2375153789735336
535230,-15.630340291035386,-15.414506063145637,4.0,-0.21583422788974893
535253,-1.3345791478090223,-1.7850568292146498,0.0,0.4504776814056275
535268,-29.07412930318883,-27.787566346416614,8.0,-1.2865629567722152
535361,-28.45586011647257,-32.05061282215884,9.0,3.5947527056862683
535423,-5.108955494846271,-4.822215411216014,0.0,-0.2867400836302574
535530,-19.583129415033678,-22.006858622626606,6.0,2.4237292075929275
535579,-11.712144654446181,-11.624406853902798,3.0,-0.08773780054338332
535582,-34.583932553430465,-33.619600361365784,12.0,-0.9643321920646812
535628,-12.081540799120498,-11.772843369510879,3.0,-0.30869742960961943
535655,-1.2205157123350918,-2.088772687414786,0.0,0.8682569750796942
535695,-27.311637628380083,-28.10100715392365,9.0,0.7893695255435667
535882,-44.77915670021583,-47.06409320621882,16.0,2.2849365060029925
536047,-28.153416639276475,-27.486037265923656,9.0,-0.6673793733528193
536154,-22.026462082082794,-25.40311676380065,6.0,3.3766546817178558
536180,-0.4993751611152877,-0.5701933964141045,0.0,0.07081823529881681
536181,-0.20236252911764352,-0.8739092546142408,0.0,0.6715467254965973
536234,-12.082494214084049,-11.742023744652792,3.0,-0.34047046943125636
536290,-18.006409288308525,-18.6077056337173,5.0,0.6012963454087732
536307,-69.37051634011264,-77.635986448704,20.0,8.265470108591359
536403,-26.177314151530688,-27.109014611874844,9.0,0.9317004603441568
536437,-17.389033691297385,-17.556611374715423,5.0,0.16757768341803825
536516,-5.017942864348284,-4.93974429908819,1.0,-0.07819856526009428
536560,-9.324200624202934,-8.893480107398217,2.0,-0.43072051680471724
536758,-42.380029684969195,-40.69099381039283,12.0,-1.689035874576362
537041,-17.61616354986295,-16.687064555103337,3.0,-0.9290989947596131
537058,-0.5315234355951304,-0.8739092546142408,0.0,0.34238581901911047
537075,-23.898132120827725,-23.90363304943033,8.0,0.005500928602604205
537123,-1.7734283856449322,-2.2995574461633623,0.0,0.5261290605184301
537340,-57.71032714039003,-61.513989541650176,29.0,3.803662401260148
537351,-26.796463460248972,-26.600725816579914,8.0,-0.19573764366905877
537479,-36.08759624700706,-35.42009569261192,13.0,-0.66750055439514
537787,-5.494040628417962,-5.260546278955986,1.0,-0.23349434946197611
537916,-32.496695555196595,-31.043366378248543,10.0,-1.4533291769480527
537988,-0.7637108488425248,-1.177625112814377,0.0,0.41391426397185227
538006,-25.04234363083175,-24.147895715599418,7.0,-0.8944479152323304
538008,-11.126773788026924,-10.251019058373725,1.0,-0.8757547296531989
538015,-3.0867989562682974,-5.12593126941615,0.0,2.039132313147853
538118,-1.3486016075379013,-1.7850568292146498,0.0,0.43645522167674855
538125,-10.2224809923544,-9.06042503438882,2.0,-1.1620559579655811
538209,-11.277780986232413,-14.51771761989831,3.0,3.239936633665897
538220,-23.481207623525496,-23.56360499544696,7.0,0.08239737192146279
538533,-5.2164980556224405,-5.334816632968301,1.0,0.11831857734586038
538624,-0.9389360821600777,-1.177625112814377,0.0,0.23868903065429936
538745,-8.0706587527285,-6.20429448120584,1.0,-1.8663642715226603
538920,-22.394131388164276,-22.741064776806304,7.0,0.3469333886420287
538944,-22.276983994502988,-22.327769791405323,6.0,0.050785796902335534
538970,-82.83278962980104,-83.18434922328552,34.0,0.35155959348448107
538980,-5.806329926543769,-4.994434104298297,1.0,-0.8118958222454715
539004,-9.68787123330965,-9.306994262770417,2.0,-0.38087697053923364
539136,-16.195296193987907,-14.938906377507616,4.0,-1.2563898164802918
539137,-5.0997578962268895,-5.519916910799907,1.0,0.4201590145730174
539224,-9.720067601926761,-8.721033820339583,2.0,-0.9990337815871779
539248,-5.189971792881127,-5.0067669990285335,1.0,-0.18320479385259336
539327,-5.493631306919121,-6.042873857547174,1.0,0.5492425506280529
539369,-5.338844748929276,-4.995220598588175,1.0,-0.3436241503411006
539379,-16.631360511840587,-15.48515070959483,4.0,-1.1462098022457567
539381,-15.903674822173565,-15.562937247830773,4.0,-0.3407375743427927
539384,-1.0512058620516673,-2.9999202620151957,0.0,1.9487143999635284
539398,-36.77344626732295,-35.477630386101076,12.0,-1.295815881221877
539788,-0.9435937820306395,-1.4813409710145136,0.0,0.5377471889838741
539882,-7.520114746237544,-9.244452556126834,1.0,1.72433780988929
539912,-7.759020795850687,-8.595963405805538,2.0,0.8369426099548507
540177,-24.941869651645874,-25.39171562064719,8.0,0.44984596900131635
540227,-0.8335090542964712,-0.991599253017984,0.0,0.15809019872151286
540401,-17.97678167939727,-18.893540414108603,5.0,0.9167587347113333
540446,-19.242849076650128,-19.847093003585982,5.0,0.6042439269358546
540620,-15.072812493881901,-15.527275522585844,3.0,0.45446302870394284
540683,-5.11284027750441,-5.127600400421953,1.0,0.014760122917542695
540701,-38.60441334053727,-39.083450809625006,15.0,0.4790374690877357
540755,-18.82158284841792,-19.739203284848774,6.0,0.9176204364308553
540790,-21.596440101438144,-20.85732507345785,6.0,-0.7391150279802936
540818,-16.83730574774312,-16.856966946533902,5.0,0.01966119879078221
540872,-1.520521120355797,-2.088772687414786,0.0,0.5682515670589892
540922,-2.0343202943799534,-2.6962044038150594,0.0,0.661884109435106
541044,-26.04902440388525,-26.192700712983143,8.0,0.14367630909789142
541106,-29.393215665608857,-28.976238536388014,10.0,-0.41697712922084307
541289,-1.3679314468108883,-3.1856984121794967,0.0,1.8177669653686084
541392,-8.967864869931669,-10.725919998023752,2.0,1.7580551280920833
541400,-19.887265307748567,-19.717817815321542,6.0,-0.16944749242702528
541581,-30.04317355757395,-28.31062422316989,7.0,-1.7325493344040623
541594,-1.1950867790357211,-1.177625112814377,0.0,-0.01746166622134404
541603,-8.939690783511,-8.614112481035301,2.0,-0.32557830247569974
541617,-31.01563055932579,-32.109035983138774,11.0,1.0934054238129853
541775,-83.65455628422535,-81.48081233704296,49.0,-2.1737439471823876
541789,-23.173406728610104,-26.901958164711814,7.0,3.7285514361017107
541868,-91.4103274153989,-101.21370956828365,53.0,9.803382152884751
541979,-16.45017376011955,-17.90399582831553,4.0,1.4538220681959793
542063,-10.615655277938084,-12.278363709311428,3.0,1.6627084313733445
542124,-15.714053869077865,-15.208558936495418,4.0,-0.5054949325824474
542187,-44.69168993068381,-42.88598152494513,12.0,-1.8057084057386774
542224,-54.4058200595548,-53.87383500376788,26.0,-0.5319850557869188
542231,-1.4204235406313817,-1.7850568292146498,0.0,0.36463328858326816
542240,-23.909351756142893,-23.147097703428102,7.0,-0.7622540527147912
542356,-4.883665183331781,-5.1929140306283115,1.0,0.3092488472965309
542449,-30.802514745308443,-32.608711316576034,9.0,1.8061965712675914
542579,-5.48701896728217,-5.543075794371792,1.0,0.05605682708962245
542596,-5.474634749505168,-5.315150302160157,1.0,-0.15948444734501077
542636,-5.486631993107059,-5.398485904097844,1.0,-0.08814608900921517
542690,-11.965620144665294,-11.910799156326132,3.0,-0.054820988339162824
542826,-1.0893110945064681,-3.303636120215332,0.0,2.214325025708864
542849,-30.464701816760297,-29.907939011574445,11.0,-0.5567628051858513
542904,-16.366700470731743,-17.548430891360066,3.0,1.1817304206283232
542932,-17.284006627528665,-17.52118400520608,5.0,0.23717737767741554
542974,-41.288378531206966,-39.33092702474201,13.0,-1.957451506464956
543443,-73.65606962153403,-71.2545988406974,42.0,-2.4014707808366325
543554,-8.418942972427832,-9.529104735584054,2.0,1.1101617631562224
543642,-39.271349147323114,-38.275835389808144,14.0,-0.9955137575149706
543646,-24.610036165849408,-23.61266883809181,6.0,-0.9973673277575976
543681,-44.7849389124189,-47.465384013441934,17.0,2.6804451010230324
543714,-21.991251829746012,-23.27033025605669,6.0,1.2790784263106758
543822,-17.51929573757527,-16.74182246460973,5.0,-0.7774732729655405
543826,-0.8958526965568002,-1.4813409710145136,0.0,0.5854882744577133
544012,-15.086366918307677,-14.838507283150781,3.0,-0.24785963515689602
544052,-11.581029439471447,-10.415487916514186,2.0,-1.1655415229572608
544153,-29.336034048987344,-29.79707807133134,8.0,0.461044022343998
544206,-1.9875276338324575,-1.7850568292146498,0.0,-0.20247080461780764
544207,-1.4435266183952091,-2.3924885456149223,0.0,0.9489619272197132
544211,-1.0243102057956186,-1.4813409710145136,0.0,0.45703076521889496
544259,-0.10636408507312631,-0.8739092546142408,0.0,0.7675451695411145
544362,-8.366202335786877,-8.766936056284932,2.0,0.4007337204980548
544607,-17.45421326959485,-17.710708096240467,5.0,0.25649482664561774
544631,-15.34820054224139,-15.027790953112355,4.0,-0.32040958912903506
544677,-29.697164367272432,-30.53301795127749,10.0,0.8358535840050578
544732,-0.7307305455865709,-0.266477538213968,0.0,-0.4642530073726029
544739,-1.2993063299619012,-2.3924885456149223,0.0,1.093182215653021
544928,-2.3269902288662867,-3.607351978415468,0.0,1.2803617495491815
545085,-18.829954233441793,-18.02191396084096,5.0,-0.8080402726008344
545311,-32.05087158684943,-31.945294684982258,12.0,-0.10557690186717394
545330,-4.732290333121104,-5.117719193454072,1.0,0.38542886033296764
545398,-5.638502699054335,-4.9716422683362795,1.0,-0.6668604307180557
545631,-13.467763976151312,-12.4586143592738,3.0,-1.0091496168775116
545771,-24.707486872252073,-25.263280894572777,8.0,0.5557940223207041
545855,-4.207474087442373,-5.040734935876955,1.0,0.8332608484345823
545862,-9.091466053229396,-8.548195440858619,2.0,-0.5432706123707778
545885,-4.481134644436084,-4.822215411216014,0.0,0.34108076677993004
545955,-37.09902380151264,-37.0568775676051,11.0,-0.04214623390753758
546050,-10.24134685604332,-9.817558334902474,2.0,-0.4237885211408461
546065,-24.327734914276768,-24.06724817480046,7.0,-0.2604867394763062
546106,-5.69019207192751,-4.949509935698037,1.0,-0.7406821362294727
546217,-3.0714411237065264,-1.4813409710145136,0.0,-1.5901001526920129
546252,-30.422705296308322,-31.733167290992398,11.0,1.3104619946840756
546349,-16.90489505725897,-19.33661156541239,4.0,2.4317165081534213
546374,-5.074230877135999,-4.9900705826250356,1.0,-0.08416029451096385
546400,-4.916295707977326,-4.929054647377197,1.0,0.012758939399870606
546412,-13.28397642238903,-16.43553908741013,4.0,3.1515626650211015
546835,-5.757569786346329,-4.927349506249577,1.0,-0.8302202800967518
546927,-38.380677292292084,-71.8190464152196,15.0,33.43836912292752
546947,-9.952134922651839,-10.156524560631556,2.0,0.20438963797971788
546971,-13.74746049937603,-14.481219810071815,3.0,0.7337593106957847
547034,-20.62977652966883,-19.06315849554577,4.0,-1.56661803412306
547314,-25.17076552328729,-24.890295581632515,8.0,-0.28046994165477557
547414,-9.30152159893006,-9.429539288421948,2.0,0.1280176894918874
547555,-1.1905753427203247,-1.177625112814377,0.0,-0.01295022990594763
547670,-13.413724138454269,-13.702080169464363,3.0,0.2883560310100943
547960,-69.48341876175108,-71.47566129001417,19.0,1.9922425282630911
547997,-37.95882915053999,-38.25719341778494,15.0,0.29836426724494913
548007,-1.0559061596085335,-1.4813409710145136,0.0,0.42543481140598005
548059,-14.262321546281454,-14.609949705749475,4.0,0.3476281594680213
548088,-5.179608045087349,-6.340794702216695,0.0,1.1611866571293463
548135,-17.89294264710662,-15.12691771422234,4.0,-2.766024932884278
548164,-23.08495842560295,-22.938801173768056,7.0,-0.14615725183489303
548201,-3.2337540721973195,-4.518499553015877,0.0,1.2847454808185574
548343,-23.854391601171006,-22.93540348262289,7.0,-0.9189881185481177
548653,-14.76133842255303,-14.481959592238026,4.0,-0.27937883031500377
548728,-1.6932776740412885,-1.7850568292146498,0.0,0.09177915517336133
548770,-6.087542696009553,-6.08004967295123,1.0,-0.007493023058323445
548850,-56.595673965441144,-60.05080574171981,29.0,3.4551317762786695
548993,-67.16303451883253,-69.98469781165488,27.0,2.8216632928223504
549123,-1.7556558444195922,-2.6962044038150594,0.0,0.9405485593954672
549190,-19.241603883332214,-20.17652092861472,5.0,0.9349170452825071
549197,-8.027803676340492,-9.197642359637173,1.0,1.1698386832966818
549203,-3.0289331288414276,-3.911067836615605,0.0,0.8821347077741772
549292,-11.596654874167156,-11.170731654733268,2.0,-0.4259232194338871
549322,-23.4860198126648,-22.121188432316846,6.0,-1.3648313803479546
549413,-39.63854456542304,-38.32623460670329,13.0,-1.3123099587197515
549418,-5.163886766252668,-5.058875331536529,1.0,-0.10501143471613883
549485,-40.444098794721306,-39.668173238506846,15.0,-0.7759255562144602
549589,-8.801264622777541,-9.074237426017923,0.0,0.272972803240382
549693,-32.28237880464252,-31.046882913019463,10.0,-1.2354958916230565
549705,-1.020100558532819,-1.177625112814377,0.0,0.1575245542815582
549706,-38.3693258223726,-39.90815067747361,16.0,1.538824855101005
549882,-5.440043928380539,-5.014170450011537,1.0,-0.42587347836900147
549913,-120.81670184351309,-131.2169710010007,55.0,10.400269157487614
550087,-11.43732854286593,-11.737423538555127,3.0,0.3000949956891965
550509,-14.106557617508233,-15.33614883345592,3.0,1.2295912159476874
550579,-46.728663782643416,-45.89590555741935,20.0,-0.8327582252240688
550721,-12.287755474433007,-12.395107821456294,3.0,0.10735234702328711
550807,-14.945009614942878,-16.29601373895442,4.0,1.3510041240115438
550827,-40.72306011594553,-40.67413253390866,18.0,-0.048927582036867534
550970,-12.928462785727646,-12.165146149155916,3.0,-0.7633166365717301
551014,-48.49423827695268,-52.1186184545971,11.0,3.6243801776444187
551039,-0.9740074626490585,-1.4813409710145136,0.0,0.5073335083654551
551062,-25.993834747765902,-26.11358076637576,8.0,0.11974601860985956
551229,-3.1914320165067824,-2.088772687414786,0.0,-1.1026593290919964
551335,-90.94351327575498,-155.20640643667554,29.0,64.26289316092056
551403,-33.68622478422273,-35.19214530469883,8.0,1.5059205204761028
551439,-22.265074202889267,-27.908739689910895,6.0,5.643665487021629
551454,-69.36251512540527,-70.59250867248234,18.0,1.229993547077072
551457,-12.476622947141516,-12.176553627312446,3.0,-0.3000693198290705
551459,-20.98265947937828,-21.59874064891151,6.0,0.6160811695332278
551470,-8.91543555145431,-9.250302679806513,2.0,0.33486712835220267
551631,-22.391944832559442,-21.41057288718077,7.0,-0.9813719453786725
551866,-21.966039427540384,-22.90550327764284,6.0,0.9394638501024559
551956,-13.17148381521524,-17.618611669377124,3.0,4.447127854161884
551968,-31.93624527175581,-32.00054632611257,13.0,0.06430105435676126
552078,-23.909332727992552,-23.871024839432586,8.0,-0.038307888559966585
552248,-9.702138343821192,-9.52323414995786,2.0,-0.17890419386333178
552263,-63.86148223984675,-67.2312915011269,33.0,3.369809261280153
552282,-18.829640532641168,-19.44506143191398,5.0,0.615420899272813
552706,-12.438553317796554,-13.987615222201072,3.0,1.5490619044045175
552791,-51.18746298975014,-49.902555293304175,11.0,-1.2849076964459627
552841,-4.845108866945044,-4.928164504255843,1.0,0.08305563731079868
552889,-13.28445063443663,-12.247909307778698,3.0,-1.0365413266579324
552953,-16.67496632406335,-16.43043414567276,4.0,-0.2445321783905925
553072,-9.494784886844126,-8.965212227140173,2.0,-0.5295726597039536
553135,-66.04167626446497,-66.9010115378624,35.0,0.8593352733974342
553172,-26.184288185440295,-24.439720399818185,7.0,-1.7445677856221096
553207,-14.588780059204508,-14.259288274879236,4.0,-0.32949178432527226
553222,-5.497487315514012,-5.7191464847894915,1.0,0.22165916927547968
553291,-15.10450350076921,-14.240274597068497,3.0,-0.8642289037007131
553322,-10.286380989361694,-9.592466884089658,2.0,-0.6939141052720359
553328,-20.73014115016258,-20.98405865522189,6.0,0.25391750505930943
553412,-45.392249715013804,-44.09608504542177,14.0,-1.2961646695920308
553538,-5.167825551134783,-5.769302001859182,1.0,0.601476450724399
553557,-11.602439327626444,-12.08428476154314,3.0,0.4818454339166962
553563,-16.176328435914208,-16.338994565422148,4.0,0.16266612950794013
553568,-1.5003129532921338,-2.088772687414786,0.0,0.5884597341226523
553570,-6.659851538784425,-6.452036070543585,1.0,-0.20781546824083996
553676,-50.41617060485965,-56.709456161342445,20.0,6.293285556482793
553722,-35.867248236983365,-56.02211324935366,11.0,20.154865012370294
553773,-1.4608865852047799,-3.607351978415468,0.0,2.146465393210688
553819,-5.23669076323333,-5.099282862057394,1.0,-0.13740790117593615
554004,-21.856471603515484,-21.61204153811393,6.0,-0.2444300654015521
554081,-1.6701836015878473,-1.7290435139781681,0.0,0.058859912390320845
554173,-8.205490774438681,-9.576946569068813,2.0,1.3714557946301316
554235,-18.111524779143558,-18.2370415697048,5.0,0.12551679056124243
554260,-46.15718561117395,-42.9651238957809,13.0,-3.192061715393052
554520,-15.415189401296553,-17.590427672017512,5.0,2.1752382707209588
554640,-21.671115850286704,-20.712256462261447,6.0,-0.9588593880252567
554695,-2.838992748558696,-3.303636120215332,0.0,0.46464337165663583
554766,-1.3532647708163295,-3.0145284242364307,0.0,1.6612636534201013
554824,-97.15478075788954,-94.87066817009007,39.0,-2.28411258779947
554863,-0.6289318031125117,-0.266477538213968,0.0,-0.3624542648985437
554928,-5.205253541209036,-5.01552404139806,1.0,-0.18972949981097553
554952,-6.658113797604343,-7.116949408698105,1.0,0.4588356110937619
554985,-10.887662079646223,-12.152295144471077,3.0,1.2646330648248547
555052,-32.12047566303216,-34.187183570627354,13.0,2.0667079075951946
555189,-1.3577494693748553,-1.7850568292146498,0.0,0.4273073598397945
555195,-14.096278857073745,-14.490062984067727,4.0,0.3937841269939817
555208,-21.946395915746358,-24.494202170015836,5.0,2.547806254269478
555362,-20.24149559033105,-20.641738298227057,6.0,0.4002427078960089
555387,-3.2442374967974694,-3.607351978415468,0.0,0.36311448161799875
555425,-8.848699254981282,-8.596417040253023,2.0,-0.2522822147282593
555469,-8.329242964913563,-11.711959953385303,2.0,3.3827169884717403
555560,-31.560719943145035,-31.95339660274463,11.0,0.3926766595995943
555572,-5.338016676470257,-4.979116291304467,1.0,-0.35890038516579015
555787,-1.3876391990530412,-2.3924885456149223,0.0,1.004849346561881
556173,-58.028235845267105,-62.73913905717189,24.0,4.710903211904785
556249,-28.664983745849916,-31.013792316197783,10.0,2.3488085703478667
556427,-5.150853472755614,-5.270569791888072,1.0,0.11971631913245773
556433,-12.062336496995918,-12.318671230765503,3.0,0.2563347337695845
556480,-15.783675601736249,-14.685922280421208,3.0,-1.0977533213150412
556612,-19.423379826868764,-19.467169148790216,5.0,0.043789321921451574
556643,-17.96537617159151,-17.531672130822557,5.0,-0.43370404076895497
556707,-10.92368166900361,-15.90937277139129,0.0,4.98569110238768
556763,-24.44064778451521,-24.458569426432646,8.0,0.01792164191743595
556779,-8.319573601499034,-8.537968133265242,2.0,0.21839453176620793
556858,-10.965845982144108,-9.57556004827782,2.0,-1.3902859338662878
556931,-9.122918506982437,-9.475258775438961,2.0,0.35234026845652444
556958,-15.465772855148565,-17.92272868509401,4.0,2.4569558299454464
556970,-108.90813063663204,-115.12495590329667,43.0,6.216825266664628
557025,-0.37812810431002264,-0.5701933964141045,0.0,0.19206529210408185
557165,-34.70172485380396,-34.56332720502818,10.0,-0.1383976487757792
557221,-44.9167715973444,-45.89317001426469,19.0,0.97639841692029
557312,-5.4759519833958015,-5.536758844394239,1.0,0.06080686099843735
557392,-30.267146469439812,-29.611430884479233,10.0,-0.6557155849605785
557439,-12.940829778532821,-12.852107435377231,3.0,-0.08872234315558991
557452,-23.660835371322182,-31.186101478467087,8.0,7.525266107144905
557579,-14.905032001283075,-14.975604201432716,4.0,0.07057220014964116
557611,-34.28977114395398,-37.239252850632276,14.0,2.9494817066782986
557702,-22.116297449641216,-21.928573808571937,6.0,-0.18772364106927952
557852,-22.793268099516784,-23.3353663980164,6.0,0.5420982984996172
557855,-14.047629998520103,-14.300097402915759,3.0,0.25246740439565585
557974,-23.559498205113577,-23.87502680328895,7.0,0.3155285981753728
558028,-8.96064553979778,-9.546595535010075,2.0,0.585949995212296
558074,-9.79035812111282,-9.782959478673437,2.0,-0.007398642439383707
558106,-54.086532932273656,-55.93068492060101,17.0,1.8441519883273543
558259,-54.084216071746866,-50.18192826588008,16.0,-3.9022878058667843
558448,-46.24922513213783,-52.35107058392709,15.0,6.101845451789259
558575,-21.930317759262003,-23.937822715458996,7.0,2.0075049561969927
558593,-30.054456155742244,-31.89358472792718,10.0,1.8391285721849364
558657,-22.853709052066304,-21.198469331485864,6.0,-1.6552397205804397
558755,-6.176416464999393,-5.633629921788846,1.0,-0.5427865432105472
558791,-68.74003395635391,-70.28485149322209,30.0,1.5448175368681802
558866,-8.161236840449453,-9.328808685354877,2.0,1.1675718449054244
559016,-1.466105696398817,-2.271851765235827,0.0,0.8057460688370099
559019,-56.47497562840523,-56.388507636383686,22.0,-0.08646799202154654
559028,-12.013144449652428,-11.453380685113613,3.0,-0.5597637645388147
559152,-11.027695774332317,-11.701592557215625,3.0,0.6738967828833076
559502,-1.2532277220457315,-1.7850568292146498,0.0,0.5318291071689183
559512,-9.47225994623323,-9.672410577765703,2.0,0.20015063153247326
559517,-36.84081565745719,-36.51602442161979,12.0,-0.3247912358374023
559536,-26.267242927448088,-35.12822715242942,7.0,8.86098422498133
559542,-55.496445625258225,-68.49292595390035,19.0,12.996480328642129
559609,-9.537708493721079,-9.589066705965369,2.0,0.05135821224429016
559955,-12.491712001005414,-12.804338822044828,3.0,0.3126268210394141
559968,-16.813787408874912,-19.548030763604523,4.0,2.7342433547296103
560013,-3.212279037566315,-2.2803896766827134,0.0,-0.9318893608836016
560030,-98.60408303334214,-103.23623835597536,43.0,4.632155322633224
560047,-11.444129010609872,-11.466672489824845,3.0,0.02254347921497235
560146,-9.79049574790476,-9.31245983934037,2.0,-0.47803590856439016
560158,-48.21364558500717,-47.10681928754845,17.0,-1.1068262974587242
560161,-1.3682179587800645,-2.088772687414786,0.0,0.7205547286347216
560247,-0.6187946245113056,-1.177625112814377,0.0,0.5588304883030715
560289,-40.51731932016157,-38.89449090647997,11.0,-1.6228284136815958
560423,-13.717768550794137,-12.649705500837866,3.0,-1.0680630499562707
560536,-5.62280792076231,-5.083279762062854,1.0,-0.539528158699456
560620,-9.268027294869812,-10.761316069763792,1.0,1.4932887748939798
560752,-11.390444542133237,-18.686811653083883,1.0,7.296367110950646
560814,-32.614675404629345,-36.95227978383277,12.0,4.337604379203427
560830,-1.283443149598311,-1.7850568292146498,0.0,0.5016136796163388
560831,-36.01371183554689,-35.76569430475072,14.0,-0.24801753079617583
560855,-20.9063253754294,-18.645766420792995,6.0,-2.260558954636405
560861,-2.370164993255947,-2.3924885456149223,0.0,0.022323552358975096
561083,-30.06792102255961,-33.31507793839609,9.0,3.2471569158364773
561090,-3.531461652779707,-4.2147836948157416,0.0,0.6833220420360346
561172,-9.132899519035265,-8.311861950140681,2.0,-0.8210375688945835
561202,-0.22151303527368404,-0.266477538213968,0.0,0.04496450294028398
561342,-6.313439251538197,-7.153760634500422,1.0,0.8403213829622249
561489,-0.7321217805522497,-1.177625112814377,0.0,0.44550333226212735
561587,-5.25030569870967,-5.352662781490464,1.0,0.10235708278079425
561613,-100.9922633663608,-102.60102845244873,42.0,1.608765086087928
561649,-4.7824609542119205,-6.644510560416832,0.0,1.862049606204912
562013,-9.788399565601319,-9.54996578606712,1.0,-0.23843377953419953
562063,-16.403563716453018,-19.165127720454667,5.0,2.7615640040016487
562227,-1.3411625897744923,-1.7850568292146498,0.0,0.4438942394401575
562287,-11.69961179901828,-11.787802355469188,3.0,0.08819055645090756
562308,-31.525261470264265,-33.1328527116731,8.0,1.6075912414088371
562500,-10.61141428044496,-11.738706834477378,1.0,1.1272925540324188
562607,-14.499797484294477,-21.507773493245626,1.0,7.0079760089511485
562807,-12.203172036053038,-11.365946469515357,3.0,-0.8372255665376809
562831,-1.1933695063944134,-1.4813409710145136,0.0,0.28797146462010015
562855,-17.971528987919392,-21.804665952405134,6.0,3.8331369644857425
562949,-12.464794533141397,-12.235315082148725,3.0,-0.22947945099267208
562955,-41.9852524533979,-63.506421041215525,15.0,21.521168587817627
563008,-4.526389572094793,-4.933754108754096,1.0,0.40736453665930306
563064,-9.502216968327478,-8.57422035653016,2.0,-0.9279966117973171
563091,-47.25452239627917,-47.091243622493856,22.0,-0.16327877378531497
563225,-19.14733804827196,-19.41736744065064,5.0,0.2700293923786816
563244,-11.351367168475386,-11.274591062584124,2.0,-0.0767761058912626
563297,-9.122050778568868,-8.587275838570152,2.0,-0.5347749399987158
563298,-0.5894399947738936,-1.177625112814377,0.0,0.5881851180404835
563412,-5.6302599805433715,-4.8884765458815425,1.0,-0.741783434661829
563423,-16.279888790971935,-16.472054874722005,4.0,0.19216608375007027
563533,-20.122564226301694,-19.812872903975947,6.0,-0.30969132232574736
563590,-30.633951608796284,-28.54246739930264,7.0,-2.091484209493643
563657,-32.563012044860635,-31.713601796435142,9.0,-0.8494102484254924
563661,-13.97286580785387,-14.289794328516733,3.0,0.3169285206628629
563734,-1.155700267879131,-1.4813409710145136,0.0,0.3256407031353825
563921,-8.23295259940373,-6.465891662117395,1.0,-1.7670609372863346
563986,-15.50501718538461,-15.791747646222547,4.0,0.2867304608379371
564027,-1.0965997668361491,-1.4813409710145136,0.0,0.38474120417836444
564040,-80.20607422948127,-73.53803624957101,47.0,-6.668037979910267
564260,-5.704451216637672,-5.077949863450209,1.0,-0.6265013531874626
564290,-46.06927486696813,-48.87987591651076,16.0,2.8106010495426332
564599,-1.1333751727223988,-1.4885543858120807,0.0,0.3551792130896818
564655,-21.923158299204562,-21.52801418805845,7.0,-0.3951441111461129
564696,-8.953212071704831,-12.776468763491842,1.0,3.8232566917870106
564867,-33.50328094377966,-38.966841775016235,13.0,5.4635608312365775
564951,-56.62153354416027,-62.112392972722034,20.0,5.4908594285617625
565026,-2.5550280234909497,-2.3924885456149223,0.0,-0.1625394778760274
565041,-23.72530641201485,-23.27640201656999,7.0,-0.4489043954448597
565198,-12.982651637510564,-14.089861998656993,3.0,1.1072103611464286
565224,-8.031893469907967,-8.48167826765718,2.0,0.44978479774921354
565348,-20.028282707622022,-19.365083348600184,4.0,-0.6631993590218386
565352,-21.049435990183397,-22.33351381936061,6.0,1.284077829177214
565522,-17.780526779327815,-17.721939303575002,5.0,-0.058587475752812423
565598,-98.20510450167542,-98.68067574750658,40.0,0.47557124583116206
565736,-8.191989543481554,-8.516422502013887,2.0,0.32443295853233245
565851,-79.38772963209496,-77.90506388623422,34.0,-1.4826657458607428
565918,-28.53612233210888,-28.26506422619639,7.0,-0.27105810591249124
565929,-0.885405956962539,-1.4813409710145136,0.0,0.5959350140519746
565967,-0.6790245635552536,-1.177625112814377,0.0,0.49860054925912345
566129,-14.221811401739307,-14.719322834978083,3.0,0.4975114332387758
566277,-6.132556702097018,-6.701962640678064,1.0,0.5694059385810464
566491,-5.79250557575881,-5.837399799546488,1.0,0.04489422378767838
566493,-43.535374302612446,-47.502045604463326,17.0,3.96667130185088
566623,-1.375954676791704,-1.177625112814377,0.0,-0.19832956397732682
566759,-321.3205318517258,-247.77769267245526,315.0,-73.54283917927052
566878,-11.665139079833924,-13.345807529660213,3.0,1.680668449826289
566907,-1.2864373226037777,-1.4813409710145136,0.0,0.19490364841073582
567069,-1.6170902671543337,-2.6962044038150594,0.0,1.0791141366607258
567089,-4.930643339917468,-5.12593126941615,0.0,0.195287929498682
567174,-26.354287223314685,-26.583161887546357,8.0,0.2288746642316717
567279,-1.0082615112384519,-1.2530337619346732,0.0,0.24477225069622133
567287,-15.09994602214881,-14.986628938757585,4.0,-0.11331708339122493
567398,-9.392535701776595,-9.401159113992758,2.0,0.008623412216163473
567404,-10.03799651071973,-10.008099429070311,2.0,-0.029897081649417956
567529,-0.6721404623961864,-1.177625112814377,0.0,0.5054846504181907
567596,-15.56479296628769,-15.06616430903123,4.0,-0.4986286572564609
567647,-15.56839449904599,-14.995540503711064,4.0,-0.5728539953349259
567771,-18.185798111338727,-18.124999594660927,5.0,-0.06079851667779934
567797,-1.5036809099769308,-1.7850568292146498,0.0,0.281375919237719
567829,-0.41417589599496374,-0.266477538213968,0.0,-0.14769835778099571
567963,-9.290942246701322,-9.076902510412562,2.0,-0.21403973628875939
567983,-7.76325627527081,-7.211936237199992,1.0,-0.5513200380708181
568107,-5.094872089521214,-4.980911222143327,1.0,-0.11396086737788735
568119,-20.559999931315467,-21.02780155896095,6.0,0.46780162764548194
568142,-37.08628653497696,-39.334341332597084,14.0,2.248054797620121
568168,-54.932025976327544,-52.264077955778596,26.0,-2.6679480205489483
568183,-110.49519290051623,-115.91738169182592,49.0,5.422188791309694
568222,-9.26096848227462,-9.194822844299507,2.0,-0.0661456379751133
568394,-74.8440483486879,-80.2102468885736,35.0,5.366198539885687
568649,-1.6781761339156487,-1.7850568292146498,0.0,0.10688069529900113
568665,-21.605036665881688,-20.989506684832982,6.0,-0.6155299810487058
568864,-6.857158181413794,-6.513278796931471,0.0,-0.3438793844823236
569220,-39.15996836383936,-38.65673441248052,13.0,-0.503233951358844
569223,-26.283712436403338,-26.590276519166867,8.0,0.3065640827635292
569246,-56.59907038482441,-55.34456360278639,24.0,-1.2545067820380211
569297,-41.02998504481657,-39.70488107836512,16.0,-1.3251039664514508
569301,-29.238112362696025,-28.557381611026763,10.0,-0.6807307516692624
569358,-5.204769873388631,-5.0796376460582175,1.0,-0.12513222733041385
569428,-20.60606617685527,-24.70600054250336,7.0,4.099934365648092
569436,-139.02990556145838,-154.56360401127503,75.0,15.533698449816654
569507,-22.37997800244457,-23.756056096998837,5.0,1.3760780945542663
569509,-16.051765688267462,-16.179420693317486,4.0,0.12765500505002336
569528,-9.790435941753064,-10.838717845429382,2.0,1.048281903676319
569566,-5.311044739655369,-5.622733163260569,1.0,0.3116884236052
569586,-23.690393580381905,-25.572765770211976,7.0,1.8823721898300718
569695,-20.50984109996217,-19.95042158905281,6.0,-0.5594195109093612
569801,-11.00257037097348,-11.322422495063591,2.0,0.31985212409011154
569810,-12.235973318039584,-11.632937764718728,3.0,-0.603035553320856
569935,-8.638134804220353,-8.49518759826514,2.0,-0.14294720595521326
569986,-12.569668941742318,-12.478107068422378,3.0,-0.09156187331993948
570098,-11.343273786565934,-11.49158788904819,3.0,0.14831410248225652
570276,-11.811079854750798,-16.908827920607436,0.0,5.0977480658566385
570279,-12.063286184017986,-11.937832730182148,3.0,-0.1254534538358385
570396,-10.330329020830437,-9.483714035762798,2.0,-0.8466149850676388
570634,-12.371552382615544,-11.855699924351917,3.0,-0.5158524582636268
570655,-12.936411810450483,-12.36426821002182,3.0,-0.5721436004286637
570672,-42.28051217956684,-41.90413191833543,15.0,-0.3763802612314109
570705,-37.90537156397545,-38.658544859112844,14.0,0.753173295137394
570806,-9.532634684423034,-8.788477736358187,2.0,-0.7441569480648464
570856,-42.81938517714623,-56.84849647452241,20.0,14.029111297376183
571049,-27.40646790863366,-30.464297336264675,7.0,3.0578294276310167
571256,-5.297628998668059,-4.987048901669764,1.0,-0.3105800969982946
571406,-8.46648777377242,-8.509957306124111,2.0,0.0434695323516916
571988,-11.636476621326526,-12.236479654853682,3.0,0.6000030335271553
572017,-28.849000419172956,-28.587356687256793,5.0,-0.26164373191616264
572113,-28.28567149956941,-27.621227939965113,9.0,-0.6644435596042975
572215,-12.367191673649666,-11.706777359503542,3.0,-0.6604143141461236
572224,-26.82831908730231,-26.66013981774431,7.0,-0.1681792695580029
572362,-9.459825428156668,-9.24062998447667,2.0,-0.21919544367999855
572558,-28.809107383004694,-29.535101823809352,10.0,0.7259944408046586
572794,-5.226810228187208,-5.118830765014903,1.0,-0.10797946317230522
572810,-10.442922520538882,-9.915260176048028,2.0,-0.5276623444908548
572824,-1.1295404932748196,-2.088772687414786,0.0,0.9592321941399664
572860,-2.2962612683464476,-3.303636120215332,0.0,1.0073748518688843
572886,-63.253298516889934,-61.990739707658605,20.0,-1.2625588092313293
572943,-11.728710370422208,-10.125487772223694,2.0,-1.6032225981985135
573020,-17.983842269546138,-19.1320569918484,5.0,1.1482147223022636
573053,-19.86465646715639,-19.504294317601627,6.0,-0.36036214955476353
573127,-1.5600778953046317,-1.7850568292146498,0.0,0.2249789339100181
573145,-32.79247337121222,-33.8567851065217,10.0,1.0643117353094809
573355,-5.649604229176421,-5.885423326654198,1.0,0.23581909747777718
573364,-19.458178504013432,-19.21720867477151,6.0,-0.2409698292419229
573421,-21.140343969265313,-20.986264864885026,5.0,-0.15407910438028694
573463,-10.75015084647315,-15.14855459002065,0.0,4.398403743547499
573494,-34.58564701489998,-36.54228571711527,9.0,1.9566387022152867
573517,-1.1242995818877584,-1.4813409710145136,0.0,0.3570413891267552
573531,-33.76346943649515,-34.39481062913076,13.0,0.6313411926356096
573579,-32.361468901431365,-31.271103632623813,11.0,-1.0903652688075525
573688,-5.368919833873287,-4.924508577279718,1.0,-0.44441125659356917
573720,-0.20286937038041516,-1.105602932539384,0.0,0.9027335621589687
573807,-13.16341231810886,-13.126534881271109,3.0,-0.036877436837750466
573862,-24.712940306598103,-24.914434396310167,5.0,0.20149408971206384
574037,-23.100176027673847,-23.008893176823378,7.0,-0.09128285085046883
574047,-9.528652861489398,-9.5634310059046,2.0,0.03477814441520266
574093,-0.9747026603791666,-1.693910846650517,0.0,0.7192081862713504
574312,-15.220439841213116,-17.779895792876154,3.0,2.559455951663038
574345,-7.8565865459140465,-8.673385459651515,2.0,0.8167989137374683
574428,-45.52319265510588,-43.857890158925684,19.0,-1.665302496180196
574461,-2.427223251121875,-3.3171941399170803,0.0,0.8899708887952054
574470,-18.257853947705158,-17.50251950325227,4.0,-0.7553344444528882
574547,-11.936374901714434,-10.369388772645147,2.0,-1.5669861290692868
574693,-4.613194508483009,-4.875734622954937,1.0,0.2625401144719284
574712,-17.62231479782854,-18.400943330956977,5.0,0.7786285331284368
574837,-37.912949538166465,-37.840214292684074,11.0,-0.07273524548239152
574913,-9.458170779248475,-8.736796348071486,2.0,-0.7213744311769883
574932,-5.630050165897101,-6.197827228471654,1.0,0.5677770625745531
575020,-0.7355263126391228,-1.177625112814377,0.0,0.44209880017525427
575087,-2.9091623266111433,-3.303636120215332,0.0,0.39447379360418866
575136,-14.388642770376087,-14.950894584299073,4.0,0.5622518139229857
575201,-16.093017249551085,-16.215482289632256,4.0,0.12246504008117043
575343,-6.80334824308849,-7.7449935261259935,1.0,0.9416452830375031
575388,-8.652739272140554,-8.63129686665312,2.0,-0.021442405487434257
575634,-31.168413882106538,-31.56693209159082,10.0,0.3985182094842834
575683,-0.7323051375971817,-1.177625112814377,0.0,0.44531997521719535
575693,-22.577085991645745,-22.25929117591328,7.0,-0.3177948157324657
575733,-8.981055599929217,-8.805859833509341,2.0,-0.17519576641987555
575776,-22.897479702721373,-24.041715501267923,8.0,1.1442357985465499
576194,-6.320140801465138,-6.7661743135717005,1.0,0.4460335121065624
576283,-12.11369648877669,-11.9168416866136,3.0,-0.19685480216308981
576285,-4.088865177505827,-3.786490488940752,0.0,-0.3023746885650751
576315,-1.34102286624793,-2.2958983109299687,0.0,0.9548754446820387
576346,-8.782368124814122,-10.444437107299843,1.0,1.6620689824857209
576485,-25.75349677860977,-27.622951993725458,8.0,1.8694552151156891
576541,-9.424308915135011,-8.560670213663379,2.0,-0.8636387014716327
576758,-33.68551583061586,-35.51627766361421,13.0,1.8307618329983484
576790,-30.90090849999182,-32.30437795767257,9.0,1.4034694576807496
576846,-8.850642968690156,-8.63929228622117,2.0,-0.2113506824689857
576882,-46.1765941482779,-45.66622928076749,22.0,-0.5103648675104111
576931,-10.582364660760552,-10.716256063715331,2.0,0.13389140295477908
576965,-18.08742874316633,-18.63125217694207,5.0,0.5438234337757386
577018,-23.55632740885817,-22.575561810513427,7.0,-0.9807655983447425
577125,-5.806520955980912,-5.825139360435609,1.0,0.018618404454697313
577281,-29.528941640210128,-28.56671930279866,9.0,-0.9622223374114682
577368,-12.704027554202913,-12.392754985386674,3.0,-0.3112725688162392
577447,-22.622635899416213,-20.86081666632636,5.0,-1.7618192330898523
577471,-5.185144352923034,-5.680125637476797,1.0,0.4949812845537629
577537,-17.738721141910414,-16.833168730869378,4.0,-0.905552411041036
577636,-30.49865271145876,-29.44806048307759,9.0,-1.05059222838117
577694,-19.605061300245893,-17.61047844527648,4.0,-1.994582854969412
577718,-8.457802391819314,-8.869198012243244,2.0,0.41139562042392974
577737,-39.073727619842664,-41.82822427495683,8.0,2.754496655114167
577943,-4.778832233054276,-4.796493006261109,1.0,0.017660773206833014
578011,-17.03949934047992,-19.144562810223277,4.0,2.1050634697433566
578187,-3.7962338876199175,-6.0487382463951285,0.0,2.252504358775211
578326,-16.65390346895341,-15.416468184572748,4.0,-1.2374352843806609
578332,-8.943983815021415,-8.536452775276752,2.0,-0.4075310397446632
578400,-21.77512537198458,-21.323296701032394,5.0,-0.45182867095218526
578600,-49.34686637332971,-47.309882298167224,13.0,-2.0369840751624864
578603,-10.157739546511486,-9.2293259862285,2.0,-0.9284135602829853
578751,-12.588452132738007,-12.617750119384123,3.0,0.029297986646115604
578766,-31.61308907034415,-27.805675957433134,5.0,-3.8074131129110143
578857,-25.66670247389799,-24.775471763285164,8.0,-0.8912307106128239
578859,-12.31120705148213,-12.528528338914196,3.0,0.2173212874320658
579022,-6.182460018526605,-6.20570489072998,1.0,0.023244872203375344
579127,-32.15255863536515,-32.318179466992106,12.0,0.16562083162695274
579155,-1.8434816613924891,-3.6249180396061704,0.0,1.7814363782136813
579293,-3.4656394031694715,-3.2669798886742973,1.0,-0.19865951449517416
579355,-7.068332570744705,-6.753227411453507,1.0,-0.315105159291198
579433,-43.21530772636302,-43.62418628051363,17.0,0.40887855415060415
579460,-20.341476498870165,-19.265196393692573,6.0,-1.0762801051775917
579483,-6.340845129208552,-6.34639181913807,1.0,0.00554668992951779
579523,-5.241230729176649,-5.130672695145089,1.0,-0.11055803403155995
579610,-21.3467795037302,-21.012563975654544,6.0,-0.33421552807565647
579629,-15.100114197110729,-16.285761572991657,3.0,1.1856473758809276
579926,-81.51576780102202,-92.98207543185576,27.0,11.46630763083374
579959,-33.79443513162514,-32.60217208356528,12.0,-1.1922630480598642
579960,-41.32853731018,-42.362744862814736,17.0,1.034207552634733
580027,-18.526094000449042,-18.74811749275511,5.0,0.222023492306068
580041,-1.5299185392548693,-2.9999202620151957,0.0,1.4700017227603264
580120,-9.736811132054715,-9.562186969398423,2.0,-0.17462416265629166
580137,-47.381436303097445,-47.80321280907028,16.0,0.42177650597283645
580141,-5.468540540063637,-4.988240186508845,1.0,-0.4803003535547923
580219,-32.64221602653628,-34.94690757103749,11.0,2.3046915445012104
580260,-0.7763827701478699,-1.177625112814377,0.0,0.40124234266650716
580267,-5.192281167499414,-5.023777849036708,1.0,-0.1685033184627054
580348,-16.983837733960243,-16.25537862522095,4.0,-0.728459108739294
580409,-10.775585519798074,-9.518810513019218,2.0,-1.256775006778856
580667,-7.680655529277116,-9.074237426017923,0.0,1.3935818967408071
580702,-1.3648231705403562,-1.4813409710145136,0.0,0.11651780047415738
580743,-9.345503242232803,-9.125231109816017,2.0,-0.22027213241678645
580766,-18.79730002408174,-16.121841273717397,4.0,-2.675458750364342
580782,-19.92005497846373,-39.04329592564885,1.0,19.123240947185117
580907,-19.524896464835745,-19.148645295019044,6.0,-0.37625116981670104
580923,-59.859249076955315,-59.5662141593214,24.0,-0.29303491763391776
580999,-14.015162608146007,-16.984512043709643,1.0,2.969349435563636
581127,-101.17937385357584,-106.25518128135563,52.0,5.075807427779793
581454,-1.6755858157578603,-2.3924885456149223,0.0,0.716902729857062
581662,-5.149723277009084,-5.12593126941615,0.0,-0.02379200759293365
581850,-39.9836925916577,-42.08468702124226,12.0,2.10099442958456
581859,-16.606439544605323,-15.88734841986547,4.0,-0.7190911247398528
581991,-57.68638012532668,-94.82193506522046,25.0,37.13555493989378
582015,-10.099223623351133,-12.935060367638805,2.0,2.835836744287672
582143,-10.421248096966316,-9.133642391039457,2.0,-1.2876057059268593
582200,-7.788818631642556,-7.5379089290637165,1.0,-0.2509097025788396
582206,-19.139218115466008,-19.6861968935379,6.0,0.5469787780718924
582267,-2.8507307001805615,-4.224298600581245,0.0,1.3735679004006838
582361,-9.877735207982175,-9.703540023637446,2.0,-0.17419518434472891
582634,-17.695018257909904,-16.43585742914221,4.0,-1.259160828767694
582713,-9.718877929271216,-8.68237361513589,2.0,-1.0365043141353247
582729,-20.340272235220098,-21.61774451155796,6.0,1.2774722763378605
582813,-24.921550248319544,-24.724556343089095,8.0,-0.19699390523044968
582823,-15.40253582876229,-15.144913880713432,4.0,-0.2576219480488575
582875,-34.75437796647016,-38.621631484684855,12.0,3.867253518214696
582925,-18.853561636184587,-18.062821868845035,5.0,-0.7907397673395522
582980,-43.45079929250556,-41.72730496002644,15.0,-1.7234943324791203
583023,-1.2115591697134656,-1.9158706580781537,0.0,0.7043114883646882
583045,-10.284551037397831,-11.385214436474499,1.0,1.1006633990766677
583356,-5.343806315792545,-5.22016347365827,1.0,-0.12364284213427457
583605,-13.948497089756108,-15.369074295423268,4.0,1.4205772056671595
583698,-35.42401895373946,-34.907007730338215,13.0,-0.5170112234012478
583725,-52.99307652681398,-90.40733994029573,21.0,37.41426341348175
583862,-5.30325833255025,-5.170597550069794,1.0,-0.13266078248045599
583895,-11.85361050124191,-12.705657079398124,3.0,0.8520465781562141
583944,-7.243746462169945,-8.46680570961765,0.0,1.223059247447706
584006,-8.149246981192483,-8.501253551906537,2.0,0.35200657071405317
584026,-14.681864503473854,-16.176534269440435,3.0,1.4946697659665809
584290,-4.645098611340763,-5.036751754792484,1.0,0.3916531434517214
584490,-36.76813261496628,-38.868310035319716,15.0,2.1001774203534396
584519,-9.357878538510066,-9.764611908935455,2.0,0.40673337042538904
584526,-45.14651968845684,-45.890841410535074,18.0,0.744321722078233
584647,-24.461085904429876,-22.249057366800333,5.0,-2.2120285376295428
584651,-30.30937488774418,-30.610219885838113,11.0,0.3008449980939325
584842,-4.844588594356686,-5.197382068880416,1.0,0.3527934745237298
584847,-2.128528618356172,-1.7850568292146498,0.0,-0.343471789141522
584905,-1.9198041088717972,-2.088772687414786,0.0,0.16896857854298886
584974,-1.843732919379843,-2.241843642016525,0.0,0.398110722636682
584988,-8.876518251976911,-8.556942777857682,2.0,-0.3195754741192296
585003,-31.29545237686293,-32.7279400415961,12.0,1.43248766473317
585305,-45.262127705223556,-55.06787605839366,17.0,9.805748353170102
585349,-1.3939737122078053,-2.0684402333662146,0.0,0.6744665211584093
585365,-27.86847581821452,-28.67655689665754,7.0,0.8080810784430206
585413,-46.7220915058321,-83.28238507535906,16.0,36.56029356952696
585427,-13.349202667780592,-14.854434628127926,3.0,1.5052319603473343
585495,-18.458603652445593,-17.739265786335018,5.0,-0.7193378661105747
585562,-31.25917022665054,-30.501160344998443,10.0,-0.7580098816520966
585655,-3.140674322347912,-3.911067836615605,0.0,0.7703935142676928
585844,-12.206219829148573,-12.35965744171861,3.0,0.15343761257003763
585880,-42.42261212562481,-44.63365192116549,17.0,2.211039795540678
585890,-45.272214060109754,-47.20170578750337,19.0,1.9294917273936179
585955,-0.9567513417895497,-1.177625112814377,0.0,0.22087377102482741
585958,-23.47965958939417,-22.538591599134712,6.0,-0.9410679902594588
585991,-10.846114391492346,-10.560027046737716,2.0,-0.2860873447546304
586080,-11.81393927809406,-12.412139655994508,3.0,0.598200377900449
586132,-5.260408548096019,-5.930247593414388,1.0,0.6698390453183691
586276,-20.7209044057358,-19.372524867712617,5.0,-1.3483795380231847
586384,-11.299184560261924,-11.641331999030385,3.0,0.34214743876846043
586412,-30.599154508744345,-29.624845575079664,8.0,-0.9743089336646804
586489,-6.276514976358498,-5.491697095550326,1.0,-0.7848178808081716
586537,-21.38633365260391,-21.015554499220805,7.0,-0.3707791533831042
586544,-5.8155245690686295,-5.488737585655845,1.0,-0.32678698341278434
586611,-1.1699452553743719,-1.177625112814377,0.0,0.007679857440005211
586681,-9.23457528594661,-8.652854427093887,2.0,-0.581720858852723
586697,-14.272194358884317,-13.516019513508699,3.0,-0.7561748453756181
586910,-57.09497950034188,-57.50244630245903,24.0,0.40746680211714903
586922,-15.447160456910465,-15.401456104908291,4.0,-0.04570435200217382
586938,-5.485759924447263,-5.230353077053453,1.0,-0.25540684739380914
587084,-1.9316414732424747,-3.911067836615605,0.0,1.9794263633731302
587103,-17.3719203959736,-16.094982850163262,3.0,-1.2769375458103376
587289,-14.749879195106317,-14.31404102133759,4.0,-0.435838173768726
587354,-17.015945653851652,-16.812519578436817,5.0,-0.2034260754148356
587359,-17.625610404248892,-17.53707540688174,5.0,-0.08853499736715165
587547,-79.35813980187862,-74.09747308499217,19.0,-5.260666716886448
587678,-5.696455388097831,-5.875114165576674,1.0,0.1786587774788435
587877,-7.634438923822616,-7.665591461390056,1.0,0.031152537567439964
588267,-23.092513989976844,-23.102994328448673,6.0,0.010480338471829498
588805,-22.175987722577325,-22.76711267702015,6.0,0.5911249544428259
588852,-8.640270495793029,-9.408635863826822,2.0,0.768365368033793
588868,-15.927588855890551,-15.688188487226554,4.0,-0.23940036866399694
588883,-31.521484204628106,-38.832905567648865,8.0,7.311421363020759
588900,-21.066402968125843,-23.455526881672938,6.0,2.3891239135470954
588999,-29.852989303329604,-32.729395527894845,11.0,2.8764062245652404
589026,-45.85104417978499,-44.00155079273622,13.0,-1.8494933870487742
589045,-42.42830596318427,-41.146281572299294,11.0,-1.2820243908849775
589050,-18.401531451138975,-18.33858112776629,4.0,-0.0629503233726858
589053,-28.71652015608533,-29.68599963198443,10.0,0.9694794758990994
589115,-19.178421619860515,-17.894380763421964,5.0,-1.2840408564385513
589177,-16.089996545246027,-17.53931834192406,5.0,1.4493217966780314
589380,-15.560953636831998,-14.262823551078801,4.0,-1.298130085753197
589424,-1.1753725370312105,-0.8739092546142408,0.0,-0.3014632824169696
589427,-17.514596146625713,-16.890226054571873,5.0,-0.6243700920538409
589469,-5.005528897792933,-5.284321129787183,1.0,0.27879223199424974
589580,-5.135648426917708,-5.139073501244257,1.0,0.003425074326549371
589593,-13.402763685261473,-12.528996255512562,3.0,-0.8737674297489111
589654,-14.785014946692757,-15.371733469021082,4.0,0.5867185223283258
589690,-29.417707949578986,-28.857509687426916,8.0,-0.5601982621520705
589708,-1.5197305278368827,-2.6962044038150594,0.0,1.1764738759781768
589948,-92.7319564424008,-85.63771045863433,49.0,-7.09424598376647
589957,-24.94536611707452,-28.748341053557052,7.0,3.8029749364825314
590160,-12.60688347822979,-14.045260463452102,3.0,1.4383769852223125
590264,-8.108081756466358,-8.165521662825139,1.0,0.05743990635878049
590418,-25.616272918358494,-26.20660140978288,9.0,0.5903284914243869
590449,-101.65173993811293,-100.52598960950999,43.0,-1.1257503286029333
590528,-1.969043099921468,-3.303636120215332,0.0,1.3345930202938638
590574,-19.27370245170296,-19.549336332910453,5.0,0.27563388120749366
590952,-7.139699207433196,-8.163089851417514,0.0,1.0233906439843174
591016,-5.721882804439774,-5.4296471276162865,0.0,-0.2922356768234877
591248,-0.924164374621192,-1.4813409710145136,0.0,0.5571765963933215
591376,-1.1216688410115125,-1.7850568292146498,0.0,0.6633879882031373
591399,-28.719286200481044,-31.6430678871895,10.0,2.9237816867084554
591420,-23.2373861850012,-22.437872157165746,6.0,-0.7995140278354533
591432,-17.653483669252214,-21.27442638260281,5.0,3.6209427133505976
591479,-11.692190124058886,-11.763304999172783,3.0,0.07111487511389747
591486,-12.471960794656045,-12.745267764602186,3.0,0.273306969946141
591547,-22.61017447354006,-24.09943854878444,7.0,1.4892640752443818
591616,-12.598351894926783,-12.653202017330608,3.0,0.05485012240382581
591746,-0.7084304575546273,-1.177625112814377,0.0,0.4691946552597498
591803,-79.69320121152745,-76.87750621124725,40.0,-2.8156950002802006
592023,-7.2327825616228845,-5.7597772612499165,1.0,-1.473005300372968
592029,-5.465703304524067,-5.87652888231645,1.0,0.4108255777923828
592093,-5.1841596766095455,-5.016211711870066,1.0,-0.16794796473947926
592160,-17.125536652351748,-16.710837666224005,5.0,-0.4146989861277426
592216,-1.3487416993927341,-2.6962044038150594,0.0,1.3474627044223253
592301,-26.55839960402766,-25.699091032047736,9.0,-0.8593085719799234
592381,-6.277520912705659,-5.733362985816423,0.0,-0.5441579268892358
592384,-1.1586208350917522,-1.7850568292146498,0.0,0.6264359941228976
592419,-23.766054272478012,-21.499108253420886,6.0,-2.2669460190571264
592430,-9.719151614927881,-9.152782130732133,2.0,-0.5663694841957483
592461,-1.486347076530343,-1.7850568292146498,0.0,0.2987097526843068
592491,-20.405820243666263,-20.819198486583907,5.0,0.4133782429176449
592722,-28.344515100687488,-27.666831537858062,9.0,-0.6776835628294258
592737,-27.1456497517494,-24.742510882150448,5.0,-2.4031388695989513
592741,-14.602222914734906,-14.184003640130262,4.0,-0.4182192746046436
592854,-16.52883299751661,-14.901865751066627,4.0,-1.6269672464499827
592881,-1.179250589750765,-2.088772687414786,0.0,0.909522097664021
592882,-7.699703631726444,-5.440914182434364,1.0,-2.25878944929208
593233,-23.65228200261997,-23.963322868135478,8.0,0.31104086551550836
593283,-9.324107824809714,-8.990381041305557,2.0,-0.3337267835041562
593419,-17.14844584781609,-17.561707587497068,2.0,0.41326173968097635
593440,-2.3431597647260736,-2.8029642155149053,0.0,0.4598044507888317
593527,-8.89555958780858,-8.835401610037547,2.0,-0.06015797777103238
593833,-51.40896625347135,-50.60085977763174,21.0,-0.8081064758396082
594171,-17.151439614072522,-17.51675086167439,4.0,0.3653112476018663
594422,-17.445594254145767,-18.694828636880285,5.0,1.2492343827345174
594428,-10.162328650361689,-10.57056256060984,1.0,0.4082339102481516
594540,-12.402944904992061,-16.287400507890727,3.0,3.884455602898665
594583,-9.223678037618347,-8.581136189186973,2.0,-0.6425418484313745
594753,-18.39554846164467,-18.071886938899148,5.0,-0.32366152274552107
594816,-27.11169151894808,-27.24906787885444,10.0,0.13737635990635866
594882,-1.102572204998937,-1.4813409710145136,0.0,0.3787687660155765
594934,-41.68579774865916,-38.583387409995694,10.0,-3.102410338663468
594941,-22.595457114880652,-21.75835001519103,7.0,-0.8371070996896215
594992,-20.29037458566877,-20.096774178532407,5.0,-0.19360040713636195
595041,-8.816725379460985,-8.637966854689251,2.0,-0.17875852477173382
595078,-27.94040572887212,-29.183137868809542,8.0,1.2427321399374236
595087,-10.639207048700827,-8.711595195310613,2.0,-1.9276118533902142
595088,-10.489302882314096,-9.129679597350643,2.0,-1.3596232849634529
595162,-114.0350403702692,-140.81764915477876,48.0,26.782608784509563
595424,-53.70108068429205,-64.25290134970587,23.0,10.551820665413814
595433,-10.38272056292068,-10.692028027428428,2.0,0.30930746450774826
595502,-18.05753704606517,-17.345247405417634,5.0,-0.712289640647537
595554,-4.833479483965467,-6.094358517022932,1.0,1.2608790330574644
595657,-51.30809441926953,-52.20707355272058,25.0,0.89897913345105
595807,-27.446805733152402,-27.831819102457732,10.0,0.38501336930533014
595909,-22.625556676255517,-23.802285637739455,5.0,1.1767289614839385
596054,-1.1590406906142348,-1.7850568292146498,0.0,0.626016138600415
596302,-20.470687796524132,-19.536082186393575,6.0,-0.9346056101305571
596349,-23.968259557025526,-22.728294132028967,7.0,-1.2399654249965586
596476,-37.43297915297713,-37.21388750610657,15.0,-0.2190916468705595
596493,-36.24756334992822,-37.2847987619265,11.0,1.0372354119982816
596502,-12.572173216773903,-12.582506508078126,3.0,0.01033329130422267
596648,-11.661152000890564,-11.951110365206802,2.0,0.289958364316238
596655,-65.34212579079158,-67.21454316787796,36.0,1.8724173770863786
596770,-1.8561731682357139,-2.181293638707806,0.0,0.325120470472092
596784,-5.2432988159096965,-5.103180320557456,1.0,-0.1401184953522403
596821,-1.4207843591684728,-3.607351978415468,0.0,2.186567619246995
596901,-14.474645456126165,-14.63015463636691,3.0,0.15550918024074534
596919,-34.990466709085204,-38.73303639431119,12.0,3.7425696852259875
596927,-22.99550093482753,-22.26722712331272,6.0,-0.7282738115148106
596948,-17.765181933180493,-16.983842831358864,5.0,-0.7813391018216294
597005,-14.689892396857378,-14.32822347812838,4.0,-0.36166891872899676
597021,-18.311137364585907,-15.398873987485704,3.0,-2.912263377100203
597026,-15.100231711618378,-16.678367529376185,3.0,1.5781358177578078
597308,-2.801450685013491,-3.607351978415468,0.0,0.8059012934019774
597373,-21.49866930708712,-24.855723418228635,6.0,3.3570541111415153
597374,-98.19169341492331,-91.85860285293583,38.0,-6.3330905619874756
597605,-9.773230452049996,-9.251641081246104,2.0,-0.5215893708038912
597835,-1.3795637020103901,-2.6962044038150594,0.0,1.3166407018046693
597925,-13.580289176734114,-14.317727339949439,4.0,0.7374381632153248
598029,-14.816533522537226,-14.361333798787522,4.0,-0.4551997237497041
598047,-17.83951724086351,-17.989177900895346,4.0,0.14966066003183442
598171,-10.089526749988229,-11.329808590986808,1.0,1.2402818409985787
598411,-49.87340064601438,-63.50545192736162,17.0,13.632051281347238
598474,-28.73143862585569,-29.2214315861288,8.0,0.4899929602731099
598509,-5.159242674772944,-5.118830765014903,1.0,-0.0404119097580411
598700,-23.355739154734014,-17.664998641986404,3.0,-5.69074051274761
598768,-16.39398951915984,-16.133403194196617,4.0,-0.2605863249632243
598782,-1.4086912891627803,-1.4813409710145136,0.0,0.07264968185173326
598973,-23.09462868957808,-27.90818607100099,5.0,4.8135573814229105
599041,-35.36568178604679,-43.94733674731132,8.0,8.581654961264526
599113,-5.1982055732243255,-5.104997587459201,1.0,-0.09320798576512423
599317,-5.694882920548845,-6.277626452377089,1.0,0.5827435318282443
599413,-11.293894961350917,-9.851641013155268,2.0,-1.4422539481956491
599512,-25.036745711359966,-27.42516314886523,8.0,2.3884174375052645
599615,-24.461931520169845,-27.02890697360809,6.0,2.5669754534382463
599695,-5.574118725483899,-4.984607418197858,1.0,-0.589511307286041
599984,-16.357200146825345,-17.152500814470358,4.0,0.7953006676450123
600013,-0.8400571301577541,-1.177625112814377,0.0,0.337567982656623
600060,-9.819101793273829,-3.1126640042205755,0.0,-6.706437789053253
600097,-1.0071909231189293,-2.088772687414786,0.0,1.0815817642958567
600131,-1.388406937809871,-2.7093336165515605,0.0,1.3209266787416896
600288,-12.161179717581629,-12.218851542035122,3.0,0.05767182445349306
600294,-18.695115146458296,-19.02907658483174,6.0,0.33396143837344283
600296,-7.943086859288508,-8.163089851417514,0.0,0.22000299212900565
600521,-1.6941304615486006,-2.6962044038150594,0.0,1.0020739422664589
600735,-9.197819036162613,-8.632749572003034,2.0,-0.5650694641595795
600953,-34.79527992171966,-35.28823089381919,10.0,0.49295097209952843
601085,-1.8488549581504172,-3.303636120215332,0.0,1.4547811620649147
601204,-8.235667693939178,-8.597033136181164,2.0,0.3613654422419863
601243,-36.90348496176821,-36.83366914375997,17.0,-0.06981581800823733
601274,-3.1428714414939907,-3.911067836615605,0.0,0.7681963951216142
601432,-0.4051195720386164,-0.8739092546142408,0.0,0.4687896825756244
601467,-19.224123980352683,-18.073643810049052,5.0,-1.1504801703036307
601585,-11.416132236753311,-13.092022106801558,2.0,1.6758898700482465
601712,-29.78721234538632,-30.21178722186845,9.0,0.4245748764821293
601737,-5.437213899568706,-5.305490028450277,1.0,-0.13172387111842898
601933,-5.512381058000014,-5.505900602197674,1.0,-0.006480455802339691
602055,-0.7030682039200155,-1.177625112814377,0.0,0.47455690889436164
602068,-6.733852529023656,-7.312806504688255,1.0,0.5789539756645992
602082,-8.663972936832835,-8.43490610120216,2.0,-0.22906683563067531
602130,-25.146179155134305,-27.11718643919807,5.0,1.971007284063763
602166,-9.208833103670397,-8.550664982762838,2.0,-0.6581681209075594
602207,-79.67351996759392,-74.76143944340137,17.0,-4.912080524192547
602339,-1.3039639070024154,-2.088772687414786,0.0,0.7848087804123707
602388,-25.814099504674132,-24.63262247665275,7.0,-1.1814770280213835
602392,-26.799642121603075,-26.264063110494796,7.0,-0.535579011108279
602449,-0.5577818333114881,-0.5701933964141045,0.0,0.012411563102616374
602459,-11.598653869559465,-11.708008045851582,3.0,0.10935417629211663
602518,-20.05346170528328,-21.1082344063982,5.0,1.0547727011149206
602599,-8.81174899198952,-8.39632774098622,2.0,-0.4154212510033002
602686,-32.02734437685618,-31.763067273340713,11.0,-0.2642771035154645
602840,-28.35014479183608,-28.88844835225413,8.0,0.5383035604180506
602908,-10.148428274873572,-10.900896500133864,2.0,0.7524682252602926
603094,-9.923723643097103,-9.499563686755023,2.0,-0.4241599563420806
603185,-6.564374212414703,-5.518094648306305,1.0,-1.0462795641083975
603216,-5.803239723586085,-5.969895430674639,1.0,0.16665570708855437
603218,-34.90128529400431,-36.60410642423815,11.0,1.7028211302338363
603221,-18.23794871691486,-17.469674610238833,5.0,-0.7682741066760279
603241,-9.404639428599339,-9.933062623499861,2.0,0.5284231949005225
603338,-11.516187353656292,-12.526358822902864,2.0,1.010171469246572
603355,-17.82947228422996,-17.848364592534,5.0,0.018892308304039318
603404,-11.686034807894245,-11.760418389963085,3.0,0.07438358206884033
603620,-22.42309430642853,-23.084898006456662,6.0,0.6618037000281305
603834,-47.73927167620228,-47.09755938755833,22.0,-0.6417122886439515
603868,-50.89653205421346,-58.031690692255026,19.0,7.135158638041567
603878,-5.981486147540933,-5.885423326654198,1.0,-0.09606282088673446
603940,-7.608147909420175,-10.054711509942573,1.0,2.4465636005223974
604151,-37.56331978719037,-36.58700065520746,14.0,-0.9763191319829119
604206,-19.58256345578063,-21.60874655987438,6.0,2.02618310409375
604284,-18.618477665551577,-19.48171317967829,6.0,0.8632355141267141
604422,-9.06468600133939,-8.75116168399847,2.0,-0.3135243173409208
604427,-9.7895545042548,-9.6211597076034,2.0,-0.1683947966514001
604457,-55.58735070762435,-56.7034398928073,16.0,1.1160891851829504
604510,-3.666918265179656,-3.6997985615320172,1.0,0.03288029635236134
604674,-8.802839704013508,-10.667790836798178,1.0,1.86495113278467
604703,-44.515320679383585,-43.848941069257826,16.0,-0.6663796101257589
604782,-63.56750966150085,-67.91313082140249,22.0,4.34562115990164
604788,-33.33998712551868,-32.548142158836875,13.0,-0.7918449666818077
604884,-80.12073801940407,-78.21162180944992,46.0,-1.9091162099541492
604949,-28.22695423251995,-27.857027464359728,10.0,-0.36992676816022296
604986,-72.56437202857751,-81.83730640857084,30.0,9.27293437999333
604990,-5.2789219522073605,-5.0244584784860375,1.0,-0.25446347372132294
605047,-4.7872159633491,-5.0042138182440565,1.0,0.2169978548949567
605063,-11.8165475448786,-11.715558493154942,3.0,-0.10098905172365846
605088,-1.2831978455869302,-1.177625112814377,0.0,-0.10557273277255308
605143,-5.320497383198106,-4.929945904905384,1.0,-0.3905514782927213
605257,-18.321216084584393,-17.53728839068371,5.0,-0.783927693900683
605377,-1.3510617859512806,-1.973845814592457,0.0,0.6227840286411763
605395,-8.337459697010624,-8.43397813318575,2.0,0.0965184361751259
605404,-7.493338661820605,-6.9037551515131845,1.0,-0.5895835103074205
605438,-1.2172147075772777,-1.8911596546318992,0.0,0.6739449470546215
605484,-22.610330733012216,-23.939679740014988,7.0,1.3293490070027723
605674,-33.681768563101436,-34.91876812404786,12.0,1.2369995609464226
605741,-169.58390321280527,-148.60062749974526,146.0,-20.98327571306001
605857,-32.63818446664554,-31.93152367260719,11.0,-0.7066607940383491
605889,-28.765710144768267,-29.51527209918388,7.0,0.7495619544156114
605960,-5.415136236338196,-4.989319647917328,1.0,-0.4258165884208678
606012,-64.71526031041662,-71.47537474898147,19.0,6.760114438564841
606055,-30.275614498259795,-30.70013880061142,9.0,0.4245243023516245
606070,-36.543102684524534,-38.14699920157876,16.0,1.603896517054224
606147,-18.553606977183662,-17.190754931902788,4.0,-1.3628520452808743
606186,-6.173850241134357,-6.33916508780498,1.0,0.1653148466706229
606365,-46.99149205847829,-45.966693005038294,13.0,-1.0247990534399989
606460,-5.3243599696111215,-5.86632552570359,1.0,0.5419655560924683
606543,-14.930491201686088,-14.370295195997784,4.0,-0.5601960056883044
606635,-47.73402750035043,-46.05716271184329,13.0,-1.6768647885071388
606648,-16.982373649989484,-17.763098654579917,4.0,0.7807250045904333
606696,-22.647020884864073,-22.88022207463054,7.0,0.23320118976646853
606701,-5.319580314872468,-4.95994270099938,1.0,-0.3596376138730877
606840,-28.93292779684376,-30.908170739455517,7.0,1.9752429426117573
606893,-52.822202917967665,-52.74587885147738,24.0,-0.07632406649028667
606974,-8.24721587740695,-8.350909343445833,2.0,0.10369346603888374
607069,-1.5842257195456346,-2.4041388088666906,0.0,0.819913089321056
607108,-27.958638504054775,-39.19194127800835,9.0,11.233302773953575
607312,-10.148953004458523,-20.814460590472414,2.0,10.665507586013891
607361,-46.84490373088902,-65.1236459414396,12.0,18.278742210550583
607412,-30.656673316296516,-30.344415346597163,11.0,-0.3122579696993526
607527,-28.13939020819572,-30.665869048743218,7.0,2.5264788405474974
607683,-5.861837696312336,-6.237483711470633,1.0,0.37564601515829654
607711,-10.581926312729333,-9.587048055641272,2.0,-0.994878257088061
607780,-27.529922457691484,-27.815597497895027,7.0,0.28567504020354306
607874,-57.61607778828438,-68.3821040468898,13.0,10.766026258605415
607885,-9.785016174520129,-5.145139153121103,1.0,-4.639877021399026
608099,-18.14086617280886,-19.02103368082655,6.0,0.8801675080176921
608219,-6.2022832289905505,-6.0157818461807215,1.0,-0.18650138280982897
608236,-12.235431119906771,-11.624758708717124,3.0,-0.6106724111896469
608253,-62.6670498979138,-62.11638988113522,33.0,-0.5506600167785791
608331,-44.20983955318389,-44.08553629534569,18.0,-0.12430325783819995
608341,-0.569916854612174,-0.8739092546142408,0.0,0.30399240000206684
608355,-46.53230368602697,-47.156588368360914,19.0,0.6242846823339434
608361,-41.347858765183815,-43.4399594988028,16.0,2.0921007336189845
608406,-0.7455211335964312,-1.177625112814377,0.0,0.43210397921794585
608458,-60.35036766523746,-57.257482598412906,14.0,-3.09288506682455
608534,-25.160378953592936,-24.91607636334479,7.0,-0.2443025902481466
608826,-10.891744119246491,-12.779040843249417,3.0,1.8872967240029261
608903,-72.67536183811224,-133.38634899308843,39.0,60.710987154976195
609001,-1.4575110328216945,-1.177625112814377,0.0,-0.2798859200073174
609053,-30.259293577380504,-31.43517761428212,8.0,1.1758840369016177
609059,-34.0424778826128,-34.713137148920275,13.0,0.6706592663074744
609065,-14.929590956836616,-14.608956752698898,4.0,-0.32063420413771837
609066,-1.4898479981145796,-1.1944052231888247,0.0,-0.2954427749257549
609167,-10.018227211940175,-10.592816717018605,0.0,0.5745895050784302
609260,-23.504201343630843,-24.52806204116129,7.0,1.0238606975304485
609292,-1.6963707365610141,-2.3924885456149223,0.0,0.6961178090539082
609429,-41.1935181659342,-42.99638945676419,9.0,1.8028712908299909
609443,-15.002618740949643,-13.725659499485012,3.0,-1.2769592414646311
609554,-0.7254036071726493,-1.177625112814377,0.0,0.4522215056417278
609557,-5.6569935463073415,-6.644152871465259,1.0,0.9871593251579176
609587,-6.100678356853502,-6.533003509205173,1.0,0.43232515235167135
609663,-9.485538373580853,-8.642114736442153,2.0,-0.8434236371387005
609818,-38.25585611040802,-39.855370479804705,13.0,1.5995143693966867
609853,-25.74093572124695,-33.40997299955867,8.0,7.66903727831172
609902,-66.78171045547593,-66.30950772640449,27.0,-0.4722027290714408
609935,-12.51449728019771,-11.69914104400566,3.0,-0.8153562361920503
610007,-5.464129700025514,-6.680964097267576,1.0,1.2168343972420619
610008,-30.11515124710582,-32.35818258309665,9.0,2.2430313359908283
610305,-19.18180190919203,-19.05134541209235,5.0,-0.13045649709967932
610307,-1.4973016573258393,-2.3924885456149223,0.0,0.895186888289083
610343,-0.9803443003142245,-1.4813409710145136,0.0,0.5009966707002891
610439,-138.06017554138344,-133.57494379738122,63.0,-4.4852317440022205
610556,-10.34540553051436,-9.708261839668568,2.0,-0.637143690845793
610587,-36.703017704075585,-36.748237232726154,14.0,0.045219528650569885
610595,-11.792149970777885,-11.357916833876956,3.0,-0.4342331369009287
610673,-1.7846915862614146,-1.177625112814377,0.0,-0.6070664734470375
610940,-26.07693667557918,-25.492554881827157,7.0,-0.5843817937520228
611086,-5.783387696825794,-5.733362985816423,0.0,-0.050024711009371
611106,-82.42537675541007,-79.54901113293909,32.0,-2.876365622470985
611221,-13.262083331927771,-12.65564096944677,3.0,-0.6064423624810011
611426,-11.261636322951624,-11.863130910309462,3.0,0.6014945873578377
611472,-30.895681721162955,-29.645357114829768,10.0,-1.2503246063331872
611604,-4.94567698046915,-4.991167307448308,1.0,0.04549032697915756
611613,-5.092475125094769,-4.96184246122413,1.0,-0.13063266387063877
611694,-8.022010259172667,-8.56278504303142,2.0,0.5407747838587529
611955,-17.129721763506506,-16.857710743202603,5.0,-0.27201102030390345
611961,-43.13772540620834,-42.656371468775475,18.0,-0.48135393743286414
611964,-94.84616281037303,-91.95850619344127,41.0,-2.887656616931764
611990,-12.400742335088765,-12.263733344064168,3.0,-0.1370089910245973
612074,-32.20229697242082,-40.66350618533453,8.0,8.461209212913715
612078,-1.1048479447774056,-1.4813409710145136,0.0,0.376493026237108
612106,-0.6900057663628497,-0.9067527274760621,0.0,0.21674696111321234
612224,-16.82824044872534,-15.389183245977978,4.0,-1.4390572027473603
612242,-68.15478474368938,-74.17898000993843,32.0,6.024195266249052
612378,-2.3197035327567064,-2.8321990775384047,0.0,0.5124955447816983
612508,-72.31422505703624,-70.35441538326346,38.0,-1.9598096737727815
612605,-134.8140421007942,-115.75390785346171,93.0,-19.0601342473325
612635,-16.60948120809493,-17.42967542353546,5.0,0.8201942154405302
612859,-13.679766701008877,-13.795142779439313,3.0,0.11537607843043673
612912,-45.76995211247936,-41.932076430981176,12.0,-3.8378756814981827
613023,-55.50390704332748,-53.250787717390466,23.0,-2.253119325937014
613223,-5.137255058414078,-5.058335470334234,1.0,-0.07891958807984345
613260,-5.5157722093891,-5.265420212447787,1.0,-0.2503519969413128
613262,-4.6602352732185555,-4.804173951446542,1.0,0.14393867822798612
613269,-79.8784603811872,-80.25399591833526,33.0,0.37553553714806753
613324,-19.86880948890394,-20.412832835340883,5.0,0.5440233464369442
613434,-6.419707262383211,-6.778966087601439,1.0,0.3592588252182276
613447,-14.645210469275804,-13.7920857339066,3.0,-0.8531247353692049
613519,-6.018897151579886,-6.483322642428574,1.0,0.46442549084868734
613757,-1.1956365225094576,-2.3924885456149223,0.0,1.1968520231054647
613765,-21.801772135613163,-28.545834232351257,5.0,6.744062096738094
613848,-1.7234652863041948,-1.7850568292146498,0.0,0.06159154291045499
613924,-9.273756416976164,-9.538071064503619,2.0,0.2643146475274545
613992,-1.3701379981324142,-1.4391055835406474,0.0,0.06896758540823322
614021,-13.128788591621353,-12.356893209066309,3.0,-0.7718953825550443
614201,-27.676718210405713,-27.735907437321497,10.0,0.05918922691578388
614560,-9.861815527424216,-9.664533145925802,2.0,-0.1972823814984146
614568,-44.93791005967879,-47.24744201830119,14.0,2.309531958622401
614701,-2.4237279287952487,-3.303636120215332,0.0,0.8799081914200833
614720,-57.07190722280704,-55.76184920052427,23.0,-1.3100580222827745
614731,-8.732226946822603,-9.396568355783074,1.0,0.6643414089604711
614753,-11.522371745138397,-11.52422755795122,3.0,0.0018558128128223217
614828,-11.443701514087651,-11.936191292456405,3.0,0.4924897783687534
615056,-16.05612874237196,-15.162440751756797,4.0,-0.8936879906151631
615063,-7.985572030455347,-8.498797558820927,2.0,0.51322552836558
615086,-24.217918038217572,-24.237481658108052,7.0,0.019563619890480055
615193,-15.735259605009215,-21.635074846102725,4.0,5.89981524109351
615204,-5.0390089771593916,-5.095613776606004,1.0,0.05660479944661212
615263,-1.558236147268152,-2.6962044038150594,0.0,1.1379682565469074
615332,-13.864705193253847,-18.680437011167392,4.0,4.815731817913544
615395,-35.17552836220377,-34.89863532773632,13.0,-0.27689303446744873
615435,-9.703924822236988,-9.22832966559757,2.0,-0.4755951566394181
615438,-58.59786196679163,-59.24006133010189,25.0,0.6421993633102545
615519,-24.024404810627537,-23.85490509747881,7.0,-0.1694997131487277
615589,-8.250710595951055,-8.744505348689724,2.0,0.493794752738669
615631,-1.2189748427498535,-1.7850568292146498,0.0,0.5660819864647963
615743,-22.166465920100386,-23.035599451575493,6.0,0.8691335314751072
615767,-49.271692327979764,-48.019008666313134,21.0,-1.2526836616666301
615855,-27.934204629393943,-22.696353574672084,5.0,-5.237851054721858
616048,-19.608068772815166,-19.34416106190919,5.0,-0.26390771090597553
616119,-35.47734115861442,-37.81225639211816,15.0,2.334915233503736
616202,-103.66549011368518,-177.9434334858847,40.0,74.27794337219952
616623,-52.249104252102086,-54.037277513208544,18.0,1.7881732611064578
616652,-11.400991959877341,-9.784173133049475,2.0,-1.616818826827867
616729,-3.3241804786517575,-3.607351978415468,0.0,0.2831714997637107
616769,-38.931397375185774,-38.49130457042022,16.0,-0.44009280476555546
616798,-9.15009759682711,-8.577345875899038,2.0,-0.5727517209280713
617004,-11.764677540774292,-12.240060265460226,3.0,0.4753827246859341
617282,-16.451220708256745,-16.66693806363632,4.0,0.21571735537957437
617313,-0.8259457469290997,-1.177625112814377,0.0,0.3516793658852774
617321,-12.737061152318939,-12.683216674218869,3.0,-0.05384447810006954
617351,-1.2067732022109567,-2.3924885456149223,0.0,1.1857153434039656
617362,-17.254339353868804,-16.710398024130345,4.0,-0.543941329738459
617381,-1.4326563508343972,-1.8101606536822767,0.0,0.3775043028478795
617426,-14.555024583801398,-16.988421281576656,4.0,2.433396697775258
617497,-45.32193517918269,-48.64702196525809,20.0,3.3250867860754028
617563,-46.7362535276917,-47.65302642971044,18.0,0.9167729020187352
617588,-30.553468832575973,-27.406265004719785,5.0,-3.1472038278561882
617705,-12.680687535262654,-12.55657213293365,3.0,-0.12411540232900364
617853,-1.0746233824166591,-0.8739092546142408,0.0,-0.20071412780241826
617864,-104.0857560804487,-106.34279166873266,65.0,2.257035588283955
617967,-1.130896065105527,-2.088772687414786,0.0,0.957876622309259
618001,-16.675848675436345,-16.169619073439513,4.0,-0.5062296019968322
618055,-2.2807415503572797,-1.9248669634771514,0.0,-0.3558745868801283
618080,-15.113684425238972,-17.165538313388325,4.0,2.0518538881493527
618082,-64.21365877044171,-83.14890216562632,27.0,18.935243395184614
618153,-12.601064872137641,-12.824812468448288,2.0,0.22374759631064656
618207,-21.029288990769437,-21.364170741252753,5.0,0.3348817504833157
618304,-24.503635788622308,-29.365314583149768,6.0,4.86167879452746
618325,-18.287372705655404,-17.62211182684783,5.0,-0.6652608788075725
618346,-42.35133662949719,-41.19311553081158,13.0,-1.1582210986856083
618500,-21.729733168340267,-26.682306987450968,6.0,4.9525738191107
618627,-9.278395871018628,-8.80360099806679,2.0,-0.4747948729518381
618636,-37.74035760815274,-42.75905778971644,13.0,5.018700181563695
618681,-5.143197975737714,-5.010387054995299,1.0,-0.13281092074241574
618700,-8.733069179716683,-9.543550169764385,2.0,0.8104809900477026
618777,-10.374928462922455,-10.97714739659757,2.0,0.6022189336751147
618778,-7.562788733108428,-9.569931228857632,2.0,2.0071424957492043
618824,-28.407407542809036,-28.475861921743924,8.0,0.06845437893488793
618885,-1.0852081152053799,-1.4813409710145136,0.0,0.3961328558091337
619024,-12.99888697760197,-13.227790814193305,3.0,0.22890383659133562
619171,-8.741051405519208,-10.289100858818468,0.0,1.5480494532992601
619189,-28.91163025304767,-35.80092222553235,8.0,6.889291972484678
619254,-29.073469493677507,-29.10826474059955,8.0,0.0347952469220445
619798,-41.65101256952264,-45.84361961665736,9.0,4.1926070471347145
619854,-7.430753834132147,-8.152264296410577,1.0,0.7215104622784301
619910,-9.56452029744298,-9.084066550813858,2.0,-0.4804537466291219
620435,-18.19550847035167,-17.627677042730493,5.0,-0.5678314276211758
620575,-1.6669761183509935,-1.502448762216766,0.0,-0.16452735613422753
620697,-12.031934748320964,-11.641178272022868,3.0,-0.39075647629809573
620771,-9.072870800172005,-8.533221325940934,2.0,-0.5396494742310711
620781,-143.43821564774248,-147.6818313126075,86.0,4.243615664865018
620787,-1.332866700997643,-0.9620982435415126,0.0,-0.3707684574561303
620821,-0.9692718025982747,-1.177625112814377,0.0,0.20835331021610237
620852,-0.41405072118434083,-0.5701933964141045,0.0,0.15614267522976366
620854,-23.213271362383797,-23.585435652847593,7.0,0.37216429046379673
620865,-1.023152149810867,-0.9538145604475403,0.0,-0.06933758936332679
621248,-20.425275341666545,-22.000351875576335,6.0,1.5750765339097903
621283,-15.376907769656956,-14.957143369825497,4.0,-0.4197643998314593
621310,-10.565609221805571,-10.4586369595093,2.0,-0.10697226229627077
621362,-20.46850865223416,-21.020854106053143,5.0,0.5523454538189831
621397,-0.7909041465024504,-1.177625112814377,0.0,0.38672096631192665
621461,-7.809086945090957,-8.436693329583209,2.0,0.6276063844922515
621479,-21.225415264484358,-22.74523113091618,6.0,1.5198158664318235
621488,-24.159408627423304,-25.183699387550018,7.0,1.0242907601267142
621736,-43.22530982090277,-44.20930448205493,18.0,0.9839946611521597
621790,-16.872244427374476,-15.1672386368214,4.0,-1.7050057905530753
621878,-28.718479795195734,-25.525545636168864,6.0,-3.192934159026869
621901,-17.664002929906047,-18.28223907728607,4.0,0.6182361473800242
621923,-6.839743290507117,-6.683354865086953,1.0,-0.15638842542016462
622219,-28.817547851064912,-32.23819131802211,10.0,3.4206434669571983
622346,-10.864892508724916,-11.012924020970546,2.0,0.14803151224563038
622388,-11.76743088115576,-12.570687109017864,3.0,0.8032562278621036
622451,-14.603635937870521,-15.738385814512874,3.0,1.1347498766423527
622565,-27.309536637140987,-27.28619749538933,9.0,-0.023339141751655745
622603,-29.876801156327215,-29.988327545368506,9.0,0.1115263890412912
622879,-2.1649326873323083,-3.607351978415468,0.0,1.44241929108316
622953,-10.116179061143553,-9.603292076773057,2.0,-0.5128869843704962
623022,-5.039887535452185,-4.980125260226596,1.0,-0.05976227522558908
623121,-0.026852376172565723,-0.266477538213968,0.0,0.2396251620414023
623232,-5.324506841829816,-5.010196454677137,1.0,-0.31431038715267867
623337,-15.01234010293281,-15.72735655567043,4.0,0.7150164527376184
623390,-18.375369158973808,-17.04544196027323,4.0,-1.3299271987005774
623489,-19.163094023978626,-20.08516215348624,5.0,0.9220681295076147
623680,-21.66341388171646,-22.570142388276437,7.0,0.906728506559979
623764,-13.968383928912253,-14.161671677415951,4.0,0.1932877485036979
624052,-8.430155480623755,-8.724927101752229,2.0,0.2947716211284739
624059,-5.263622755300658,-4.880237460035042,1.0,-0.38338529526561604
624071,-1.4013105832776773,-1.177625112814377,0.0,-0.22368547046330023
624113,-2.902870648352989,-3.412617812689639,0.0,0.50974716433665
624146,-12.027351344081875,-12.220756752835873,3.0,0.19340540875399803
624349,-27.011627752996713,-27.919130748522328,10.0,0.9075029955256149
624469,-9.381563690326825,-9.287313476287448,2.0,-0.09425021403937706
624593,-27.15442916709322,-28.402124786731214,9.0,1.2476956196379945
624612,-12.787566336732334,-12.744358795928626,3.0,-0.043207540803708255
624648,-4.833606774920573,-6.037078844016559,0.0,1.2034720690959864
624742,-19.903736514133833,-24.079272501233675,4.0,4.175535987099842
624753,-6.41389221341078,-5.015908535641666,1.0,-1.3979836777691146
624830,-41.35045063594268,-43.7193607169647,17.0,2.3689100810220225
624912,-64.79135095055774,-61.459358869262154,34.0,-3.3319920812955885
624981,-14.483024176541669,-14.642486335055727,2.0,0.15946215851405832
624990,-15.923307710294136,-15.261688901433294,4.0,-0.6616188088608421
625022,-0.9825967304173169,-1.788083297930967,0.0,0.8054865675136502
625048,-50.16265386907154,-48.53458048153318,14.0,-1.6280733875383575
625054,-2.466444143299354,-1.4813409710145136,0.0,-0.9851031722848402
625132,-83.53388238675329,-80.1757397183216,32.0,-3.3581426684316966
625265,-20.175863534539303,-19.821218951792186,6.0,-0.35464458274711674
625284,-19.98058495360338,-18.528779328253385,5.0,-1.4518056253499942
625385,-4.785893318259477,-1.923718112949924,0.0,-2.862175205309553
625443,-34.61564367526593,-32.670307658868126,9.0,-1.9453360163978033
625483,-55.6133156981484,-55.87028141156831,20.0,0.25696571341990904
625690,-25.88532740264159,-29.020264592099537,10.0,3.134937189457947
625781,-5.69812715892075,-7.198957867228473,1.0,1.5008307083077232
626074,-10.258023408345823,-13.916664483479943,3.0,3.6586410751341205
626146,-12.303704666156436,-11.956930531132755,3.0,-0.34677413502368104
626155,-11.807331633097775,-11.693043645527858,3.0,-0.11428798756991654
626161,-44.07434992902615,-47.298209746959,15.0,3.223859817932855
626218,-39.69911476472749,-45.23161416490396,11.0,5.532499400176469
626317,-15.531060707366285,-18.00470359350967,5.0,2.473642886143386
626403,-25.192228159525744,-26.063351275978377,7.0,0.8711231164526332
626451,-0.5052188903093636,-0.8739092546142408,0.0,0.3686903643048772
626588,-6.636646838202271,-5.553933834192686,1.0,-1.0827130040095847
626665,-21.59822422112257,-21.215542303648462,6.0,-0.38268191747410896
626773,-17.897429816125754,-17.152248735704262,4.0,-0.7451810804214922
626797,-1.4237897626369247,-2.3924885456149223,0.0,0.9686987829779976
626869,-9.431858059204492,-9.377953284218059,0.0,-0.053904774986433424
626967,-16.63135418870281,-15.817743468303023,4.0,-0.8136107203997884
627025,-5.544694203095387,-5.477022986193391,1.0,-0.06767121690199662
627253,-16.213237902418516,-14.620679772389545,3.0,-1.592558130028971
627280,-1.5034698546968606,-2.3924885456149223,0.0,0.8890186909180617
627452,-5.138408545608973,-5.133425057296721,1.0,-0.004983488312252149
627560,-26.964081515405123,-29.759340396679008,9.0,2.7952588812738846
627664,-65.2848981397323,-61.01451178033102,30.0,-4.270386359401286
627692,-8.367258669426642,-8.57205225672256,2.0,0.204793587295919
627767,-43.1490046692339,-43.81888077600852,14.0,0.6698761067746162
627867,-36.9185687048099,-36.63118488474949,13.0,-0.28738382006041263
627913,-134.49778784488993,-124.07000078386073,65.0,-10.427787061029193
628021,-0.881939308357441,-1.4813409710145136,0.0,0.5994016626570725
628282,-54.88939259001526,-54.15675940203808,24.0,-0.7326331879771857
628444,-19.82315675507557,-21.64420655458804,6.0,1.8210497995124726
628522,-37.5777239307391,-44.63985845034322,11.0,7.062134519604122
628633,-9.733414086736211,-8.677791174649096,2.0,-1.0556229120871148
628660,-15.550722053781932,-15.668144041209715,5.0,0.11742198742778243
628670,-8.496539474878304,-8.584089171311739,2.0,0.08754969643343458
628689,-21.150184134207137,-20.658806357817724,6.0,-0.49137777638941316
628694,-28.85996795656952,-28.423516656839215,8.0,-0.4364512997303045
628802,-2.164330561100919,-2.9999202620151957,0.0,0.8355897009142765
628847,-30.243881500449437,-28.19420729205879,8.0,-2.0496742083906483
628966,-19.082042158467974,-19.29437614686814,6.0,0.2123339884001645
629024,-20.127677415763795,-19.827765675747045,6.0,-0.2999117400167499
629054,-16.237143906637755,-15.439360457937783,4.0,-0.7977834486999722
629226,-9.304450467705436,-8.588430239759736,2.0,-0.7160202279457
629272,-16.324858701945413,-19.464561382101156,4.0,3.139702680155743
629391,-47.01742213075892,-53.53811155979242,21.0,6.520689429033496
629409,-1.4399667651859707,-2.088772687414786,0.0,0.6488059222288154
629468,-29.099233754320746,-28.687919551258354,8.0,-0.41131420306239264
629498,-9.805826415945022,-9.605221387475325,2.0,-0.2006050284696972
629507,-16.937731391061355,-14.642218273134212,3.0,-2.2955131179271433
629574,-23.830780230453154,-25.496896828202942,7.0,1.666116597749788
629644,-5.366158884102203,-5.317186997502678,1.0,-0.04897188659952523
629654,-0.830361805445592,-0.917988629225791,0.0,0.08762682378019904
629782,-5.56808879946022,-6.440809408538681,1.0,0.8727206090784607
629822,-15.431070001100538,-22.066270531933657,3.0,6.635200530833119
630093,-6.797390475936989,-7.884253064621207,1.0,1.0868625886842178
630201,-25.255051613475608,-24.346676168325704,7.0,-0.908375445149904
630270,-22.044885636373035,-21.45569301892611,6.0,-0.5891926174469262
630644,-13.897335179416526,-14.21800915429333,4.0,0.3206739748768044
630951,-12.066912692088906,-12.261347721603737,3.0,0.19443502951483183
631050,-56.209153752227365,-56.28213159396499,31.0,0.07297784173762523
631051,-6.78306118804572,-5.304520851980657,1.0,-1.4785403360650635
631117,-21.830780649722264,-18.88983935583691,5.0,-2.9409412938853556
631169,-22.181977156079697,-22.047603681655524,6.0,-0.1343734744241729
631179,-2.5717976610246915,-4.040087733694467,0.0,1.4682900726697752
631297,-0.5906354467475045,-1.177625112814377,0.0,0.5869896660668726
631344,-5.763038150989733,-5.988400958606176,1.0,0.22536280761644356
631445,-48.969854569197224,-50.61342408011807,21.0,1.6435695109208481
631639,-27.100531546000482,-26.70379455732856,9.0,-0.39673698867192186
631694,-3.3511495451536386,-4.518499553015877,0.0,1.1673500078622383
631706,-2.97275861255829,-3.911067836615605,0.0,0.9383092240573148
631748,-8.201635430181538,-8.719330865036834,2.0,0.5176954348552965
631785,-17.944601796468792,-18.579900617664325,5.0,0.6352988211955335
631819,-34.72790006865932,-33.403455195808434,12.0,-1.32444487285089
631834,-1.5888263055278788,-2.088772687414786,0.0,0.4999463818869072
631865,-15.172984414548969,-15.448763147926261,4.0,0.2757787333772921
631908,-74.55762876658837,-84.26616907058988,29.0,9.708540304001517
632036,-23.245752308078025,-22.93514531528544,7.0,-0.31060699279258586
632165,-12.140273347966652,-11.45992876654324,3.0,-0.6803445814234124
632186,-5.922624387936383,-4.926864120475541,1.0,-0.9957602674608426
632373,-37.23435159321213,-32.52585657559147,8.0,-4.708495017620663
632396,-22.21293545482607,-22.048812935471265,7.0,-0.16412251935480526
632417,-8.845211423982894,-8.602750571686268,2.0,-0.24246085229662562
632524,-35.5252829937974,-40.72432580567674,11.0,5.199042811879345
632598,-8.246743064914012,-8.501417099776237,2.0,0.25467403486222473
632613,-8.616060544400332,-8.591122000464702,2.0,-0.024938543935629554
632642,-17.06517830112388,-10.649171039932213,2.0,-6.416007261191666
632666,-16.971032478133115,-16.174664156390925,4.0,-0.7963683217421895
632700,-18.982393268626844,-18.895699163919428,6.0,-0.08669410470741568
632720,-5.474023398459312,-4.92191217862391,1.0,-0.5521112198354015
633021,-5.576055638546136,-5.994255602701393,1.0,0.4181999641552565
633185,-33.56054280501201,-33.84805642431849,10.0,0.28751361930648045
633277,-23.116752084182878,-21.28474476287169,5.0,-1.8320073213111883
633366,-32.809410555789476,-33.880368992896805,11.0,1.070958437107329
633434,-7.843174030003826,-8.495345986040443,2.0,0.6521719560366162
633459,-31.59696190317891,-27.2387350364263,7.0,-4.358226866752613
633463,-3.3582876129090162,-2.9999202620151957,0.0,-0.35836735089382055
633497,-30.85773557600366,-31.43963544982164,10.0,0.5818998738179815
633757,-16.444358830493368,-14.776510819635115,3.0,-1.6678480108582523
633814,-1.0497134152959329,-2.3924885456149223,0.0,1.3427751303189894
633851,-46.71478085997788,-52.91451785464132,20.0,6.199736994663439
633907,-62.61137597324715,-58.82130887351922,33.0,-3.7900670997279278
634137,-42.62458641682588,-42.40880786524466,18.0,-0.2157785515812165
634181,-17.76951834293831,-20.11649182924002,5.0,2.34697348630171
634509,-1.476318331122969,-2.4041388088666906,0.0,0.9278204777437216
634619,-35.23112329803285,-34.84858722577461,13.0,-0.38253607225824027
634629,-9.539939510978249,-9.381872118683155,2.0,-0.15806739229509326
634827,-17.609650260090312,-19.19298788377935,4.0,1.5833376236890366
634925,-58.179800031942094,-57.001729828537044,26.0,-1.1780702034050492
634964,-8.598634916949921,-8.582211978746706,2.0,-0.016422938203215054
635065,-5.266188213265342,-5.023820257376556,1.0,-0.24236795588878568
635203,-21.12893464384279,-23.59844147333659,7.0,2.469506829493799
635355,-19.892626931079974,-19.734449007483455,6.0,-0.1581779235965186
635567,-9.140717007528234,-8.976216178561213,2.0,-0.16450082896702156
635639,-5.827151581700177,-6.242641404493186,1.0,0.4154898227930097
635708,-1.2481054221413117,-1.7850568292146498,0.0,0.5369514070733381
635710,-4.433922441078702,-4.822215411216014,0.0,0.3882929701373117
635827,-9.564247797527452,-10.366877726339057,2.0,0.802629928811605
635863,-113.01776183776846,-104.1429240044472,42.0,-8.874837833321266
636037,-32.06793212311363,-32.54446688576017,12.0,0.47653476264654415
636110,-9.088723243845793,-9.48979851721549,2.0,0.40107527336969717
636176,-62.36918817049517,-77.70675402885996,14.0,15.33756585836479
636206,-26.40030209658681,-26.084580136886384,9.0,-0.3157219597004257
636256,-11.079817732798842,-11.511757855251544,2.0,0.4319401224527013
636362,-10.098637035072517,-9.857196621509592,2.0,-0.24144041356292512
636544,-25.343707220071003,-31.694052008969045,7.0,6.350344788898042
636866,-0.8978722464916179,-1.177625112814377,0.0,0.2797528663227592
636884,-21.9501253215686,-28.78194312568372,1.0,6.831817804115122
636933,-0.7875633059069,-1.177625112814377,0.0,0.39006180690747705
637103,-16.797298857084748,-15.86106222129254,4.0,-0.9362366357922074
637353,-40.2864240092885,-42.74558143379457,14.0,2.459157424506067
637456,-21.977481982805184,-21.813889489537047,7.0,-0.16359249326813696
637458,-17.083566787220445,-24.540936241777064,6.0,7.45736945455662
637489,-5.704748686221231,-5.085267083782174,1.0,-0.6194816024390573
637568,-4.888652722826813,-5.009154747666586,1.0,0.12050202483977301
637573,-9.297426832175812,-8.502038336730344,2.0,-0.7953884954454686
637634,-14.784562779507317,-14.249434690078044,4.0,-0.5351280894292731
637647,-13.659482886289627,-13.183586841281262,3.0,-0.4758960450083656
637674,-22.210420870072678,-22.352913368448487,7.0,0.1424924983758089
637689,-1.4939804426652097,-3.607351978415468,0.0,2.1133715357502583
637744,-8.914153247634966,-8.496593070958854,2.0,-0.4175601766761119
637884,-25.089321523531844,-23.78470165892967,8.0,-1.3046198646021736
637961,-29.61866353621574,-30.323853873682452,9.0,0.7051903374667106
637972,-15.59108845693738,-15.377503544622712,4.0,-0.21358491231466736
638118,-17.659823492945474,-17.39083227281512,5.0,-0.2689912201303528
638151,-7.542566602591063,-5.843520376584919,1.0,-1.6990462260061445
638168,-23.288985953342017,-25.099708015422685,8.0,1.8107220620806679
638499,-43.47775353291914,-43.35302325611588,18.0,-0.12473027680325544
638508,-62.04514950139725,-66.83715241127952,29.0,4.792002909882271
638607,-14.86542157919351,-9.731818134660832,2.0,-5.133603444532678
638704,-4.383511305248722,-4.822215411216014,0.0,0.43870410596729226
638974,-1.9884424515534749,-2.6962044038150594,0.0,0.7077619522615846
639078,-8.349722810642675,-8.990483766316466,2.0,0.640760955673791
639239,-44.039695806229865,-47.978583038342755,18.0,3.93888723211289
639508,-0.9816073731650697,-0.8739092546142408,0.0,-0.10769811855082889
639924,-8.533374514299961,-9.177842386031037,1.0,0.6444678717310754
639956,-23.528829686976554,-22.912789023941905,6.0,-0.6160406630346493
640018,-31.79053725321512,-30.926196276542722,11.0,-0.8643409766723984
640152,-10.661140727840513,-9.50671013905083,2.0,-1.1544305887896833
640439,-9.77262646164516,-9.135491131993692,2.0,-0.6371353296514677
640518,-19.33709816318001,-18.602949367169785,5.0,-0.7341487960102242
640608,-5.669943768229538,-5.781123107906331,1.0,0.11117933967679328
640660,-0.40690042564893947,-0.8739092546142408,0.0,0.4670088289653014
641013,-9.275027687346343,-9.560762625085742,2.0,0.28573493773939873
641188,-25.68083713961842,-25.87264498994803,8.0,0.19180785032961012
641499,-0.7009494099297237,-1.177625112814377,0.0,0.47667570288465344
641591,-0.4122200513342696,-1.177625112814377,0.0,0.7654050614801076
641619,-9.488327786813738,-10.707766903038532,2.0,1.2194391162247946
642047,-21.386522758150644,-21.371414297944717,7.0,-0.015108460205926377
642291,-18.832778812498834,-18.28822137358403,5.0,-0.5445574389148042
642321,-14.25831537372189,-14.07837655741834,4.0,-0.1799388163035509
642390,-1.1983588984408187,-1.177625112814377,0.0,-0.02073378562644157
642396,-61.75656514654467,-77.58876055622127,27.0,15.8321954096766
642629,-20.580119072431394,-22.404002109074405,7.0,1.8238830366430108
642632,-91.73923197572557,-90.40405577799719,29.0,-1.3351761977283871
642650,-0.6791955642883322,-1.177625112814377,0.0,0.49842954852604493
642701,-9.945018111438019,-10.074714352855713,2.0,0.12969624141769387
642705,-26.987744489660184,-31.155403718914126,9.0,4.1676592292539425
642706,-59.068861013794006,-69.2512000871282,21.0,10.182339073334191
642825,-51.01959565046804,-53.808233004559426,24.0,2.788637354091385
642840,-23.53744424831795,-23.666275469771932,8.0,0.12883122145398218
642937,-50.93619064712239,-62.908752319789244,15.0,11.972561672666856
643027,-10.763492534876384,-11.38287209314921,1.0,0.6193795582728256
643028,-22.10504094499271,-20.255930527433758,6.0,-1.8491104175589506
643038,-13.802967610070706,-14.002712446953753,3.0,0.19974483688304723
643358,-0.8496174584268057,-1.7850568292146498,0.0,0.9354393707878441
643457,-8.310785084747305,-8.894972187441683,2.0,0.5841871026943775
643501,-35.405048612465315,-36.478219870773565,11.0,1.0731712583082498
643571,-19.99448913920349,-20.679478826232632,6.0,0.684989687029141
643776,-5.576662728708638,-5.065435220786979,1.0,-0.5112275079216593
643820,-14.584020926187131,-14.271564544801755,4.0,-0.3124563813853758
643899,-27.94132523056441,-26.98928702946272,9.0,-0.9520382011016899
643949,-13.182396496937452,-12.099173411258997,3.0,-1.0832230856784548
643963,-5.4732583650640665,-5.22016347365827,1.0,-0.2530948914057962
644021,-42.02648653789383,-41.905102312417725,16.0,-0.12138422547610617
644118,-41.755646996266115,-59.22023414235379,14.0,17.464587146087673
644176,-1.582303698063068,-2.3924885456149223,0.0,0.8101848475518543
644194,-36.192850178331796,-41.7058294730018,13.0,5.512979294670004
644206,-54.864705620537435,-53.60103943627276,24.0,-1.2636661842646788
644265,-5.873817772170144,-6.099856817818513,1.0,0.22603904564836963
644376,-59.180790156517,-63.35010388352029,19.0,4.169313727003292
644682,-4.822809470844539,-6.644510560416832,0.0,1.8217010895722936
644853,-8.560165079602514,-8.841428915924824,2.0,0.2812638363223101
644964,-1.5434270484399328,-2.9999202620151957,0.0,1.4564932135752628
645144,-30.670317260378543,-30.036554146285866,10.0,-0.6337631140926767
645162,-13.92187208923906,-13.34120052227009,3.0,-0.5806715669689702
645310,-6.642313022633732,-5.68893634722781,1.0,-0.9533766754059219
645373,-5.529307454258078,-4.949639521574643,1.0,-0.5796679326834342
645404,-24.65177192258856,-26.431058592493375,7.0,1.7792866699048169
645524,-5.6860157269198695,-6.030415626437434,1.0,0.34439989951756456
645750,-59.514918502566495,-59.18018703435731,32.0,-0.33473146820918487
645793,-0.7554503812843646,-0.8739092546142408,0.0,0.11845887332987626
645804,-8.746646687243304,-8.648611597318887,2.0,-0.09803508992441756
645818,-21.250532931156577,-22.171338428755927,7.0,0.9208054975993498
645819,-11.667901074706654,-10.758572665968966,3.0,-0.9093284087376876
645846,-21.89386098060002,-16.848275655816014,3.0,-5.045585324784007
645869,-5.174364543351167,-5.399943043780918,1.0,0.22557850042975058
645874,-61.85831454378134,-92.35311533234517,17.0,30.49480078856383
645881,-2.6198856319144284,-3.607351978415468,0.0,0.9874663465010398
646031,-5.011062273155746,-6.1243069801113785,0.0,1.1132447069556326
646136,-4.021640676951138,-3.1357418134493047,0.0,-0.8858988635018337
646271,-5.458888440901816,-5.490636588471568,1.0,0.03174814756975142
646323,-11.522496165911205,-12.247582221375628,3.0,0.7250860554644234
646376,-0.46413387629747,-0.9143578597416491,0.0,0.4502239834441791
646403,-5.3105990741706455,-4.935928541338466,1.0,-0.3746705328321793
646679,-12.68123979156682,-12.34946130293039,3.0,-0.3317784886364308
646746,-38.621003636642946,-37.96036011684268,10.0,-0.6606435198002671
646816,-5.113442247951134,-5.005369732719546,1.0,-0.108072515231588
646925,-14.818438941743068,-15.028817144456687,3.0,0.21037820271361873
646958,-5.342697449541374,-5.225645254083669,1.0,-0.11705219545770529
647213,-5.390827796474771,-5.7389052637745595,1.0,0.34807746729978817
647228,-28.996146813387742,-30.554865837936028,10.0,1.5587190245482851
647332,-12.484792794843427,-12.500961528884163,3.0,0.016168734040736155
647550,-23.82619601406197,-25.034654753486656,7.0,1.2084587394246853
647552,-19.75466220055542,-19.058038720055716,5.0,-0.6966234804997029
647558,-0.9189223785297818,-1.177625112814377,0.0,0.25870273428459534
647879,-107.21617310750784,-123.83503153596249,51.0,16.618858428454644
647887,-15.77203778173822,-15.318839365391028,4.0,-0.4531984163471918
648160,-9.88441783569712,-4.9791700905721905,1.0,-4.905247745124929
648192,-2.2179834443575785,-2.9999202620151957,0.0,0.7819368176576171
648211,-6.880723588288719,-7.859373993217377,0.0,0.9786504049286586
648376,-9.280911233259486,-10.053455986789528,1.0,0.7725447535300418
648471,-5.153546402183115,-4.927231030884438,1.0,-0.22631537129867674
648578,-9.083100107536573,-9.194476137646792,2.0,0.11137603011021824
648587,-21.569156829600114,-22.038435563201002,7.0,0.4692787336008877
648591,-13.142228680180134,-16.692754194159434,3.0,3.5505255139793004
648624,-21.79410307869734,-22.07329632287335,7.0,0.2791932441760103
648715,-21.907118347545826,-21.626839095004264,7.0,-0.28027925254156116
648837,-12.75982000901,-12.498442439182329,3.0,-0.2613775698276708
648910,-24.285277849942062,-23.78963578015276,7.0,-0.4956420697893016
648976,-5.798789002292684,-5.7191464847894915,1.0,-0.07964251750319207
649082,-16.827278117126617,-17.985808705894705,4.0,1.1585305887680875
649090,-1.3797141859334467,-2.4490584612315653,0.0,1.0693442752981186
649173,-11.067815895119583,-11.077260043300187,2.0,0.009444148180604017
649233,-38.12956651020541,-38.738682901854816,17.0,0.6091163916494082
649311,-5.136568334430501,-5.488737585655845,1.0,0.3521692512253445
649341,-20.65728682833868,-21.058025084839077,5.0,0.4007382565003965
649389,-12.594294758255792,-13.182365154492427,3.0,0.5880703962366347
649490,-5.941798560629455,-5.915628539053188,1.0,-0.026170021576267466
649602,-5.513567805289147,-5.678139008748259,1.0,0.16457120345911225
649701,-14.36529446031459,-14.605415498437829,4.0,0.24012103812323815
649734,-1.626301992995144,-2.088772687414786,0.0,0.46247069441964195
649947,-11.597104558895257,-10.598345170232882,2.0,-0.9987593886623749
649967,-1.7804791362764738,-2.3924885456149223,0.0,0.6120094093384485
650005,-1.3078315041284845,-1.7850568292146498,0.0,0.47722532508616533
650019,-32.36959626940657,-30.977920780432484,9.0,-1.3916754889740872
650153,-5.126045124731805,-4.936119141656627,1.0,-0.18992598307517827
650154,-9.288735915373051,-8.619223242920851,2.0,-0.6695126724521998
650221,-5.233789558092588,-5.0244584784860375,1.0,-0.2093310796065504
650257,-17.486531293998993,-17.092445534889542,4.0,-0.3940857591094513
650291,-0.8030773875516772,-1.177625112814377,0.0,0.37454772526269986
650322,-24.77618546480638,-23.70758859635711,7.0,-1.0685968684492728
650481,-15.622991266197392,-16.44053246707395,4.0,0.8175412008765583
650939,-23.92231268005162,-22.303608159705224,6.0,-1.6187045203463946
651119,-1.458038827070582,-2.3924885456149223,0.0,0.9344497185443403
651131,-10.165021881077289,-9.94553272171698,2.0,-0.21948915936030922
651174,-2.313845910928464,-2.088772687414786,0.0,-0.22507322351367787
651285,-78.50569615194965,-78.23734416364512,37.0,-0.26835198830453066
651323,-6.386567225340965,-5.887080666323087,1.0,-0.4994865590178783
651434,-0.07157427610781138,-0.266477538213968,0.0,0.19490326210615666
651444,-22.776390297445328,-23.82061831207983,7.0,1.044228014634502
651456,-33.43775970980946,-36.70267594778212,12.0,3.264916237972656
651689,-33.96572723646178,-32.71960792833586,11.0,-1.2461193081259196
651754,-12.248556709283385,-11.572431190195026,3.0,-0.6761255190883588
651787,-9.93246820902875,-9.263367577024596,2.0,-0.6691006320041541
651819,-17.607703607200527,-17.278214867282106,5.0,-0.3294887399184212
651975,-4.963339235683647,-4.994434104298297,1.0,0.03109486861464994
652062,-10.325121170910366,-11.62529413154424,3.0,1.3001729606338746
652067,-43.92851014970147,-43.43552951945688,16.0,-0.49298063024458827
652084,-5.16760099987791,-5.343774500854974,1.0,0.17617350097706375
652088,-5.052967596568249,-5.049593214104749,1.0,-0.0033743824634999697
652219,-1.5435849585980894,-2.3924885456149223,0.0,0.8489035870168329
652530,-37.96890427538074,-36.82795182641243,12.0,-1.1409524489683065
652564,-1.1525763152647575,-1.549904355232325,0.0,0.3973280399675676
652626,-1.2459021952509688,-2.3924885456149223,0.0,1.1465863503639535
652701,-20.703561202177358,-21.19357810759483,5.0,0.4900169054174732
652806,-21.137421368058273,-22.784707467525454,6.0,1.6472860994671805
652937,-9.097210959362265,-9.470560116916856,2.0,0.37334915755459086
652957,-0.9043940526898693,-1.177625112814377,0.0,0.2732310601245078
653148,-1.8570767777222836,-2.9999202620151957,0.0,1.142843484292912
653223,-17.09500661195142,-18.933346065327626,4.0,1.8383394533762072
653336,-9.013623088282522,-8.467903386953616,2.0,-0.5457197013289061
653437,-0.6646448473142568,-1.177625112814377,0.0,0.5129802655001203
653496,-23.820839095644587,-22.871989671346924,7.0,-0.9488494242976628
653512,-39.077866992569696,-38.73154394149628,14.0,-0.3463230510734192
653545,-22.675704658185577,-21.04489962657312,6.0,-1.6308050316124572
653593,-1.1903430159448114,-1.4813409710145136,0.0,0.29099795506970216
653665,-12.731451134611659,-12.716445580371426,3.0,-0.015005554240232755
653692,-1.9519915371998136,-2.088772687414786,0.0,0.1367811502149725
653750,-10.389933314060897,-9.914268259948868,2.0,-0.47566505411202975
653767,-0.9822654312382441,-1.4813409710145136,0.0,0.4990755397762695
653787,-14.309075511426967,-14.948665257102547,4.0,0.6395897456755808
653910,-25.683045404705357,-26.504779109407806,8.0,0.8217337047024493
654054,-35.56320158164211,-35.659018922762534,12.0,0.09581734112042284
654058,-1.500189443127185,-2.3924885456149223,0.0,0.8922991024877374
654153,-3.6499754513650413,-4.518499553015877,0.0,0.8685241016508356
654497,-41.12376670718789,-40.38060200895116,18.0,-0.7431646982367326
654689,-26.554615406377305,-27.2200418064403,9.0,0.6654264000629944
654747,-36.19504841759098,-39.142583489317374,7.0,2.947535071726392
654774,-0.7601754006634159,-1.177625112814377,0.0,0.41744971215096116
654777,-19.657356604678775,-20.16573621573736,5.0,0.5083796110585865
654789,-18.671392178589695,-16.755777472032715,4.0,-1.9156147065569797
654793,-30.64380219880437,-30.30674952494074,11.0,-0.3370526738636279
655003,-9.133405536541668,-9.1532001332272,2.0,0.019794596685532184
655407,-11.75313341587041,-12.066249686693034,3.0,0.31311627082262383
655477,-15.726574896086271,-15.838987694620377,4.0,0.11241279853410546
655695,-9.630189682983552,-8.759780415820462,2.0,-0.8704092671630903
655708,-31.785417800813402,-33.39952179814689,11.0,1.6141039973334905
655782,-14.140700910527016,-14.207247852246017,3.0,0.06654694171900033
655806,-25.611758999123744,-25.056103047995435,8.0,-0.5556559511283083
656001,-6.152476999330426,-4.9585911348904,1.0,-1.1938858644400252
656090,-5.5789209035869884,-6.098601294665469,1.0,0.5196803910784809
656115,-1.6634083829922752,-1.1321832202876931,0.0,-0.5312251627045821
656325,-5.371556604143764,-5.166806559531404,1.0,-0.20475004461236068
656388,-36.6551752385013,-34.733630012987064,6.0,-1.9215452255142367
656408,-17.03638307507714,-16.67209634426506,4.0,-0.3642867308120792
656614,-41.0935218741639,-44.294962596881184,15.0,3.2014407227172867
656677,-54.57912226091091,-58.83505904946192,19.0,4.255936788551011
656708,-13.350085742561781,-13.283689225065018,3.0,-0.0663965174967629
656841,-66.85200029944565,-69.4173327206568,35.0,2.565332421211153
657037,-43.64156813156797,-47.63981841706355,8.0,3.9982502854955797
657134,-10.704051388572642,-11.334217167828177,2.0,0.6301657792555346
657240,-21.80700097284879,-20.98767673030295,6.0,-0.8193242425458394
657377,-7.720669015273969,-11.503964291619015,0.0,3.7832952763450463
657385,-22.612598783582197,-22.029842169011204,7.0,-0.582756614570993
657630,-28.98055386682456,-26.574523231374325,6.0,-2.406030635450236
657661,-0.8277185648648986,-0.8739092546142408,0.0,0.04619068974934226
657704,-26.45772102553271,-29.854897778844137,8.0,3.3971767533114274
657722,-7.327530116888805,-7.21756505662018,1.0,-0.10996506026862463
657760,-60.504920708479,-61.46881241799727,27.0,0.963891709518272
657790,-5.349105552010466,-5.009154747666586,1.0,-0.3399508043438795
657841,-19.229391068786303,-23.88430702513621,4.0,4.654915956349907
657979,-4.892414723694873,-5.690105509494671,1.0,0.7976907857997979
658088,-5.815156202700659,-5.872771822251384,1.0,0.057615619550724695
658186,-46.72187542077951,-53.23517786512343,19.0,6.513302444343921
658204,-22.73087604718265,-22.028893195019492,7.0,-0.7019828521631588
658209,-4.45718008383955,-4.973140657369677,1.0,0.5159605735301271
658241,-15.167308570483568,-15.911613330927484,4.0,0.7443047604439155
658278,-43.46562455660671,-49.30680344554507,13.0,5.841178888938359
658455,-1.5524464796708715,-2.088772687414786,0.0,0.5363262077439146
658471,-0.9151091967802648,-1.177625112814377,0.0,0.2625159160341123
658475,-38.007873459919225,-36.48703174725168,9.0,-1.520841712667547
658547,-2.9252386251711586,-5.733362985816423,0.0,2.808124360645264
658549,-18.157985192868725,-18.30684942909353,5.0,0.14886423622480294
658744,-3.0863382795879475,-5.492552221741192,1.0,2.406213942153245
658878,-39.32320761062247,-44.207815783671656,11.0,4.8846081730491875
658945,-17.102858727380713,-17.569815541438903,5.0,0.46695681405818945
658994,-22.896230868285993,-23.239874656903503,8.0,0.3436437886175092
659003,-32.13921285701141,-41.5681683563623,12.0,9.428955499350892
659041,-9.350973806400754,-8.776869499150742,2.0,-0.5741043072500123
659051,-105.48145400587336,-107.46061518363176,26.0,1.9791611777583995
659087,-26.75364368049489,-27.51449769964362,9.0,0.7608540191487307
659144,-7.132110448182421,-8.146328026607891,1.0,1.0142175784254706
659230,-23.219522859949713,-22.37414284118028,7.0,-0.8453800187694327
659311,-9.165368411812391,-9.519587180926177,2.0,0.35421876911378547
659418,-14.332451176827517,-14.492377773558596,3.0,0.15992659673107923
659456,-93.9063250971333,-109.81936006320268,39.0,15.913034966069375
659810,-5.95531953549647,-7.5636612693836,0.0,1.60834173388713
659961,-8.875449709449942,-8.63334780162147,2.0,-0.24210190782847185
659980,-20.033456514367927,-19.542296574816397,6.0,-0.4911599395515296
660050,-28.791278344398037,-32.522620156339364,10.0,3.731341811941327
660258,-22.622047747370452,-21.400714100188452,5.0,-1.221333647182
660294,-10.997313044057277,-11.529818308817084,3.0,0.5325052647598074
660352,-13.030398213611367,-5.617583583820284,1.0,-7.412814629791082
660368,-15.402696481699794,-14.766871817389665,4.0,-0.6358246643101282
660637,-30.480765185703497,-31.18989606247051,10.0,0.7091308767670128
660664,-43.456863449527994,-43.52166211874653,18.0,0.06479866921853272
660717,-14.102809290671765,-13.509178505578726,3.0,-0.5936307850930387
660803,-15.021415586952372,-14.470292170107568,4.0,-0.5511234168448045
660861,-1.2242935294272685,-2.088772687414786,0.0,0.8644791579875175
660881,-4.93200949821586,-5.174189674147462,1.0,0.24218017593160113
660997,-22.12227132767483,-21.760347656110476,7.0,-0.36192367156435523
661022,-2.330164631069719,-2.9999202620151957,0.0,0.6697556309454766
661216,-16.462086548118506,-16.298980037517527,4.0,-0.16310651060097925
661235,-6.529498389927225,-5.195797624980317,1.0,-1.333700764946908
661285,-53.11412608650051,-54.045378523476415,21.0,0.9312524369759032
661460,-8.693647661164798,-9.298234591395142,2.0,0.6045869302303437
661977,-31.666232338943505,-30.507026981461394,9.0,-1.1592053574821115
662138,-7.596106612101945,-8.678538006183492,1.0,1.0824313940815475
662192,-65.49930575304461,-49.94002070026464,8.0,-15.55928505277997
662199,-32.8494165512292,-35.14552751555545,12.0,2.296110964326253
662248,-6.022965718574568,-6.703154838693091,1.0,0.6801891201185226
662362,-33.16691957974728,-37.398582412460435,11.0,4.231662832713155
662519,-26.83255679766234,-26.39911858532988,9.0,-0.43343821233245805
662628,-50.248972784343316,-53.10238015563541,19.0,2.853407371292093
662712,-6.079721166531514,-6.601701753792846,1.0,0.5219805872613321
663178,-7.899100631291813,-8.909433946824539,2.0,1.0103333155327254
663233,-12.426969587218313,-12.654557959606084,3.0,0.2275883723877712
663369,-1.2599712896318351,-1.7937491934969505,0.0,0.5337779038651154
663431,-12.70823405731054,-12.388684008246237,3.0,-0.3195500490643024
663459,-6.988121764631478,-6.994408345204738,1.0,0.006286580573259926
663465,-45.22662053317757,-43.85402697777949,18.0,-1.3725935553980761
663578,-17.161593096753467,-19.735035399899775,5.0,2.573442303146308
663643,-0.7451135483435403,-1.177625112814377,0.0,0.43251156447083683
663764,-22.9817102715056,-24.639543741245642,7.0,1.6578334697400408
663790,-39.17389365179,-34.42776374881466,11.0,-4.7461299029753405
663902,-16.259933836960887,-17.171532260084046,3.0,0.9115984231231593
663939,-17.111210598059277,-16.26542380244957,4.0,-0.8457867956097083
663960,-54.21690547796991,-54.894943127909535,20.0,0.6780376499396255
663988,-1.0804623404200355,-1.4813409710145136,0.0,0.40087863059447804
664081,-2.5491004810648783,-3.911067836615605,0.0,1.3619673555507266
664180,-15.689335528864685,-15.084903631472379,4.0,-0.6044318973923062
664207,-12.689531382491273,-12.681136380657001,3.0,-0.008395001834271554
664273,-12.855767374397413,-11.750764146398037,3.0,-1.1050032279993758
664382,-25.333259349595828,-24.62345132980244,8.0,-0.7098080197933889
664414,-17.032598073735876,-15.601396567421986,4.0,-1.43120150631389
664438,-10.248688831972569,-9.669733084065669,2.0,-0.5789557479068996
664567,-9.858432252727024,-8.571961897236498,2.0,-1.2864703554905255
664569,-5.377782356070107,-5.3439715163133,1.0,-0.03381083975680621
664694,-4.718512267302924,-5.053776302868574,1.0,0.33526403556564954
664871,-23.366929922785893,-25.79206750707491,6.0,2.4251375842890184
664877,-0.7411508625038004,-1.4813409710145136,0.0,0.7401901085107132
664917,-5.320735140902755,-5.231984579705419,1.0,-0.08875056119733582
665011,-13.291363994600738,-13.225434748339058,3.0,-0.06592924626168006
665054,-22.868314758842395,-22.99570504217763,7.0,0.1273902833352345
665157,-17.810569741781453,-16.077101038099396,3.0,-1.7334687036820569
665182,-9.61282078358814,-9.06477499959862,2.0,-0.5480457839895188
665204,-9.026876679235711,-8.573874569646364,2.0,-0.45300210958934706
665239,-58.67817891749948,-68.64833422002995,23.0,9.970155302530472
665377,-9.17219723227136,-8.586703708999659,2.0,-0.5854935232717011
665455,-46.27715935030958,-52.506894726211854,15.0,6.229735375902273
665495,-35.67295362715025,-39.22134935575188,8.0,3.5483957286016334
665586,-5.184284686374386,-6.037078844016559,0.0,0.8527941576421734
665636,-20.69416524758822,-19.824956617371747,5.0,-0.8692086302164732
665710,-22.4514293537326,-21.343045719053755,6.0,-1.1083836346788445
665764,-12.373575087366058,-13.076115922634369,3.0,0.7025408352683105
665803,-15.245310594808734,-16.94912450676075,3.0,1.7038139119520164
666018,-5.835086323219233,-6.109079160391221,1.0,0.2739928371719875
666125,-0.7335467227490309,-1.4813409710145136,0.0,0.7477942482654827
666275,-14.946712641173384,-16.42604865921996,3.0,1.479336018046574
666326,-7.9354922589151595,-8.224904697450103,1.0,0.2894124385349439
666340,-12.926114269716134,-12.614088782570603,3.0,-0.31202548714553124
666356,-52.49946320414229,-60.77759966694925,10.0,8.278136462806962
666468,-26.19468241384824,-25.88609061228387,9.0,-0.30859180156437205
666658,-15.036077725392417,-14.913346043632087,4.0,-0.12273168176032989
666679,-9.85598436130866,-9.130481417586303,2.0,-0.7255029437223577
666696,-63.42447132132696,-67.09783665129986,26.0,3.6733653299728957
666772,-123.4776323136656,-124.80338985069983,62.0,1.3257575370342352
666882,-4.894267011240907,-5.865787219394465,1.0,0.9715202081535583
667048,-1.9316220535167907,-2.3924885456149223,0.0,0.4608664920981316
667098,-5.228814328774031,-5.556330717116852,1.0,0.32751638834282115
667338,-10.923689120142749,-11.521567899295238,2.0,0.5978787791524898
667342,-2.559813206782955,-3.412617812689639,0.0,0.8528046059066843
667450,-14.364893208498382,-13.903616911773845,3.0,-0.4612762967245363
667477,-78.72117757229661,-75.02845272616001,31.0,-3.692724846136599
667580,-1.4939503702110541,-1.8024345770420178,0.0,0.30848420683096367
667593,-12.757107670810008,-12.901846185629266,3.0,0.1447385148192577
667598,-5.423899107069524,-5.222210932885856,1.0,-0.20168817418366825
667600,-16.339301856116183,-15.006963635171417,4.0,-1.3323382209447665
667664,-25.393995272154772,-24.606808265816532,8.0,-0.7871870063382396
667693,-32.8976345217819,-35.830829483801054,10.0,2.933194962019151
667765,-5.431680261450777,-5.893110044514212,1.0,0.4614297830634353
667798,-9.598620307922907,-8.646225817393189,2.0,-0.9523944905297181
667875,-6.282955935875208,-7.222761572415598,1.0,0.93980563654039
667902,-3.676791926591173,-4.518499553015877,0.0,0.8417076264247041
668075,-19.01649862622233,-18.174074804230845,5.0,-0.8424238219914848
668100,-43.478971311242674,-43.95834558570414,17.0,0.4793742744614633
668146,-5.365186690110867,-5.36880038031874,1.0,0.00361369020787361
668154,-14.351825173549964,-20.670037221883053,4.0,6.3182120483330895
668284,-4.965370500862317,-5.674841495768565,1.0,0.7094709949062477
668287,-8.998233104566474,-5.578931752454721,1.0,-3.419301352111753
668314,-1.2934348660255248,-1.8993620717143938,0.0,0.6059272056888689
668418,-38.3838558925572,-39.27029662820938,14.0,0.8864407356521795
668550,-8.848512769450528,-8.550658386780363,2.0,-0.29785438267016495
668577,-32.62716561328742,-32.09768716072975,11.0,-0.5294784525576688
668944,-40.33997906190496,-43.360028800480414,16.0,3.0200497385754517
668953,-9.012652963034697,-9.237671875532268,2.0,0.22501891249757122
668955,-1.132132564607918,-1.7850568292146498,0.0,0.6529242646067319
668958,-31.04300689846264,-30.297542894640085,7.0,-0.7454640038225548
669196,-2.6423200155844553,-2.7712957305303125,0.0,0.12897571494585724
669282,-6.262674217207352,-9.15314476033952,2.0,2.8904705431321682
669321,-13.38352475366737,-13.298591639485462,3.0,-0.08493311418190785
669397,-15.641226992784992,-15.022640900893883,4.0,-0.6185860918911086
669699,-50.273008439450756,-55.439584281645566,22.0,5.16657584219481
669852,-1.5609225443470107,-2.6962044038150594,0.0,1.1352818594680487
669860,-12.304264404010674,-11.702877276708584,3.0,-0.6013871273020897
669888,-18.517753351323876,-18.77284338917369,5.0,0.2550900378498149
670113,-6.952517072185054,-7.048915528996363,1.0,0.09639845681130943
670415,-1.2585383671472559,-2.3924885456149223,0.0,1.1339501784676664
670426,-25.84223454731884,-25.67309826121008,7.0,-0.16913628610875975
670455,-57.56923115856355,-57.42037296447959,20.0,-0.14885819408395662
670468,-90.1178002269002,-94.5094519467408,46.0,4.3916517198405955
670598,-40.35841089086375,-39.303643927275274,15.0,-1.0547669635884773
670635,-15.66583454331945,-15.341817104621043,4.0,-0.32401743869840693
670653,-9.885721345926166,-8.63421607814485,2.0,-1.251505267781317
670683,-24.249568043744333,-24.09196819643995,8.0,-0.15759984730438248
671045,-5.461494460920423,-5.908555097666455,1.0,0.44706063674603236
671253,-9.082153881562963,-8.435894516947826,2.0,-0.6462593646151369
671384,-5.265239148786405,-5.232216194642282,1.0,-0.03302295414412271
671415,-5.226886796595082,-5.482500068295355,1.0,0.25561327170027326
671504,-17.92556008843868,-21.411531876112143,4.0,3.4859717876734635
671619,-5.595910535278928,-5.560380130740482,1.0,-0.035530404538445914
671634,-65.13071718176886,-64.06222466918935,34.0,-1.0684925125795104
671728,-8.439342938451302,-8.577613596556628,2.0,0.13827065810532524
671740,-1.5474262204220328,-1.7850568292146498,0.0,0.237630608792617
671778,-44.389183390878955,-44.46388769511304,15.0,0.07470430423408203
671868,-0.4348053831615713,-1.7850568292146498,0.0,1.3502514460530786
671912,-10.313544375369963,-9.634621058649111,2.0,-0.6789233167208515
671934,-41.03602814986685,-52.45989522152176,16.0,11.42386707165491
672100,-0.93451969049853,-1.7850568292146498,0.0,0.8505371387161198
672165,-25.997531425716648,-30.080991695240535,7.0,4.083460269523886
672184,-18.780357141551786,-19.137548931244197,5.0,0.3571917896924113
672322,-8.102268389057963,-8.448039477437037,2.0,0.3457710883790739
672434,-8.99325112186675,-8.561135920259632,2.0,-0.43211520160711814
672471,-1.5412079452787073,-2.6962044038150594,0.0,1.1549964585363521
672494,-11.515877894347394,-10.129998882527472,2.0,-1.385879011819922
672677,-15.647704171246398,-15.033062372530003,4.0,-0.614641798716395
672681,-146.63740116165647,-154.61368667972278,60.0,7.976285518066305
672853,-12.17415718797681,-11.575313170209936,3.0,-0.5988440177668739
672865,-8.969024358013547,-8.574003780102759,2.0,-0.39502057791078826
672878,-5.960814083927806,-6.0799045748766325,1.0,0.1190904909488264
673006,-35.90532705849299,-35.41166125931986,10.0,-0.4936657991731366
673136,-1.5779067865631902,-2.3924885456149223,0.0,0.8145817590517321
673142,-8.636419814482098,-8.903483953736522,2.0,0.2670641392544244
673332,-118.85810703864821,-111.91904349172493,58.0,-6.939063546923279
673540,-53.20868441866926,-52.71918843789743,25.0,-0.489495980771828
673630,-38.50080447206816,-37.54086168378975,15.0,-0.9599427882784113
673692,-5.617200485404093,-6.340794702216695,0.0,0.7235942168126019
673738,-20.995697187523664,-20.995285478521534,6.0,-0.00041170900212961214
673772,-5.291331109557936,-5.3623038205905305,1.0,0.07097271103259484
673806,-2.909878645506473,-3.8873039610669604,0.0,0.9774253155604873
673949,-7.06070384936341,-7.877373241215371,1.0,0.8166693918519607
673970,-66.85783325978753,-65.16858312143596,17.0,-1.689250138351568
674081,-9.813285304688655,-9.78108293336194,2.0,-0.032202371326714996
674131,-20.428600963888066,-19.506597425113526,5.0,-0.9220035387745398
674170,-14.098310817146857,-13.293320103345483,3.0,-0.8049907138013737
674323,-12.185216097802687,-11.566539912470036,3.0,-0.6186761853326512
674361,-49.506169711788225,-48.02652745636088,20.0,-1.4796422554273434
674443,-5.338049561067591,-4.94294944482254,1.0,-0.39510011624505115
674527,-20.980494225535935,-21.002781643150566,6.0,0.022287417614631266
674704,-55.507572777134584,-80.42896006650085,24.0,24.921387289366265
674741,-247.29137898017265,-245.23473215136582,136.0,-2.0566468288068336
674758,-7.604426131988888,-7.729017395578207,1.0,0.12459126358931893
674782,-19.266577650393415,-19.50448712896972,6.0,0.23790947857630584
674954,-23.456604057379145,-22.785137334738955,6.0,-0.67146672264019
675020,-75.75379870216143,-72.23003098156663,32.0,-3.5237677205948046
675060,-11.076300884687315,-13.292262298238333,2.0,2.2159614135510175
675077,-10.081951070930616,-9.290671163516485,2.0,-0.7912799074141308
675084,-13.879740221188065,-12.541420773991643,3.0,-1.3383194471964224
675133,-21.861574126482196,-27.902193640700137,5.0,6.040619514217941
675134,-23.243281730073758,-24.752354268692336,9.0,1.5090725386185788
675138,-22.808085274473477,-22.391789680111472,6.0,-0.4162955943620048
675228,-2.6025438235943517,-2.088772687414786,0.0,-0.5137711361795656
675268,-6.110628154223378,-6.340982354706725,1.0,0.23035420048334654
675421,-25.35527154800524,-24.79206224125558,8.0,-0.5632093067496626
675427,-12.507198752546811,-12.339521128602335,2.0,-0.16767762394447594
675600,-16.308407770832744,-18.601035929335115,3.0,2.292628158502371
675647,-7.691318145548964,-8.938891769961696,1.0,1.2475736244127322
675667,-4.383211445144156,-4.518499553015877,0.0,0.13528810787172052
676017,-19.53779024315985,-18.575975847772003,5.0,-0.9618143953878473
676089,-26.610068904959356,-23.985546607895106,6.0,-2.6245222970642494
676128,-282.86290092357075,-436.17752391824644,97.0,153.3146229946757
676228,-0.7871930410696533,-1.177625112814377,0.0,0.39043207174472383
676326,-10.01396068474516,-9.5571660045124,2.0,-0.4567946802327594
676470,-18.004356611368205,-19.994042690590195,4.0,1.9896860792219897
676565,-17.726961105995898,-16.155311467572538,4.0,-1.5716496384233594
676779,-9.744311301727254,-9.291901784779327,2.0,-0.4524095169479274
676824,-27.68363478869144,-26.581832909576207,8.0,-1.1018018791152322
676871,-17.486230596605424,-18.6312648216995,4.0,1.1450342250940757
677022,-53.275999436163936,-43.37450778284149,7.0,-9.901491653322445
677032,-193.48294932978675,-255.15814194113761,85.0,61.675192611350866
677042,-11.562558795790638,-11.696260677620309,3.0,0.1337018818296709
677058,-74.94288459069683,-70.57218529354473,35.0,-4.3706992971521
677073,-5.014232460764794,-5.166806559531404,1.0,0.15257409876660954
677111,-38.65897788697339,-41.79534847277223,12.0,3.1363705857988435
677114,-5.318705877979314,-6.216895989390849,1.0,0.8981901114115356
677162,-0.5483868613606332,-0.8739092546142408,0.0,0.32552239325360766
677222,-8.89565204864569,-9.735484713901373,2.0,0.8398326652556829
677242,-12.311057322268914,-11.941018003071058,3.0,-0.37003931919785593
677324,-30.661924825594795,-29.497459661913894,10.0,-1.1644651636809016
677331,-69.60966216679806,-66.3180897966406,35.0,-3.2915723701574535
677437,-5.1059459471266,-4.985729979822641,1.0,-0.12021596730395956
677521,-14.31245478962181,-14.23605733339423,4.0,-0.07639745622758021
677543,-35.88759547721193,-35.746462988872665,13.0,-0.14113248833926662
677590,-27.784721715213884,-27.191874483239356,9.0,-0.5928472319745275
677610,-1.0368299243866927,-1.177625112814377,0.0,0.14079518842768435
677649,-11.960983894372665,-12.109003617453782,3.0,0.14801972308111644
677872,-8.431841088796425,-8.688915829814961,2.0,0.25707474101853656
677940,-5.637308355662907,-4.920680276583964,1.0,-0.7166280790789434
677996,-8.14269929475371,-8.535922978724761,2.0,0.39322368397105123
678007,-27.770044626625495,-28.73348671553064,8.0,0.9634420889051434
678013,-13.59734746211925,-16.592446905674848,4.0,2.9950994435555973
678040,-21.37310140929954,-20.121027065133255,6.0,-1.2520743441662852
678184,-33.663385176740356,-37.07312680587362,12.0,3.409741629133265
678191,-30.805160744840844,-32.02190996854296,11.0,1.216749223702113
678253,-6.847754538326889,-4.940364552884816,1.0,-1.907389985442073
678289,-26.301640200926396,-24.975380629941696,6.0,-1.3262595709846998
678322,-28.138513905096794,-28.402365033527975,10.0,0.2638511284311811
678407,-26.148651089237777,-25.99972148304314,9.0,-0.14892960619463835
678725,-25.90932952333198,-27.666058717491904,8.0,1.7567291941599237
678738,-29.083707522891768,-33.336739498816364,7.0,4.253031975924596
678741,-12.376054270605286,-11.815955449928035,3.0,-0.5600988206772506
678979,-5.409414336165123,-4.866096639546145,1.0,-0.5433176966189786
679055,-6.2800014971634335,-5.553933834192686,1.0,-0.7260676629707472
679061,-6.226872532047497,-5.551897138850167,1.0,-0.6749753931973297
679078,-30.590126946257616,-30.616046246908894,11.0,0.02591930065127812
679213,-2.696513045606533,-2.9999202620151957,0.0,0.30340721640866253
679240,-77.20009730308361,-99.71169998657349,25.0,22.511602683489883
679275,-8.838643626673933,-8.450837372887838,2.0,-0.38780625378609557
679301,-0.662412230227143,-1.177625112814377,0.0,0.5152128825872341
679316,-10.281211088976892,-12.568210421572237,3.0,2.286999332595345
679332,-12.20337736331547,-13.661936240076274,1.0,1.4585588767608044
679508,-25.870260663833204,-25.627539114811583,8.0,-0.24272154902162058
679623,-2.807931871970436,-3.303636120215332,0.0,0.4957042482448961
679720,-1.5193636110838926,-2.3924885456149223,0.0,0.8731249345310297
679759,-14.484785020225875,-14.256645437982009,4.0,-0.2281395822438661
679830,-31.270295389966442,-37.20816977095273,10.0,5.937874380986287
679960,-39.53660969979308,-38.17552265537752,13.0,-1.3610870444155623
680069,-8.845287227811966,-8.929424415098632,2.0,0.0841371872866663
680213,-24.878445377391877,-24.802576899712623,8.0,-0.0758684776792542
680314,-27.42040090615985,-27.59606304242303,10.0,0.17566213626318117
680350,-11.586110608801533,-18.249497974389428,2.0,6.663387365587894
680358,-9.798093831358704,-9.605320434712942,2.0,-0.19277339664576232
680465,-61.86463333276723,-59.967219509138296,13.0,-1.8974138236289306
680469,-5.198856044488439,-5.622733163260569,1.0,0.42387711877212997
680674,-5.04724823725788,-5.384468114757993,1.0,0.3372198775001136
680830,-8.287984098811911,-8.585876159970866,2.0,0.2978920611589544
680878,-24.271159534283566,-27.184394976229452,8.0,2.9132354419458864
680922,-15.404673471023685,-17.066291694649962,4.0,1.6616182236262773
681047,-0.5150262393297124,-0.8739092546142408,0.0,0.3588830152845285
681069,-3.7777250088294654,-3.911067836615605,0.0,0.13334282778613948
681318,-58.557503863679926,-65.95513133859689,23.0,7.397627474916959
681323,-5.572817450012297,-6.683354865086953,1.0,1.1105374150746554
681466,-4.781716686751708,-5.053966903186734,1.0,0.272250216435026
681511,-5.331988116490989,-5.179386189942878,1.0,-0.1526019265481109
681563,-32.87687872915214,-38.52248284455645,8.0,5.645604115404311
681606,-12.030114662952641,-11.525783418924204,3.0,-0.5043312440284371
681659,-18.19577341166397,-17.804883600938588,5.0,-0.3908898107253833
681673,-5.4295324835844445,-5.123217494249653,1.0,-0.3063149893347914
681775,-2.0685037372897788,-1.7850568292146498,0.0,-0.28344690807512896
681882,-8.550852748669472,-8.656200279168116,2.0,0.1053475304986442
681999,-25.332090522517483,-24.624351706527214,8.0,-0.7077388159902682
682171,-1.3180634626229668,-2.088772687414786,0.0,0.7707092247918192
682208,-17.858256044800367,-26.040931453450398,5.0,8.18267540865003
682224,-2.8127128597183613,-2.088772687414786,0.0,-0.7239401723035752
682249,-5.27246735736663,-5.712718138225891,1.0,0.4402507808592606
682409,-3.8030032439865002,-6.948226418616968,0.0,3.1452231746304675
682477,-19.325799504259546,-19.947438368754337,6.0,0.6216388644947912
682504,-12.661615693119773,-11.52956448402217,3.0,-1.132051209097602
682598,-45.39308564133202,-49.219225510834136,20.0,3.8261398695021143
682636,-0.9332799494640837,-1.4813409710145136,0.0,0.5480610215504299
682644,-17.739943710022214,-17.344271579129554,5.0,-0.3956721308926596
682652,-19.9691311980736,-18.46841623788601,5.0,-1.5007149601875902
682690,-6.89851169056987,-8.2105958533784,1.0,1.3120841628085307
682861,-4.802666955997054,-4.773190053318434,1.0,-0.029476902678620576
682898,-13.961765205617093,-15.751264833511984,4.0,1.789499627894891
682950,-18.384427039505887,-19.359163890339193,5.0,0.9747368508333061
683019,-35.504216347131816,-38.090205436631415,13.0,2.5859890894995985
683059,-25.54838895198052,-26.269991451936626,8.0,0.7216024999561057
683073,-42.33540110962198,-41.3915971847555,16.0,-0.9438039248664865
683143,-19.488548382923423,-19.025708266075437,6.0,-0.4628401168479854
683222,-9.191417340035091,-8.867486973688816,2.0,-0.3239303663462749
683447,-16.82877542342053,-19.03440560636751,5.0,2.2056301829469795
683465,-3.317393697746128,-3.252122486418653,0.0,-0.06527121132747515
683481,-7.597191307583064,-5.5677976096799275,1.0,-2.029393697903137
683517,-8.864987045914734,-9.012469782652166,2.0,0.14748273673743206
683758,-12.30208749262945,-12.451970946967094,3.0,0.14988345433764394
683891,-39.85679048655981,-40.17479691744907,17.0,0.3180064308892625
683970,-18.949189971277914,-20.074010925060215,5.0,1.1248209537823008
684027,-15.971384586734963,-15.463683137912597,4.0,-0.5077014488223668
684152,-25.306007557820195,-24.9313753766953,7.0,-0.3746321811248947
684346,-5.114005834322635,-5.665177175225759,1.0,0.5511713409031245
684629,-39.73566005808959,-41.67784878479719,11.0,1.9421887267075988
684751,-0.9349181511859272,-1.4813409710145136,0.0,0.5464228198285863
684777,-19.237825483222867,-18.566167982358778,5.0,-0.6716575008640895
684789,-5.398568557569515,-5.56867302205499,1.0,0.17010446448547523
684990,-5.169630199303597,-5.230353077053453,1.0,0.060722877749856075
685120,-23.290914345852347,-22.909263912154582,8.0,-0.3816504336977644
685173,-6.649847986910502,-7.109421351883593,1.0,0.45957336497309065
685181,-13.264311227319558,-13.756374221005773,3.0,0.49206299368621487
685244,-28.200874330348704,-29.096389568813766,10.0,0.8955152384650624
685272,-31.89029857463548,-36.47814404423351,10.0,4.5878454695980295
685372,-20.356906258612888,-20.616189079605086,6.0,0.25928282099219757
685516,-5.6722139513411305,-6.4742268119691,1.0,0.8020128606279693
685563,-9.557614140141975,-9.242922035540975,2.0,-0.3146921046010007
685761,-65.66072101292475,-63.059560993525764,26.0,-2.601160019398989
685806,-7.780673502313063,-7.507443005712424,0.0,-0.2732304966006396
685808,-8.254120674965437,-8.706714641784997,2.0,0.45259396681955977
685816,-13.114019918076984,-12.292091259689725,3.0,-0.8219286583872591
685884,-1.5053209754556331,-1.7850568292146498,0.0,0.27973585375901666
685892,-17.310344004901083,-18.980398724952998,4.0,1.6700547200519154
685995,-3.883050157526283,-4.822215411216014,0.0,0.939165253689731
686117,-5.317127068678874,-5.001717838286476,1.0,-0.3154092303923983
686148,-21.78675885950919,-21.92491629391112,7.0,0.13815743440192918
686210,-72.95652939918375,-76.82928353572274,24.0,3.872754136538987
686218,-101.06102470671293,-97.89969877390175,43.0,-3.161325932811181
686472,-16.886384126912848,-19.063309670605907,5.0,2.1769255436930592
686542,-32.21903103851523,-33.73091759615356,11.0,1.5118865576383271
686568,-21.415527243099078,-25.359178429028052,6.0,3.9436511859289745
686619,-4.083328317403794,-1.177625112814377,0.0,-2.9057032045894164
686620,-58.496821810949136,-60.24370232250286,27.0,1.7468805115537265
686915,-0.5728509540557482,-0.5836755058183201,0.0,0.01082455176257191
687312,-27.25170377577447,-25.860018842893382,8.0,-1.3916849328810876
687420,-1.4942527963644114,-2.6962044038150594,0.0,1.201951607450648
687426,-22.358706172629248,-21.38278205256015,6.0,-0.9759241200690987
687664,-18.392512757677203,-17.951597685308485,5.0,-0.44091507236871763
687817,-15.325541298869586,-16.882192799847,3.0,1.5566515009774147
688101,-41.97326032489448,-42.56028133429694,18.0,0.5870210094024557
688114,-76.27175233836334,-70.2305669190989,36.0,-6.041185419264437
688187,-4.804655411023198,-4.9146440136929215,1.0,0.10998860266972343
688307,-1.0385294690369147,-1.2164730891727396,0.0,0.17794362013582488
688387,-16.53060570338544,-17.10370410008211,4.0,0.5730983966966683
688582,-0.9431708600134894,-1.4813409710145136,0.0,0.5381701110010242
688595,-43.62145689887848,-47.26367661152299,19.0,3.6422197126445113
688712,-1.9192866420903079,-2.088772687414786,0.0,0.1694860453244782
688752,-64.85019359335692,-64.57739682262724,35.0,-0.2727967707296841
688756,-17.22338780840676,-17.531128926860635,5.0,0.3077411184538761
688853,-18.665027006283886,-17.872340568731737,4.0,-0.792686437552149
688866,-5.522754597831102,-5.566824258736214,1.0,0.04406966090511233
688879,-5.415603705569608,-5.083374385918461,1.0,-0.3322293196511472
689132,-1.3306749839403909,-2.088772687414786,0.0,0.7580977034743952
689172,-9.2508693747096,-8.685047255785905,2.0,-0.5658221189236947
689268,-46.17672308312009,-55.86181392317816,18.0,9.685090840058074
689394,-7.655301454645375,-7.45457332712603,1.0,-0.2007281275193451
689405,-0.993703083280927,-1.4813409710145136,0.0,0.4876378877335865
689435,-0.5175753437441039,-1.7850568292146498,0.0,1.267481485470546
689472,-28.14013247666671,-26.992055823588586,8.0,-1.1480766530781246
689525,-4.941637300618369,-5.179386189942878,1.0,0.237748889324509
689629,-10.707865511732406,-10.9661360300374,2.0,0.2582705183049949
689822,-10.448643880804024,-10.086747356094849,2.0,-0.36189652470917544
689965,-2.847798881023447,-3.3972044652492017,0.0,0.5494055842257546
689967,-11.76240720549879,-11.819298325021128,2.0,0.05689111952233894
689975,-28.192312783980373,-29.185050851204693,8.0,0.9927380672243196
690184,-8.901228402134025,-8.955661348116614,2.0,0.05443294598258852
690202,-17.56417899601854,-17.717741433827246,5.0,0.1535624378087057
690292,-7.595946800370986,-5.297236744678808,1.0,-2.298710055692178
690293,-85.70114058794628,-104.23343987616077,35.0,18.53229928821449
690310,-1.832856093129284,-2.088772687414786,0.0,0.25591659428550195
690507,-42.453141696559214,-45.029651798400266,15.0,2.576510101841052
690609,-46.06728923832174,-47.54887467660037,20.0,1.4815854382786284
690906,-35.3599297265374,-36.43164914342079,11.0,1.07171941688339
691080,-67.64001244242927,-76.54174493628258,25.0,8.901732493853316
691190,-16.61978996955249,-17.451641655271807,4.0,0.8318516857193181
691200,-10.824158397091264,-9.925988028495624,2.0,-0.8981703685956397
691271,-32.035656691052544,-32.17104879731596,11.0,0.13539210626341713
691325,-1.6626371009072762,-1.7850568292146498,0.0,0.12241972830737358
691359,-92.37318177404082,-92.80749933748159,40.0,0.43431756344077144
691424,-4.55392517345172,-4.866096639546145,1.0,0.3121714660944246
691579,-5.410819548894676,-6.037078844016559,0.0,0.6262592951218826
691675,-61.39541647865667,-75.85162631750566,22.0,14.456209838848991
691683,-0.267156983848305,-0.266477538213968,0.0,-0.0006794456343369726
691887,-52.413992440631525,-63.36794118664216,20.0,10.953948746010639
691921,-16.398792352874768,-16.55002434212593,4.0,0.151231989251162
691963,-7.0418165440496425,-8.392123545006116,2.0,1.350307000956474
692088,-3.8939447854636033,-4.2147836948157416,0.0,0.3208389093521382
692174,-14.08327218314019,-13.335582812699927,3.0,-0.7476893704402627
692178,-4.645055711957843,-4.969887973140411,1.0,0.3248322611825678
692216,-10.562690306555726,-9.466059308957973,2.0,-1.096630997597753
692389,-5.271500176972755,-5.711579940838039,1.0,0.4400797638652838
692470,-4.561366781421326,-6.340794702216695,0.0,1.779427920795369
692622,-38.276947512794514,-41.91630910456498,15.0,3.6393615917704665
692634,-18.44658165980172,-20.15560670770955,4.0,1.7090250479078293
692637,-41.059185357002754,-42.65850542799507,11.0,1.599320070992313
692646,-20.63588002261701,-21.395741165208445,7.0,0.7598611425914363
692790,-13.360412911069993,-13.576046886471278,5.0,0.21563397540128548
692913,-28.835035121538215,-28.808402721365066,11.0,-0.02663240017314905
693027,-15.013804228960225,-16.682122214747448,4.0,1.6683179857872226
693074,-25.160436214488385,-24.55917205815227,7.0,-0.6012641563361143
693080,-36.395224845107634,-36.058179663941324,12.0,-0.3370451811663102
693086,-11.690980757025423,-12.795997771323396,2.0,1.1050170142979727
693114,-26.934733668725844,-27.143393915099306,10.0,0.20866024637346214
693283,-11.585438796435211,-11.781431932091671,3.0,0.19599313565645993
693381,-44.517828628407734,-45.58330314264656,19.0,1.0654745142388222
693477,-5.202373059306884,-5.694348287137208,1.0,0.49197522783032355
693578,-12.765600828822988,-11.888274353721567,3.0,-0.8773264751014214
693610,-4.959410315739586,-4.927231030884438,1.0,-0.03217928485514765
693665,-10.335690947837902,-11.468832417879117,3.0,1.133141470041215
693750,-20.263046606475942,-19.7478610521731,6.0,-0.5151855543028425
693778,-17.153608338165437,-37.3198122386306,0.0,20.16620390046516
693807,-170.05373708321363,-176.17563126010742,35.0,6.12189417689379
693879,-41.84654432051749,-33.98945530574908,6.0,-7.857089014768405
693959,-7.347258898482303,-6.978902668331797,1.0,-0.3683562301505061
694020,-58.317392311041054,-57.87163353668204,26.0,-0.4457587743590139
694023,-31.130271061233493,-33.00680493276306,10.0,1.876533871529567
694039,-13.404565329730058,-12.422268945276265,3.0,-0.9822963844537931
694150,-1.0707305291760247,-1.7850568292146498,0.0,0.7143263000386251
694156,-16.604795221714127,-15.772048333837077,4.0,-0.8327468878770503
694396,-25.883203510601074,-25.118900391937174,7.0,-0.7643031186639
694452,-8.909120077449803,-8.960969783238083,2.0,0.051849705788280076
694565,-18.250152574578753,-17.79055755328672,5.0,-0.45959502129203145
694791,-8.782261478719953,-9.29871791289804,2.0,0.5164564341780871
694802,-10.740054392682922,-11.902117528712893,3.0,1.1620631360299711
694826,-9.22528135162796,-9.23643236198143,2.0,0.01115101035347088
694917,-24.972348097200847,-25.963142616516503,7.0,0.9907945193156564
694972,-14.681442920653843,-14.329609821080833,4.0,-0.35183309957301034
695306,-33.87061919006601,-34.51695075847382,11.0,0.6463315684078097
695382,-9.446561316877798,-8.385741166904767,1.0,-1.060820149973031
695433,-7.8398882117253965,-8.152382771775715,1.0,0.31249456005031817
695443,-64.80329414915285,-62.8164551174263,40.0,-1.9868390317265465
695486,-18.749924379499905,-18.38382742031001,5.0,-0.36609695918989615
695594,-8.808002849546975,-7.922445335802343,1.0,-0.8855575137446321
695621,-35.224766500017076,-48.81863804548993,8.0,13.593871545472851
695652,-36.690580302630394,-35.90868304244299,12.0,-0.7818972601874066
695868,-1.5702223769426848,-2.088772687414786,0.0,0.5185503104721012
695910,-40.35060651227799,-38.715002162165206,8.0,-1.6356043501127857
696192,-21.931711507755367,-22.297879758594625,7.0,0.36616825083925875
696323,-18.658663214788646,-18.27832656361548,5.0,-0.38033665117316673
696358,-25.232183720934,-24.606338996316545,5.0,-0.6258447246174548
696531,-1.1569037799343211,-1.8024345770420178,0.0,0.6455307971076967
696815,-48.878087764443926,-47.33006860608815,18.0,-1.5480191583557783
696849,-1.1235872089808767,-1.7850568292146498,0.0,0.6614696202337731
696850,-5.589124533838379,-5.733362985816423,0.0,0.14423845197804397
697154,-65.09478862443166,-61.108024349020376,24.0,-3.986764275411282
697235,-4.962670269017366,-4.87390143272944,1.0,-0.08876883628792598
697266,-14.069146124916472,-14.940482557695406,4.0,0.8713364327789339
697349,-20.086226467448782,-24.5026348216527,6.0,4.4164083542039165
697369,-48.844973869675684,-46.389583974628714,17.0,-2.45538989504697
697451,-2.778881617771528,-3.607351978415468,0.0,0.8284703606439403
697595,-5.2325642023755945,-5.179386189942878,1.0,-0.05317801243271614
697598,-27.6225278129294,-23.657044729078383,6.0,-3.9654830838510158
697647,-24.989351651353306,-27.45163875341903,9.0,2.462287102065723
697655,-20.78575031449002,-21.2962368018516,7.0,0.5104864873615789
697702,-20.742919518711783,-22.791534870834038,6.0,2.0486153521222548
697892,-5.237508496986677,-5.127409800103793,1.0,-0.11009869688288365
698039,-15.446240770229258,-15.298412822453503,4.0,-0.14782794777575425
698193,-6.209304256336937,-6.249444116965957,1.0,0.04013986062902042
698195,-10.237455962059121,-9.83423294056396,2.0,-0.40322302149516176
698258,-15.206703893076725,-15.177586923603656,4.0,-0.029116969473069076
698432,-26.53174453663817,-28.794500864707196,9.0,2.2627563280690275
698438,-18.992363282455752,-17.511320557427695,4.0,-1.4810427250280576
698515,-39.42027421517102,-38.46766094054369,14.0,-0.9526132746273319
698846,-45.72345831027978,-44.74204672039559,21.0,-0.9814115898841891
698881,-22.074726126620703,-21.064524853792317,6.0,-1.010201272828386
698925,-12.395857703592304,-17.57828145562174,0.0,5.182423752029438
698944,-30.111704026192243,-31.68773328054076,10.0,1.5760292543485157
698990,-5.375406849396988,-5.176088676963185,1.0,-0.19931817243380312
699018,-11.951588135991445,-11.903491335941212,2.0,-0.04809680005023331
699096,-20.597646405981617,-20.371056131725787,5.0,-0.22659027425583034
699100,-9.670200309609758,-8.637626995467752,2.0,-1.032573314142006
699200,-32.50503999871683,-33.94889584027406,13.0,1.4438558415572302
699234,-1.1065550997184375,-1.6380087332613011,0.0,0.5314536335428637
699275,-8.082799638033865,-7.662839099238424,1.0,-0.4199605387954417
699644,-1.910811708572196,-2.797533821828502,0.0,0.8867221132563061
699675,-38.56905895215152,-39.730886327673126,14.0,1.1618273755216038
699694,-16.525756205620677,-14.992449640388264,3.0,-1.5333065652324134
699696,-4.958574407795807,-5.483108766235657,1.0,0.5245343584398494
699950,-0.8137836119351286,-0.5701933964141045,0.0,-0.2435902155210241
700185,-12.46448970765619,-12.297430588116036,3.0,-0.16705911954015384
700226,-30.835198501602342,-30.114049017153494,9.0,-0.7211494844488477
700260,-1.445587577057401,-2.088772687414786,0.0,0.6431851103573851
700447,-1.582667856528333,-2.6962044038150594,0.0,1.1135365472867265
700497,-10.622465785834342,-10.966801765047874,2.0,0.34433597921353254
700635,-27.185038416365924,-29.36035026776976,5.0,2.175311851403837
700678,-5.5876372229970785,-5.704826152862959,1.0,0.11718892986588081
700731,-22.88608055232584,-22.47254242543466,5.0,-0.4135381268911793
700884,-23.477901421117963,-22.12151586452447,7.0,-1.3563855565934944
700900,-18.79388634233598,-18.597844959595065,5.0,-0.19604138274091554
701182,-5.822296328315698,-4.98388232029166,1.0,-0.8384140080240376
701234,-22.99616259316823,-23.02816233367882,7.0,0.03199974051059229
701277,-39.65412896380048,-41.40845244780618,12.0,1.7543234840056954
701467,-19.897591049504015,-19.9088065604103,5.0,0.011215510906286141
701590,-27.135401608001185,-27.970782905070767,9.0,0.8353812970695813
701622,-8.713286945074818,-9.159434025931674,2.0,0.4461470808568553
701628,-78.96189986418268,-90.77024661345115,35.0,11.808346749268466
701672,-12.435308047190333,-12.476451514013409,3.0,0.041143466823076125
701859,-18.771250209755685,-19.13859741164235,4.0,0.36734720188666614
701901,-21.184004518400986,-20.76953732021109,6.0,-0.41446719818989664
701981,-1.01719907319673,-1.88316558578092,0.0,0.86596651258419
702127,-0.036642953700856615,-0.29584741738338427,0.0,0.25920446368252764
702132,-21.692857548777727,-22.18860230963399,6.0,0.49574476085626173
702240,-24.92891358573051,-25.694099909309855,8.0,0.7651863235793464
702307,-15.75561591709485,-15.184166196397669,4.0,-0.5714497206971814
702310,-22.22073059952953,-21.89431206256976,7.0,-0.3264185369597712
702316,-55.030163088836176,-54.16055456652184,20.0,-0.869608522314337
702376,-13.533816239569216,-16.863146566054688,3.0,3.329330326485472
702394,-12.987357978479341,-12.741856837293367,3.0,-0.245501141185974
702425,-1.2807136402319508,-1.7850568292146498,0.0,0.504343188982699
702444,-18.955814737498933,-18.943094053777752,6.0,-0.012720683721180848
702521,-1.7757819257535152,-2.3924885456149223,0.0,0.6167066198614071
702534,-2.380150922987898,-3.607351978415468,0.0,1.22720105542757
702549,-5.917313019959415,-5.272562681201074,1.0,-0.6447503387583406
702759,-35.47608670897401,-35.48244841040882,10.0,0.006361701434812517
702887,-9.448354708139444,-9.116607810855458,2.0,-0.33174689728398654
702964,-39.65219273777206,-45.48315003661749,12.0,5.830957298845426
702965,-9.363060663914279,-9.763198826505558,2.0,0.4001381625912792
702998,-3.6946471911558114,-3.911067836615605,0.0,0.21642064545979345
703105,-22.80769686103639,-21.91659760657011,6.0,-0.8910992544662797
703220,-14.769777628985336,-15.509643925842061,4.0,0.7398662968567251
703261,-22.944189170172397,-16.713218170703556,3.0,-6.230970999468841
703320,-32.24498235612771,-31.10390342931905,10.0,-1.1410789268086567
703329,-2.6921209549046385,-3.911067836615605,0.0,1.2189468817109663
703353,-0.7146466455067616,-1.177625112814377,0.0,0.4629784673076155
703387,-0.4562686152961347,-0.8739092546142408,0.0,0.41764063931810613
703443,-15.612849042852384,-15.600502197583038,4.0,-0.012346845269345152
703448,-22.40993753772678,-21.943156736454988,7.0,-0.466780801271792
703456,-5.051555792782809,-5.490636588471568,1.0,0.439080795688759
703467,-13.346762099831006,-18.487828145050425,2.0,5.14106604521942
703483,-14.938725200854691,-14.963610834948813,4.0,0.024885634094122366
703758,-14.883750765731456,-14.635800541484933,4.0,-0.24795022424652302
703805,-61.67033210843664,-65.88976283407762,17.0,4.219430725640976
703872,-8.488224262996539,-11.389591345731725,2.0,2.9013670827351863
703907,-16.86359005737658,-17.307276017481687,5.0,0.44368596010510686
703927,-32.60264056002505,-32.05944734459822,11.0,-0.5431932154268324
703944,-8.873213619186066,-8.801149242146616,2.0,-0.07206437703944957
704107,-26.78048030986517,-25.636292432621445,8.0,-1.1441878772437235
704236,-9.002124663032328,-8.448953907401803,2.0,-0.553170755630525
704316,-1.1314987707199498,-1.4813409710145136,0.0,0.3498422002945638
704407,-14.956909719935723,-14.762360039332965,3.0,-0.19454968060275846
704415,-8.123007429861195,-8.814544071102308,1.0,0.6915366412411128
704445,-15.374810145855278,-16.95502595848347,4.0,1.580215812628193
704470,-68.45555534582081,-66.83680664873177,30.0,-1.6187486970890461
704535,-18.51537207584219,-18.291053760425388,5.0,-0.22431831541680225
704549,-1.5503858570567606,-0.8739092546142408,0.0,-0.6764766024425197
704555,-79.70243174689985,-76.66331144537422,38.0,-3.039120301525628
704603,-13.219637110392329,-12.910220564560474,3.0,-0.30941654583185496
704637,-6.8976138405013145,-5.398875625746587,1.0,-1.4987382147547272
704694,-12.40852657388691,-13.13901426796754,3.0,0.7304876940806295
704834,-9.9451751141802,-10.848613235267752,2.0,0.903438121087552
704988,-20.950679984767905,-19.981553760940262,4.0,-0.9691262238276437
705001,-5.405098871718266,-5.534448474927775,1.0,0.1293496032095085
705059,-31.18299847961656,-30.502617515823015,9.0,-0.6803809637935458
705167,-25.11928771735486,-26.750232193343848,8.0,1.6309444759889864
705393,-8.852787923617347,-8.153096639839399,2.0,-0.6996912837779483
705396,-9.359814378535406,-9.277607516429054,2.0,-0.08220686210635186
705398,-8.8889360024646,-8.472997802336298,2.0,-0.41593820012830207
705525,-2.413231401004678,-2.371003073525983,0.0,-0.04222832747869498
705608,-1.3669985100701474,-2.6962044038150594,0.0,1.329205893744912
705862,-25.804958186027157,-27.91307823466188,9.0,2.1081200486347242
705904,-5.183886715346987,-4.918903993262377,1.0,-0.2649827220846106
705975,-18.64678631334404,-19.59162668436956,4.0,0.9448403710255207
705986,-46.94376079084483,-46.92413990716474,15.0,-0.01962088368009063
706104,-9.176855431982176,-8.702681746900758,2.0,-0.4741736850814178
706222,-15.338233971100045,-16.402569641648878,4.0,1.0643356705488323
706270,-4.837042356457461,-4.929054647377197,1.0,0.09201229091973584
706423,-11.433645662432204,-11.807443683633196,3.0,0.3737980212009919
706425,-10.26002634055465,-10.889539969867323,2.0,0.6295136293126742
706469,-15.111915374346474,-14.90623544025347,4.0,-0.20567993409300378
706542,-11.647748729819723,-12.464516752845238,3.0,0.8167680230255154
706562,-0.8149271843201789,-1.177625112814377,0.0,0.36269792849419824
706603,-29.316188547603684,-28.296745234708478,9.0,-1.0194433128952056
706631,-3.604432496185286,-4.073723727275186,0.0,0.46929123108990023
706633,-30.956164881525265,-31.059315772023474,10.0,0.10315089049820969
706863,-14.647252035724943,-15.254307417478662,4.0,0.6070553817537192
706935,-35.53052901897806,-34.30384898325413,12.0,-1.2266800357239305
707000,-20.353952665700056,-19.752740085831036,6.0,-0.6012125798690207
707076,-1.913263608145692,-2.6962044038150594,0.0,0.7829407956693675
707091,-24.93257791041764,-28.196550029515006,10.0,3.2639721190973674
707233,-18.477379734749974,-17.337111464746076,5.0,-1.1402682700038973
707238,-63.323610979224235,-61.625457729946966,33.0,-1.6981532492772686
707325,-29.809978631710752,-33.305849983688184,7.0,3.4958713519774314
707348,-14.112495903811318,-14.549502718914114,4.0,0.43700681510279615
707374,-8.175202678711221,-8.422660964108916,2.0,0.24745828539769477
707438,-2.4963211543691877,-1.9993868521834517,0.0,-0.496934302185736
707451,-56.150672345539256,-55.131644806714284,26.0,-1.0190275388249717
707663,-3.4088580104507344,-5.12593126941615,0.0,1.7170732589654158
707771,-5.205858636140649,-4.876655439834392,1.0,-0.3292031963062563
707869,-44.78975841612191,-42.61719713315226,16.0,-2.172561282969653
708063,-0.1632754747512276,-0.266477538213968,0.0,0.10320206346274041
708065,-0.8935129662422961,-1.4813409710145136,0.0,0.5878280047722174
708220,-1.4408611948726375,-1.3572876748712321,0.0,-0.08357352000140539
708243,-48.213753085562665,-63.099682285587335,14.0,14.88592920002467
708504,-7.92066095904645,-8.843046448744188,0.0,0.9223854896977377
708552,-10.530700177106471,-10.251251064604281,2.0,-0.2794491125021903
708766,-18.606867972058392,-18.91562209019187,6.0,0.30875411813347853
708785,-219.40659313619184,-187.8630711127349,125.0,-31.543522023456944
709149,-16.96294295095183,-16.763122637788932,5.0,-0.19982031316289905
709172,-62.17788815360768,-66.58357630003995,25.0,4.405688146432269
709206,-15.55025625630965,-15.875880434433896,4.0,0.3256241781242455
709220,-5.023375047102854,-5.196818385683893,1.0,0.17344333858103944
709237,-5.686970722335401,-4.950190565147365,1.0,-0.7367801571880355
709273,-30.208220115801858,-29.733249431786852,11.0,-0.4749706840150054
709319,-12.52072777697672,-12.393377116073514,3.0,-0.1273506609032058
709329,-18.786787351508966,-19.13292142915644,6.0,0.3461340776474735
709499,-20.082523189920263,-20.906954321614446,6.0,0.8244311316941833
709515,-23.532778766328498,-24.393368223578374,7.0,0.8605894572498762
709672,-24.548912586140602,-27.82330344042943,7.0,3.2743908542888285
709812,-9.37945661488643,-9.610683274453278,2.0,0.23122665956684862
709896,-5.394391925160324,-5.056976328720807,1.0,-0.33741559643951735
709906,-24.523720881913643,-23.608667759292427,7.0,-0.9150531226212166
710225,-1.7039384697446458,-1.7850568292146498,0.0,0.08111835947000401
710300,-9.52173685681277,-9.694268345648826,2.0,0.1725314888360554
710322,-18.765270457881073,-17.704521932136817,5.0,-1.0607485257442555
710331,-15.92786280518944,-15.683461299981843,4.0,-0.24440150520759651
710346,-10.297472956199313,-10.888215841320866,2.0,0.5907428851215535
710393,-0.46418023063702074,-0.8739092546142408,0.0,0.4097290239772201
710395,-17.688623667348338,-16.941592007220184,5.0,-0.7470316601281546
710408,-0.731994628604194,-0.8739092546142408,0.0,0.1419146260100469
710437,-47.404096597890145,-51.184185324077625,16.0,3.780088726187479
710617,-26.703719459602848,-26.786748131885535,9.0,0.08302867228268695
710646,-4.488421534575008,-3.308810070127736,0.0,-1.1796114644472722
710707,-10.490080982605576,-9.720464739795476,2.0,-0.7696162428101001
710741,-21.73220676344981,-21.839026831560766,5.0,0.1068200681109559
710906,-29.749374064705016,-28.400539371926886,9.0,-1.34883469277813
711158,-31.01050934247171,-30.41329923152458,11.0,-0.5972101109471311
711339,-9.224918088512808,-9.717327448512483,2.0,0.49240935999967483
711359,-8.829676239135665,-9.283212751227943,2.0,0.45353651209227763
711552,-31.377755723047894,-36.01448116557456,9.0,4.636725442526664
711589,-23.438753492889113,-26.596380564129944,6.0,3.1576270712408316
711686,-5.395400881136163,-5.505900602197674,1.0,0.11049972106151174
711853,-36.20570376407721,-38.2464196228757,13.0,2.0407158587984924
711861,-8.161333647559033,-8.52863199114235,2.0,0.36729834358331637
711890,-17.504311382698482,-17.268854101998436,5.0,-0.23545728070004657
711947,-16.265775437660583,-15.464962358475809,4.0,-0.8008130791847741
711994,-1.5152340397179074,-2.9999202620151957,0.0,1.4846862222972883
712042,-74.13827694573072,-77.18426637448908,37.0,3.045989428758361
712062,-20.217892934459478,-18.879702912172405,5.0,-1.3381900222870726
712334,-21.334156619525338,-20.92652814965185,7.0,-0.40762846987348667
712367,-18.536465957561933,-18.545665702530762,5.0,0.009199744968828583
712608,-30.566974886647373,-48.10440456168026,8.0,17.53742967503289
712632,-28.494773635518083,-29.884851816302888,9.0,1.3900781807848048
712656,-85.25758384006596,-93.24610927586049,33.0,7.988525435794529
712701,-5.041352466300761,-4.999357263750321,1.0,-0.041995202550440425
712861,-18.803321776867264,-19.38539949916606,5.0,0.582077722298795
712961,-4.35451139777938,-4.93068181403096,1.0,0.5761704162515802
713220,-15.574564529228297,-17.496101405115937,5.0,1.9215368758876394
713312,-22.69352870162799,-23.39154563973413,5.0,0.6980169381061394
713422,-13.799521117223136,-14.996763011586937,2.0,1.1972418943638008
713445,-1.8181590194322401,-2.6962044038150594,0.0,0.8780453843828193
713541,-8.898044102213253,-8.601370255214073,2.0,-0.2966738469991803
713604,-11.184835588782672,-10.34098392210267,2.0,-0.8438516666800027
713779,-61.069316076802494,-62.580681446522064,27.0,1.5113653697195701
713783,-28.926741371377542,-30.10671140246753,11.0,1.1799700310899865
713881,-18.413051412196044,-18.20462704571027,5.0,-0.20842436648577234
714060,-13.762421019380321,-19.544979940274796,4.0,5.782558920894475
714380,-13.542408458278217,-13.584175657065316,3.0,0.04176719878709889
714398,-1.5520374276624738,-3.303636120215332,0.0,1.7515986925528582
714457,-4.801420176820361,-5.107481693515759,1.0,0.30606151669539816
714627,-23.07477069965837,-25.224633515065513,7.0,2.1498628154071433
714847,-21.336693041532122,-20.124599031334352,6.0,-1.2120940101977702
714880,-21.34549782442686,-20.079281126367658,6.0,-1.2662166980592033
714897,-0.5929379533766186,-0.8739092546142408,0.0,0.28097130123762226
714922,-24.93882661055897,-22.18994472350948,5.0,-2.748881887049489
715118,-55.42610751843741,-53.095639411437844,26.0,-2.330468106999568
715190,-5.274614948359078,-4.9827084153821355,1.0,-0.2919065329769426
715195,-1.728898569142516,-2.9999202620151957,0.0,1.2710216928726796
715368,-20.583511462242537,-19.841305419694358,5.0,-0.7422060425481796
715511,-21.58709092748266,-21.127208549456927,5.0,-0.45988237802573195
715525,-1.001371032662981,-1.4813409710145136,0.0,0.47996993835153257
715564,-3.035846504152685,-4.2147836948157416,0.0,1.1789371906630564
715710,-24.43895362229078,-23.775649835038383,6.0,-0.6633037872523957
715900,-5.493159252680954,-5.725287221708805,1.0,0.23212796902785104
715973,-11.167038186846764,-11.66580588136797,3.0,0.49876769452120584
716038,-12.333743985134824,-11.857459049590146,3.0,-0.4762849355446779
716060,-8.834121563910974,-8.970939965309688,1.0,0.13681840139871326
716091,-1.4303512357849693,-1.4813409710145136,0.0,0.05098973522954431
716145,-12.380448665984927,-12.747159427425848,3.0,0.3667107614409204
716148,-11.581396336707645,-13.895609373838345,2.0,2.314213037130701
716163,-19.027607925493164,-22.26790746708536,7.0,3.240299541592197
716174,-5.359038027177818,-4.935657407062225,1.0,-0.4233806201155934
716447,-34.073849421143386,-34.31233169085772,13.0,0.23848226971433206
716618,-72.86908215556782,-78.63108317537393,30.0,5.762001019806107
716878,-43.515990284334556,-47.03635206801783,17.0,3.5203617836832706
717128,-36.504869665518264,-36.99231191110073,10.0,0.4874422455824643
717242,-27.101937365590604,-34.86887375065262,9.0,7.766936385062014
717268,-4.95882448443885,-5.4296471276162865,0.0,0.4708226431774367
717285,-52.17426755335893,-53.15390898347949,22.0,0.9796414301205587
717401,-9.141765737378261,-9.128860855400701,2.0,-0.012904881977560123
717425,-10.680121939720106,-9.261298528949089,2.0,-1.418823410771017
717518,-9.370658541572368,-8.883755301068836,2.0,-0.4869032405035316
717530,-5.182289656640198,-5.280014504729605,1.0,0.09772484808940707
717620,-16.707192127720454,-17.15419019381977,5.0,0.44699806609931514
717646,-54.409271025706964,-52.80070921772296,18.0,-1.6085618079840032
717713,-5.257689544806082,-5.366983113416995,1.0,0.1092935686109131
717846,-46.01887629021763,-88.54848850597138,19.0,42.52961221575375
717848,-6.720381014984028,-6.874633197433945,1.0,0.154252182449917
717886,-9.25941172316277,-8.746034635197747,2.0,-0.5133770879650239
717965,-16.689221055563827,-15.019078352868908,3.0,-1.6701427026949194
717969,-15.37581000679811,-15.850554338291618,4.0,0.4747443314935076
718034,-61.4583792279254,-64.49173055640904,23.0,3.03335132848364
718047,-4.6589568323544635,-5.733362985816423,0.0,1.0744061534619593
718071,-14.472577995775621,-15.691035736089582,4.0,1.2184577403139603
718091,-5.045284793087507,-5.056109630741788,1.0,0.01082483765428055
718099,-26.37132643271574,-26.00428967692921,9.0,-0.36703675578652906
718162,-4.889545448194825,-5.484607155269052,1.0,0.595061707074227
718253,-1.8427748827776043,-2.3924885456149223,0.0,0.549713662837318
718258,-9.887747819958784,-9.819468674211281,2.0,-0.06827914574750338
718343,-14.40231982710208,-10.70354029057815,2.0,-3.6987795365239293
718508,-4.682961145654319,-6.285180042804406,0.0,1.6022188971500864
718653,-1.4710697526299144,-1.7850568292146498,0.0,0.31398707658473546
718654,-10.527614080230244,-11.069718506457132,2.0,0.5421044262268886
718989,-48.58449675822974,-49.47366086704006,24.0,0.8891641088103199
719155,-5.234300525023913,-5.0023179170448735,1.0,-0.2319826079790399
719301,-5.197661099549292,-5.75064927547034,1.0,0.5529881759210484
719372,-0.5845398612940496,-1.177625112814377,0.0,0.5930852515203275
719611,-11.5811855525545,-11.856138676162585,3.0,0.27495312360808555
719642,-28.76782891262555,-27.137407375225447,9.0,-1.6304215374001032
719761,-36.53529652745761,-37.92277856535026,14.0,1.3874820378926458
719769,-8.85732572678253,-8.416887071398488,2.0,-0.4404386553840425
719812,-15.933238657862688,-15.486018841844109,4.0,-0.4472198160185794
719859,-6.2003214386687295,-6.467624052284071,1.0,0.2673026136153416
719900,-7.157244586603541,-7.617725198319938,0.0,0.4604806117163971
719911,-0.2710733684714588,-0.5701933964141045,0.0,0.2991200279426457
719943,-27.619526698218575,-26.93616052286682,9.0,-0.6833661753517539
720021,-7.709456793632062,-10.592816717018605,0.0,2.8833599233865437
720174,-17.78590269036198,-16.39431165442826,4.0,-1.3915910359337182
720212,-27.903464472726043,-30.529181145322607,8.0,2.625716672596564
720305,-16.96093051265126,-17.77158332853185,4.0,0.8106528158805908
720536,-20.44731262769941,-21.093225220422358,5.0,0.6459125927229472
720675,-31.988823215690417,-32.314310272299096,11.0,0.3254870566086794
720732,-28.8316596624279,-27.821799471143255,9.0,-1.0098601912846448
720788,-31.553825368966407,-30.23665782281443,9.0,-1.3171675461519783
721103,-77.21841667306659,-81.56025201803398,44.0,4.341835344967393
721121,-3.6123469726392945,-4.2147836948157416,0.0,0.6024367221764471
721140,-20.909082566481313,-20.056715462597563,6.0,-0.8523671038837506
721170,-20.250613954735147,-16.023843013927127,3.0,-4.22677094080802
721238,-9.721243316680852,-9.603618755574052,2.0,-0.11762456110679942
721313,-1.206635839361527,-2.088772687414786,0.0,0.882136848053259
721338,-5.206470773725427,-5.1522177767888815,1.0,-0.05425299693654573
721403,-21.15092661557737,-26.03198560961708,6.0,4.881058994039712
721514,-0.9212378007717643,-0.3412768363418131,0.0,-0.5799609644299513
721542,-4.736356375842348,-4.913466665636709,1.0,0.17711028979436083
721579,-2.811726932229583,-2.371003073525983,0.0,-0.4407238587036
721853,-24.05990921474611,-23.720815553341925,8.0,-0.33909366140418484
721856,-44.947671325720975,-45.56972325963577,19.0,0.622051933914797
721969,-10.216643023510501,-10.518454257006482,2.0,0.3018112334959806
722070,-2.165355065957379,-2.9999202620151957,0.0,0.8345651960578166
722178,-8.496739396775604,-8.453909667610974,2.0,-0.04282972916463024
722258,-9.244349802151143,-8.583614891116799,2.0,-0.6607349110343446
722462,-5.861563045878479,-6.937288987637553,1.0,1.0757259417590737
722517,-21.48475399576765,-22.328726053169166,7.0,0.8439720574015155
722573,-109.95418685273533,-115.16670526577843,47.0,5.2125184130430995
722630,-36.87405950689171,-43.09594402365089,13.0,6.221884516759175
722651,-12.440867254598539,-12.833380355873803,3.0,0.39251310127526473
722655,-38.337383541749695,-39.476470897801995,15.0,1.1390873560523005
722801,-7.588534741429204,-10.805768499617473,2.0,3.217233758188269
722876,-22.995214661969918,-22.814889819174475,7.0,-0.18032484279544292
722880,-60.75343871448982,-59.2894117570713,29.0,-1.4640269574185183
722986,-20.824716785226837,-19.81131710008971,6.0,-1.0133996851371272
723376,-47.001280367850505,-47.00209812856601,16.0,0.0008177607155062105
723418,-6.6855804181160785,-6.839280170970447,1.0,0.15369975285436865
723648,-1.3286754844896256,-2.088772687414786,0.0,0.7600972029251605
723687,-9.532469800507087,-9.021887157136739,2.0,-0.5105826433703484
723903,-10.243166708443157,-10.735109286106415,2.0,0.49194257766325755
723915,-1.0530619897868116,-1.7850568292146498,0.0,0.7319948394278382
723939,-18.934996256704967,-21.815959684488817,6.0,2.8809634277838505
723986,-61.28179200716594,-67.34004050884286,28.0,6.058248501676921
724013,-32.921133694232466,-31.607618337793006,9.0,-1.31351535643946
724126,-0.3249305734005949,-0.5701933964141045,0.0,0.2452628230135096
724165,-5.532149143779915,-5.836719170097159,1.0,0.3045700263172444
724193,-9.516698366346251,-9.269872945483128,2.0,-0.2468254208631233
724212,-12.214727200319421,-11.702647856449824,3.0,-0.5120793438695976
724246,-8.317984720297849,-9.20605756064732,1.0,0.8880728403494711
724291,-17.87396277207195,-17.529484873344607,5.0,-0.3444778987273409
724451,-10.438836604374675,-11.617767360309191,2.0,1.1789307559345161
724590,-80.17581791850998,-75.5995149166155,45.0,-4.576303001894473
724608,-9.856807666550091,-8.631542701655361,2.0,-1.2252649648947305
724872,-30.994484695265516,-32.884367935181054,12.0,1.8898832399155374
724989,-39.32870109078452,-42.333719805321344,15.0,3.005018714536824
725116,-15.476293593300687,-15.71142090074619,4.0,0.23512730744550225
725153,-40.6921632456738,-40.00970477945043,12.0,-0.6824584662233661
725212,-32.8891522776285,-28.503117015109794,5.0,-4.386035262518703
725214,-38.659685819946674,-44.81867659707413,13.0,6.158990777127457
725219,-6.286316687326786,-5.011761635037316,1.0,-1.27455505228947
725398,-35.49493772584767,-37.47179065122606,14.0,1.9768529253783882
725501,-34.62096461098872,-37.7152322942484,10.0,3.0942676832596803
725540,-20.756511277573587,-21.440752240164446,6.0,0.6842409625908594
725618,-44.288285170462196,-47.71863633320436,19.0,3.430351162742163
725679,-1.1839865642276677,-2.3924885456149223,0.0,1.2085019813872546
726133,-20.690456997654273,-21.191037590281763,5.0,0.5005805926274896
726430,-10.15951054062279,-8.797668575402646,2.0,-1.361841965220144
726519,-4.208088328328527,-4.9791700905721905,1.0,0.7710817622436634
726520,-22.542722496017806,-21.542150063902127,5.0,-1.0005724321156784
726663,-9.835987594661784,-10.328242124462847,2.0,0.49225452980106255
726707,-18.715970448832298,-18.85828815758588,5.0,0.14231770875358052
726727,-6.120487819667906,-5.011761635037316,1.0,-1.1087261846305898
726825,-9.447627250267802,-9.719660857604055,1.0,0.2720336073362528
727099,-14.99431920952796,-17.361996787198315,3.0,2.3676775776703547
727110,-10.363385724851742,-10.00966733884509,2.0,-0.35371838600665306
727285,-27.411592034748306,-27.416955452460822,10.0,0.005363417712516139
727439,-67.71966957385905,-77.8469507144642,16.0,10.127281140605149
727515,-1.9948088995529532,-2.1938428221547297,0.0,0.19903392260177655
727521,-15.27079270766541,-14.273776108306567,4.0,-0.9970165993588438
727590,-8.999195130864088,-8.975253589761573,2.0,-0.023941541102514563
727641,-18.051001056478924,-17.390274885372854,5.0,-0.6607261711060701
727643,-28.06489546160928,-31.231141945220195,11.0,3.166246483610916
727785,-8.377287662848767,-9.68474757685442,2.0,1.307459914005653
727811,-15.573325842192828,-15.624211294942771,4.0,0.05088545274994338
728051,-25.59535225572793,-28.376215689265905,3.0,2.7808634335379736
728065,-0.6150751462639676,-0.8739092546142408,0.0,0.2588341083502732
728090,-12.873136325510895,-15.897945257235149,3.0,3.0248089317242535
728205,-28.07465918194178,-31.503677573046645,6.0,3.429018391104865
728248,-45.33629013618527,-45.9717342958018,19.0,0.635444159616533
728486,-38.89354888203816,-38.50994294399469,14.0,-0.3836059380434733
728505,-21.94915060520772,-21.286157262362398,6.0,-0.6629933428453221
728524,-26.922958599810304,-28.446375164324838,7.0,1.5234165645145339
728551,-3.1441734200536184,-1.6488634972337992,0.0,-1.4953099228198192
728583,-13.873442311924615,-14.581529870634677,3.0,0.7080875587100621
728737,-0.7996783842290148,-1.1890894381572672,0.0,0.38941105392825237
728772,-1.2061375712180087,-1.4813409710145136,0.0,0.2752033997965049
728775,-35.851390541465186,-35.43397605956104,12.0,-0.4174144819041459
728828,-10.771730356360289,-9.506308418961362,2.0,-1.2654219373989264
729086,-11.880622025598374,-11.584773990188259,3.0,-0.2958480354101152
729089,-5.27732903822104,-5.398223328123836,1.0,0.12089428990279671
729414,-1.400556957771078,-3.607351978415468,0.0,2.2067950206443903
729554,-4.405512006031805,-5.115938173702083,1.0,0.7104261676702777
729555,-37.48240186770814,-37.57858238294761,11.0,0.09618051523946747
729569,-16.03169806801824,-16.045733982047835,4.0,0.01403591402959492
729610,-45.28682478178673,-47.40953060543947,18.0,2.122705823652744
729737,-3.6464005043523504,-1.4819022918830835,0.0,-2.164498212469267
729949,-0.4242523421125117,-0.8739092546142408,0.0,0.4496569125017291
730004,-49.44956841265641,-55.38100874929713,17.0,5.931440336640719
730081,-19.72419096144636,-18.434867910051835,5.0,-1.2893230513945255
730147,-81.07240429558225,-81.46700030978762,35.0,0.3945960142053764
730166,-9.564783947542644,-8.886847982570128,2.0,-0.6779359649725158
730193,-39.79687696922976,-46.34317955078989,12.0,6.546302581560134
730459,-46.99877899138561,-47.446117036143505,20.0,0.44733804475789185
730599,-5.354906750622454,-4.928669945849553,1.0,-0.42623680477290105
730668,-1.1523507092226775,-1.177625112814377,0.0,0.025274403591699635
730758,-9.040570962341432,-8.937558463075005,1.0,-0.10301249926642697
730877,-43.372229080153545,-44.45035242721474,16.0,1.0781233470611937
731006,-24.654396455368826,-22.63970588833467,7.0,-2.0146905670341546
731043,-6.273624180940026,-5.696134887685797,1.0,-0.5774892932542297
731089,-17.2685085811034,-17.384722400159795,5.0,0.11621381905639439
731194,-23.014711581060748,-22.993934069653474,7.0,-0.020777511407274574
731209,-12.076660568453162,-11.746514725348048,3.0,-0.3301458431051145
731215,-27.832998250343767,-25.949264777491347,6.0,-1.8837334728524198
731327,-1.0064524285768428,-1.23702370394456,0.0,0.23057127536771715
731546,-1.3951030601106968,-1.177625112814377,0.0,-0.21747794729631975
731599,-7.510219709658658,-7.859373993217377,0.0,0.34915428355871914
731604,-14.276182204595225,-15.555572783801503,3.0,1.2793905792062787
731621,-31.83276713672567,-35.21654513162858,8.0,3.383777994902907
731798,-19.01546852832452,-19.865896445727632,6.0,0.8504279174031133
731802,-13.460823454809754,-12.400819220203136,3.0,-1.0600042346066179
731813,-4.255288133618774,-4.822215411216014,0.0,0.56692727759724
731915,-1.1540511629187429,-1.2690158301952144,0.0,0.11496466727647148
732011,-0.8786379377094355,-1.177625112814377,0.0,0.29898717510494155
732031,-45.894859629397416,-44.828956226060555,18.0,-1.0659034033368613
732420,-41.02253369590533,-42.35819045169884,18.0,1.335656755793508
732431,-5.775947410699531,-4.963579002061045,1.0,-0.8123684086384859
732439,-26.122088987592285,-25.69420157612434,8.0,-0.42788741146794607
732502,-22.940496165769225,-22.337736563509722,7.0,-0.6027596022595034
732550,-4.859421042049684,-4.982467603551886,1.0,0.12304656150220161
732774,-5.168286065166379,-5.067139666089175,1.0,-0.10114639907720413
732953,-0.9682528991065142,-1.4813409710145136,0.0,0.5130880719079993
732994,-5.7679459333314735,-4.9716422683362795,1.0,-0.796303664995194
733161,-52.043096358691116,-51.632643758346845,20.0,-0.41045260034427145
733231,-28.660611980012984,-27.42317111371425,9.0,-1.2374408662987335
733415,-14.60439533981593,-15.3812080699461,4.0,0.7768127301301693
733486,-31.86443732156792,-31.407231582823137,12.0,-0.45720573874478276
733512,-30.529512893738,-30.08276985499518,10.0,-0.4467430387428202
733519,-41.8626592708301,-40.29306027909569,15.0,-1.5695989917344093
733547,-0.8736467530498526,-1.177625112814377,0.0,0.3039783597645245
733560,-0.10619629235868339,-0.266477538213968,0.0,0.16028124585528464
733567,-13.335373668617704,-12.518559109548756,3.0,-0.8168145590689484
733641,-97.13310920097487,-93.87827649083017,56.0,-3.254832710144697
733895,-2.64190541774289,-3.607351978415468,0.0,0.9654465606725782
733914,-27.60311632437941,-33.93403672851437,9.0,6.330920404134961
733915,-1.3076364853175422,-2.088772687414786,0.0,0.7811362020972439
733942,-1.5905021654909992,-2.3924885456149223,0.0,0.8019863801239231
734064,-32.30997350469919,-29.626834414016407,13.0,-2.6831390906827792
734095,-6.059558656162308,-5.127409800103793,1.0,-0.9321488560585145
734164,-21.985092874489713,-22.745664446941266,7.0,0.7605715724515534
734165,-34.877558725122114,-33.98216442888104,13.0,-0.8953942962410721
734175,-7.125400112803379,-7.859373993217377,0.0,0.7339738804139984
734183,-2.010972649331806,-1.4813409710145136,0.0,-0.5296316783172923
734241,-37.448302310393714,-37.989409069413554,13.0,0.54110675901984
734351,-36.65653715802992,-35.078199698568625,13.0,-1.5783374594612951
734589,-71.25158370809677,-77.07704961784907,22.0,5.825465909752296
734679,-15.087063275940112,-17.236601203316255,4.0,2.1495379273761426
734793,-44.20201575994432,-43.76941853866952,17.0,-0.43259722127479705
734825,-15.508353956655998,-15.090579394158786,4.0,-0.4177745624972129
735166,-13.282248122957364,-12.446710129394788,3.0,-0.8355379935625766
735174,-6.985715084989521,-6.790479408659264,1.0,-0.19523567633025696
735184,-29.038401901838544,-28.918772869209402,9.0,-0.11962903262914182
735222,-5.997701211581535,-6.083806733016295,1.0,0.08610552143476013
735467,-72.03103414628342,-71.65799570281946,45.0,-0.37303844346395465
735471,-69.41401467825906,-61.470263846895854,14.0,-7.943750831363211
735652,-26.010079921847893,-25.513232776422555,9.0,-0.49684714542533825
735936,-11.836548065507943,-11.670156373284595,3.0,-0.16639169222334793
735943,-41.09298254284505,-43.42072875461494,17.0,2.3277462117698917
736116,-30.28285980094752,-30.987472588558152,10.0,0.7046127876106318
736139,-22.16038761666089,-25.1100060782578,6.0,2.949618461596909
736218,-11.690253854938147,-11.615010907029767,3.0,-0.07524294790838049
736231,-8.920135470796225,-9.352347893140974,2.0,0.4322124223447492
736364,-5.64182784377157,-5.891323443965623,1.0,0.24949560019405315
736412,-17.76959997370574,-16.860165035006307,4.0,-0.9094349386994338
736657,-38.86598860857671,-30.256411548636237,6.0,-8.60957705994047
737006,-6.076053375806293,-5.733362985816423,0.0,-0.3426903899898699
737059,-95.43104163441544,-114.72756555114144,48.0,19.296523916726002
737112,-0.22518578900158315,-0.266477538213968,0.0,0.041291749212384876
737231,-12.580108582648307,-11.581225805207216,3.0,-0.9988827774410911
737250,-5.158717887137306,-5.793852543203776,1.0,0.6351346560664703
737411,-17.195623228934004,-20.256710891980408,4.0,3.061087663046404
737495,-25.714039517492026,-24.41658436029057,7.0,-1.2974551572014548
737526,-3.122332151225251,-4.2147836948157416,0.0,1.0924515435904905
737681,-15.010346414541662,-14.939798778022933,4.0,-0.07054763651872875
737698,-13.681351156035714,-14.331437341529831,2.0,0.6500861854941178
737707,-16.328643624830452,-17.417820264930764,5.0,1.0891766401003125
737720,-49.55079150496113,-50.648697691031586,20.0,1.0979061860704533
737724,-42.04660157331932,-42.077326844635316,19.0,0.030725271315994007
737747,-13.200218266463851,-12.50097916690174,2.0,-0.6992390995621118
737923,-4.597674342686266,-5.12593126941615,0.0,0.5282569267298847
737978,-4.188558343657622,-3.8633921878225648,1.0,-0.32516615583505715
738119,-52.674636106984075,-54.71833081501248,27.0,2.0436947080284042
738269,-6.831159065246362,-10.89653257521874,0.0,4.065373509972379
738276,-1.0618988443239217,-1.3444868016928988,0.0,0.2825879573689771
738372,-9.08635341929037,-12.244392275280367,3.0,3.1580388559899966
738547,-29.512270055142338,-17.84542495479984,3.0,-11.666845100342499
738586,-29.575408964011245,-33.711605190003276,9.0,4.13619622599203
738641,-20.82915500268878,-19.43816859954345,5.0,-1.3909864031453303
738684,-1.4851819757939622,-2.088772687414786,0.0,0.6035907116208239
738799,-7.391073881644345,-7.6597668045152885,1.0,0.2686929228709438
738814,-40.44450614342199,-38.3259848924649,9.0,-2.1185212509570874
738850,-47.541105841249134,-51.63481814493855,14.0,4.093712303689415
738990,-7.51615703269938,-5.985666281400874,1.0,-1.5304907512985055
739159,-61.60004398864522,-64.64628148725097,25.0,3.0462374986057554
739222,-24.314371876515313,-22.348772087208065,6.0,-1.965599789307248
739278,-37.883581718187706,-36.132663733218315,8.0,-1.7509179849693908
739551,-13.755278170055936,-13.3189325576392,3.0,-0.4363456124167353
739554,-16.614915992527038,-17.642943767190474,5.0,1.0280277746634354
739603,-5.078678554411665,-5.010387054995299,1.0,-0.06829149941636636
739905,-3.2881124261982344,-3.984393589802299,0.0,0.6962811636040644
740009,-9.327282949987886,-8.95771455185623,2.0,-0.36956839813165665
740063,-34.25602953057048,-34.589917303306805,11.0,0.3338877727363254
740152,-24.795809069547698,-24.615446727892415,7.0,-0.18036234165528242
740198,-9.341018727912171,-8.633677771835725,2.0,-0.7073409560764468
740247,-33.8125928526356,-33.50361826942288,11.0,-0.30897458321272353
740398,-21.74513326531637,-20.69852133574342,5.0,-1.0466119295729506
740489,-14.59757664586641,-14.43273171063679,4.0,-0.16484493522961863
740682,-21.91916317248999,-21.906231664361115,6.0,-0.01293150812887589
740734,-6.16491002972591,-7.839032039650451,1.0,1.6741220099245417
740826,-13.360498359604163,-14.694627080328416,4.0,1.3341287207242534
740853,-18.433797286058397,-20.121147863664444,5.0,1.687350577606047
740935,-10.075645236054779,-8.961761935611946,2.0,-1.1138833004428328
740959,-6.225563279280578,-6.902837561754316,1.0,0.6772742824737374
740999,-5.158605094586963,-5.287580641896247,1.0,0.12897554730928462
741050,-15.703432474687261,-15.169112744305359,4.0,-0.5343197303819025
741369,-21.93881138978846,-21.06084019168566,6.0,-0.8779711981027987
741436,-12.398593712896133,-12.150554811371864,3.0,-0.24803890152426966
741482,-12.272850290436878,-12.24907854016218,3.0,-0.023771750274697467
741505,-20.47331674595051,-20.383102533337276,3.0,-0.09021421261323326
741563,-33.361284001499726,-32.73079962565048,12.0,-0.6304843758492495
741583,-0.967018535333607,-1.4813409710145136,0.0,0.5143224356809065
741633,-5.043586654996514,-5.040871994188457,1.0,-0.0027146608080572676
741970,-13.282850361030864,-16.603011487366384,5.0,3.3201611263355204
741995,-5.224965316114779,-5.130672695145089,1.0,-0.09429262096969016
742013,-19.77740988610627,-19.788759622820542,6.0,0.011349736714272751
742060,-15.472984755114473,-14.940696931061558,4.0,-0.532287824052915
742109,-0.9922060047241075,-1.177625112814377,0.0,0.18541910809026962
742147,-12.41284159064763,-11.73789867536182,3.0,-0.6749429152858113
742249,-8.548582321997547,-8.855970260776,2.0,0.3073879387784526
742258,-17.412171840429828,-20.822915357379866,3.0,3.4107435169500384
742337,-8.82615440287183,-12.111396008019288,0.0,3.2852416051474567
742357,-92.9247882618624,-116.84149813917416,58.0,23.91670987731176
742375,-1.3882880500748505,-2.3924885456149223,0.0,1.0042004955400718
742494,-24.653443395827708,-23.610478924335577,8.0,-1.0429644714921302
742783,-144.32719217834986,-172.555108040755,69.0,28.227915862405126
743052,-1.9772721433890161,-2.1656683065721833,0.0,0.1883961631831672
743093,-16.51083080639181,-18.70604948815678,4.0,2.1952186817649704
743148,-21.260552076282355,-20.91321014791923,7.0,-0.34734192836312516
743157,-30.890569172083552,-30.236840480076943,11.0,-0.6537286920066094
743206,-31.259016587865567,-30.863552614527837,10.0,-0.39546397333772987
743212,-12.096822054625388,-12.53299825454186,3.0,0.4361761999164724
743331,-9.00677037229452,-8.763107432280274,2.0,-0.2436629400142465
743515,-16.395337441516997,-15.29432574826888,4.0,-1.1010116932481164
743546,-63.1078563985322,-62.855468751505015,25.0,-0.2523876470271844
743552,-5.227775378245636,-5.2128271220326585,1.0,-0.014948256212977462
743684,-202.07046894108646,-247.79958975918333,70.0,45.729120818096874
743803,-12.37082863708278,-11.749132382430938,3.0,-0.6216962546518428
743875,-1.1967838598653502,-1.7850568292146498,0.0,0.5882729693492996
743878,-30.075694931616997,-30.190469151144566,10.0,0.11477421952756828
744145,-2.077395066275629,-3.3197232319213006,0.0,1.2423281656456715
744154,-21.323647886067413,-20.983887766960464,6.0,-0.33976011910694837
744191,-24.54847364750244,-28.414103359842812,7.0,3.865629712340372
744225,-5.557171873099167,-5.0796376460582175,1.0,-0.47753422704094906
744354,-26.13364651380694,-25.380275998975474,9.0,-0.7533705148314667
744361,-13.786955804376829,-13.362909535897632,3.0,-0.4240462684791968
744377,-49.19702750659245,-51.955624517949296,22.0,2.758597011356848
744616,-57.77993859682733,-57.40582285204472,19.0,-0.3741157447826069
744617,-16.86492551077551,-16.526248084516205,5.0,-0.33867742625930575
744649,-7.347812835785133,-5.032614615629592,1.0,-2.3151982201555406
744695,-64.87487831267248,-65.58311391433338,29.0,0.7082356016609026
744840,-5.369827499535434,-5.363702242287918,1.0,-0.006125257247516558
744891,-3.9056625384831336,-3.5879560095536567,1.0,-0.31770652892947693
744944,-26.675008964976776,-37.28999370024717,7.0,10.614984735270397
744959,-20.163515459730643,-21.080477365038366,6.0,0.9169619053077227
744989,-55.4938315668487,-59.2846622886886,22.0,3.790830721839903
744992,-12.241998735420049,-14.388657779530151,4.0,2.146659044110102
745066,-19.75663158534451,-19.647545896478547,6.0,-0.1090856888659637
745155,-10.662705071907986,-11.675779217763791,3.0,1.0130741458558052
745166,-90.43467789802985,-94.38005235119726,36.0,3.9453744531674175
745197,-1.76770387668123,-2.6962044038150594,0.0,0.9285005271338294
745221,-5.445905519511453,-5.445220606653472,1.0,-0.0006849128579808905
745290,-4.882493904318091,-5.391703957934419,1.0,0.5092100536163278
745510,-0.5663243949675507,-0.8739092546142408,0.0,0.30758485964669013
745576,-42.346022139257286,-43.87375900988113,16.0,1.5277368706238406
745788,-21.98399287017427,-21.15075734064545,6.0,-0.833235529528821
746120,-18.16903616427504,-19.081609716952965,5.0,0.9125735526779231
746173,-0.9367630416661715,-1.177625112814377,0.0,0.24086207114820557
746277,-9.420408576708477,-9.5971859753968,1.0,0.17677739868832276
746305,-35.784439284190235,-36.351465056397906,10.0,0.5670257722076713
746335,-29.29612308456325,-30.08603539759842,11.0,0.7899123130351704
746347,-7.5822966997635115,-10.592816717018605,0.0,3.010520017255094
746586,-15.465346633410029,-14.769551299740323,4.0,-0.6957953336697056
746623,-69.40496274681288,-72.77919352013241,45.0,3.3742307733195247
746815,-7.670229279090226,-8.46680570961765,0.0,0.7965764305274252
746869,-27.565559066196393,-27.434553072654765,10.0,-0.13100599354162767
746954,-3.299306588489581,-3.607351978415468,0.0,0.30804538992588704
746986,-42.391334076966,-48.88913216764539,18.0,6.497798090679396
747146,-23.900224515448418,-21.94754571802298,5.0,-1.9526787974254383
747155,-4.75365591843255,-4.935657407062225,1.0,0.18200148862967502
747202,-38.91552967885262,-40.43653402633747,18.0,1.5210043474848476
747226,-27.13213401176019,-27.11220057880455,9.0,-0.01993343295563932
747285,-5.686103688563725,-6.482681403771364,1.0,0.796577715207639
747443,-71.93904378973832,-86.80977536511143,28.0,14.870731575373114
747452,-24.3145422477801,-30.87330088485081,7.0,6.55875863707071
747516,-8.425349463923002,-8.49038235781078,2.0,0.06503289388777844
747561,-37.73926941067111,-37.13129114639115,15.0,-0.6079782642799643
747652,-5.003451427907938,-6.037078844016559,0.0,1.0336274161086214
747758,-6.334559330310845,-7.251942276817105,0.0,0.91738294650626
747935,-15.998037662589248,-14.005703521808616,3.0,-1.9923341407806312
747982,-9.443688536508903,-9.840835700248988,2.0,0.39714716374008496
748026,-1.214114460207436,-2.088772687414786,0.0,0.87465822720735
748058,-58.52365733179309,-63.898835068059945,29.0,5.375177736266856
748307,-3.4390575289321648,-3.621373230468286,0.0,0.1823157015361212
748467,-7.427857603426246,-8.770521567817786,0.0,1.34266396439154
748535,-102.74957977310561,-102.37605904731286,41.0,-0.3735207257927442
748691,-13.405337597217445,-14.220431391055646,1.0,0.8150937938382015
748909,-23.50557626959104,-23.711372655095857,7.0,0.2057963855048186
749047,-0.13313478470217602,-0.19710494847042476,0.0,0.06397016376824874
749128,-37.47636769304015,-34.47357277300337,11.0,-3.0027949200367843
749279,-18.267370724760458,-17.46174147508871,5.0,-0.8056292496717461
749360,-28.471283168641285,-29.74044171474015,10.0,1.2691585460988648
749418,-43.62495256183776,-44.61069942691251,16.0,0.9857468650747521
749529,-16.392628102858644,-16.919261853378305,5.0,0.526633750519661
749699,-5.709472211621792,-6.644510560416832,0.0,0.9350383487950404
749725,-9.069656751984244,-9.037749471997596,2.0,-0.03190727998664755
749966,-17.925438195643537,-17.026208781674097,5.0,-0.8992294139694401
750107,-19.108101798305352,-17.640153016550126,5.0,-1.4679487817552257
750208,-7.1511889600512815,-7.978836210219396,1.0,0.8276472501681145
750317,-31.808144850605004,-30.894149238204474,12.0,-0.9139956124005302
750398,-10.728874753816202,-9.511681256749164,2.0,-1.2171934970670382
750414,-11.526160288844691,-9.765519240685057,2.0,-1.7606410481596342
750457,-10.852279355245141,-11.270396398525104,2.0,0.41811704327996324
750535,-9.181346878521177,-9.148760507207717,2.0,-0.032586371313460205
750567,-22.509158708875667,-22.740608361956625,7.0,0.23144965308095777
750580,-36.38111525959406,-36.76983593000516,12.0,0.3887206704110966
750584,-10.22889489705575,-9.605320434712942,2.0,-0.6235744623428072
750691,-0.8761869625025147,-1.502448762216766,0.0,0.6262617997142512
750790,-10.602694382391446,-10.222834521195805,2.0,-0.37985986119564075
750812,-14.02793862040784,-13.486365078858668,3.0,-0.5415735415491714
750850,-256.6381931311293,-240.97282929152738,83.0,-15.665363839601923
750980,-8.860068476663699,-8.905830935389947,2.0,0.045762458726247957
750987,-29.171792854220048,-30.93519862027128,9.0,1.763405766051232
751064,-1.4829128942477232,-1.4813409710145136,0.0,-0.0015719232332096489
751089,-8.578229198073839,-8.772502022063437,2.0,0.1942728239895981
751202,-9.904344713333975,-11.324540536181384,1.0,1.4201958228474094
751383,-28.35728388111411,-36.37884671528847,9.0,8.021562834174357
751457,-22.701733914735986,-23.69718580975841,8.0,0.9954518950224234
751465,-149.09495701092942,-132.3105875005023,24.0,-16.784369510427126
751529,-26.86999699187816,-28.137259345126207,10.0,1.2672623532480465
751575,-0.7443741956279935,-1.177625112814377,0.0,0.43325091718638364
751678,-44.39989242873828,-43.19980816660223,14.0,-1.200084262136052
751717,-68.00155673618892,-119.26131024529145,21.0,51.25975350910254
751878,-5.839795582171337,-5.872771822251384,1.0,0.03297624008004618
751976,-70.12424239223678,-81.23608330495006,22.0,11.111840912713276
752077,-1.9743389103178763,-2.2321769963615194,0.0,0.2578380860436431
752169,-23.079014584329418,-22.859776310603092,7.0,-0.21923827372632587
752184,-52.91054985849626,-53.441539050973454,19.0,0.5309891924771932
752331,-5.351163416502406,-5.630136614243573,1.0,0.27897319774116713
752417,-12.663742081919954,-12.554207489101072,2.0,-0.109534592818882
752437,-12.764537339200091,-12.529089376416641,3.0,-0.23544796278345004
752503,-27.77317075345365,-28.559570842839378,9.0,0.7864000893857295
752531,-16.214276019882213,-17.78350500293737,5.0,1.569228983055158
752540,-101.0218041963413,-94.65242090586041,47.0,-6.369383290480883
752608,-13.880204163523105,-14.39433963751907,4.0,0.5141354739959656
752650,-5.172010433879458,-5.893110044514212,1.0,0.721099610634754
752815,-1.1988969816016781,-1.7850568292146498,0.0,0.5861598476129717
752858,-14.145844456016738,-14.698678747609293,4.0,0.5528342915925553
752967,-47.800771602341726,-47.72486072723817,21.0,-0.07591087510355266
753051,-17.022182218462937,-18.559546208068966,4.0,1.5373639896060283
753059,-1.1277626765059034,-1.7850568292146498,0.0,0.6572941527087464
753091,-1.1502587710260288,-1.177625112814377,0.0,0.027366341788348292
753183,-2.009419654933167,-2.6962044038150594,0.0,0.6867847488818923
753228,-43.1381777252362,-40.41282518038373,12.0,-2.72535254485247
753233,-89.12813130606048,-90.64359755817539,44.0,1.515466252114905
753271,-1.2547079131562056,-2.6962044038150594,0.0,1.4414964906588539
753448,-11.933978516453271,-11.561874011856444,3.0,-0.37210450459682676
753571,-48.08908566539374,-47.3927877156439,21.0,-0.6962979497498409
753622,-0.6107031581604663,-1.2054698242894017,0.0,0.5947666661289355
753726,-8.915369686375696,-8.619887529504995,2.0,-0.2954821568707011
753785,-5.214938333344854,-5.097161000615768,1.0,-0.1177773327290863
753813,-5.863352299471201,-1.5293038251062245,0.0,-4.334048474364976
753919,-27.06552530941577,-27.799210383170006,8.0,0.7336850737542377
753947,-10.91704449988591,-9.816591689827373,2.0,-1.1004528100585365
754013,-17.6676867458868,-17.02282244897197,4.0,-0.6448642969148324
754139,-72.57535219572297,-85.2571956499399,18.0,12.681843454216931
754163,-55.12079925246383,-57.15922384472422,27.0,2.038424592260384
754181,-5.344715617260782,-4.978567907312878,1.0,-0.3661477099479038
754210,-4.679908474805307,-4.915857433456087,1.0,0.2359489586507797
754264,-26.582025145027277,-28.223865862586326,8.0,1.6418407175590488
754455,-21.13449070233081,-23.216564138875704,6.0,2.082073436544892
754565,-12.617386971650586,-12.304677140248197,3.0,-0.3127098314023886
754570,-9.140952670627776,-9.65800808599081,2.0,0.5170554153630338
754599,-61.13173208057261,-60.517841987793354,40.0,-0.6138900927792577
754676,-13.139537953077118,-12.96011499172672,3.0,-0.17942296135039904
754763,-24.491766899040528,-23.584828073616183,6.0,-0.9069388254243442
754780,-50.14300380235237,-52.167258653307925,21.0,2.0242548509555576
754815,-19.529534193043677,-26.674499381177043,5.0,7.144965188133366
754977,-19.028655016330177,-21.065567391153944,5.0,2.0369123748237676
755105,-35.32829135162284,-34.97204925510609,13.0,-0.35624209651674477
755130,-9.353738797811124,-9.42870589071028,2.0,0.07496709289915593
755147,-10.044074194833419,-11.531151224370571,3.0,1.4870770295371525
755186,-1.4837838802144656,-1.7346870026220562,0.0,0.2509031224075906
755188,-14.241058255545193,-14.474696308379599,4.0,0.2336380528344062
755261,-46.01146202041308,-45.19720637446402,18.0,-0.8142556459490606
755298,-1.3176129969253874,-1.7850568292146498,0.0,0.46744383228926245
755622,-12.311695426949688,-12.201065868092247,3.0,-0.11062955885744152
755651,-10.446771654581552,-9.971698530150316,2.0,-0.47507312443123517
755714,-20.175567098086965,-19.876782313104428,6.0,-0.29878478498253713
755783,-26.216357051906304,-25.841216022795358,6.0,-0.3751410291109458
756026,-2.057208888485243,-2.9999202620151957,0.0,0.9427113735299528
756336,-5.752375471426996,-6.037078844016559,0.0,0.28470337258956313
756490,-14.753851825171331,-14.461820664915804,4.0,-0.29203116025552767
756506,-8.572444020572428,-9.452893527274007,2.0,0.880449506701579
756517,-20.337656602787057,-19.53765642203855,6.0,-0.8000001807485084
756662,-5.321777111514672,-5.7191464847894915,1.0,0.39736937327481936
756720,-2.5247799463107947,-6.644510560416832,0.0,4.119730614106038
756748,-5.705841730983604,-5.03343449066246,1.0,-0.6724072403211441
756776,-17.79005841719749,-18.25983577723959,5.0,0.4697773600421016
756853,-5.556815478333793,-5.81534202740989,1.0,0.2585265490760964
756927,-33.26591263906819,-33.52160208906557,12.0,0.25568944999737653
757135,-130.94719613473833,-121.87739535840707,85.0,-9.069800776331263
757296,-18.863043025673157,-18.308927114338143,5.0,-0.554115911335014
757432,-21.522657003599406,-22.964780799895987,7.0,1.4421237962965812
757484,-14.518901479664121,-14.427483634955372,4.0,-0.09141784470874903
757548,-0.701760085469514,-1.177625112814377,0.0,0.47586502734486313
757555,-2.2411056640955023,-3.607351978415468,0.0,1.366246314319966
757581,-23.38710616610289,-21.66968743690293,5.0,-1.7174187291999594
757614,-0.8145402524957388,-1.1833595781272106,0.0,0.3688193256314718
757619,-5.431395462298044,-5.455539105971746,1.0,0.024143643673702364
757715,-5.619687398197771,-5.014592075292253,1.0,-0.6050953229055178
757795,-9.462097244536963,-8.598658571478907,2.0,-0.8634386730580559
757900,-15.319698055581068,-13.582248467586687,3.0,-1.73744958799438
758135,-0.5791646624431659,-0.266477538213968,0.0,-0.31268712422919787
758146,-45.35321369152095,-46.268386277194594,18.0,0.9151725856736448
758150,-5.941590441914642,-6.473034613954074,1.0,0.5314441720394321
758241,-4.201364723584058,-5.066234533978312,1.0,0.8648698103942536
758270,-1.5284625377232435,-2.6962044038150594,0.0,1.167741866091816
758374,-9.131952432632737,-8.800035176634573,2.0,-0.3319172559981638
758474,-22.958091413486216,-24.169002699275882,8.0,1.210911285789667
758543,-23.15899790863526,-16.91665610724866,3.0,-6.242341801386601
758552,-3.3439013314518022,-3.911067836615605,0.0,0.5671665051638026
758623,-18.503166058840286,-19.698661792533844,5.0,1.1954957336935585
758651,-1.664420496243931,-2.3924885456149223,0.0,0.7280680493709912
758714,-8.888830159675475,-8.77525438421507,2.0,-0.11357577546040432
758720,-11.089529615033044,-9.375413877556337,2.0,-1.7141157374767069
758799,-4.837002991069985,-5.000463482489423,1.0,0.1634604914194382
758860,-165.10926172972356,-149.66952390797775,107.0,-15.439737821745808
758918,-66.10492450004374,-80.00141462166052,24.0,13.896490121616779
758926,-0.04420211990870047,-1.177625112814377,0.0,1.1334229929056767
758944,-16.06082335809328,-16.49563584896997,3.0,0.43481249087669127
758952,-5.872617495927298,-6.043997020797004,1.0,0.17137952486970587
759009,-24.533561991603868,-24.508520283759157,8.0,-0.025041707844710714
759018,-24.48910766182714,-26.665301007358117,8.0,2.176193345530976
759223,-5.469996986400766,-5.413531713287581,1.0,-0.05646527311318472
759394,-19.977054060372073,-23.79254267202235,5.0,3.8154886116502773
759486,-5.434931595926133,-5.060903575021874,1.0,-0.3740280209042588
759564,-22.15919456166916,-21.543104896192748,7.0,-0.6160896654764123
759575,-5.186093826173122,-5.316648691193554,1.0,0.13055486502043134
759668,-27.675077729226405,-27.774374350486493,9.0,0.09929662126008765
759798,-5.253606204578004,-4.939622887688026,1.0,-0.3139833168899777
759814,-5.324204127499085,-5.511398902993255,1.0,0.18719477549417007
759897,-12.348996925531823,-12.069997857868234,3.0,-0.2789990676635892
759899,-9.516451367393602,-9.346028260102518,2.0,-0.170423107291084
760020,-38.26806570838799,-36.7157452453063,10.0,-1.552320463081685
760265,-16.63158732950414,-17.50733500068114,4.0,0.8757476711770025
760332,-5.742270747444663,-6.472323513660971,1.0,0.7300527662163079
760523,-103.75659276909107,-111.2661676492069,33.0,7.509574880115835
760535,-35.434124648194214,-35.275000760807174,8.0,-0.15912388738703953
760886,-24.03336127431489,-24.025422508996872,8.0,-0.007938765318016294
760899,-7.780777115671578,-8.718514953022416,2.0,0.9377378373508378
760908,-26.805916671856714,-23.8994435740124,6.0,-2.906473097844316
761030,-13.247539464149131,-14.367252376413203,2.0,1.119712912264072
761095,-0.7912752016037446,-1.177625112814377,0.0,0.38634991121063245
761097,-15.342291156277568,-21.14854990713469,2.0,5.806258750857122
761182,-19.206579090015953,-19.16444511473331,6.0,-0.042133975282641956
761185,-15.70456144836707,-15.786642612570933,4.0,0.08208116420386347
761195,-18.721018007690514,-18.819179688914023,6.0,0.09816168122350888
761253,-20.334584192108895,-21.70553763508346,6.0,1.3709534429745638
761313,-271.9383534655344,-200.93412171683724,242.0,-71.00423174869718
761324,-11.250562583767408,-11.74888070893748,3.0,0.498318125170071
761340,-19.39159572364188,-19.464779691727074,5.0,0.07318396808519267
761646,-25.085927523899645,-23.67431561352381,6.0,-1.4116119103758358
761653,-30.16893942122267,-31.438566362134537,8.0,1.2696269409118663
761987,-1.075795144848433,-1.177625112814377,0.0,0.10182996796594401
761992,-15.014102180340663,-16.582782728883185,3.0,1.5686805485425221
762033,-17.52819565438057,-18.508907647012755,5.0,0.9807119926321839
762042,-9.514823383858989,-9.34267076546267,2.0,-0.17215261839631957
762044,-16.524478963581327,-15.642884215461082,4.0,-0.8815947481202446
762058,-35.6882999165092,-37.56083224978427,11.0,1.8725323332750676
762158,-2.0491776511107087,-0.266477538213968,0.0,-1.7827001128967406
762177,-56.05179365863634,-64.7854029753244,22.0,8.73360931668806
762269,-13.772725394734216,-12.637201872349033,3.0,-1.1355235223851832
762544,-16.492635373384168,-15.877906430957232,4.0,-0.614728942426936
762593,-9.934885489169938,-10.00222655760253,2.0,0.06734106843259191
762652,-12.12412414767729,-11.96460603981774,3.0,-0.15951810785954912
762654,-4.630902193453554,-4.9020235075852385,1.0,0.27112131413168417
762685,-16.876031739384683,-15.756731427944905,4.0,-1.119300311439778
763297,-20.467807472305616,-19.841860163237968,6.0,-0.625947309067648
763336,-19.167865506376312,-19.4595063183527,5.0,0.29164081197638936
763352,-23.962623443429987,-23.89440950677928,6.0,-0.0682139366507073
763518,-1.3887180677028943,-1.7850568292146498,0.0,0.3963387615117555
763578,-4.477151214114732,-5.12593126941615,0.0,0.648780055301418
763682,-3.396103027139314,-5.4296471276162865,0.0,2.0335441004769725
763701,-19.163409768958083,-20.451237512047584,6.0,1.287827743089501
763799,-19.814867129664236,-18.458505910536083,5.0,-1.3563612191281536
763818,-11.106744830912946,-11.529044715921207,3.0,0.4222998850082611
763844,-14.387570501333517,-13.465606301765465,3.0,-0.9219641995680519
763975,-4.707655283088245,-5.1522177767888815,1.0,0.4445624937006363
763989,-34.69289354718404,-39.05700524335893,9.0,4.364111696174888
764053,-33.95596765127665,-34.626461999589544,13.0,0.6704943483128929
764127,-5.32086727708464,-5.427323931355463,1.0,0.10645665427082296
764154,-13.95110101184201,-13.929986789673102,3.0,-0.021114222168908015
764298,-21.043352595872076,-21.634959973826287,7.0,0.5916073779542117
764620,-14.230313975374976,-13.89861079170182,3.0,-0.3317031836731559
764624,-25.096250711983874,-25.53892259821391,7.0,0.4426718862300376
764645,-29.780609334522595,-36.53956733557423,13.0,6.758958001051639
764679,-9.038307795427782,-8.632217870425091,2.0,-0.40608992500269103
764731,-24.006594313746106,-22.118102776739473,6.0,-1.888491537006633
765019,-4.56009560272104,-4.934465209047199,1.0,0.3743696063261597
765098,-0.4917169731108785,-0.5701933964141045,0.0,0.07847642330322602
765229,-22.207847251596277,-21.781100691228293,7.0,-0.42674656036798453
765239,-17.2368708817212,-16.729345401880874,5.0,-0.507525479840325
765252,-38.04316669193206,-33.66481053147249,7.0,-4.3783561604595675
765284,-9.946341266723874,-10.841744177262845,2.0,0.8954029105389711
765394,-5.786682023071116,-5.0391425226118605,1.0,-0.7475395004592551
765607,-1.0592731472545318,-1.4813409710145136,0.0,0.42206782375998175
765617,-9.498993625786529,-9.532644422466444,2.0,0.03365079667991466
765643,-15.005426039151045,-13.655374495518755,3.0,-1.35005154363229
765668,-9.683205666365348,-9.103825315631651,2.0,-0.5793803507336968
765674,-48.444630785035535,-49.727252048600185,22.0,1.28262126356465
765716,-13.377067800517262,-11.994237984188509,3.0,-1.3828298163287531
765759,-3.4702570534317303,-2.9999202620151957,0.0,-0.4703367914165346
765887,-16.668645595272434,-16.83406068651574,5.0,0.16541509124330744
765950,-3.0922471339251087,-3.607351978415468,0.0,0.5151048444903594
766049,-3.6342630588706424,-4.518499553015877,0.0,0.8842364941452345
766100,-5.2184565609730225,-5.36880038031874,1.0,0.15034381934571783
766131,-11.439546592868522,-11.64826043120047,3.0,0.20871383833194734
766230,-28.1760235311157,-30.051805834006903,7.0,1.8757823028912028
766251,-19.279793652359025,-28.736196725142467,6.0,9.456403072783441
766523,-9.561613881747322,-9.354199598179164,2.0,-0.2074142835681574
766561,-5.758198055647885,-4.921793703258771,1.0,-0.8364043523891134
766685,-3.966255105888097,-4.2147836948157416,0.0,0.24852858892764473
766689,-13.72219637459417,-13.163898007011447,3.0,-0.5582983675827222
766694,-0.4443599110765792,-0.8739092546142408,0.0,0.42954934353766167
766725,-22.941507745053453,-23.195397784150153,7.0,0.2538900390966994
766750,-16.650492577670164,-14.625918895761009,3.0,-2.024573681909155
766916,-8.554956872788578,-8.255762939646667,1.0,-0.2991939331419111
766939,-12.817239290019593,-14.502874379325988,2.0,1.6856350893063947
766988,-44.03394464854996,-45.11033797508562,12.0,1.0763933265356584
767010,-9.80193082824827,-9.686279495332235,2.0,-0.1156513329160358
767041,-7.305492075768282,-9.09020705007918,2.0,1.784714974310897
767076,-39.74292064594844,-39.6649079253831,11.0,-0.07801272056534003
767201,-32.517168410179345,-31.892399053551692,12.0,-0.6247693566276524
767208,-8.567310396401188,-8.428757341619548,2.0,-0.13855305478164048
767243,-1.4732055270722497,-2.6962044038150594,0.0,1.2229988767428097
767288,-29.05972421812037,-28.597697062415445,10.0,-0.4620271557049236
767292,-31.509281471366574,-32.04973440589894,13.0,0.5404529345323645
767387,-18.83565795763305,-17.937348274046215,5.0,-0.8983096835868345
767427,-6.8573986561334985,-6.937288987637553,1.0,0.07989033150405422
767732,-46.46638497289482,-47.02750428557157,12.0,0.5611193126767446
767897,-16.80224176256449,-16.18371858342341,4.0,-0.6185231791410786
767940,-8.253268166060005,-9.151115500708025,2.0,0.89784733464802
768017,-9.446204926999052,-8.606163603088252,2.0,-0.8400413239107998
768136,-73.14560279580633,-88.42102706394978,18.0,15.275424268143453
768138,-12.50673682964415,-11.9672179128209,3.0,-0.5395189168232513
768190,-1.4485759293188119,-1.7850568292146498,0.0,0.33648089989583796
768606,-17.64603717310889,-17.247793130029827,5.0,-0.3982440430790639
768608,-5.608875990787661,-5.058942496217999,1.0,-0.5499334945696619
768697,-6.548580118960478,-6.9457041886476985,1.0,0.39712406968722025
768779,-77.40168126380138,-72.32044607454583,43.0,-5.081235189255551
768872,-2.890823274847579,-3.303636120215332,0.0,0.41281284536775287
769370,-16.71718795669088,-15.306698210450293,4.0,-1.4104897462405859
769428,-43.9480063820136,-43.13255925966397,19.0,-0.8154471223496316
769448,-28.745911611280448,-27.48424788315279,8.0,-1.2616637281276581
769468,-29.418326629923687,-29.877846958975617,10.0,0.4595203290519301
769479,-22.369163515967276,-22.169398094212593,6.0,-0.19976542175468381
769563,-105.62839918774722,-133.7897282025246,52.0,28.16132901477738
769715,-1.6185831077223158,-1.4813409710145136,0.0,-0.13724213670780228
769723,-43.07769031204469,-42.47091578654134,19.0,-0.6067745255033472
769743,-1.7622160761154566,-2.9999202620151957,0.0,1.237704185899739
769834,-5.1343505468228425,-5.688448169825783,1.0,0.5540976230029404
769841,-21.699782049636212,-21.254323545722034,7.0,-0.4454585039141783
769947,-17.542257378223947,-15.913198295688348,4.0,-1.6290590825355995
770008,-22.057237633992134,-21.708295902093433,7.0,-0.3489417318987016
770039,-44.38483335973546,-44.73045844445054,18.0,0.34562508471508124
770281,-24.87695168033628,-24.41761344936606,7.0,-0.4593382309702214
770538,-8.971889916070731,-9.34267076546267,2.0,0.370780849391938
770877,-33.20643030722505,-32.828377243495396,12.0,-0.3780530637296522
770981,-20.416276534468743,-20.1586497151565,6.0,-0.25762681931224307
771048,-34.41401836415464,-35.08993178036928,8.0,0.6759134162146339
771165,-88.53165146949057,-108.574896961384,43.0,20.04324549189343
771190,-0.9526365888345687,-1.4813409710145136,0.0,0.5287043821799449
771271,-30.58567076658042,-36.74009435222074,10.0,6.154423585640316
771301,-10.511675379510004,-11.982762192544419,1.0,1.4710868130344146
771342,-19.854294506686358,-20.054788378968443,6.0,0.2004938722820846
771880,-12.874628194945933,-14.66246541473796,2.0,1.7878372197920278
771949,-5.4086971060530065,-5.115002849215627,1.0,-0.29369425683737926
771959,-1.5309181125755185,-2.9999202620151957,0.0,1.4690021494396772
771961,-91.1426595536718,-90.15163277666343,33.0,-0.991026777008372
771994,-11.798833615659733,-10.810253396349246,2.0,-0.9885802193104869
772105,-40.143083523921845,-39.019209923968596,15.0,-1.1238735999532494
772152,-8.698802783181305,-9.047930757844517,2.0,0.34912797466321166
772253,-14.375971288260743,-14.194759293881372,4.0,-0.18121199437937108
772397,-0.1731043669797269,-0.266477538213968,0.0,0.09337317123424113
772443,-21.449339955839594,-20.551456850127263,6.0,-0.8978831057123315
772620,-20.043863267070673,-19.79070772823183,6.0,-0.25315553883884334
772738,-3.8397063926218964,-4.518499553015877,0.0,0.6787931603939805
772750,-36.468246640340624,-37.82191099493655,12.0,1.353664354595928
772853,-5.625802406529357,-4.8691273830198805,1.0,-0.7566750235094766
773019,-1.851312365026771,-3.1086710575697656,0.0,1.2573586925429945
773073,-26.170600297127177,-27.367254211309298,9.0,1.1966539141821215
773075,-1.4555181118317402,-0.8739092546142408,0.0,-0.5816088572174993
773289,-6.529884639246016,-7.411985706166946,1.0,0.8821010669209297
773344,-41.865114289519944,-44.979042717456124,19.0,3.1139284279361803
773425,-8.394711119926175,-8.931733806200237,1.0,0.5370226862740619
773439,-39.97944396078135,-44.30778332867059,14.0,4.328339367889235
773440,-7.979842611712858,-9.119112711020719,1.0,1.1392700993078613
773570,-3.5459746513014703,-4.518499553015877,0.0,0.9725249017144066
773850,-37.83622237429856,-40.794492926237325,10.0,2.9582705519387673
773901,-5.2388184841335965,-5.141671823912692,1.0,-0.09714666022090412
773920,-5.8494078020375735,-5.059830501190934,1.0,-0.7895773008466396
773933,-5.418684176016535,-6.481518849729413,1.0,1.062834673712878
773948,-1.6380934764663448,-2.3924885456149223,0.0,0.7543950691485775
774068,-0.09073178682127499,-0.2908427329710495,0.0,0.20011094614977454
774249,-29.127520220286435,-35.00787277751827,8.0,5.880352557231838
774268,-1.107821406390746,-1.4813409710145136,0.0,0.37351956462376745
774307,-64.85598221387279,-59.0327736392175,17.0,-5.82320857465529
774373,-14.76116817679969,-14.168983568576415,4.0,-0.592184608223274
774386,-8.681282672976081,-9.780387842673766,2.0,1.099105169697685
774543,-34.848139541798204,-35.426102388181626,11.0,0.5779628463834214
774710,-80.61092016629881,-99.36076359369649,29.0,18.74984342739768
774711,-40.38352419167457,-47.1012259807202,12.0,6.717701789045634
774844,-8.895812188745241,-8.753470075015963,2.0,-0.14234211372927774
774858,-16.05063769161017,-14.937246876273885,4.0,-1.1133908153362846
775002,-27.957301190653766,-28.586365975362934,9.0,0.6290647847091684
775083,-11.937932741318672,-11.699899390629433,3.0,-0.23803335068923914
775446,-1.3626801153236388,-2.157677970679982,0.0,0.794997855356343
775505,-2.4711743976889373,-3.607351978415468,0.0,1.1361775807265309
775572,-17.098148493755176,-16.686685001029364,5.0,-0.4114634927258116
775637,-9.17343244869531,-9.555171906594165,2.0,0.38173945789885444
775896,-22.98716933197891,-22.910618146194217,6.0,-0.07655118578469455
775906,-5.140753075627916,-5.0335886549182085,1.0,-0.10716442070970711
776146,-33.25219999386437,-31.61665150211388,8.0,-1.6355484917504945
776210,-8.789355151188836,-8.814531987262862,2.0,0.0251768360740261
776232,-14.422708734794192,-14.204002459458133,4.0,-0.2187062753360589
776289,-1.4862065033820466,-1.4813409710145136,0.0,-0.004865532367533065
776308,-20.706394380359704,-21.862223339961837,5.0,1.1558289596021325
776376,-20.53712208496067,-21.32326078206462,6.0,0.7861386971039472
776401,-0.24977138973503638,-0.8739092546142408,0.0,0.6241378648792044
776422,-0.30429595785915353,-0.8739092546142408,0.0,0.5696132967550873
776470,-41.18119408570279,-41.04667208182636,15.0,-0.13452200387643387
776476,-1.227187587603703,-2.088772687414786,0.0,0.861585099811083
776589,-32.32335669229127,-31.841161796318552,9.0,-0.48219489597271803
776592,-5.429366734324279,-5.490636588471568,1.0,0.06126985414728914
776830,-9.006406345189932,-8.94628522375645,2.0,-0.06012112143348247
776923,-12.814706321849373,-12.391821772216959,3.0,-0.42288454963241406
776961,-4.197623947105368,-4.991167307448308,1.0,0.79354336034294
776979,-9.965430956200457,-9.739441535877294,2.0,-0.22598942032316316
777003,-24.6350464925781,-24.689794010423796,8.0,0.05474751784569776
777124,-32.19198132361567,-33.385245229408575,10.0,1.1932639057929038
777185,-5.9626764435494115,-6.739188925691768,0.0,0.7765124821423566
777311,-10.615413902404844,-11.624638696627583,2.0,1.0092247942227388
777352,-24.902777102510097,-18.931353176014625,4.0,-5.971423926495472
777460,-7.559852310522902,-8.543757532916128,2.0,0.9839052223932265
777492,-10.85285869312121,-9.546190841484506,2.0,-1.3066678516367034
777659,-8.91886915275789,-8.752789269790842,2.0,-0.16607988296704868
777725,-5.146423326193405,-5.079055806650786,1.0,-0.06736751954261955
777743,-6.464181166273467,-6.48806102770534,2.0,0.023879861431873373
777865,-5.260571418173645,-5.0244584784860375,1.0,-0.23611293968760716
777922,-6.512209278811638,-7.10095328078419,1.0,0.5887440019725521
777961,-18.794436068902215,-17.70338117734038,5.0,-1.0910548915618357
778186,-4.537003237732968,-4.518499553015877,0.0,-0.018503684717090962
778286,-28.195963609967926,-30.087569072620937,9.0,1.8916054626530112
778319,-6.864349412298522,-5.633591786638525,1.0,-1.2307576256599972
778386,-54.526797996131194,-56.06060125213566,19.0,1.533803256004468
778389,-17.330932825752882,-17.714832575306616,5.0,0.3838997495537342
778406,-40.532115374068475,-41.29767880717575,16.0,0.7655634331072747
778645,-26.29797235651836,-26.115593333615703,8.0,-0.1823790229026585
778662,-89.01637477499165,-88.14781746834068,44.0,-0.8685573066509704
778721,-0.9547101955417843,-1.7850568292146498,0.0,0.8303466336728655
778806,-48.575962239969996,-59.646785516229144,12.0,11.070823276259148
779008,-33.50567885070252,-34.98761791698777,8.0,1.4819390662852499
779147,-0.8394636625141197,-1.4813409710145136,0.0,0.6418773085003938
779213,-37.73080718256319,-38.26220190046461,15.0,0.5313947179014207
779304,-35.69440336516441,-34.26646394633162,11.0,-1.4279394188327927
779463,-42.77130805339347,-42.27878603358344,15.0,-0.49252201981003196
779755,-29.044045228809793,-17.780754278534364,3.0,-11.26329095027543
779826,-11.695845292171404,-11.58924619024104,3.0,-0.10659910193036382
779863,-8.606730117488652,-8.457719112437223,2.0,-0.14901100505142928
779877,-9.084468884072576,-8.579040396235834,2.0,-0.5054284878367419
780222,-41.59224505151587,-47.12099283863926,16.0,5.528747787123393
780740,-9.603977588692382,-8.792486316375642,2.0,-0.81149127231674
780823,-17.277755249646408,-18.924353623422203,5.0,1.6465983737757952
780861,-8.769584287915398,-8.748384412664745,2.0,-0.021199875250653477
780873,-31.617163279444853,-32.04096107936612,11.0,0.4237977999212674
781022,-23.185810642809518,-22.993848374995984,8.0,-0.19196226781353332
781115,-45.30550992927829,-45.56679813567119,18.0,0.26128820639290495
781120,-20.606591931541217,-20.675053717709265,5.0,0.06846178616804721
781204,-0.9457069279105673,-1.4813409710145136,0.0,0.5356340431039462
781253,-56.22743981659369,-53.58206891980172,22.0,-2.6453708967919667
781362,-5.737477781304058,-14.541122873620377,0.0,8.80364509231632
781380,-3.1830232304472506,-4.518499553015877,0.0,1.3354763225686264
781471,-0.8216864845413878,-0.8739092546142408,0.0,0.05222277007285303
781593,-20.46510296045082,-19.707422312579443,6.0,-0.7576806478713785
781624,-12.90224343752803,-13.21163634899151,3.0,0.3093929114634797
781673,-25.231237900105683,-24.386255378859328,6.0,-0.8449825212463544
781692,-25.928460624798504,-25.05736546731011,8.0,-0.8710951574883943
781755,-53.144990390609195,-50.49463533898411,20.0,-2.650355051625084
781791,-3.875200115273418,-3.198877602326956,0.0,-0.6763225129464621
781983,-12.53130041155786,-12.225654808438845,3.0,-0.30564560311901445
781995,-8.730824369523539,-8.80934209047008,2.0,0.0785177209465413
782133,-27.136264707257318,-30.752475594024762,8.0,3.616210886767444
782177,-17.386449162859424,-22.603468972288137,4.0,5.217019809428713
782184,-20.264930486828675,-19.783960317388125,6.0,-0.4809701694405497
782373,-23.270863047623912,-23.20229376712075,7.0,-0.06856928050316213
782425,-6.254581767673819,-6.937288987637553,1.0,0.6827072199637341
782426,-1.4110719914006389,-2.088772687414786,0.0,0.6777006960141472
782563,-1.879931444920718,-2.3924885456149223,0.0,0.5125571006942042
782568,-22.805393175880567,-22.51482589441429,7.0,-0.2905672814662772
782588,-43.36949745604181,-42.63634597852962,16.0,-0.7331514775121946
782599,-21.12454711519646,-22.07989736575198,6.0,0.9553502505555187
782730,-20.15265300806668,-17.93476822961086,5.0,-2.2178847784558187
782839,-9.932899833073154,-9.373509137424573,2.0,-0.559390695648581
782876,-23.7436398834643,-23.422026168997906,8.0,-0.32161371446639464
783108,-11.740094334452387,-12.140320626997111,3.0,0.4002262925447244
783123,-36.875230184286536,-34.76280426862154,11.0,-2.112425915665
783191,-46.01182134827904,-44.949444452204396,19.0,-1.062376896074646
783206,-5.492845193497243,-2.6335205518103884,0.0,-2.8593246416868547
783390,-24.995327952569845,-24.125969404129922,6.0,-0.8693585484399229
783451,-28.671611416171874,-29.67067063831547,9.0,0.9990592221435968
783863,-11.164348500142598,-11.899060073407345,2.0,0.7347115732647467
783892,-13.29700426500764,-12.26879520025879,3.0,-1.0282090647488502
784027,-48.89687818752978,-47.862352557907876,22.0,-1.0345256296219034
784040,-11.938124651682594,-11.513332761069432,3.0,-0.4247918906131627
784238,-17.91630368822143,-15.073547116887822,3.0,-2.8427565713336076
784408,-9.561452205174005,-10.317416789247241,2.0,0.7559645840732365
784774,-15.688420338936403,-15.271806877482614,4.0,-0.41661346145378886
784877,-5.431751650454702,-4.980125260226596,1.0,-0.4516263902281059
785310,-0.8208513564434081,-1.177625112814377,0.0,0.356773756370969
785403,-38.20920428333735,-38.38869697545407,14.0,0.17949269211671748
785439,-86.29108067414839,-115.32922887439395,20.0,29.03814820024556
785492,-12.432204318124342,-11.464173863183603,3.0,-0.9680304549407381
785562,-9.31001699302382,-8.560346286271228,2.0,-0.7496707067525925
785565,-24.808248298422942,-24.46305042211835,8.0,-0.3451978763045922
785590,-18.085133974235895,-18.45530587914328,5.0,0.3701719049073837
785653,-12.702214390089887,-12.617500744548153,3.0,-0.08471364554173455
785671,-1.0815252204992443,-1.7850568292146498,0.0,0.7035316087154055
785744,-2.682851471193414,-3.344609056961034,0.0,0.6617575857676199
785799,-11.591924870490722,-11.637950740364843,3.0,0.04602586987412138
786023,-15.387570694925314,-15.268218624173965,4.0,-0.1193520707513489
786043,-9.9974010263746,-9.162909951552882,2.0,-0.8344910748217185
786081,-3.9494689765539897,-4.2147836948157416,0.0,0.2653147182617519
786313,-6.3138840718228675,-6.878287020409722,1.0,0.5644029485868547
786512,-3.5596884050630804,-4.2147836948157416,0.0,0.6550952897526612
786534,-23.053689303771353,-22.920816229930587,7.0,-0.1328730738407664
786547,-18.496200009730902,-18.093807980298546,5.0,-0.40239202943235597
786659,-1.5052953798887738,-2.3924885456149223,0.0,0.8871931657261485
786701,-14.454461121008237,-14.4365525733039,4.0,-0.017908547704337252
786726,-10.540111474192349,-8.60901008611819,2.0,-1.9311013880741594
786774,-15.498613472964246,-18.139260524720534,4.0,2.6406470517562877
787028,-17.503044794634857,-18.25410962024803,4.0,0.7510648256131738
787053,-11.22418303465191,-11.048762293210816,2.0,-0.1754207414410942
787112,-25.491682498725897,-25.3389454072442,8.0,-0.152737091481697
787186,-9.417644573447424,-12.415111866219423,0.0,2.997467292771999
787246,-8.259055771943906,-8.046458764994366,1.0,-0.2125970069495402
787251,-7.08910565338898,-5.009026975469546,1.0,-2.0800786779194347
787271,-1.4263569563124445,-2.6962044038150594,0.0,1.269847447502615
787279,-26.12975582125353,-25.560999951069917,9.0,-0.5687558701836117
787330,-26.730751006401704,-28.55197080785192,8.0,1.8212198014502157
787442,-16.61425550267461,-16.43836997551976,5.0,-0.1758855271548505
787468,-5.697157987068985,-6.061906407351035,1.0,0.36474842028205057
787603,-9.91805215767708,-9.612497671449091,2.0,-0.3055544862279884
787651,-23.798159037464014,-23.587624032610133,7.0,-0.210535004853881
787797,-18.012864977779294,-18.20786774964553,5.0,0.1950027718662355
787910,-11.181098999129802,-11.877084900701702,2.0,0.6959859015719001
787941,-8.809611415661417,-9.976572808107464,1.0,1.1669613924460478
787949,-11.286572749204412,-13.012515490294245,3.0,1.725942741089833
788111,-46.528967070139686,-44.90039264897094,14.0,-1.628574421168743
788197,-8.673638934895635,-8.479032602847926,2.0,-0.19460633204770872
788236,-2.186263797826239,-2.460250607046521,0.0,0.27398680922028174
788379,-20.026996240253016,-17.11042290213706,4.0,-2.916573338115956
788442,-5.490887455392893,-5.157662271623659,1.0,-0.33322518376923416
788483,-0.6059359464155722,-0.6910019415405063,0.0,0.08506599512493407
788577,-1.9707496550001078,-2.9999202620151957,0.0,1.029170607015088
788664,-6.415674242010992,-4.921793703258771,1.0,-1.4938805387522205
788839,-24.29745571916248,-29.481552388573938,5.0,5.18409666941146
788868,-4.711410437551154,-5.490013268497612,1.0,0.7786028309464577
788930,-1.5272752987816514,-1.7850568292146498,0.0,0.25778153043299845
788952,-16.758279011532892,-16.72835808288678,5.0,-0.02992092864611351
788975,-31.422699701042717,-32.59393509152408,13.0,1.171235390481364
789017,-22.37845698810599,-23.25212492213453,7.0,0.8736679340285392
789072,-2.139072095814496,-2.3924885456149223,0.0,0.2534164498004263
789124,-1.164770858037932,-1.7850568292146498,0.0,0.6202859711767179
789154,-17.246261097494003,-17.01732883298063,4.0,-0.22893226451337156
789168,-10.032109111989252,-10.05246141543491,2.0,0.020352303445658748
789189,-44.97034505187969,-44.9320213694811,18.0,-0.038323682398591075
789224,-23.591293806847442,-23.91216234471528,8.0,0.3208685378678382
789328,-5.270815018311135,-5.113011794233181,1.0,-0.15780322407795389
789342,-17.718554400413097,-20.822502629209666,3.0,3.1039482287965683
789509,-1.4816907242805555,-2.3924885456149223,0.0,0.9107978213343668
789515,-32.965453278470996,-32.61163967575763,12.0,-0.35381360271336604
789598,-34.02648678940731,-34.78524985787244,13.0,0.7587630684651288
789785,-14.349822532881666,-13.896900679480163,3.0,-0.45292185340150226
789798,-65.18824148168122,-65.29317007137593,25.0,0.10492858969470831
789832,-22.327522048897237,-21.682925621003676,5.0,-0.6445964278935605
790242,-11.424747250230103,-11.73696676501891,3.0,0.31221951478880605
790316,-5.306707182616782,-5.5206212455659625,1.0,0.21391406294918003
790495,-1.2435987930463823,-1.7850568292146498,0.0,0.5414580361682675
790684,-75.21571590375966,-82.55975697975406,25.0,7.344041075994397
790783,-31.057468903702627,-30.549273012537654,11.0,-0.5081958911649735
790902,-9.353945479110267,-8.70813758145631,2.0,-0.6458078976539579
791083,-40.94585802625588,-43.96666572389389,16.0,3.0208076976380127
791127,-9.276669647058899,-9.201300986543313,2.0,-0.07536866051558633
791439,-0.1643759794983424,-0.5701933964141045,0.0,0.4058174169157621
791577,-16.383412574813697,-16.292578695136008,3.0,-0.09083387967768886
791594,-15.244133221730394,-15.140108642018063,4.0,-0.10402457971233048
791714,-27.05451826185302,-28.000915004627394,10.0,0.9463967427743754
791747,-5.327513351401343,-5.4915917581259714,1.0,0.16407840672462815
792115,-13.817761959343168,-14.983075951310507,4.0,1.1653139919673396
792143,-46.47561831314204,-54.3395302153571,12.0,7.863911902215058
792153,-9.778373575315692,-8.86714751558884,2.0,-0.911226059726852
792182,-46.86711482283983,-51.8286357511927,18.0,4.9615209283528685
792189,-10.40361495639588,-12.573273975346138,3.0,2.1696590189502576
792378,-13.011824795456054,-11.49727028015645,3.0,-1.5145545152996043
792536,-20.79920503155224,-20.050274380554825,6.0,-0.7489306509974156
792689,-21.778726166961018,-19.849277253708276,5.0,-1.9294489132527417
792950,-31.1935882404048,-35.71847630946609,12.0,4.524888069061291
792953,-2.296920732204509,-2.9999202620151957,0.0,0.7029995298106866
793024,-28.87116773179502,-30.444468831246628,10.0,1.5733010994516086
793048,-19.082116032889697,-19.73079799385394,6.0,0.6486819609642431
793070,-34.968470484459424,-34.714420444588846,12.0,-0.2540500398705774
793122,-85.9897859827063,-88.54801491629613,33.0,2.558228933589831
793129,-8.029375276735657,-8.408398940300017,2.0,0.3790236635643609
793155,-5.229925277468711,-5.250293637665954,1.0,0.020368360197243085
793270,-17.475845823517584,-17.745230529695775,5.0,0.2693847061781902
793343,-5.039511188725964,-5.028419304654065,1.0,-0.011091884071898761
793441,-18.270661060679465,-17.37692554003599,4.0,-0.8937355206434745
793443,-25.351143945015643,-24.27033158841817,7.0,-1.0808123565974732
793505,-0.8451830274236379,-1.177625112814377,0.0,0.33244208539073916
793734,-23.40612775118879,-22.758699709536835,7.0,-0.6474280416519562
793782,-32.952075665352154,-34.433126694347514,12.0,1.4810510289953598
793821,-13.716802495813582,-14.624231221836016,3.0,0.9074287260224345
793842,-12.439701792444502,-13.154084906498372,2.0,0.7143831140538701
793965,-13.199997677006005,-13.89032795812278,3.0,0.6903302811167755
794042,-25.409828212886676,-25.504048992056422,9.0,0.09422077916974558
794081,-39.59358450271638,-37.895863370835116,13.0,-1.6977211318812664
794201,-5.925007852291263,-6.0133910783613445,1.0,0.0883832260700812
794227,-7.447024260833068,-9.919030975849578,2.0,2.4720067150165104
794409,-8.805255389978237,-8.791240229262215,2.0,-0.014015160716022379
794435,-29.92898120278531,-35.31990711133818,6.0,5.390925908552873
794466,-4.774614378404938,-4.9410947346878915,1.0,0.16648035628295332
794556,-1.442030812197264,-0.8377454025648438,0.0,-0.6042854096324203
794623,-25.374504286412545,-25.412626148384106,8.0,0.03812186197156109
794673,-3.217258174165718,-5.733362985816423,0.0,2.5161048116507048
794696,-42.36638535310965,-42.14701554185572,17.0,-0.21936981125392663
794710,-12.210212591640298,-12.31397085337045,3.0,0.10375826173015135
794735,-10.437241067327994,-9.241703470408103,2.0,-1.1955375969198911
794778,-8.867442545089608,-8.59224326758442,2.0,-0.27519927750518747
794805,-0.2582069189492455,-0.27147353087202014,0.0,0.013266611922774618
794979,-1.1276722868203737,-3.1795928298959955,0.0,2.0519205430756218
795115,-12.201417882750803,-9.606993324319271,2.0,-2.594424558431532
795298,-15.589162850185676,-15.69090818206809,4.0,0.10174533188241419
795352,-23.502196238497408,-24.188820064623165,6.0,0.6866238261257571
795446,-2.9193306588763925,-3.607351978415468,0.0,0.6880213195390756
795505,-16.86840384250421,-16.895988435781568,4.0,0.027584593277357072
795561,-41.010860830192335,-41.32761476672624,16.0,0.3167539365339067
795564,-5.632352348467582,-6.473034613954074,1.0,0.8406822654864925
795669,-18.73851096171469,-17.98100647306806,5.0,-0.7575044886466316
795763,-10.392196490975616,-11.573906017958704,3.0,1.181709526983088
795935,-29.530857513581942,-31.159593218322364,9.0,1.6287357047404214
796108,-23.78958567746906,-25.388467391258114,8.0,1.598881713789055
796183,-8.965930616560827,-8.73195616037174,2.0,-0.2339744561890882
796226,-24.175595140789397,-23.796200165362286,8.0,-0.3793949754271111
796279,-14.043463485068484,-13.3275211641743,3.0,-0.7159423208941842
796399,-64.25894319344033,-63.632730201821,22.0,-0.6262129916193331
796443,-5.144833014593037,-5.1703784120397,1.0,0.0255453974466624
796448,-7.353162574998335,-9.280932004952303,2.0,1.927769429953968
796459,-45.77798076468253,-59.81682513409206,17.0,14.038844369409532
796472,-5.132773088837759,-11.200248433418876,0.0,6.067475344581117
796584,-25.077223688084004,-24.33955532613866,8.0,-0.7376683619453424
796709,-13.355894522522622,-14.185858508757121,4.0,0.8299639862344996
796803,-3.325857085394435,-4.518499553015877,0.0,1.1926424676214418
796922,-0.9608355560121892,-1.4813409710145136,0.0,0.5205054150023244
797004,-4.0923155614213504,-5.490161453921814,1.0,1.397845892500464
797014,-5.856219189278832,-6.340982354706725,1.0,0.4847631654278928
797176,-41.358128614318616,-43.09848467089189,18.0,1.740356056573276
797405,-26.289664999888913,-26.121462534515484,8.0,-0.16820246537342953
797442,-2.3394214171518497,-3.303636120215332,0.0,0.9642147030634822
797606,-9.250727967235626,-8.702078283165257,2.0,-0.5486496840703694
797685,-23.827144735634636,-23.057302515378222,7.0,-0.7698422202564146
797723,-27.12729499083831,-30.894898221027333,5.0,3.7676032301890245
797752,-22.17011965357545,-22.557013702336715,6.0,0.3868940487612633
797828,-37.53418812992147,-36.23833522969253,13.0,-1.2958529002289367
798032,-10.16557124306763,-9.647652534404592,2.0,-0.5179187086630375
798091,-22.61530395293134,-25.991146770492936,8.0,3.375842817561594
798108,-5.504768371410383,-6.517739495479066,1.0,1.0129711240686836
798156,-23.74179849262852,-26.786610654052048,7.0,3.044812161423529
798190,-0.5719987914662625,-0.5701933964141045,0.0,-0.001805395052158043
798224,-24.454738907129023,-24.215586795244846,8.0,-0.2391521118841773
798284,-97.70743176380041,-111.68369403135948,46.0,13.976262267559065
798313,-12.122768468769365,-9.766595853303306,2.0,-2.3561726154660594
798325,-4.58603167998411,-5.265301737082648,1.0,0.6792700570985382
798433,-16.45676126249397,-15.210703518836027,4.0,-1.2460577436579428
798555,-26.025016683753208,-24.698978852156163,8.0,-1.326037831597045
798604,-30.347959688937596,-31.18032576655795,12.0,0.8323660776203532
798728,-7.553475617350129,-7.536306110064709,1.0,-0.017169507285419883
798735,-7.870162619981957,-7.41361287282071,1.0,-0.4565497471612474
798772,-18.59954726510271,-15.848084424434873,4.0,-2.7514628406678376
798881,-8.281892449754258,-9.029213619399954,2.0,0.7473211696456961
798918,-0.8995390555922608,-1.4813409710145136,0.0,0.5818019154222528
799020,-6.52524316401763,-6.554477940548541,1.0,0.029234776530910445
799068,-27.807478595375095,-26.73946905325517,8.0,-1.068009542119924
799141,-38.462098649515504,-67.54903855606848,12.0,29.086939906552978
799173,-38.84925815777302,-38.96622026642078,14.0,0.1169621086477548
799222,-12.575187771580463,-11.624488018433851,3.0,-0.9506997531466119
799252,-14.335680611330758,-14.429966324884235,3.0,0.09428571355347692
799280,-2.5949038133753546,-2.9999202620151957,0.0,0.4050164486398411
799320,-26.247668239002106,-24.89759395618086,5.0,-1.3500742828212466
799499,-20.411251227229855,-19.648410785736992,6.0,-0.7628404414928625
799612,-28.910935986766344,-28.687913018235868,9.0,-0.22302296853047565
799711,-17.53878748700125,-21.211591836004565,4.0,3.6728043490033144
799735,-16.5678818704581,-16.073132499085467,4.0,-0.494749371372631
799834,-39.44529920021875,-38.74721339814615,14.0,-0.6980858020725975
800070,-19.315354507017133,-19.460313094414143,5.0,0.14495858739701006
800128,-19.593952069203866,-21.001861037257452,5.0,1.4079089680535866
800175,-5.4371689400604275,-4.989319647917328,1.0,-0.44784929214309965
800198,-30.686160478525174,-29.755776986743836,10.0,-0.9303834917813383
800203,-9.995649788899643,-9.01270918463387,2.0,-0.9829406042657727
800223,-5.335640111670543,-4.952706857822955,1.0,-0.3829332538475878
800246,-1.0565120577285052,-1.4813409710145136,0.0,0.42482891328600836
800289,-14.515560167129351,-13.132524540449321,3.0,-1.38303562668003
800354,-39.55277170163248,-38.69979105887625,16.0,-0.8529806427562292
800392,-30.902177085660096,-32.2085446049112,11.0,1.3063675192511006
800399,-70.60643212110415,-68.02304837923977,25.0,-2.583383741864381
800437,-35.38494297037228,-34.729719000821405,12.0,-0.6552239695508746
800675,-21.808012299726485,-20.68827852101002,6.0,-1.1197337787164656
800713,-5.594263373606049,-5.485145461578177,1.0,-0.10911791202787224
800737,-1.0116724721259653,-1.7850568292146498,0.0,0.7733843570886845
800747,-64.9681567634005,-65.63101077826916,30.0,0.6628540148686568
800780,-9.799773751838048,-9.657005073094336,2.0,-0.14276867874371213
800919,-40.735426351005636,-46.02500502356693,19.0,5.289578672561298
800953,-17.040315969963785,-15.49953644345826,4.0,-1.540779526505526
801070,-21.46942941885602,-20.88047777137771,6.0,-0.5889516474783107
801074,-1.1939080558520054,-1.4813409710145136,0.0,0.28743291516250813
801088,-34.651714417470124,-34.35646545844825,11.0,-0.2952489590218761
801112,-33.470300270603865,-33.698103781771515,14.0,0.22780351116765019
801147,-43.71073355227569,-47.681982176521196,11.0,3.9712486242455043
801165,-7.460900726297505,-7.4988395944314155,1.0,0.03793886813391012
801208,-54.6025856199411,-56.09728842597899,22.0,1.4947028060378855
801320,-15.275781192374428,-16.663311640180503,4.0,1.3875304478060748
801370,-23.59185694236126,-23.619872028956248,8.0,0.028015086594987082
801450,-4.633906603080974,-5.063587561255999,1.0,0.42968095817502494
801558,-11.438408980403619,-14.953769112081988,1.0,3.515360131678369
801581,-4.599497831897375,-5.03343449066246,1.0,0.43393665876508436
801619,-16.825101908629446,-16.89680182291811,5.0,0.07169991428866496
801675,-4.183129911046355,-5.4296471276162865,0.0,1.2465172165699316
801736,-12.012102981003503,-11.761168003262535,3.0,-0.2509349777409682
801881,-9.904212428768071,-9.331570123810193,2.0,-0.5726423049578777
801885,-7.497765909525445,-7.7840628607582945,1.0,0.28629695123284904
801996,-5.478854216496459,-5.3434404389177566,1.0,-0.13541377757870254
802041,-17.697982248616366,-21.254405289898678,5.0,3.5564230412823115
802049,-22.76165287848943,-23.457370466093135,6.0,0.6957175876037063
802079,-13.112321750911356,-12.354262166655833,3.0,-0.7580595842555233
802214,-79.54388170004444,-77.9391417882605,35.0,-1.6047399117839376
802226,-13.108354749835918,-16.82884743851099,4.0,3.7204926886750727
802251,-10.858352015373645,-9.291255370980672,2.0,-1.567096644392974
802271,-11.436627075928477,-14.586550022582168,3.0,3.1499229466536907
802444,-2.1031738267253233,-2.088772687414786,0.0,-0.014401139310537214
802456,-19.46667487600654,-19.59746311225789,6.0,0.13078823625135172
802548,-46.586895995102616,-44.56165853822807,7.0,-2.0252374568745424
802767,-4.397925842120042,-6.442936386397035,0.0,2.045010544276993
802857,-1.3041879189152354,-1.5761979168245335,0.0,0.27200999790929803
802864,-8.715241728320972,-8.68300415558251,2.0,-0.032237572738461395
802867,-14.587924578392272,-14.326030941659836,3.0,-0.26189363673243626
803002,-50.013943475875365,-69.33655665521745,11.0,19.322613179342085
803034,-0.4531079042688063,-0.6144437974772778,0.0,0.16133589320847153
803038,-20.59014415686819,-21.576100039647034,7.0,0.9859558827788426
803127,-23.428157408662376,-21.658185340397072,7.0,-1.7699720682653037
803179,-4.628717674583417,-5.4296471276162865,0.0,0.8009294530328699
803182,-33.618132091899724,-33.31316606117407,11.0,-0.30496603072565165
803222,-8.831572928147036,-8.628179208733064,2.0,-0.2033937194139721
803615,-81.62436577474035,-81.35449399625725,22.0,-0.2698717784831075
803642,-5.630892117559471,-4.843624572123603,0.0,-0.787267545435868
803685,-9.085643678769895,-12.166902067646001,1.0,3.0812583888761065
803811,-16.40977994613696,-16.114302245906,3.0,-0.2954777002309612
803827,-104.7144938464871,-99.84437271242037,53.0,-4.870121134066736
803890,-5.280698928501622,-5.342184915764712,1.0,0.06148598726308929
803972,-23.946791335102105,-23.511772368140115,8.0,-0.4350189669619908
804001,-17.660266859623814,-18.004585957460836,5.0,0.3443190978370225
804042,-75.73401292801414,-72.98899757856695,35.0,-2.7450153494471863
804173,-20.934900570453923,-21.023328162097798,6.0,0.08842759164387459
804291,-11.09530386564609,-11.540771548665761,3.0,0.44546768301967177
804483,-14.609076397954524,-14.48272804621153,4.0,-0.12634835174299397
804575,-5.724352989808904,-5.976579852559027,1.0,0.2522268627501232
804593,-27.33394095650179,-28.897897007935637,9.0,1.5639560514338449
804597,-33.55189239846212,-33.057520688465104,11.0,-0.4943717099970186
804618,-21.71866238664348,-21.586292757870392,5.0,-0.13236962877308756
804761,-12.176396565890064,-13.375382200720493,2.0,1.1989856348304286
804850,-21.99273106006379,-21.560651009005582,6.0,-0.43208005105820746
804903,-61.735708250104544,-68.2461125164056,24.0,6.510404266301059
805159,-30.531628914823827,-32.651055082739894,11.0,2.1194261679160675
805219,-1.4489096106836625,-2.3924885456149223,0.0,0.9435789349312598
805262,-2.9194127877753453,-3.607351978415468,0.0,0.6879391906401229
805366,-26.00158678999751,-26.85725437119843,8.0,0.8556675812009189
805853,-18.44563823063976,-17.72560339525472,5.0,-0.7200348353850394
805952,-4.8278453110463,-5.0391425226118605,1.0,0.2112972115655607
806072,-1.2198281534696709,-1.2584747507472045,0.0,0.03864659727753361
806124,-18.92978200005806,-20.845753988038496,5.0,1.9159719879804342
806191,-24.933093278351283,-25.69365552098988,8.0,0.7605622426385956
806210,-69.3104883409005,-90.6866605318327,21.0,21.376172190932195
806255,-79.62472333320717,-94.24648311850126,34.0,14.621759785294088
806291,-23.53755292677947,-23.86562761063112,8.0,0.32807468385164995
806415,-41.67208980884626,-43.01460351285672,17.0,1.3425137040104644
806588,-53.90937331946509,-60.079141549282575,21.0,6.169768229817485
806680,-5.382335138349707,-5.869917649781257,1.0,0.4875825114315502
806708,-6.179874787216824,-6.6489586342493805,1.0,0.46908384703255646
806800,-47.91837790916558,-47.018724778241854,19.0,-0.8996531309237241
806903,-5.4527661123759215,-6.037078844016559,0.0,0.5843127316406376
806997,-5.295229691529938,-5.197382068880416,1.0,-0.09784762264952196
807021,-31.808031233773374,-33.0117362478903,12.0,1.2037050141169239
807068,-5.911640167778455,-4.935657407062225,1.0,-0.9759827607162306
807641,-14.692680533141923,-14.886770721006059,4.0,0.1940901878641359
807701,-38.138810247888806,-42.620376868883255,13.0,4.48156662099445
807782,-9.142780147876888,-8.649488193663945,2.0,-0.4932919542129426
807890,-34.120768718901616,-33.53962394072984,12.0,-0.581144778171776
807934,-26.72313378337643,-32.903497748850334,8.0,6.180363965473905
807942,-20.82760313284929,-20.940180757692488,7.0,0.11257762484319755
807963,-15.463526146885572,-18.63361114682318,1.0,3.1700849999376093
808024,-21.635029049998266,-20.35477725164604,6.0,-1.280251798352225
808218,-93.59281219664108,-91.05314366867236,35.0,-2.539668527968715
808238,-28.06715666879916,-27.163089017070067,10.0,-0.9040676517290933
808240,-21.006990937079117,-19.04374735506531,5.0,-1.9632435820138063
808319,-15.71856137933323,-13.25698392270438,3.0,-2.4615774566288504
808400,-1.4488633825082824,-2.3924885456149223,0.0,0.9436251631066399
808421,-7.944314291161175,-5.633629921788846,1.0,-2.3106843693723285
808428,-0.9639596687012196,-1.177625112814377,0.0,0.21366544411315747
808460,-25.837015766133884,-28.182770906564055,8.0,2.345755140430171
808489,-6.488824696837316,-6.744768519387334,1.0,0.2559438225500177
808619,-25.303476534695193,-24.74392337723253,8.0,-0.5595531574626627
808760,-1.584262574452934,-2.3096828959236126,0.0,0.7254203214706787
808977,-23.605036091163218,-23.79473258557271,8.0,0.18969649440949254
809001,-8.66415563366627,-8.751828590342592,2.0,0.08767295667632169
809208,-41.1116662027162,-40.508142035876176,15.0,-0.6035241668400246
809393,-9.73921074093663,-10.572904903935129,1.0,0.8336941629984995
809405,-16.325107153400445,-15.542000729972784,4.0,-0.783106423427661
809460,-24.238697415102944,-23.627165229614494,8.0,-0.6115321854884499
809556,-9.426544530934763,-9.584329683684873,2.0,0.15778515275010996
809635,-27.124038692808792,-32.112663401690135,7.0,4.988624708881343
809694,-12.885961105180536,-12.104614231138807,3.0,-0.7813468740417289
809814,-5.10037155239488,-5.793852543203776,1.0,0.6934809908088964
810077,-13.66432988901068,-13.542572319164607,3.0,-0.12175756984607311
810149,-8.494162069738948,-8.876801447949955,2.0,0.3826393782110067
810305,-9.333503124632454,-9.262058588615806,2.0,-0.07144453601664758
810357,-28.422254953550762,-41.47606730592401,11.0,13.05381235237325
810492,-1.2651495586885582,-2.088772687414786,0.0,0.8236231287262279
810524,-5.804743706258282,-7.3650682790495425,1.0,1.5603245727912602
810576,-0.4974243541823006,-0.8739092546142408,0.0,0.3764849004319403
810658,-9.05686033059701,-9.023168402438513,2.0,-0.033691928158496864
810826,-47.749434824079955,-47.18045324603233,17.0,-0.5689815780476266
810849,-22.487221881582393,-21.62913635286835,5.0,-0.8580855287140423
810937,-40.679099128645724,-40.97256474349563,11.0,0.2934656148499073
810941,-45.4237789600345,-48.49503327374248,20.0,3.071254313707982
811052,-9.222145164989957,-8.98988327805749,2.0,-0.2322618869324664
811118,-8.483779157726305,-9.064735888104861,2.0,0.5809567303785563
811234,-22.408091282321834,-18.050693817800706,4.0,-4.357397464521128
811259,-20.764210234666177,-22.821497637142865,6.0,2.057287402476689
811271,-1.474223071019111,-2.3924885456149223,0.0,0.9182654745958112
811311,-11.404090772599675,-11.743601413540052,2.0,0.339510640940377
811321,-16.38758328884057,-17.89098470862335,5.0,1.5034014197827794
811348,-36.675644825168604,-37.646353645280485,16.0,0.9707088201118808
811372,-9.14710165381267,-9.512152015107484,2.0,0.36505036129481283
811419,-20.428167001362198,-18.696755701017008,5.0,-1.73141130034519
811495,-4.781014039078591,-4.802635654804055,1.0,0.02162161572546406
811530,-4.291619868019715,-6.037078844016559,0.0,1.7454589759968444
811563,-17.081106664703746,-21.988610735780377,4.0,4.90750407107663
811639,-1.4370400339963403,-2.6962044038150594,0.0,1.2591643698187192
811779,-19.570903175765352,-19.60179395699893,6.0,0.030890781233576803
811903,-0.7395903971025167,-1.177625112814377,0.0,0.43803471571186037
811958,-2.3475011675676685,-2.3924885456149223,0.0,0.044987378047253834
811976,-1.7590821355766455,-2.3924885456149223,0.0,0.6334064100382768
812023,-8.907014233561117,-8.790360165986481,2.0,-0.11665406757463614
812072,-0.8604980788612878,-1.177625112814377,0.0,0.3171270339530893
812288,-19.875581231845544,-18.581986534687353,5.0,-1.2935946971581913
812522,-12.015769866436356,-18.48942903022215,0.0,6.473659163785795
812547,-32.43845520541649,-34.16899394378876,12.0,1.7305387383722746
812670,-24.129767620345834,-23.815374514049942,8.0,-0.314393106295892
812820,-82.05503794414332,-75.62621683771738,39.0,-6.428821106425943
812846,-9.497263696771618,-8.859005371421242,2.0,-0.6382583253503764
812873,-27.1403774616046,-27.246270932244872,10.0,0.10589347064027166
812984,-20.209040897772365,-20.002494258825557,6.0,-0.2065466389468078
813078,-56.056555076612845,-56.4597157975272,24.0,0.4031607209143573
813079,-13.165005466994579,-11.515233586712027,3.0,-1.649771880282552
813163,-26.136708733207456,-28.384434906994787,10.0,2.2477261737873313
813225,-16.295577434250056,-15.813130432303405,4.0,-0.48244700194665135
813259,-33.491009667969166,-33.040407919986514,10.0,-0.4506017479826525
813289,-26.15062781307474,-27.369979937501665,9.0,1.2193521244269263
813301,-1.2078719910554807,-1.4813409710145136,0.0,0.27346897995903285
813368,-13.166020731375651,-12.147681991078002,3.0,-1.018338740297649
813514,-17.65238270660435,-15.945081957959534,4.0,-1.7073007486448155
813578,-5.92747950058668,-5.1209627283060914,1.0,-0.8065167722805882
813651,-15.028408931611192,-15.824570593100269,4.0,0.7961616614890765
813687,-38.723242006887546,-38.989321604715656,16.0,0.2660795978281101
813757,-20.622544272938153,-25.842953180193856,4.0,5.2204089072557025
813924,-2.864113944290538,-1.9313984235029154,0.0,-0.9327155207876225
813953,-4.3603682896568206,-5.600462042387948,0.0,1.240093752731127
814003,-4.027349846719998,-4.822215411216014,0.0,0.7948655644960159
814093,-15.410037546240531,-15.243398708619686,4.0,-0.16663883762084453
814119,-19.202171547296444,-19.327249468033497,6.0,0.12507792073705204
814131,-4.965007459075746,-5.022294651672465,1.0,0.05728719259671866
814254,-12.423916197662686,-12.162974824197686,3.0,-0.2609413734650001
814269,-19.032579165300845,-18.5632907249103,5.0,-0.46928844039054596
814317,-19.172686142510617,-18.44805840394367,5.0,-0.724627738566948
814322,-5.33463435260871,-5.828303969087013,1.0,0.49366961647830365
814339,-22.035020003531596,-20.09727808909953,5.0,-1.937741914432067
814420,-29.675446786820228,-31.67560612920334,10.0,2.000159342383114
814445,-23.528787312444262,-23.21505389989523,7.0,-0.31373341254903053
814548,-73.03633616571422,-77.0210406600856,28.0,3.9847044943713854
814556,-0.049019323895679624,-1.4813409710145136,0.0,1.432321647118834
814696,-31.612400335979984,-30.7478474381346,10.0,-0.8645528978453854
814729,-52.36402145447311,-80.8649913292951,15.0,28.500969874821983
814733,-9.209046828406983,-9.228845366531486,2.0,0.01979853812450294
814971,-18.507236282418802,-18.298185370517654,5.0,-0.20905091190114788
815260,-33.461877796427416,-33.928867534202155,11.0,0.46698973777473896
815291,-16.652218226327943,-18.194589349311034,3.0,1.5423711229830914
815434,-31.322412409337137,-30.060052127964266,11.0,-1.262360281372871
815574,-3.594624185088405,-4.518499553015877,0.0,0.9238753679274718
815639,-1.6121107909735846,-1.7850568292146498,0.0,0.17294603824106525
815704,-8.846245852749146,-8.59267208013362,2.0,-0.2535737726155265
815802,-8.57083434856939,-9.125366323996932,2.0,0.5545319754275422
815907,-19.22422015863389,-16.00389194741214,3.0,-3.2203282112217515
815930,-11.853996849020517,-14.089638010224032,3.0,2.2356411612035156
815977,-4.847161578286698,-2.4837899548791125,0.0,-2.363371623407586
816080,-9.050604010892696,-8.976341222338458,2.0,-0.07426278855423796
816138,-6.230976692236232,-7.555658135017241,0.0,1.3246814427810092
816409,-16.4512493717835,-17.693212912641464,5.0,1.241963540857963
816422,-20.58209653267462,-20.21198306334094,6.0,-0.3701134693336776
816578,-1.6373219537642438,-3.303636120215332,0.0,1.666314166451088
816583,-14.264555216675522,-14.133512356729916,4.0,-0.13104285994560527
816749,-23.430886875745745,-27.779377077058623,7.0,4.3484902013128774
816780,-20.837018424911584,-20.553447401389015,6.0,-0.283571023522569
816836,-19.92883200772269,-19.95832841245778,6.0,0.02949640473509163
816848,-5.555296496217917,-4.973140657369677,1.0,-0.58215583884824
816907,-35.50454257602414,-37.26867646595063,14.0,1.7641338899264838
816925,-55.14306862303453,-58.821911727131585,25.0,3.678843104097055
816941,-12.673237043929642,-13.225616521647309,3.0,0.5523794777176665
817060,-26.400986174196035,-28.301691271206153,9.0,1.9007050970101176
817071,-189.41295058111646,-184.46686055787183,86.0,-4.946090023244636
817120,-9.277308960768938,-8.90413594835259,2.0,-0.37317301241634837
817131,-0.8086509959523261,-0.5701933964141045,0.0,-0.23845759953822165
817151,-14.548019830438534,-14.481921662341799,4.0,-0.06609816809673497
817425,-12.576502185415933,-12.52277523597227,3.0,-0.05372694944366252
817571,-20.98591459381979,-21.402036163015193,6.0,0.4161215691954041
817598,-19.15747218781634,-19.154350039455295,5.0,-0.0031221483610437417
817652,-20.988707904666523,-21.035207280652056,6.0,0.04649937598553322
817702,-9.074407992798987,-9.481784721239041,2.0,0.40737672844005424
817755,-0.7101638283666422,-1.177625112814377,0.0,0.46746128444773494
817828,-45.49707834291103,-54.35913823867599,13.0,8.862059895764958
817840,-29.77058889005054,-29.87868231393896,9.0,0.10809342388841969
818054,-31.399338480352405,-32.838882563872374,8.0,1.4395440835199693
818058,-12.894986657197157,-12.529236309617438,3.0,-0.36575034757971814
818148,-2.386324793527524,-3.303636120215332,0.0,0.9173113266878081
818251,-21.56645517885712,-20.430953305798802,5.0,-1.1355018730583168
818290,-5.230621394114074,-5.010196454677137,1.0,-0.22042493943693664
818295,-33.330901970750034,-40.31354298422297,11.0,6.982641013472936
818310,-0.9045300779673722,-0.8739092546142408,0.0,-0.03062082335313132
818318,-5.290113048680711,-5.029932712597737,1.0,-0.260180336082974
818529,-28.5551726039339,-27.120591365820978,7.0,-1.4345812381129228
818677,-1.2643391125816301,-1.7850568292146498,0.0,0.5207177166330197
818882,-3.86001794176501,-4.992943590769895,1.0,1.1329256490048847
819168,-0.40609618590324253,-0.8739092546142408,0.0,0.4678130687109983
819301,-44.43450753072032,-43.893920592838256,19.0,-0.5405869378820611
819387,-31.61651788249957,-30.538810845658183,10.0,-1.0777070368413852
819417,-34.605286672363704,-34.88147537091996,9.0,0.27618869855625405
819425,-6.4382892183698335,-7.241592352525455,0.0,0.8033031341556214
819436,-25.480806570626203,-24.40331025493096,8.0,-1.0774963156952424
819553,-27.65875085336426,-24.437501533950382,4.0,-3.2212493194138787
819667,-5.993833562828417,-4.949509935698037,1.0,-1.04432362713038
819672,-11.69064205171406,-11.818086906475912,3.0,0.12744485476185297
819675,-15.80660695776034,-16.5222647006687,4.0,0.715657742908359
819929,-5.1784532647588755,-4.941943798531394,1.0,-0.23650946622748137
819962,-28.96608510180247,-28.0690671047407,10.0,-0.89701799706177
820250,-2.1092068397749504,-2.9999202620151957,0.0,0.8907134222402453
820301,-4.931654906534779,-4.941943798531394,1.0,0.010288891996615313
820312,-0.5443986945454541,-0.8739092546142408,0.0,0.32951056006878676
820339,-27.165200710383726,-26.268185594082304,9.0,-0.8970151163014215
820569,-14.886766038871453,-14.854257208872989,3.0,-0.032508829998464606
820685,-5.243189226685365,-5.052845898334015,1.0,-0.19034332835135004
820875,-1.267748066606792,-1.177625112814377,0.0,-0.09012295379241486
820976,-18.491622394194046,-19.206330352042144,4.0,0.7147079578480984
820994,-32.23793134560787,-34.52856387373059,11.0,2.290632528122721
821013,-5.584741715858235,-5.8264006707788845,1.0,0.24165895492064937
821069,-30.499773389316722,-28.879312007980744,8.0,-1.6204613813359785
821294,-6.381929488048251,-6.946384818097028,1.0,0.5644553300487765
821340,-17.56580812682796,-18.34688917859535,5.0,0.7810810517673907
821361,-32.59832178048499,-32.700817659236314,12.0,0.10249587875132704
821602,-7.2729166423565905,-7.108232663884094,1.0,-0.16468397847249694
821620,-16.745099941708897,-18.15682865532478,5.0,1.411728713615883
821747,-2.8723007253660287,-3.4761670694667783,0.0,0.6038663441007497
821761,-6.651608552267473,-7.477365163088047,1.0,0.8257566108205738
821972,-2.278898836481649,-2.6962044038150594,0.0,0.4173055673334103
822000,-5.577649020474042,-6.340794702216695,0.0,0.7631456817426532
822073,-5.291836332403789,-5.908555097666455,1.0,0.6167187652626662
822167,-6.329852197034726,-6.418806864941917,1.0,0.08895466790719109
822229,-0.5987737168562747,-0.8739092546142408,0.0,0.2751355377579662
822410,-7.021586286367954,-7.174048077617807,1.0,0.15246179124985293
822709,-15.429195528297166,-15.793413449201893,3.0,0.3642179209047267
822727,-9.649756731371543,-9.291519333747491,2.0,-0.3582373976240518
822917,-32.998407059699815,-34.43390525201698,10.0,1.4354981923171621
822974,-31.13709230612098,-36.2673600906469,12.0,5.130267784525923
823091,-56.90331866754601,-59.89897461365744,17.0,2.9956559461114267
823155,-9.216989847537917,-8.573473080693917,2.0,-0.6435167668439998
823162,-8.716986899183569,-9.5749134150527,2.0,0.8579265158691314
823231,-6.830020112633965,-5.447972968805105,1.0,-1.38204714382886
823359,-9.878494413285921,-9.17260878530321,2.0,-0.7058856279827115
823399,-1.5845501000978877,-2.088772687414786,0.0,0.5042225873168984
823411,-13.477113244047406,-13.84394345491677,3.0,0.36683021086936485
823552,-35.58483805512427,-36.15360559139214,13.0,0.5687675362678704
823611,-28.98379164221458,-28.05850888427924,8.0,-0.9252827579353387
823781,-34.944070507033715,-33.49012350968412,9.0,-1.4539469973495969
823795,-15.954803734461873,-14.890694317239491,4.0,-1.0641094172223813
824027,-8.779857641396582,-9.278399568434377,2.0,0.4985419270377953
824032,-4.936119245894085,-4.980911222143327,1.0,0.04479197624924147
824268,-11.350085642113468,-10.726159833145083,2.0,-0.6239258089683855
824280,-17.844508338757883,-18.499071153635153,4.0,0.65456281487727
824317,-9.825361364306866,-8.528357877763838,2.0,-1.2970034865430282
824357,-18.40210964580197,-18.444331909908048,5.0,0.042222264106076324
824603,-22.813407563308097,-24.127690732678605,7.0,1.3142831693705084
824616,-31.458421863697,-32.47190643393405,11.0,1.0134845702370505
824659,-11.424125549027165,-9.579712846015788,2.0,-1.8444127030113773
824685,-19.52519989336948,-19.81963240807469,6.0,0.2944325147052105
824689,-23.950119980288928,-24.84137351024698,8.0,0.8912535299580533
824719,-28.85291649662627,-30.650811785329214,10.0,1.797895288702943
824916,-25.113309256081962,-25.038748740735663,7.0,-0.07456051534629893
824966,-7.437561639787534,-6.124154034730007,0.0,-1.3134076050575265
825115,-4.6652661543903955,-5.5811711146795435,1.0,0.915904960289148
825360,-30.17820192588888,-29.12958373109276,9.0,-1.04861819479612
825367,-14.321688265617277,-15.02622525897701,4.0,0.7045369933597332
825380,-6.607977630138902,-7.555658135017241,0.0,0.9476805048783392
825483,-4.610938079059112,-4.880237460035042,1.0,0.2692993809759301
825660,-5.815148672813325,-6.644510560416832,0.0,0.8293618876035076
825662,-1.161807988016118,-1.4813409710145136,0.0,0.3195329829983955
825996,-16.131062592946613,-15.964190118383721,4.0,-0.16687247456289178
826061,-2.1868707362460302,-2.6962044038150594,0.0,0.5093336675690292
826132,-49.41905398706459,-50.3735701081813,22.0,0.9545161211167041
826158,-91.69437712322676,-86.01610577043613,24.0,-5.678271352790631
826159,-1.0271138547357646,-1.4813409710145136,0.0,0.454227116278749
826227,-35.46540715222247,-39.68448241360468,11.0,4.2190752613822085
826245,-6.577165204505736,-6.938138051481056,1.0,0.3609728469753204
826251,-0.7962035514905677,-1.177625112814377,0.0,0.38142156132380944
826297,-9.296381593123593,-8.856329618265015,2.0,-0.4400519748585783
826325,-36.78661885372924,-53.499024124334994,17.0,16.712405270605757
826338,-5.535190203588911,-6.878287020409722,1.0,1.343096816820811
826438,-2.3126614078244594,-3.607351978415468,0.0,1.2946905705910088
826449,-14.097637627868759,-14.884287664734632,3.0,0.7866500368658738
826468,-55.84353970820992,-56.15413830849073,24.0,0.3105986002808123
826566,-15.599443341271652,-15.198841878806226,4.0,-0.40060146246542594
826569,-8.911934935841723,-8.827153280437964,2.0,-0.08478165540375926
826617,-1.0654317743045885,-0.3964287454244595,0.0,-0.669003028880129
826735,-26.26667973493458,-26.25615713215798,8.0,-0.01052260277660011
826742,-8.469420737936202,-8.64010158959655,2.0,0.1706808516603484
826746,-10.905410348632438,-9.067068111553901,2.0,-1.8383422370785372
827070,-1.214585271786124,-2.088772687414786,0.0,0.874187415628662
827161,-6.255583883034524,-6.737385404771277,1.0,0.4818015217367524
827375,-11.422267111276804,-12.025868148033968,3.0,0.6036010367571638
827382,-4.452977020011796,-4.822215411216014,0.0,0.36923839120421764
827404,-27.95246266272803,-27.616628545123163,9.0,-0.33583411760486825
827407,-2.134695417139441,-2.644190257129562,0.0,0.5094948399901211
827555,-8.818084566485652,-8.621499630376697,2.0,-0.19658493610895533
827719,-10.872420057049823,-16.527197409425945,3.0,5.654777352376122
828061,-1.8377223929389133,-1.7850568292146498,0.0,-0.05266556372426345
828155,-13.227376085047275,-13.122541872335729,3.0,-0.10483421271154647
828234,-1.5507360527116802,-1.4813409710145136,0.0,-0.06939508169716668
828290,-65.43687918441036,-67.27636237618916,27.0,1.8394831917787968
828325,-1.1859932313934936,-1.4813409710145136,0.0,0.29534773962102
828433,-107.39837038529208,-103.14911306955774,32.0,-4.24925731573434
828471,-25.51059707548277,-26.405002456983453,7.0,0.8944053815006825
828583,-23.458663600810112,-25.732834624114336,6.0,2.2741710233042234
828608,-5.606516032695049,-4.9619819946264005,1.0,-0.6445340380686488
828613,-52.28027042464395,-57.73555210935991,26.0,5.455281684715956
828671,-47.599817154025764,-45.92413290245778,14.0,-1.6756842515679864
828811,-66.8762392839475,-66.0501211515812,38.0,-0.8261181323663038
828878,-46.51839435718566,-57.89413427438781,17.0,11.375739917202147
828976,-12.649705690045446,-12.444695036339702,3.0,-0.20501065370574345
829279,-20.066584225511498,-20.940828821871275,7.0,0.8742445963597767
829348,-3.547281715345,-4.2147836948157416,0.0,0.6675019794707415
829352,-9.459629679040864,-12.052364752750726,3.0,2.5927350737098624
